55,40
56,40
57,40
58,40
59,40
60,40
61,41
62,41
62,42
63,42
63,43
64,43
64,44
65,45
65,46
65,47
65,48
65,49
65,50
65,51
65,52
65,53
65,54
65,55
65,56
65,57
65,58
65,59
65,60
65,61
65,62
65,63
65,64
65,65
65,66
65,67
65,68
65,69
65,70
65,71
65,72
65,73
65,74
65,75
65,76
65,77
65,78
65,79
65,80
65,81
65,82
65,83
65,84
65,85
65,86
65,87
65,88
65,89
65,90
65,91
65,92
65,93
65,94
65,95
65,96
65,97
65,98
65,99
65,100
65,101
65,102
65,103
65,104
65,105
65,106
65,107
65,108
65,109
65,110
65,111
65,112
65,113
65,114
65,115
65,116
65,117
65,118
65,119
65,120
65,121
65,122
65,123
65,124
65,125
65,126
65,127
65,128
65,129
65,130
65,131
65,132
65,133
65,134
65,135
65,136
65,137
65,138
65,139
65,140
65,141
65,142
65,143
65,144
65,145
65,146
65,147
65,148
65,149
65,150
65,151
65,152
65,153
65,154
65,155
65,156
65,157
65,158
65,159
65,160
65,161
65,162
65,163
65,164
65,165
65,166
65,167
65,168
65,169
65,170
65,171
65,172
65,173
65,174
65,175
65,176
65,177
65,178
65,179
65,180
65,181
65,182
65,183
65,184
65,185
65,186
65,187
65,188
65,189
65,190
65,191
65,192
65,193
65,194
65,195
65,196
65,197
65,198
65,199
65,200
65,201
65,202
65,203
65,204
65,205
65,206
65,207
65,208
65,209
65,210
65,211
65,212
65,213
65,214
65,215
65,216
65,217
65,218
65,219
65,220
65,221
65,222
65,223
65,224
65,225
65,226
65,227
65,228
65,229
65,230
65,231
65,232
65,233
65,234
65,235
65,236
65,237
65,238
65,239
65,240
65,241
65,242
65,243
65,244
65,245
65,246
65,247
65,248
65,249
65,250
65,251
65,252
65,253
65,254
65,255
65,256
65,257
65,258
65,259
65,260
65,261
65,262
65,263
65,264
65,265
65,266
65,267
65,268
65,269
65,270
65,271
65,272
65,273
65,274
65,275
65,276
65,277
65,278
65,279
65,280
65,281
65,282
65,283
65,284
65,285
65,286
65,287
65,288
65,289
65,290
65,291
65,292
65,293
65,294
65,295
65,296
65,297
65,298
65,299
65,300
65,301
65,302
65,303
65,304
65,305
65,306
65,307
65,308
65,309
65,310
65,311
65,312
65,313
65,314
65,315
65,316
65,317
65,318
65,319
65,320
65,321
65,322
65,323
65,324
65,325
65,326
65,327
65,328
65,329
65,330
65,331
65,332
65,333
65,334
65,335
65,336
65,337
65,338
65,339
65,340
65,341
65,342
65,343
65,344
65,345
65,346
65,347
65,348
65,349
65,350
65,351
65,352
65,353
65,354
65,355
65,356
65,357
65,358
65,359
65,360
65,361
65,362
65,363
65,364
65,365
65,366
65,367
65,368
65,369
65,370
65,371
65,372
65,373
65,374
65,375
65,376
65,377
65,378
65,379
65,380
65,381
65,382
65,383
65,384
65,385
65,386
65,387
65,388
65,389
65,390
65,391
65,392
65,393
65,394
65,395
65,396
65,397
65,398
65,399
65,400
65,401
65,402
65,403
65,404
65,405
65,406
65,407
65,408
65,409
65,410
65,411
65,412
65,413
65,414
65,415
65,416
65,417
65,418
65,419
65,420
65,421
65,422
65,423
65,424
65,425
65,426
65,427
65,428
65,429
65,430
65,431
65,432
65,433
65,434
65,435
65,436
65,437
65,438
65,439
65,440
65,441
65,442
65,443
65,444
65,445
65,446
65,447
65,448
65,449
65,450
65,451
65,452
65,453
65,454
65,455
65,456
65,457
65,458
65,459
65,460
65,461
65,462
65,463
65,464
65,465
65,466
65,467
65,468
65,469
65,470
65,471
65,472
65,473
65,474
65,475
65,476
65,477
65,478
65,479
65,480
65,481
65,482
65,483
65,484
65,485
65,486
65,487
65,488
65,489
65,490
65,491
65,492
65,493
65,494
65,495
65,496
65,497
65,498
65,499
65,500
65,501
65,502
65,503
65,504
65,505
65,506
65,507
65,508
65,509
65,510
65,511
65,512
65,513
65,514
65,515
65,516
65,517
65,518
65,519
65,520
65,521
65,522
65,523
65,524
65,525
65,526
65,527
65,528
65,529
65,530
65,531
65,532
65,533
65,534
65,535
65,536
65,537
65,538
65,539
65,540
65,541
65,542
65,543
65,544
65,545
65,546
65,547
65,548
65,549
65,550
65,551
65,552
65,553
65,554
65,555
65,556
65,557
65,558
65,559
65,560
65,561
65,562
65,563
65,564
65,565
65,566
65,567
65,568
65,569
65,570
65,571
65,572
65,573
65,574
65,575
65,576
65,577
65,578
65,579
65,580
65,581
65,582
65,583
65,584
65,585
65,586
65,587
65,588
65,589
65,590
65,591
65,592
65,593
65,594
65,595
65,596
65,597
65,598
65,599
65,600
65,601
65,602
65,603
65,604
65,605
65,606
65,607
65,608
65,609
65,610
65,611
65,612
65,613
65,614
65,615
65,616
65,617
65,618
65,619
65,620
65,621
65,622
65,623
65,624
65,625
65,626
65,627
65,628
65,629
65,630
65,631
65,632
65,633
65,634
65,635
65,636
65,637
65,638
65,639
65,640
65,641
65,642
65,643
65,644
65,645
65,646
65,647
65,648
65,649
65,650
65,651
65,652
65,653
65,654
65,655
65,656
65,657
65,658
65,659
65,660
65,661
65,662
65,663
65,664
65,665
65,666
65,667
65,668
65,669
65,670
65,671
65,672
65,673
65,674
65,675
65,676
65,677
65,678
65,679
65,680
65,681
65,682
65,683
65,684
65,685
65,686
65,687
65,688
65,689
65,690
65,691
65,692
65,693
65,694
65,695
65,696
65,697
65,698
65,699
65,700
65,701
65,702
65,703
65,704
65,705
65,706
65,707
65,708
65,709
65,710
65,711
65,712
65,713
65,714
65,715
65,716
65,717
65,718
65,719
65,720
65,721
65,722
65,723
65,724
65,725
65,726
65,727
65,728
65,729
65,730
65,731
65,732
65,733
65,734
65,735
65,736
65,737
65,738
65,739
65,740
65,741
65,742
65,743
65,744
65,745
65,746
65,747
65,748
65,749
65,750
65,751
65,752
65,753
65,754
65,755
65,756
65,757
65,758
65,759
65,760
65,761
65,762
65,763
65,764
65,765
65,766
65,767
65,768
65,769
65,770
65,771
65,772
65,773
65,774
65,775
65,776
65,777
65,778
65,779
65,780
65,781
65,782
65,783
65,784
65,785
65,786
65,787
65,788
65,789
65,790
65,791
65,792
65,793
65,794
65,795
65,796
65,797
65,798
65,799
65,800
65,801
65,802
65,803
65,804
65,805
65,806
65,807
65,808
65,809
65,810
65,811
65,812
65,813
65,814
65,815
65,816
65,817
65,818
65,819
65,820
65,821
65,822
65,823
65,824
65,825
65,826
65,827
65,828
65,829
65,830
65,831
65,832
65,833
65,834
65,835
65,836
65,837
65,838
65,839
65,840
65,841
65,842
65,843
65,844
65,845
65,846
65,847
65,848
65,849
65,850
65,851
65,852
65,853
65,854
65,855
65,856
65,857
65,858
65,859
65,860
65,861
65,862
65,863
65,864
65,865
65,866
65,867
65,868
65,869
65,870
65,871
65,872
65,873
65,874
65,875
65,876
65,877
65,878
65,879
65,880
65,881
65,882
65,883
65,884
65,885
65,886
65,887
65,888
65,889
65,890
65,891
65,892
65,893
65,894
65,895
65,896
65,897
65,898
65,899
65,900
65,901
65,902
65,903
65,904
65,905
65,906
65,907
65,908
65,909
65,910
65,911
65,912
65,913
65,914
65,915
65,916
65,917
65,918
65,919
65,920
65,921
65,922
65,923
65,924
65,925
65,926
65,927
65,928
65,929
65,930
65,931
65,932
65,933
65,934
65,935
65,936
65,937
65,938
65,939
65,940
65,941
65,942
65,943
65,944
65,945
65,946
65,947
65,948
65,949
65,950
65,951
65,952
65,953
65,954
65,955
65,956
65,957
65,958
65,959
65,960
65,961
65,962
65,963
65,964
65,965
65,966
65,967
65,968
65,969
65,970
65,971
65,972
65,973
65,974
65,975
65,976
65,977
65,978
65,979
66,980
66,981
67,981
67,982
68,982
68,983
69,983
70,984
71,984
72,984
73,984
74,984
75,983
76,983
76,982
77,982
77,981
78,981
78,980
79,979
79,978
79,977
79,976
79,975
79,974
79,973
79,972
79,971
79,970
79,969
79,968
79,967
79,966
79,965
79,964
79,963
79,962
79,961
79,960
79,959
79,958
79,957
79,956
79,955
79,954
79,953
79,952
79,951
79,950
79,949
79,948
79,947
79,946
79,945
79,944
79,943
79,942
79,941
79,940
79,939
79,938
79,937
79,936
79,935
79,934
79,933
79,932
79,931
79,930
79,929
79,928
79,927
79,926
79,925
79,924
79,923
79,922
79,921
79,920
79,919
79,918
79,917
79,916
79,915
79,914
79,913
79,912
79,911
79,910
79,909
79,908
79,907
79,906
79,905
79,904
79,903
79,902
79,901
79,900
79,899
79,898
79,897
79,896
79,895
79,894
79,893
79,892
79,891
79,890
79,889
79,888
79,887
79,886
79,885
79,884
79,883
79,882
79,881
79,880
79,879
79,878
79,877
79,876
79,875
79,874
79,873
79,872
79,871
79,870
79,869
79,868
79,867
79,866
79,865
79,864
79,863
79,862
79,861
79,860
79,859
79,858
79,857
79,856
79,855
79,854
79,853
79,852
79,851
79,850
79,849
79,848
79,847
79,846
79,845
79,844
79,843
79,842
79,841
79,840
79,839
79,838
79,837
79,836
79,835
79,834
79,833
79,832
79,831
79,830
79,829
79,828
79,827
79,826
79,825
79,824
79,823
79,822
79,821
79,820
79,819
79,818
79,817
79,816
79,815
79,814
79,813
79,812
79,811
79,810
79,809
79,808
79,807
79,806
79,805
79,804
79,803
79,802
79,801
79,800
79,799
79,798
79,797
79,796
79,795
79,794
79,793
79,792
79,791
79,790
79,789
79,788
79,787
79,786
79,785
79,784
79,783
79,782
79,781
79,780
79,779
79,778
79,777
79,776
79,775
79,774
79,773
79,772
79,771
79,770
79,769
79,768
79,767
79,766
79,765
79,764
79,763
79,762
79,761
79,760
79,759
79,758
79,757
79,756
79,755
79,754
79,753
79,752
79,751
79,750
79,749
79,748
79,747
79,746
79,745
79,744
79,743
79,742
79,741
79,740
79,739
79,738
79,737
79,736
79,735
79,734
79,733
79,732
79,731
79,730
79,729
79,728
79,727
79,726
79,725
79,724
79,723
79,722
79,721
79,720
79,719
79,718
79,717
79,716
79,715
79,714
79,713
79,712
79,711
79,710
79,709
79,708
79,707
79,706
79,705
79,704
79,703
79,702
79,701
79,700
79,699
79,698
79,697
79,696
79,695
79,694
79,693
79,692
79,691
79,690
79,689
79,688
79,687
79,686
79,685
79,684
79,683
79,682
79,681
79,680
79,679
79,678
79,677
79,676
79,675
79,674
79,673
79,672
79,671
79,670
79,669
79,668
79,667
79,666
79,665
79,664
79,663
79,662
79,661
79,660
79,659
79,658
79,657
79,656
79,655
79,654
79,653
79,652
79,651
79,650
79,649
79,648
79,647
79,646
79,645
79,644
79,643
79,642
79,641
79,640
79,639
79,638
79,637
79,636
79,635
79,634
79,633
79,632
79,631
79,630
79,629
79,628
79,627
79,626
79,625
79,624
79,623
79,622
79,621
79,620
79,619
79,618
79,617
79,616
79,615
79,614
79,613
79,612
79,611
79,610
79,609
79,608
79,607
79,606
79,605
79,604
79,603
79,602
79,601
79,600
79,599
79,598
79,597
79,596
79,595
79,594
79,593
79,592
79,591
79,590
79,589
79,588
79,587
79,586
79,585
79,584
79,583
79,582
79,581
79,580
79,579
79,578
79,577
79,576
79,575
79,574
79,573
79,572
79,571
79,570
79,569
79,568
79,567
79,566
79,565
79,564
79,563
79,562
79,561
79,560
79,559
79,558
79,557
79,556
79,555
79,554
79,553
79,552
79,551
79,550
79,549
79,548
79,547
79,546
79,545
79,544
79,543
79,542
79,541
79,540
79,539
79,538
79,537
79,536
79,535
79,534
79,533
79,532
79,531
79,530
79,529
79,528
79,527
79,526
79,525
79,524
79,523
79,522
79,521
79,520
79,519
79,518
79,517
79,516
79,515
79,514
79,513
79,512
79,511
79,510
79,509
79,508
79,507
79,506
79,505
79,504
79,503
79,502
79,501
79,500
79,499
79,498
79,497
79,496
79,495
79,494
79,493
79,492
79,491
79,490
79,489
79,488
79,487
79,486
79,485
79,484
79,483
79,482
79,481
79,480
79,479
79,478
79,477
79,476
79,475
79,474
79,473
79,472
79,471
79,470
79,469
79,468
79,467
79,466
79,465
79,464
79,463
79,462
79,461
79,460
79,459
79,458
79,457
79,456
79,455
79,454
79,453
79,452
79,451
79,450
79,449
79,448
79,447
79,446
79,445
79,444
79,443
79,442
79,441
79,440
79,439
79,438
79,437
79,436
79,435
79,434
79,433
79,432
79,431
79,430
79,429
79,428
79,427
79,426
79,425
79,424
79,423
79,422
79,421
79,420
79,419
79,418
79,417
79,416
79,415
79,414
79,413
79,412
79,411
79,410
79,409
79,408
79,407
79,406
79,405
79,404
79,403
79,402
79,401
79,400
79,399
79,398
79,397
79,396
79,395
79,394
79,393
79,392
79,391
79,390
79,389
79,388
79,387
79,386
79,385
79,384
79,383
79,382
79,381
79,380
79,379
79,378
79,377
79,376
79,375
79,374
79,373
79,372
79,371
79,370
79,369
79,368
79,367
79,366
79,365
79,364
79,363
79,362
79,361
79,360
79,359
79,358
79,357
79,356
79,355
79,354
79,353
79,352
79,351
79,350
79,349
79,348
79,347
79,346
79,345
79,344
79,343
79,342
79,341
79,340
79,339
79,338
79,337
79,336
79,335
79,334
79,333
79,332
79,331
79,330
79,329
79,328
79,327
79,326
79,325
79,324
79,323
79,322
79,321
79,320
79,319
79,318
79,317
79,316
79,315
79,314
79,313
79,312
79,311
79,310
79,309
79,308
79,307
79,306
79,305
79,304
79,303
79,302
79,301
79,300
79,299
79,298
79,297
79,296
79,295
79,294
79,293
79,292
79,291
79,290
79,289
79,288
79,287
79,286
79,285
79,284
79,283
79,282
79,281
79,280
79,279
79,278
79,277
79,276
79,275
79,274
79,273
79,272
79,271
79,270
79,269
79,268
79,267
79,266
79,265
79,264
79,263
79,262
79,261
79,260
79,259
79,258
79,257
79,256
79,255
79,254
79,253
79,252
79,251
79,250
79,249
79,248
79,247
79,246
79,245
79,244
79,243
79,242
79,241
79,240
79,239
79,238
79,237
79,236
79,235
79,234
79,233
79,232
79,231
79,230
79,229
79,228
79,227
79,226
79,225
79,224
79,223
79,222
79,221
79,220
79,219
79,218
79,217
79,216
79,215
79,214
79,213
79,212
79,211
79,210
79,209
79,208
79,207
79,206
79,205
79,204
79,203
79,202
79,201
79,200
79,199
79,198
79,197
79,196
79,195
79,194
79,193
79,192
79,191
79,190
79,189
79,188
79,187
79,186
79,185
79,184
79,183
79,182
79,181
79,180
79,179
79,178
79,177
79,176
79,175
79,174
79,173
79,172
79,171
79,170
79,169
79,168
79,167
79,166
79,165
79,164
79,163
79,162
79,161
79,160
79,159
79,158
79,157
79,156
79,155
79,154
79,153
79,152
79,151
79,150
79,149
79,148
79,147
79,146
79,145
79,144
79,143
79,142
79,141
79,140
79,139
79,138
79,137
79,136
79,135
79,134
79,133
79,132
79,131
79,130
79,129
79,128
79,127
79,126
79,125
79,124
79,123
79,122
79,121
79,120
79,119
79,118
79,117
79,116
79,115
79,114
79,113
79,112
79,111
79,110
79,109
79,108
79,107
79,106
79,105
79,104
79,103
79,102
79,101
79,100
79,99
79,98
79,97
79,96
79,95
79,94
79,93
79,92
79,91
79,90
79,89
79,88
79,87
79,86
79,85
79,84
79,83
79,82
79,81
79,80
79,79
79,78
79,77
79,76
79,75
79,74
79,73
79,72
79,71
79,70
79,69
79,68
79,67
79,66
79,65
79,64
79,63
79,62
79,61
79,60
79,59
79,58
79,57
79,56
79,55
79,54
79,53
79,52
79,51
79,50
79,49
79,48
79,47
79,46
79,45
80,44
80,43
81,43
81,42
82,42
82,41
83,41
84,40
85,40
86,40
87,40
88,40
89,40
90,41
91,41
91,42
92,42
92,43
93,43
93,44
94,45
94,46
94,47
94,48
94,49
94,50
94,51
94,52
94,53
94,54
94,55
94,56
94,57
94,58
94,59
94,60
94,61
94,62
94,63
94,64
94,65
94,66
94,67
94,68
94,69
94,70
94,71
94,72
94,73
94,74
94,75
94,76
94,77
94,78
94,79
94,80
94,81
94,82
94,83
94,84
94,85
94,86
94,87
94,88
94,89
94,90
94,91
94,92
94,93
94,94
94,95
94,96
94,97
94,98
94,99
94,100
94,101
94,102
94,103
94,104
94,105
94,106
94,107
94,108
94,109
94,110
94,111
94,112
94,113
94,114
94,115
94,116
94,117
94,118
94,119
94,120
94,121
94,122
94,123
94,124
94,125
94,126
94,127
94,128
94,129
94,130
94,131
94,132
94,133
94,134
94,135
94,136
94,137
94,138
94,139
94,140
94,141
94,142
94,143
94,144
94,145
94,146
94,147
94,148
94,149
94,150
94,151
94,152
94,153
94,154
94,155
94,156
94,157
94,158
94,159
94,160
94,161
94,162
94,163
94,164
94,165
94,166
94,167
94,168
94,169
94,170
94,171
94,172
94,173
94,174
94,175
94,176
94,177
94,178
94,179
94,180
94,181
94,182
94,183
94,184
94,185
94,186
94,187
94,188
94,189
94,190
94,191
94,192
94,193
94,194
94,195
94,196
94,197
94,198
94,199
94,200
94,201
94,202
94,203
94,204
94,205
94,206
94,207
94,208
94,209
94,210
94,211
94,212
94,213
94,214
94,215
94,216
94,217
94,218
94,219
94,220
94,221
94,222
94,223
94,224
94,225
94,226
94,227
94,228
94,229
94,230
94,231
94,232
94,233
94,234
94,235
94,236
94,237
94,238
94,239
94,240
94,241
94,242
94,243
94,244
94,245
94,246
94,247
94,248
94,249
94,250
94,251
94,252
94,253
94,254
94,255
94,256
94,257
94,258
94,259
94,260
94,261
94,262
94,263
94,264
94,265
94,266
94,267
94,268
94,269
94,270
94,271
94,272
94,273
94,274
94,275
94,276
94,277
94,278
94,279
94,280
94,281
94,282
94,283
94,284
94,285
94,286
94,287
94,288
94,289
94,290
94,291
94,292
94,293
94,294
94,295
94,296
94,297
94,298
94,299
94,300
94,301
94,302
94,303
94,304
94,305
94,306
94,307
94,308
94,309
94,310
94,311
94,312
94,313
94,314
94,315
94,316
94,317
94,318
94,319
94,320
94,321
94,322
94,323
94,324
94,325
94,326
94,327
94,328
94,329
94,330
94,331
94,332
94,333
94,334
94,335
94,336
94,337
94,338
94,339
94,340
94,341
94,342
94,343
94,344
94,345
94,346
94,347
94,348
94,349
94,350
94,351
94,352
94,353
94,354
94,355
94,356
94,357
94,358
94,359
94,360
94,361
94,362
94,363
94,364
94,365
94,366
94,367
94,368
94,369
94,370
94,371
94,372
94,373
94,374
94,375
94,376
94,377
94,378
94,379
94,380
94,381
94,382
94,383
94,384
94,385
94,386
94,387
94,388
94,389
94,390
94,391
94,392
94,393
94,394
94,395
94,396
94,397
94,398
94,399
94,400
94,401
94,402
94,403
94,404
94,405
94,406
94,407
94,408
94,409
94,410
94,411
94,412
94,413
94,414
94,415
94,416
94,417
94,418
94,419
94,420
94,421
94,422
94,423
94,424
94,425
94,426
94,427
94,428
94,429
94,430
94,431
94,432
94,433
94,434
94,435
94,436
94,437
94,438
94,439
94,440
94,441
94,442
94,443
94,444
94,445
94,446
94,447
94,448
94,449
94,450
94,451
94,452
94,453
94,454
94,455
94,456
94,457
94,458
94,459
94,460
94,461
94,462
94,463
94,464
94,465
94,466
94,467
94,468
94,469
94,470
94,471
94,472
94,473
94,474
94,475
94,476
94,477
94,478
94,479
94,480
94,481
94,482
94,483
94,484
94,485
94,486
94,487
94,488
94,489
94,490
94,491
94,492
94,493
94,494
94,495
94,496
94,497
94,498
94,499
94,500
94,501
94,502
94,503
94,504
94,505
94,506
94,507
94,508
94,509
94,510
94,511
94,512
94,513
94,514
94,515
94,516
94,517
94,518
94,519
94,520
94,521
94,522
94,523
94,524
94,525
94,526
94,527
94,528
94,529
94,530
94,531
94,532
94,533
94,534
94,535
94,536
94,537
94,538
94,539
94,540
94,541
94,542
94,543
94,544
94,545
94,546
94,547
94,548
94,549
94,550
94,551
94,552
94,553
94,554
94,555
94,556
94,557
94,558
94,559
94,560
94,561
94,562
94,563
94,564
94,565
94,566
94,567
94,568
94,569
94,570
94,571
94,572
94,573
94,574
94,575
94,576
94,577
94,578
94,579
94,580
94,581
94,582
94,583
94,584
94,585
94,586
94,587
94,588
94,589
94,590
94,591
94,592
94,593
94,594
94,595
94,596
94,597
94,598
94,599
94,600
94,601
94,602
94,603
94,604
94,605
94,606
94,607
94,608
94,609
94,610
94,611
94,612
94,613
94,614
94,615
94,616
94,617
94,618
94,619
94,620
94,621
94,622
94,623
94,624
94,625
94,626
94,627
94,628
94,629
94,630
94,631
94,632
94,633
94,634
94,635
94,636
94,637
94,638
94,639
94,640
94,641
94,642
94,643
94,644
94,645
94,646
94,647
94,648
94,649
94,650
94,651
94,652
94,653
94,654
94,655
94,656
94,657
94,658
94,659
94,660
94,661
94,662
94,663
94,664
94,665
94,666
94,667
94,668
94,669
94,670
94,671
94,672
94,673
94,674
94,675
94,676
94,677
94,678
94,679
94,680
94,681
94,682
94,683
94,684
94,685
94,686
94,687
94,688
94,689
94,690
94,691
94,692
94,693
94,694
94,695
94,696
94,697
94,698
94,699
94,700
94,701
94,702
94,703
94,704
94,705
94,706
94,707
94,708
94,709
94,710
94,711
94,712
94,713
94,714
94,715
94,716
94,717
94,718
94,719
94,720
94,721
94,722
94,723
94,724
94,725
94,726
94,727
94,728
94,729
94,730
94,731
94,732
94,733
94,734
94,735
94,736
94,737
94,738
94,739
94,740
94,741
94,742
94,743
94,744
94,745
94,746
94,747
94,748
94,749
94,750
94,751
94,752
94,753
94,754
94,755
94,756
94,757
94,758
94,759
94,760
94,761
94,762
94,763
94,764
94,765
94,766
94,767
94,768
94,769
94,770
94,771
94,772
94,773
94,774
94,775
94,776
94,777
94,778
94,779
94,780
94,781
94,782
94,783
94,784
94,785
94,786
94,787
94,788
94,789
94,790
94,791
94,792
94,793
94,794
94,795
94,796
94,797
94,798
94,799
94,800
94,801
94,802
94,803
94,804
94,805
94,806
94,807
94,808
94,809
94,810
94,811
94,812
94,813
94,814
94,815
94,816
94,817
94,818
94,819
94,820
94,821
94,822
94,823
94,824
94,825
94,826
94,827
94,828
94,829
94,830
94,831
94,832
94,833
94,834
94,835
94,836
94,837
94,838
94,839
94,840
94,841
94,842
94,843
94,844
94,845
94,846
94,847
94,848
94,849
94,850
94,851
94,852
94,853
94,854
94,855
94,856
94,857
94,858
94,859
94,860
94,861
94,862
94,863
94,864
94,865
94,866
94,867
94,868
94,869
94,870
94,871
94,872
94,873
94,874
94,875
94,876
94,877
94,878
94,879
94,880
94,881
94,882
94,883
94,884
94,885
94,886
94,887
94,888
94,889
94,890
94,891
94,892
94,893
94,894
94,895
94,896
94,897
94,898
94,899
94,900
94,901
94,902
94,903
94,904
94,905
94,906
94,907
94,908
94,909
94,910
94,911
94,912
94,913
94,914
94,915
94,916
94,917
94,918
94,919
94,920
94,921
94,922
94,923
94,924
94,925
94,926
94,927
94,928
94,929
94,930
94,931
94,932
94,933
94,934
94,935
94,936
94,937
94,938
94,939
94,940
94,941
94,942
94,943
94,944
94,945
94,946
94,947
94,948
94,949
94,950
94,951
94,952
94,953
94,954
94,955
94,956
94,957
94,958
94,959
94,960
94,961
94,962
94,963
94,964
94,965
94,966
94,967
94,968
94,969
94,970
94,971
94,972
94,973
94,974
94,975
94,976
94,977
94,978
94,979
95,980
95,981
96,981
96,982
97,982
97,983
98,983
99,984
100,984
101,984
102,984
103,984
104,984
105,983
106,983
106,982
107,982
107,981
108,981
108,980
109,979
109,978
109,977
109,976
109,975
109,974
109,973
109,972
109,971
109,970
109,969
109,968
109,967
109,966
109,965
109,964
109,963
109,962
109,961
109,960
109,959
109,958
109,957
109,956
109,955
109,954
109,953
109,952
109,951
109,950
109,949
109,948
109,947
109,946
109,945
109,944
109,943
109,942
109,941
109,940
109,939
109,938
109,937
109,936
109,935
109,934
109,933
109,932
109,931
109,930
109,929
109,928
109,927
109,926
109,925
109,924
109,923
109,922
109,921
109,920
109,919
109,918
109,917
109,916
109,915
109,914
109,913
109,912
109,911
109,910
109,909
109,908
109,907
109,906
109,905
109,904
109,903
109,902
109,901
109,900
109,899
109,898
109,897
109,896
109,895
109,894
109,893
109,892
109,891
109,890
109,889
109,888
109,887
109,886
109,885
109,884
109,883
109,882
109,881
109,880
109,879
109,878
109,877
109,876
109,875
109,874
109,873
109,872
109,871
109,870
109,869
109,868
109,867
109,866
109,865
109,864
109,863
109,862
109,861
109,860
109,859
109,858
109,857
109,856
109,855
109,854
109,853
109,852
109,851
109,850
109,849
109,848
109,847
109,846
109,845
109,844
109,843
109,842
109,841
109,840
109,839
109,838
109,837
109,836
109,835
109,834
109,833
109,832
109,831
109,830
109,829
109,828
109,827
109,826
109,825
109,824
109,823
109,822
109,821
109,820
109,819
109,818
109,817
109,816
109,815
109,814
109,813
109,812
109,811
109,810
109,809
109,808
109,807
109,806
109,805
109,804
109,803
109,802
109,801
109,800
109,799
109,798
109,797
109,796
109,795
109,794
109,793
109,792
109,791
109,790
109,789
109,788
109,787
109,786
109,785
109,784
109,783
109,782
109,781
109,780
109,779
109,778
109,777
109,776
109,775
109,774
109,773
109,772
109,771
109,770
109,769
109,768
109,767
109,766
109,765
109,764
109,763
109,762
109,761
109,760
109,759
109,758
109,757
109,756
109,755
109,754
109,753
109,752
109,751
109,750
109,749
109,748
109,747
109,746
109,745
109,744
109,743
109,742
109,741
109,740
109,739
109,738
109,737
109,736
109,735
109,734
109,733
109,732
109,731
109,730
109,729
109,728
109,727
109,726
109,725
109,724
109,723
109,722
109,721
109,720
109,719
109,718
109,717
109,716
109,715
109,714
109,713
109,712
109,711
109,710
109,709
109,708
109,707
109,706
109,705
109,704
109,703
109,702
109,701
109,700
109,699
109,698
109,697
109,696
109,695
109,694
109,693
109,692
109,691
109,690
109,689
109,688
109,687
109,686
109,685
109,684
109,683
109,682
109,681
109,680
109,679
109,678
109,677
109,676
109,675
109,674
109,673
109,672
109,671
109,670
109,669
109,668
109,667
109,666
109,665
109,664
109,663
109,662
109,661
109,660
109,659
109,658
109,657
109,656
109,655
109,654
109,653
109,652
109,651
109,650
109,649
109,648
109,647
109,646
109,645
109,644
109,643
109,642
109,641
109,640
109,639
109,638
109,637
109,636
109,635
109,634
109,633
109,632
109,631
109,630
109,629
109,628
109,627
109,626
109,625
109,624
109,623
109,622
109,621
109,620
109,619
109,618
109,617
109,616
109,615
109,614
109,613
109,612
109,611
109,610
109,609
109,608
109,607
109,606
109,605
109,604
109,603
109,602
109,601
109,600
109,599
109,598
109,597
109,596
109,595
109,594
109,593
109,592
109,591
109,590
109,589
109,588
109,587
109,586
109,585
109,584
109,583
109,582
109,581
109,580
109,579
109,578
109,577
109,576
109,575
109,574
109,573
109,572
109,571
109,570
109,569
109,568
109,567
109,566
109,565
109,564
109,563
109,562
109,561
109,560
109,559
109,558
109,557
109,556
109,555
109,554
109,553
109,552
109,551
109,550
109,549
109,548
109,547
109,546
109,545
109,544
109,543
109,542
109,541
109,540
109,539
109,538
109,537
109,536
109,535
109,534
109,533
109,532
109,531
109,530
109,529
109,528
109,527
109,526
109,525
109,524
109,523
109,522
109,521
109,520
109,519
109,518
109,517
109,516
109,515
109,514
109,513
109,512
109,511
109,510
109,509
109,508
109,507
109,506
109,505
109,504
109,503
109,502
109,501
109,500
109,499
109,498
109,497
109,496
109,495
109,494
109,493
109,492
109,491
109,490
109,489
109,488
109,487
109,486
109,485
109,484
109,483
109,482
109,481
109,480
109,479
109,478
109,477
109,476
109,475
109,474
109,473
109,472
109,471
109,470
109,469
109,468
109,467
109,466
109,465
109,464
109,463
109,462
109,461
109,460
109,459
109,458
109,457
109,456
109,455
109,454
109,453
109,452
109,451
109,450
109,449
109,448
109,447
109,446
109,445
109,444
109,443
109,442
109,441
109,440
109,439
109,438
109,437
109,436
109,435
109,434
109,433
109,432
109,431
109,430
109,429
109,428
109,427
109,426
109,425
109,424
109,423
109,422
109,421
109,420
109,419
109,418
109,417
109,416
109,415
109,414
109,413
109,412
109,411
109,410
109,409
109,408
109,407
109,406
109,405
109,404
109,403
109,402
109,401
109,400
109,399
109,398
109,397
109,396
109,395
109,394
109,393
109,392
109,391
109,390
109,389
109,388
109,387
109,386
109,385
109,384
109,383
109,382
109,381
109,380
109,379
109,378
109,377
109,376
109,375
109,374
109,373
109,372
109,371
109,370
109,369
109,368
109,367
109,366
109,365
109,364
109,363
109,362
109,361
109,360
109,359
109,358
109,357
109,356
109,355
109,354
109,353
109,352
109,351
109,350
109,349
109,348
109,347
109,346
109,345
109,344
109,343
109,342
109,341
109,340
109,339
109,338
109,337
109,336
109,335
109,334
109,333
109,332
109,331
109,330
109,329
109,328
109,327
109,326
109,325
109,324
109,323
109,322
109,321
109,320
109,319
109,318
109,317
109,316
109,315
109,314
109,313
109,312
109,311
109,310
109,309
109,308
109,307
109,306
109,305
109,304
109,303
109,302
109,301
109,300
109,299
109,298
109,297
109,296
109,295
109,294
109,293
109,292
109,291
109,290
109,289
109,288
109,287
109,286
109,285
109,284
109,283
109,282
109,281
109,280
109,279
109,278
109,277
109,276
109,275
109,274
109,273
109,272
109,271
109,270
109,269
109,268
109,267
109,266
109,265
109,264
109,263
109,262
109,261
109,260
109,259
109,258
109,257
109,256
109,255
109,254
109,253
109,252
109,251
109,250
109,249
109,248
109,247
109,246
109,245
109,244
109,243
109,242
109,241
109,240
109,239
109,238
109,237
109,236
109,235
109,234
109,233
109,232
109,231
109,230
109,229
109,228
109,227
109,226
109,225
109,224
109,223
109,222
109,221
109,220
109,219
109,218
109,217
109,216
109,215
109,214
109,213
109,212
109,211
109,210
109,209
109,208
109,207
109,206
109,205
109,204
109,203
109,202
109,201
109,200
109,199
109,198
109,197
109,196
109,195
109,194
109,193
109,192
109,191
109,190
109,189
109,188
109,187
109,186
109,185
109,184
109,183
109,182
109,181
109,180
109,179
109,178
109,177
109,176
109,175
109,174
109,173
109,172
109,171
109,170
109,169
109,168
109,167
109,166
109,165
109,164
109,163
109,162
109,161
109,160
109,159
109,158
109,157
109,156
109,155
109,154
109,153
109,152
109,151
109,150
109,149
109,148
109,147
109,146
109,145
109,144
109,143
109,142
109,141
109,140
109,139
109,138
109,137
109,136
109,135
109,134
109,133
109,132
109,131
109,130
109,129
109,128
109,127
109,126
109,125
109,124
109,123
109,122
109,121
109,120
109,119
109,118
109,117
109,116
109,115
109,114
109,113
109,112
109,111
109,110
109,109
109,108
109,107
109,106
109,105
109,104
109,103
109,102
109,101
109,100
109,99
109,98
109,97
109,96
109,95
109,94
109,93
109,92
109,91
109,90
109,89
109,88
109,87
109,86
109,85
109,84
109,83
109,82
109,81
109,80
109,79
109,78
109,77
109,76
109,75
109,74
109,73
109,72
109,71
109,70
109,69
109,68
109,67
109,66
109,65
109,64
109,63
109,62
109,61
109,60
109,59
109,58
109,57
109,56
109,55
109,54
109,53
109,52
109,51
109,50
109,49
109,48
109,47
109,46
109,45
110,44
110,43
111,43
111,42
112,42
112,41
113,41
114,40
115,40
116,40
117,40
118,40
119,41
120,41
120,42
121,42
121,43
122,43
122,44
123,45
123,46
123,47
123,48
123,49
123,50
123,51
123,52
123,53
123,54
123,55
123,56
123,57
123,58
123,59
123,60
123,61
123,62
123,63
123,64
123,65
123,66
123,67
123,68
123,69
123,70
123,71
123,72
123,73
123,74
123,75
123,76
123,77
123,78
123,79
123,80
123,81
123,82
123,83
123,84
123,85
123,86
123,87
123,88
123,89
123,90
123,91
123,92
123,93
123,94
123,95
123,96
123,97
123,98
123,99
123,100
123,101
123,102
123,103
123,104
123,105
123,106
123,107
123,108
123,109
123,110
123,111
123,112
123,113
123,114
123,115
123,116
123,117
123,118
123,119
123,120
123,121
123,122
123,123
123,124
123,125
123,126
123,127
123,128
123,129
123,130
123,131
123,132
123,133
123,134
123,135
123,136
123,137
123,138
123,139
123,140
123,141
123,142
123,143
123,144
123,145
123,146
123,147
123,148
123,149
123,150
123,151
123,152
123,153
123,154
123,155
123,156
123,157
123,158
123,159
123,160
123,161
123,162
123,163
123,164
123,165
123,166
123,167
123,168
123,169
123,170
123,171
123,172
123,173
123,174
123,175
123,176
123,177
123,178
123,179
123,180
123,181
123,182
123,183
123,184
123,185
123,186
123,187
123,188
123,189
123,190
123,191
123,192
123,193
123,194
123,195
123,196
123,197
123,198
123,199
123,200
123,201
123,202
123,203
123,204
123,205
123,206
123,207
123,208
123,209
123,210
123,211
123,212
123,213
123,214
123,215
123,216
123,217
123,218
123,219
123,220
123,221
123,222
123,223
123,224
123,225
123,226
123,227
123,228
123,229
123,230
123,231
123,232
123,233
123,234
123,235
123,236
123,237
123,238
123,239
123,240
123,241
123,242
123,243
123,244
123,245
123,246
123,247
123,248
123,249
123,250
123,251
123,252
123,253
123,254
123,255
123,256
123,257
123,258
123,259
123,260
123,261
123,262
123,263
123,264
123,265
123,266
123,267
123,268
123,269
123,270
123,271
123,272
123,273
123,274
123,275
123,276
123,277
123,278
123,279
123,280
123,281
123,282
123,283
123,284
123,285
123,286
123,287
123,288
123,289
123,290
123,291
123,292
123,293
123,294
123,295
123,296
123,297
123,298
123,299
123,300
123,301
123,302
123,303
123,304
123,305
123,306
123,307
123,308
123,309
123,310
123,311
123,312
123,313
123,314
123,315
123,316
123,317
123,318
123,319
123,320
123,321
123,322
123,323
123,324
123,325
123,326
123,327
123,328
123,329
123,330
123,331
123,332
123,333
123,334
123,335
123,336
123,337
123,338
123,339
123,340
123,341
123,342
123,343
123,344
123,345
123,346
123,347
123,348
123,349
123,350
123,351
123,352
123,353
123,354
123,355
123,356
123,357
123,358
123,359
123,360
123,361
123,362
123,363
123,364
123,365
123,366
123,367
123,368
123,369
123,370
123,371
123,372
123,373
123,374
123,375
123,376
123,377
123,378
123,379
123,380
123,381
123,382
123,383
123,384
123,385
123,386
123,387
123,388
123,389
123,390
123,391
123,392
123,393
123,394
123,395
123,396
123,397
123,398
123,399
123,400
123,401
123,402
123,403
123,404
123,405
123,406
123,407
123,408
123,409
123,410
123,411
123,412
123,413
123,414
123,415
123,416
123,417
123,418
123,419
123,420
123,421
123,422
123,423
123,424
123,425
123,426
123,427
123,428
123,429
123,430
123,431
123,432
123,433
123,434
123,435
123,436
123,437
123,438
123,439
123,440
123,441
123,442
123,443
123,444
123,445
123,446
123,447
123,448
123,449
123,450
123,451
123,452
123,453
123,454
123,455
123,456
123,457
123,458
123,459
123,460
123,461
123,462
123,463
123,464
123,465
123,466
123,467
123,468
123,469
123,470
123,471
123,472
123,473
123,474
123,475
123,476
123,477
123,478
123,479
123,480
123,481
123,482
123,483
123,484
123,485
123,486
123,487
123,488
123,489
123,490
123,491
123,492
123,493
123,494
123,495
123,496
123,497
123,498
123,499
123,500
123,501
123,502
123,503
123,504
123,505
123,506
123,507
123,508
123,509
123,510
123,511
123,512
123,513
123,514
123,515
123,516
123,517
123,518
123,519
123,520
123,521
123,522
123,523
123,524
123,525
123,526
123,527
123,528
123,529
123,530
123,531
123,532
123,533
123,534
123,535
123,536
123,537
123,538
123,539
123,540
123,541
123,542
123,543
123,544
123,545
123,546
123,547
123,548
123,549
123,550
123,551
123,552
123,553
123,554
123,555
123,556
123,557
123,558
123,559
123,560
123,561
123,562
123,563
123,564
123,565
123,566
123,567
123,568
123,569
123,570
123,571
123,572
123,573
123,574
123,575
123,576
123,577
123,578
123,579
123,580
123,581
123,582
123,583
123,584
123,585
123,586
123,587
123,588
123,589
123,590
123,591
123,592
123,593
123,594
123,595
123,596
123,597
123,598
123,599
123,600
123,601
123,602
123,603
123,604
123,605
123,606
123,607
123,608
123,609
123,610
123,611
123,612
123,613
123,614
123,615
123,616
123,617
123,618
123,619
123,620
123,621
123,622
123,623
123,624
123,625
123,626
123,627
123,628
123,629
123,630
123,631
123,632
123,633
123,634
123,635
123,636
123,637
123,638
123,639
123,640
123,641
123,642
123,643
123,644
123,645
123,646
123,647
123,648
123,649
123,650
123,651
123,652
123,653
123,654
123,655
123,656
123,657
123,658
123,659
123,660
123,661
123,662
123,663
123,664
123,665
123,666
123,667
123,668
123,669
123,670
123,671
123,672
123,673
123,674
123,675
123,676
123,677
123,678
123,679
123,680
123,681
123,682
123,683
123,684
123,685
123,686
123,687
123,688
123,689
123,690
123,691
123,692
123,693
123,694
123,695
123,696
123,697
123,698
123,699
123,700
123,701
123,702
123,703
123,704
123,705
123,706
123,707
123,708
123,709
123,710
123,711
123,712
123,713
123,714
123,715
123,716
123,717
123,718
123,719
123,720
123,721
123,722
123,723
123,724
123,725
123,726
123,727
123,728
123,729
123,730
123,731
123,732
123,733
123,734
123,735
123,736
123,737
123,738
123,739
123,740
123,741
123,742
123,743
123,744
123,745
123,746
123,747
123,748
123,749
123,750
123,751
123,752
123,753
123,754
123,755
123,756
123,757
123,758
123,759
123,760
123,761
123,762
123,763
123,764
123,765
123,766
123,767
123,768
123,769
123,770
123,771
123,772
123,773
123,774
123,775
123,776
123,777
123,778
123,779
123,780
123,781
123,782
123,783
123,784
123,785
123,786
123,787
123,788
123,789
123,790
123,791
123,792
123,793
123,794
123,795
123,796
123,797
123,798
123,799
123,800
123,801
123,802
123,803
123,804
123,805
123,806
123,807
123,808
123,809
123,810
123,811
123,812
123,813
123,814
123,815
123,816
123,817
123,818
123,819
123,820
123,821
123,822
123,823
123,824
123,825
123,826
123,827
123,828
123,829
123,830
123,831
123,832
123,833
123,834
123,835
123,836
123,837
123,838
123,839
123,840
123,841
123,842
123,843
123,844
123,845
123,846
123,847
123,848
123,849
123,850
123,851
123,852
123,853
123,854
123,855
123,856
123,857
123,858
123,859
123,860
123,861
123,862
123,863
123,864
123,865
123,866
123,867
123,868
123,869
123,870
123,871
123,872
123,873
123,874
123,875
123,876
123,877
123,878
123,879
123,880
123,881
123,882
123,883
123,884
123,885
123,886
123,887
123,888
123,889
123,890
123,891
123,892
123,893
123,894
123,895
123,896
123,897
123,898
123,899
123,900
123,901
123,902
123,903
123,904
123,905
123,906
123,907
123,908
123,909
123,910
123,911
123,912
123,913
123,914
123,915
123,916
123,917
123,918
123,919
123,920
123,921
123,922
123,923
123,924
123,925
123,926
123,927
123,928
123,929
123,930
123,931
123,932
123,933
123,934
123,935
123,936
123,937
123,938
123,939
123,940
123,941
123,942
123,943
123,944
123,945
123,946
123,947
123,948
123,949
123,950
123,951
123,952
123,953
123,954
123,955
123,956
123,957
123,958
123,959
123,960
123,961
123,962
123,963
123,964
123,965
123,966
123,967
123,968
123,969
123,970
123,971
123,972
123,973
123,974
123,975
123,976
123,977
123,978
123,979
124,980
124,981
125,981
125,982
126,982
126,983
127,983
128,984
129,984
130,984
131,984
132,984
133,984
134,983
135,983
135,982
136,982
136,981
137,981
137,980
138,979
138,978
138,977
138,976
138,975
138,974
138,973
138,972
138,971
138,970
138,969
138,968
138,967
138,966
138,965
138,964
138,963
138,962
138,961
138,960
138,959
138,958
138,957
138,956
138,955
138,954
138,953
138,952
138,951
138,950
138,949
138,948
138,947
138,946
138,945
138,944
138,943
138,942
138,941
138,940
138,939
138,938
138,937
138,936
138,935
138,934
138,933
138,932
138,931
138,930
138,929
138,928
138,927
138,926
138,925
138,924
138,923
138,922
138,921
138,920
138,919
138,918
138,917
138,916
138,915
138,914
138,913
138,912
138,911
138,910
138,909
138,908
138,907
138,906
138,905
138,904
138,903
138,902
138,901
138,900
138,899
138,898
138,897
138,896
138,895
138,894
138,893
138,892
138,891
138,890
138,889
138,888
138,887
138,886
138,885
138,884
138,883
138,882
138,881
138,880
138,879
138,878
138,877
138,876
138,875
138,874
138,873
138,872
138,871
138,870
138,869
138,868
138,867
138,866
138,865
138,864
138,863
138,862
138,861
138,860
138,859
138,858
138,857
138,856
138,855
138,854
138,853
138,852
138,851
138,850
138,849
138,848
138,847
138,846
138,845
138,844
138,843
138,842
138,841
138,840
138,839
138,838
138,837
138,836
138,835
138,834
138,833
138,832
138,831
138,830
138,829
138,828
138,827
138,826
138,825
138,824
138,823
138,822
138,821
138,820
138,819
138,818
138,817
138,816
138,815
138,814
138,813
138,812
138,811
138,810
138,809
138,808
138,807
138,806
138,805
138,804
138,803
138,802
138,801
138,800
138,799
138,798
138,797
138,796
138,795
138,794
138,793
138,792
138,791
138,790
138,789
138,788
138,787
138,786
138,785
138,784
138,783
138,782
138,781
138,780
138,779
138,778
138,777
138,776
138,775
138,774
138,773
138,772
138,771
138,770
138,769
138,768
138,767
138,766
138,765
138,764
138,763
138,762
138,761
138,760
138,759
138,758
138,757
138,756
138,755
138,754
138,753
138,752
138,751
138,750
138,749
138,748
138,747
138,746
138,745
138,744
138,743
138,742
138,741
138,740
138,739
138,738
138,737
138,736
138,735
138,734
138,733
138,732
138,731
138,730
138,729
138,728
138,727
138,726
138,725
138,724
138,723
138,722
138,721
138,720
138,719
138,718
138,717
138,716
138,715
138,714
138,713
138,712
138,711
138,710
138,709
138,708
138,707
138,706
138,705
138,704
138,703
138,702
138,701
138,700
138,699
138,698
138,697
138,696
138,695
138,694
138,693
138,692
138,691
138,690
138,689
138,688
138,687
138,686
138,685
138,684
138,683
138,682
138,681
138,680
138,679
138,678
138,677
138,676
138,675
138,674
138,673
138,672
138,671
138,670
138,669
138,668
138,667
138,666
138,665
138,664
138,663
138,662
138,661
138,660
138,659
138,658
138,657
138,656
138,655
138,654
138,653
138,652
138,651
138,650
138,649
138,648
138,647
138,646
138,645
138,644
138,643
138,642
138,641
138,640
138,639
138,638
138,637
138,636
138,635
138,634
138,633
138,632
138,631
138,630
138,629
138,628
138,627
138,626
138,625
138,624
138,623
138,622
138,621
138,620
138,619
138,618
138,617
138,616
138,615
138,614
138,613
138,612
138,611
138,610
138,609
138,608
138,607
138,606
138,605
138,604
138,603
138,602
138,601
138,600
138,599
138,598
138,597
138,596
138,595
138,594
138,593
138,592
138,591
138,590
138,589
138,588
138,587
138,586
138,585
138,584
138,583
138,582
138,581
138,580
138,579
138,578
138,577
138,576
138,575
138,574
138,573
138,572
138,571
138,570
138,569
138,568
138,567
138,566
138,565
138,564
138,563
138,562
138,561
138,560
138,559
138,558
138,557
138,556
138,555
138,554
138,553
138,552
138,551
138,550
138,549
138,548
138,547
138,546
138,545
138,544
138,543
138,542
138,541
138,540
138,539
138,538
138,537
138,536
138,535
138,534
138,533
138,532
138,531
138,530
138,529
138,528
138,527
138,526
138,525
138,524
138,523
138,522
138,521
138,520
138,519
138,518
138,517
138,516
138,515
138,514
138,513
138,512
138,511
138,510
138,509
138,508
138,507
138,506
138,505
138,504
138,503
138,502
138,501
138,500
138,499
138,498
138,497
138,496
138,495
138,494
138,493
138,492
138,491
138,490
138,489
138,488
138,487
138,486
138,485
138,484
138,483
138,482
138,481
138,480
138,479
138,478
138,477
138,476
138,475
138,474
138,473
138,472
138,471
138,470
138,469
138,468
138,467
138,466
138,465
138,464
138,463
138,462
138,461
138,460
138,459
138,458
138,457
138,456
138,455
138,454
138,453
138,452
138,451
138,450
138,449
138,448
138,447
138,446
138,445
138,444
138,443
138,442
138,441
138,440
138,439
138,438
138,437
138,436
138,435
138,434
138,433
138,432
138,431
138,430
138,429
138,428
138,427
138,426
138,425
138,424
138,423
138,422
138,421
138,420
138,419
138,418
138,417
138,416
138,415
138,414
138,413
138,412
138,411
138,410
138,409
138,408
138,407
138,406
138,405
138,404
138,403
138,402
138,401
138,400
138,399
138,398
138,397
138,396
138,395
138,394
138,393
138,392
138,391
138,390
138,389
138,388
138,387
138,386
138,385
138,384
138,383
138,382
138,381
138,380
138,379
138,378
138,377
138,376
138,375
138,374
138,373
138,372
138,371
138,370
138,369
138,368
138,367
138,366
138,365
138,364
138,363
138,362
138,361
138,360
138,359
138,358
138,357
138,356
138,355
138,354
138,353
138,352
138,351
138,350
138,349
138,348
138,347
138,346
138,345
138,344
138,343
138,342
138,341
138,340
138,339
138,338
138,337
138,336
138,335
138,334
138,333
138,332
138,331
138,330
138,329
138,328
138,327
138,326
138,325
138,324
138,323
138,322
138,321
138,320
138,319
138,318
138,317
138,316
138,315
138,314
138,313
138,312
138,311
138,310
138,309
138,308
138,307
138,306
138,305
138,304
138,303
138,302
138,301
138,300
138,299
138,298
138,297
138,296
138,295
138,294
138,293
138,292
138,291
138,290
138,289
138,288
138,287
138,286
138,285
138,284
138,283
138,282
138,281
138,280
138,279
138,278
138,277
138,276
138,275
138,274
138,273
138,272
138,271
138,270
138,269
138,268
138,267
138,266
138,265
138,264
138,263
138,262
138,261
138,260
138,259
138,258
138,257
138,256
138,255
138,254
138,253
138,252
138,251
138,250
138,249
138,248
138,247
138,246
138,245
138,244
138,243
138,242
138,241
138,240
138,239
138,238
138,237
138,236
138,235
138,234
138,233
138,232
138,231
138,230
138,229
138,228
138,227
138,226
138,225
138,224
138,223
138,222
138,221
138,220
138,219
138,218
138,217
138,216
138,215
138,214
138,213
138,212
138,211
138,210
138,209
138,208
138,207
138,206
138,205
138,204
138,203
138,202
138,201
138,200
138,199
138,198
138,197
138,196
138,195
138,194
138,193
138,192
138,191
138,190
138,189
138,188
138,187
138,186
138,185
138,184
138,183
138,182
138,181
138,180
138,179
138,178
138,177
138,176
138,175
138,174
138,173
138,172
138,171
138,170
138,169
138,168
138,167
138,166
138,165
138,164
138,163
138,162
138,161
138,160
138,159
138,158
138,157
138,156
138,155
138,154
138,153
138,152
138,151
138,150
138,149
138,148
138,147
138,146
138,145
138,144
138,143
138,142
138,141
138,140
138,139
138,138
138,137
138,136
138,135
138,134
138,133
138,132
138,131
138,130
138,129
138,128
138,127
138,126
138,125
138,124
138,123
138,122
138,121
138,120
138,119
138,118
138,117
138,116
138,115
138,114
138,113
138,112
138,111
138,110
138,109
138,108
138,107
138,106
138,105
138,104
138,103
138,102
138,101
138,100
138,99
138,98
138,97
138,96
138,95
138,94
138,93
138,92
138,91
138,90
138,89
138,88
138,87
138,86
138,85
138,84
138,83
138,82
138,81
138,80
138,79
138,78
138,77
138,76
138,75
138,74
138,73
138,72
138,71
138,70
138,69
138,68
138,67
138,66
138,65
138,64
138,63
138,62
138,61
138,60
138,59
138,58
138,57
138,56
138,55
138,54
138,53
138,52
138,51
138,50
138,49
138,48
138,47
138,46
138,45
139,44
139,43
140,43
140,42
141,42
141,41
142,41
143,40
144,40
145,40
146,40
147,40
148,40
149,41
150,41
150,42
151,42
151,43
152,43
152,44
153,45
153,46
153,47
153,48
153,49
153,50
153,51
153,52
153,53
153,54
153,55
153,56
153,57
153,58
153,59
153,60
153,61
153,62
153,63
153,64
153,65
153,66
153,67
153,68
153,69
153,70
153,71
153,72
153,73
153,74
153,75
153,76
153,77
153,78
153,79
153,80
153,81
153,82
153,83
153,84
153,85
153,86
153,87
153,88
153,89
153,90
153,91
153,92
153,93
153,94
153,95
153,96
153,97
153,98
153,99
153,100
153,101
153,102
153,103
153,104
153,105
153,106
153,107
153,108
153,109
153,110
153,111
153,112
153,113
153,114
153,115
153,116
153,117
153,118
153,119
153,120
153,121
153,122
153,123
153,124
153,125
153,126
153,127
153,128
153,129
153,130
153,131
153,132
153,133
153,134
153,135
153,136
153,137
153,138
153,139
153,140
153,141
153,142
153,143
153,144
153,145
153,146
153,147
153,148
153,149
153,150
153,151
153,152
153,153
153,154
153,155
153,156
153,157
153,158
153,159
153,160
153,161
153,162
153,163
153,164
153,165
153,166
153,167
153,168
153,169
153,170
153,171
153,172
153,173
153,174
153,175
153,176
153,177
153,178
153,179
153,180
153,181
153,182
153,183
153,184
153,185
153,186
153,187
153,188
153,189
153,190
153,191
153,192
153,193
153,194
153,195
153,196
153,197
153,198
153,199
153,200
153,201
153,202
153,203
153,204
153,205
153,206
153,207
153,208
153,209
153,210
153,211
153,212
153,213
153,214
153,215
153,216
153,217
153,218
153,219
153,220
153,221
153,222
153,223
153,224
153,225
153,226
153,227
153,228
153,229
153,230
153,231
153,232
153,233
153,234
153,235
153,236
153,237
153,238
153,239
153,240
153,241
153,242
153,243
153,244
153,245
153,246
153,247
153,248
153,249
153,250
153,251
153,252
153,253
153,254
153,255
153,256
153,257
153,258
153,259
153,260
153,261
153,262
153,263
153,264
153,265
153,266
153,267
153,268
153,269
153,270
153,271
153,272
153,273
153,274
153,275
153,276
153,277
153,278
153,279
153,280
153,281
153,282
153,283
153,284
153,285
153,286
153,287
153,288
153,289
153,290
153,291
153,292
153,293
153,294
153,295
153,296
153,297
153,298
153,299
153,300
153,301
153,302
153,303
153,304
153,305
153,306
153,307
153,308
153,309
153,310
153,311
153,312
153,313
153,314
153,315
153,316
153,317
153,318
153,319
153,320
153,321
153,322
153,323
153,324
153,325
153,326
153,327
153,328
153,329
153,330
153,331
153,332
153,333
153,334
153,335
153,336
153,337
153,338
153,339
153,340
153,341
153,342
153,343
153,344
153,345
153,346
153,347
153,348
153,349
153,350
153,351
153,352
153,353
153,354
153,355
153,356
153,357
153,358
153,359
153,360
153,361
153,362
153,363
153,364
153,365
153,366
153,367
153,368
153,369
153,370
153,371
153,372
153,373
153,374
153,375
153,376
153,377
153,378
153,379
153,380
153,381
153,382
153,383
153,384
153,385
153,386
153,387
153,388
153,389
153,390
153,391
153,392
153,393
153,394
153,395
153,396
153,397
153,398
153,399
153,400
153,401
153,402
153,403
153,404
153,405
153,406
153,407
153,408
153,409
153,410
153,411
153,412
153,413
153,414
153,415
153,416
153,417
153,418
153,419
153,420
153,421
153,422
153,423
153,424
153,425
153,426
153,427
153,428
153,429
153,430
153,431
153,432
153,433
153,434
153,435
153,436
153,437
153,438
153,439
153,440
153,441
153,442
153,443
153,444
153,445
153,446
153,447
153,448
153,449
153,450
153,451
153,452
153,453
153,454
153,455
153,456
153,457
153,458
153,459
153,460
153,461
153,462
153,463
153,464
153,465
153,466
153,467
153,468
153,469
153,470
153,471
153,472
153,473
153,474
153,475
153,476
153,477
153,478
153,479
153,480
153,481
153,482
153,483
153,484
153,485
153,486
153,487
153,488
153,489
153,490
153,491
153,492
153,493
153,494
153,495
153,496
153,497
153,498
153,499
153,500
153,501
153,502
153,503
153,504
153,505
153,506
153,507
153,508
153,509
153,510
153,511
153,512
153,513
153,514
153,515
153,516
153,517
153,518
153,519
153,520
153,521
153,522
153,523
153,524
153,525
153,526
153,527
153,528
153,529
153,530
153,531
153,532
153,533
153,534
153,535
153,536
153,537
153,538
153,539
153,540
153,541
153,542
153,543
153,544
153,545
153,546
153,547
153,548
153,549
153,550
153,551
153,552
153,553
153,554
153,555
153,556
153,557
153,558
153,559
153,560
153,561
153,562
153,563
153,564
153,565
153,566
153,567
153,568
153,569
153,570
153,571
153,572
153,573
153,574
153,575
153,576
153,577
153,578
153,579
153,580
153,581
153,582
153,583
153,584
153,585
153,586
153,587
153,588
153,589
153,590
153,591
153,592
153,593
153,594
153,595
153,596
153,597
153,598
153,599
153,600
153,601
153,602
153,603
153,604
153,605
153,606
153,607
153,608
153,609
153,610
153,611
153,612
153,613
153,614
153,615
153,616
153,617
153,618
153,619
153,620
153,621
153,622
153,623
153,624
153,625
153,626
153,627
153,628
153,629
153,630
153,631
153,632
153,633
153,634
153,635
153,636
153,637
153,638
153,639
153,640
153,641
153,642
153,643
153,644
153,645
153,646
153,647
153,648
153,649
153,650
153,651
153,652
153,653
153,654
153,655
153,656
153,657
153,658
153,659
153,660
153,661
153,662
153,663
153,664
153,665
153,666
153,667
153,668
153,669
153,670
153,671
153,672
153,673
153,674
153,675
153,676
153,677
153,678
153,679
153,680
153,681
153,682
153,683
153,684
153,685
153,686
153,687
153,688
153,689
153,690
153,691
153,692
153,693
153,694
153,695
153,696
153,697
153,698
153,699
153,700
153,701
153,702
153,703
153,704
153,705
153,706
153,707
153,708
153,709
153,710
153,711
153,712
153,713
153,714
153,715
153,716
153,717
153,718
153,719
153,720
153,721
153,722
153,723
153,724
153,725
153,726
153,727
153,728
153,729
153,730
153,731
153,732
153,733
153,734
153,735
153,736
153,737
153,738
153,739
153,740
153,741
153,742
153,743
153,744
153,745
153,746
153,747
153,748
153,749
153,750
153,751
153,752
153,753
153,754
153,755
153,756
153,757
153,758
153,759
153,760
153,761
153,762
153,763
153,764
153,765
153,766
153,767
153,768
153,769
153,770
153,771
153,772
153,773
153,774
153,775
153,776
153,777
153,778
153,779
153,780
153,781
153,782
153,783
153,784
153,785
153,786
153,787
153,788
153,789
153,790
153,791
153,792
153,793
153,794
153,795
153,796
153,797
153,798
153,799
153,800
153,801
153,802
153,803
153,804
153,805
153,806
153,807
153,808
153,809
153,810
153,811
153,812
153,813
153,814
153,815
153,816
153,817
153,818
153,819
153,820
153,821
153,822
153,823
153,824
153,825
153,826
153,827
153,828
153,829
153,830
153,831
153,832
153,833
153,834
153,835
153,836
153,837
153,838
153,839
153,840
153,841
153,842
153,843
153,844
153,845
153,846
153,847
153,848
153,849
153,850
153,851
153,852
153,853
153,854
153,855
153,856
153,857
153,858
153,859
153,860
153,861
153,862
153,863
153,864
153,865
153,866
153,867
153,868
153,869
153,870
153,871
153,872
153,873
153,874
153,875
153,876
153,877
153,878
153,879
153,880
153,881
153,882
153,883
153,884
153,885
153,886
153,887
153,888
153,889
153,890
153,891
153,892
153,893
153,894
153,895
153,896
153,897
153,898
153,899
153,900
153,901
153,902
153,903
153,904
153,905
153,906
153,907
153,908
153,909
153,910
153,911
153,912
153,913
153,914
153,915
153,916
153,917
153,918
153,919
153,920
153,921
153,922
153,923
153,924
153,925
153,926
153,927
153,928
153,929
153,930
153,931
153,932
153,933
153,934
153,935
153,936
153,937
153,938
153,939
153,940
153,941
153,942
153,943
153,944
153,945
153,946
153,947
153,948
153,949
153,950
153,951
153,952
153,953
153,954
153,955
153,956
153,957
153,958
153,959
153,960
153,961
153,962
153,963
153,964
153,965
153,966
153,967
153,968
153,969
153,970
153,971
153,972
153,973
153,974
153,975
153,976
153,977
153,978
153,979
154,980
154,981
155,981
155,982
156,982
156,983
157,983
158,984
159,984
160,984
161,984
162,984
163,983
164,983
164,982
165,982
165,981
166,981
166,980
167,979
167,978
167,977
167,976
167,975
167,974
167,973
167,972
167,971
167,970
167,969
167,968
167,967
167,966
167,965
167,964
167,963
167,962
167,961
167,960
167,959
167,958
167,957
167,956
167,955
167,954
167,953
167,952
167,951
167,950
167,949
167,948
167,947
167,946
167,945
167,944
167,943
167,942
167,941
167,940
167,939
167,938
167,937
167,936
167,935
167,934
167,933
167,932
167,931
167,930
167,929
167,928
167,927
167,926
167,925
167,924
167,923
167,922
167,921
167,920
167,919
167,918
167,917
167,916
167,915
167,914
167,913
167,912
167,911
167,910
167,909
167,908
167,907
167,906
167,905
167,904
167,903
167,902
167,901
167,900
167,899
167,898
167,897
167,896
167,895
167,894
167,893
167,892
167,891
167,890
167,889
167,888
167,887
167,886
167,885
167,884
167,883
167,882
167,881
167,880
167,879
167,878
167,877
167,876
167,875
167,874
167,873
167,872
167,871
167,870
167,869
167,868
167,867
167,866
167,865
167,864
167,863
167,862
167,861
167,860
167,859
167,858
167,857
167,856
167,855
167,854
167,853
167,852
167,851
167,850
167,849
167,848
167,847
167,846
167,845
167,844
167,843
167,842
167,841
167,840
167,839
167,838
167,837
167,836
167,835
167,834
167,833
167,832
167,831
167,830
167,829
167,828
167,827
167,826
167,825
167,824
167,823
167,822
167,821
167,820
167,819
167,818
167,817
167,816
167,815
167,814
167,813
167,812
167,811
167,810
167,809
167,808
167,807
167,806
167,805
167,804
167,803
167,802
167,801
167,800
167,799
167,798
167,797
167,796
167,795
167,794
167,793
167,792
167,791
167,790
167,789
167,788
167,787
167,786
167,785
167,784
167,783
167,782
167,781
167,780
167,779
167,778
167,777
167,776
167,775
167,774
167,773
167,772
167,771
167,770
167,769
167,768
167,767
167,766
167,765
167,764
167,763
167,762
167,761
167,760
167,759
167,758
167,757
167,756
167,755
167,754
167,753
167,752
167,751
167,750
167,749
167,748
167,747
167,746
167,745
167,744
167,743
167,742
167,741
167,740
167,739
167,738
167,737
167,736
167,735
167,734
167,733
167,732
167,731
167,730
167,729
167,728
167,727
167,726
167,725
167,724
167,723
167,722
167,721
167,720
167,719
167,718
167,717
167,716
167,715
167,714
167,713
167,712
167,711
167,710
167,709
167,708
167,707
167,706
167,705
167,704
167,703
167,702
167,701
167,700
167,699
167,698
167,697
167,696
167,695
167,694
167,693
167,692
167,691
167,690
167,689
167,688
167,687
167,686
167,685
167,684
167,683
167,682
167,681
167,680
167,679
167,678
167,677
167,676
167,675
167,674
167,673
167,672
167,671
167,670
167,669
167,668
167,667
167,666
167,665
167,664
167,663
167,662
167,661
167,660
167,659
167,658
167,657
167,656
167,655
167,654
167,653
167,652
167,651
167,650
167,649
167,648
167,647
167,646
167,645
167,644
167,643
167,642
167,641
167,640
167,639
167,638
167,637
167,636
167,635
167,634
167,633
167,632
167,631
167,630
167,629
167,628
167,627
167,626
167,625
167,624
167,623
167,622
167,621
167,620
167,619
167,618
167,617
167,616
167,615
167,614
167,613
167,612
167,611
167,610
167,609
167,608
167,607
167,606
167,605
167,604
167,603
167,602
167,601
167,600
167,599
167,598
167,597
167,596
167,595
167,594
167,593
167,592
167,591
167,590
167,589
167,588
167,587
167,586
167,585
167,584
167,583
167,582
167,581
167,580
167,579
167,578
167,577
167,576
167,575
167,574
167,573
167,572
167,571
167,570
167,569
167,568
167,567
167,566
167,565
167,564
167,563
167,562
167,561
167,560
167,559
167,558
167,557
167,556
167,555
167,554
167,553
167,552
167,551
167,550
167,549
167,548
167,547
167,546
167,545
167,544
167,543
167,542
167,541
167,540
167,539
167,538
167,537
167,536
167,535
167,534
167,533
167,532
167,531
167,530
167,529
167,528
167,527
167,526
167,525
167,524
167,523
167,522
167,521
167,520
167,519
167,518
167,517
167,516
167,515
167,514
167,513
167,512
167,511
167,510
167,509
167,508
167,507
167,506
167,505
167,504
167,503
167,502
167,501
167,500
167,499
167,498
167,497
167,496
167,495
167,494
167,493
167,492
167,491
167,490
167,489
167,488
167,487
167,486
167,485
167,484
167,483
167,482
167,481
167,480
167,479
167,478
167,477
167,476
167,475
167,474
167,473
167,472
167,471
167,470
167,469
167,468
167,467
167,466
167,465
167,464
167,463
167,462
167,461
167,460
167,459
167,458
167,457
167,456
167,455
167,454
167,453
167,452
167,451
167,450
167,449
167,448
167,447
167,446
167,445
167,444
167,443
167,442
167,441
167,440
167,439
167,438
167,437
167,436
167,435
167,434
167,433
167,432
167,431
167,430
167,429
167,428
167,427
167,426
167,425
167,424
167,423
167,422
167,421
167,420
167,419
167,418
167,417
167,416
167,415
167,414
167,413
167,412
167,411
167,410
167,409
167,408
167,407
167,406
167,405
167,404
167,403
167,402
167,401
167,400
167,399
167,398
167,397
167,396
167,395
167,394
167,393
167,392
167,391
167,390
167,389
167,388
167,387
167,386
167,385
167,384
167,383
167,382
167,381
167,380
167,379
167,378
167,377
167,376
167,375
167,374
167,373
167,372
167,371
167,370
167,369
167,368
167,367
167,366
167,365
167,364
167,363
167,362
167,361
167,360
167,359
167,358
167,357
167,356
167,355
167,354
167,353
167,352
167,351
167,350
167,349
167,348
167,347
167,346
167,345
167,344
167,343
167,342
167,341
167,340
167,339
167,338
167,337
167,336
167,335
167,334
167,333
167,332
167,331
167,330
167,329
167,328
167,327
167,326
167,325
167,324
167,323
167,322
167,321
167,320
167,319
167,318
167,317
167,316
167,315
167,314
167,313
167,312
167,311
167,310
167,309
167,308
167,307
167,306
167,305
167,304
167,303
167,302
167,301
167,300
167,299
167,298
167,297
167,296
167,295
167,294
167,293
167,292
167,291
167,290
167,289
167,288
167,287
167,286
167,285
167,284
167,283
167,282
167,281
167,280
167,279
167,278
167,277
167,276
167,275
167,274
167,273
167,272
167,271
167,270
167,269
167,268
167,267
167,266
167,265
167,264
167,263
167,262
167,261
167,260
167,259
167,258
167,257
167,256
167,255
167,254
167,253
167,252
167,251
167,250
167,249
167,248
167,247
167,246
167,245
167,244
167,243
167,242
167,241
167,240
167,239
167,238
167,237
167,236
167,235
167,234
167,233
167,232
167,231
167,230
167,229
167,228
167,227
167,226
167,225
167,224
167,223
167,222
167,221
167,220
167,219
167,218
167,217
167,216
167,215
167,214
167,213
167,212
167,211
167,210
167,209
167,208
167,207
167,206
167,205
167,204
167,203
167,202
167,201
167,200
167,199
167,198
167,197
167,196
167,195
167,194
167,193
167,192
167,191
167,190
167,189
167,188
167,187
167,186
167,185
167,184
167,183
167,182
167,181
167,180
167,179
167,178
167,177
167,176
167,175
167,174
167,173
167,172
167,171
167,170
167,169
167,168
167,167
167,166
167,165
167,164
167,163
167,162
167,161
167,160
167,159
167,158
167,157
167,156
167,155
167,154
167,153
167,152
167,151
167,150
167,149
167,148
167,147
167,146
167,145
167,144
167,143
167,142
167,141
167,140
167,139
167,138
167,137
167,136
167,135
167,134
167,133
167,132
167,131
167,130
167,129
167,128
167,127
167,126
167,125
167,124
167,123
167,122
167,121
167,120
167,119
167,118
167,117
167,116
167,115
167,114
167,113
167,112
167,111
167,110
167,109
167,108
167,107
167,106
167,105
167,104
167,103
167,102
167,101
167,100
167,99
167,98
167,97
167,96
167,95
167,94
167,93
167,92
167,91
167,90
167,89
167,88
167,87
167,86
167,85
167,84
167,83
167,82
167,81
167,80
167,79
167,78
167,77
167,76
167,75
167,74
167,73
167,72
167,71
167,70
167,69
167,68
167,67
167,66
167,65
167,64
167,63
167,62
167,61
167,60
167,59
167,58
167,57
167,56
167,55
167,54
167,53
167,52
167,51
167,50
167,49
167,48
167,47
167,46
167,45
168,44
168,43
169,43
169,42
170,42
170,41
171,41
172,40
173,40
174,40
175,40
176,40
177,40
178,41
179,41
179,42
180,42
180,43
181,43
181,44
182,45
182,46
182,47
182,48
182,49
182,50
182,51
182,52
182,53
182,54
182,55
182,56
182,57
182,58
182,59
182,60
182,61
182,62
182,63
182,64
182,65
182,66
182,67
182,68
182,69
182,70
182,71
182,72
182,73
182,74
182,75
182,76
182,77
182,78
182,79
182,80
182,81
182,82
182,83
182,84
182,85
182,86
182,87
182,88
182,89
182,90
182,91
182,92
182,93
182,94
182,95
182,96
182,97
182,98
182,99
182,100
182,101
182,102
182,103
182,104
182,105
182,106
182,107
182,108
182,109
182,110
182,111
182,112
182,113
182,114
182,115
182,116
182,117
182,118
182,119
182,120
182,121
182,122
182,123
182,124
182,125
182,126
182,127
182,128
182,129
182,130
182,131
182,132
182,133
182,134
182,135
182,136
182,137
182,138
182,139
182,140
182,141
182,142
182,143
182,144
182,145
182,146
182,147
182,148
182,149
182,150
182,151
182,152
182,153
182,154
182,155
182,156
182,157
182,158
182,159
182,160
182,161
182,162
182,163
182,164
182,165
182,166
182,167
182,168
182,169
182,170
182,171
182,172
182,173
182,174
182,175
182,176
182,177
182,178
182,179
182,180
182,181
182,182
182,183
182,184
182,185
182,186
182,187
182,188
182,189
182,190
182,191
182,192
182,193
182,194
182,195
182,196
182,197
182,198
182,199
182,200
182,201
182,202
182,203
182,204
182,205
182,206
182,207
182,208
182,209
182,210
182,211
182,212
182,213
182,214
182,215
182,216
182,217
182,218
182,219
182,220
182,221
182,222
182,223
182,224
182,225
182,226
182,227
182,228
182,229
182,230
182,231
182,232
182,233
182,234
182,235
182,236
182,237
182,238
182,239
182,240
182,241
182,242
182,243
182,244
182,245
182,246
182,247
182,248
182,249
182,250
182,251
182,252
182,253
182,254
182,255
182,256
182,257
182,258
182,259
182,260
182,261
182,262
182,263
182,264
182,265
182,266
182,267
182,268
182,269
182,270
182,271
182,272
182,273
182,274
182,275
182,276
182,277
182,278
182,279
182,280
182,281
182,282
182,283
182,284
182,285
182,286
182,287
182,288
182,289
182,290
182,291
182,292
182,293
182,294
182,295
182,296
182,297
182,298
182,299
182,300
182,301
182,302
182,303
182,304
182,305
182,306
182,307
182,308
182,309
182,310
182,311
182,312
182,313
182,314
182,315
182,316
182,317
182,318
182,319
182,320
182,321
182,322
182,323
182,324
182,325
182,326
182,327
182,328
182,329
182,330
182,331
182,332
182,333
182,334
182,335
182,336
182,337
182,338
182,339
182,340
182,341
182,342
182,343
182,344
182,345
182,346
182,347
182,348
182,349
182,350
182,351
182,352
182,353
182,354
182,355
182,356
182,357
182,358
182,359
182,360
182,361
182,362
182,363
182,364
182,365
182,366
182,367
182,368
182,369
182,370
182,371
182,372
182,373
182,374
182,375
182,376
182,377
182,378
182,379
182,380
182,381
182,382
182,383
182,384
182,385
182,386
182,387
182,388
182,389
182,390
182,391
182,392
182,393
182,394
182,395
182,396
182,397
182,398
182,399
182,400
182,401
182,402
182,403
182,404
182,405
182,406
182,407
182,408
182,409
182,410
182,411
182,412
182,413
182,414
182,415
182,416
182,417
182,418
182,419
182,420
182,421
182,422
182,423
182,424
182,425
182,426
182,427
182,428
182,429
182,430
182,431
182,432
182,433
182,434
182,435
182,436
182,437
182,438
182,439
182,440
182,441
182,442
182,443
182,444
182,445
182,446
182,447
182,448
182,449
182,450
182,451
182,452
182,453
182,454
182,455
182,456
182,457
182,458
182,459
182,460
182,461
182,462
182,463
182,464
182,465
182,466
182,467
182,468
182,469
182,470
182,471
182,472
182,473
182,474
182,475
182,476
182,477
182,478
182,479
182,480
182,481
182,482
182,483
182,484
182,485
182,486
182,487
182,488
182,489
182,490
182,491
182,492
182,493
182,494
182,495
182,496
182,497
182,498
182,499
182,500
182,501
182,502
182,503
182,504
182,505
182,506
182,507
182,508
182,509
182,510
182,511
182,512
182,513
182,514
182,515
182,516
182,517
182,518
182,519
182,520
182,521
182,522
182,523
182,524
182,525
182,526
182,527
182,528
182,529
182,530
182,531
182,532
182,533
182,534
182,535
182,536
182,537
182,538
182,539
182,540
182,541
182,542
182,543
182,544
182,545
182,546
182,547
182,548
182,549
182,550
182,551
182,552
182,553
182,554
182,555
182,556
182,557
182,558
182,559
182,560
182,561
182,562
182,563
182,564
182,565
182,566
182,567
182,568
182,569
182,570
182,571
182,572
182,573
182,574
182,575
182,576
182,577
182,578
182,579
182,580
182,581
182,582
182,583
182,584
182,585
182,586
182,587
182,588
182,589
182,590
182,591
182,592
182,593
182,594
182,595
182,596
182,597
182,598
182,599
182,600
182,601
182,602
182,603
182,604
182,605
182,606
182,607
182,608
182,609
182,610
182,611
182,612
182,613
182,614
182,615
182,616
182,617
182,618
182,619
182,620
182,621
182,622
182,623
182,624
182,625
182,626
182,627
182,628
182,629
182,630
182,631
182,632
182,633
182,634
182,635
182,636
182,637
182,638
182,639
182,640
182,641
182,642
182,643
182,644
182,645
182,646
182,647
182,648
182,649
182,650
182,651
182,652
182,653
182,654
182,655
182,656
182,657
182,658
182,659
182,660
182,661
182,662
182,663
182,664
182,665
182,666
182,667
182,668
182,669
182,670
182,671
182,672
182,673
182,674
182,675
182,676
182,677
182,678
182,679
182,680
182,681
182,682
182,683
182,684
182,685
182,686
182,687
182,688
182,689
182,690
182,691
182,692
182,693
182,694
182,695
182,696
182,697
182,698
182,699
182,700
182,701
182,702
182,703
182,704
182,705
182,706
182,707
182,708
182,709
182,710
182,711
182,712
182,713
182,714
182,715
182,716
182,717
182,718
182,719
182,720
182,721
182,722
182,723
182,724
182,725
182,726
182,727
182,728
182,729
182,730
182,731
182,732
182,733
182,734
182,735
182,736
182,737
182,738
182,739
182,740
182,741
182,742
182,743
182,744
182,745
182,746
182,747
182,748
182,749
182,750
182,751
182,752
182,753
182,754
182,755
182,756
182,757
182,758
182,759
182,760
182,761
182,762
182,763
182,764
182,765
182,766
182,767
182,768
182,769
182,770
182,771
182,772
182,773
182,774
182,775
182,776
182,777
182,778
182,779
182,780
182,781
182,782
182,783
182,784
182,785
182,786
182,787
182,788
182,789
182,790
182,791
182,792
182,793
182,794
182,795
182,796
182,797
182,798
182,799
182,800
182,801
182,802
182,803
182,804
182,805
182,806
182,807
182,808
182,809
182,810
182,811
182,812
182,813
182,814
182,815
182,816
182,817
182,818
182,819
182,820
182,821
182,822
182,823
182,824
182,825
182,826
182,827
182,828
182,829
182,830
182,831
182,832
182,833
182,834
182,835
182,836
182,837
182,838
182,839
182,840
182,841
182,842
182,843
182,844
182,845
182,846
182,847
182,848
182,849
182,850
182,851
182,852
182,853
182,854
182,855
182,856
182,857
182,858
182,859
182,860
182,861
182,862
182,863
182,864
182,865
182,866
182,867
182,868
182,869
182,870
182,871
182,872
182,873
182,874
182,875
182,876
182,877
182,878
182,879
182,880
182,881
182,882
182,883
182,884
182,885
182,886
182,887
182,888
182,889
182,890
182,891
182,892
182,893
182,894
182,895
182,896
182,897
182,898
182,899
182,900
182,901
182,902
182,903
182,904
182,905
182,906
182,907
182,908
182,909
182,910
182,911
182,912
182,913
182,914
182,915
182,916
182,917
182,918
182,919
182,920
182,921
182,922
182,923
182,924
182,925
182,926
182,927
182,928
182,929
182,930
182,931
182,932
182,933
182,934
182,935
182,936
182,937
182,938
182,939
182,940
182,941
182,942
182,943
182,944
182,945
182,946
182,947
182,948
182,949
182,950
182,951
182,952
182,953
182,954
182,955
182,956
182,957
182,958
182,959
182,960
182,961
182,962
182,963
182,964
182,965
182,966
182,967
182,968
182,969
182,970
182,971
182,972
182,973
182,974
182,975
182,976
182,977
182,978
182,979
183,980
183,981
184,981
184,982
185,982
185,983
186,983
187,984
188,984
189,984
190,984
191,984
192,984
193,983
194,983
194,982
195,982
195,981
196,981
196,980
197,979
197,978
197,977
197,976
197,975
197,974
197,973
197,972
197,971
197,970
197,969
197,968
197,967
197,966
197,965
197,964
197,963
197,962
197,961
197,960
197,959
197,958
197,957
197,956
197,955
197,954
197,953
197,952
197,951
197,950
197,949
197,948
197,947
197,946
197,945
197,944
197,943
197,942
197,941
197,940
197,939
197,938
197,937
197,936
197,935
197,934
197,933
197,932
197,931
197,930
197,929
197,928
197,927
197,926
197,925
197,924
197,923
197,922
197,921
197,920
197,919
197,918
197,917
197,916
197,915
197,914
197,913
197,912
197,911
197,910
197,909
197,908
197,907
197,906
197,905
197,904
197,903
197,902
197,901
197,900
197,899
197,898
197,897
197,896
197,895
197,894
197,893
197,892
197,891
197,890
197,889
197,888
197,887
197,886
197,885
197,884
197,883
197,882
197,881
197,880
197,879
197,878
197,877
197,876
197,875
197,874
197,873
197,872
197,871
197,870
197,869
197,868
197,867
197,866
197,865
197,864
197,863
197,862
197,861
197,860
197,859
197,858
197,857
197,856
197,855
197,854
197,853
197,852
197,851
197,850
197,849
197,848
197,847
197,846
197,845
197,844
197,843
197,842
197,841
197,840
197,839
197,838
197,837
197,836
197,835
197,834
197,833
197,832
197,831
197,830
197,829
197,828
197,827
197,826
197,825
197,824
197,823
197,822
197,821
197,820
197,819
197,818
197,817
197,816
197,815
197,814
197,813
197,812
197,811
197,810
197,809
197,808
197,807
197,806
197,805
197,804
197,803
197,802
197,801
197,800
197,799
197,798
197,797
197,796
197,795
197,794
197,793
197,792
197,791
197,790
197,789
197,788
197,787
197,786
197,785
197,784
197,783
197,782
197,781
197,780
197,779
197,778
197,777
197,776
197,775
197,774
197,773
197,772
197,771
197,770
197,769
197,768
197,767
197,766
197,765
197,764
197,763
197,762
197,761
197,760
197,759
197,758
197,757
197,756
197,755
197,754
197,753
197,752
197,751
197,750
197,749
197,748
197,747
197,746
197,745
197,744
197,743
197,742
197,741
197,740
197,739
197,738
197,737
197,736
197,735
197,734
197,733
197,732
197,731
197,730
197,729
197,728
197,727
197,726
197,725
197,724
197,723
197,722
197,721
197,720
197,719
197,718
197,717
197,716
197,715
197,714
197,713
197,712
197,711
197,710
197,709
197,708
197,707
197,706
197,705
197,704
197,703
197,702
197,701
197,700
197,699
197,698
197,697
197,696
197,695
197,694
197,693
197,692
197,691
197,690
197,689
197,688
197,687
197,686
197,685
197,684
197,683
197,682
197,681
197,680
197,679
197,678
197,677
197,676
197,675
197,674
197,673
197,672
197,671
197,670
197,669
197,668
197,667
197,666
197,665
197,664
197,663
197,662
197,661
197,660
197,659
197,658
197,657
197,656
197,655
197,654
197,653
197,652
197,651
197,650
197,649
197,648
197,647
197,646
197,645
197,644
197,643
197,642
197,641
197,640
197,639
197,638
197,637
197,636
197,635
197,634
197,633
197,632
197,631
197,630
197,629
197,628
197,627
197,626
197,625
197,624
197,623
197,622
197,621
197,620
197,619
197,618
197,617
197,616
197,615
197,614
197,613
197,612
197,611
197,610
197,609
197,608
197,607
197,606
197,605
197,604
197,603
197,602
197,601
197,600
197,599
197,598
197,597
197,596
197,595
197,594
197,593
197,592
197,591
197,590
197,589
197,588
197,587
197,586
197,585
197,584
197,583
197,582
197,581
197,580
197,579
197,578
197,577
197,576
197,575
197,574
197,573
197,572
197,571
197,570
197,569
197,568
197,567
197,566
197,565
197,564
197,563
197,562
197,561
197,560
197,559
197,558
197,557
197,556
197,555
197,554
197,553
197,552
197,551
197,550
197,549
197,548
197,547
197,546
197,545
197,544
197,543
197,542
197,541
197,540
197,539
197,538
197,537
197,536
197,535
197,534
197,533
197,532
197,531
197,530
197,529
197,528
197,527
197,526
197,525
197,524
197,523
197,522
197,521
197,520
197,519
197,518
197,517
197,516
197,515
197,514
197,513
197,512
197,511
197,510
197,509
197,508
197,507
197,506
197,505
197,504
197,503
197,502
197,501
197,500
197,499
197,498
197,497
197,496
197,495
197,494
197,493
197,492
197,491
197,490
197,489
197,488
197,487
197,486
197,485
197,484
197,483
197,482
197,481
197,480
197,479
197,478
197,477
197,476
197,475
197,474
197,473
197,472
197,471
197,470
197,469
197,468
197,467
197,466
197,465
197,464
197,463
197,462
197,461
197,460
197,459
197,458
197,457
197,456
197,455
197,454
197,453
197,452
197,451
197,450
197,449
197,448
197,447
197,446
197,445
197,444
197,443
197,442
197,441
197,440
197,439
197,438
197,437
197,436
197,435
197,434
197,433
197,432
197,431
197,430
197,429
197,428
197,427
197,426
197,425
197,424
197,423
197,422
197,421
197,420
197,419
197,418
197,417
197,416
197,415
197,414
197,413
197,412
197,411
197,410
197,409
197,408
197,407
197,406
197,405
197,404
197,403
197,402
197,401
197,400
197,399
197,398
197,397
197,396
197,395
197,394
197,393
197,392
197,391
197,390
197,389
197,388
197,387
197,386
197,385
197,384
197,383
197,382
197,381
197,380
197,379
197,378
197,377
197,376
197,375
197,374
197,373
197,372
197,371
197,370
197,369
197,368
197,367
197,366
197,365
197,364
197,363
197,362
197,361
197,360
197,359
197,358
197,357
197,356
197,355
197,354
197,353
197,352
197,351
197,350
197,349
197,348
197,347
197,346
197,345
197,344
197,343
197,342
197,341
197,340
197,339
197,338
197,337
197,336
197,335
197,334
197,333
197,332
197,331
197,330
197,329
197,328
197,327
197,326
197,325
197,324
197,323
197,322
197,321
197,320
197,319
197,318
197,317
197,316
197,315
197,314
197,313
197,312
197,311
197,310
197,309
197,308
197,307
197,306
197,305
197,304
197,303
197,302
197,301
197,300
197,299
197,298
197,297
197,296
197,295
197,294
197,293
197,292
197,291
197,290
197,289
197,288
197,287
197,286
197,285
197,284
197,283
197,282
197,281
197,280
197,279
197,278
197,277
197,276
197,275
197,274
197,273
197,272
197,271
197,270
197,269
197,268
197,267
197,266
197,265
197,264
197,263
197,262
197,261
197,260
197,259
197,258
197,257
197,256
197,255
197,254
197,253
197,252
197,251
197,250
197,249
197,248
197,247
197,246
197,245
197,244
197,243
197,242
197,241
197,240
197,239
197,238
197,237
197,236
197,235
197,234
197,233
197,232
197,231
197,230
197,229
197,228
197,227
197,226
197,225
197,224
197,223
197,222
197,221
197,220
197,219
197,218
197,217
197,216
197,215
197,214
197,213
197,212
197,211
197,210
197,209
197,208
197,207
197,206
197,205
197,204
197,203
197,202
197,201
197,200
197,199
197,198
197,197
197,196
197,195
197,194
197,193
197,192
197,191
197,190
197,189
197,188
197,187
197,186
197,185
197,184
197,183
197,182
197,181
197,180
197,179
197,178
197,177
197,176
197,175
197,174
197,173
197,172
197,171
197,170
197,169
197,168
197,167
197,166
197,165
197,164
197,163
197,162
197,161
197,160
197,159
197,158
197,157
197,156
197,155
197,154
197,153
197,152
197,151
197,150
197,149
197,148
197,147
197,146
197,145
197,144
197,143
197,142
197,141
197,140
197,139
197,138
197,137
197,136
197,135
197,134
197,133
197,132
197,131
197,130
197,129
197,128
197,127
197,126
197,125
197,124
197,123
197,122
197,121
197,120
197,119
197,118
197,117
197,116
197,115
197,114
197,113
197,112
197,111
197,110
197,109
197,108
197,107
197,106
197,105
197,104
197,103
197,102
197,101
197,100
197,99
197,98
197,97
197,96
197,95
197,94
197,93
197,92
197,91
197,90
197,89
197,88
197,87
197,86
197,85
197,84
197,83
197,82
197,81
197,80
197,79
197,78
197,77
197,76
197,75
197,74
197,73
197,72
197,71
197,70
197,69
197,68
197,67
197,66
197,65
197,64
197,63
197,62
197,61
197,60
197,59
197,58
197,57
197,56
197,55
197,54
197,53
197,52
197,51
197,50
197,49
197,48
197,47
197,46
197,45
198,44
198,43
199,43
199,42
200,42
200,41
201,41
202,40
203,40
204,40
205,40
206,40
207,41
208,41
208,42
209,42
209,43
210,43
210,44
211,45
211,46
211,47
211,48
211,49
211,50
211,51
211,52
211,53
211,54
211,55
211,56
211,57
211,58
211,59
211,60
211,61
211,62
211,63
211,64
211,65
211,66
211,67
211,68
211,69
211,70
211,71
211,72
211,73
211,74
211,75
211,76
211,77
211,78
211,79
211,80
211,81
211,82
211,83
211,84
211,85
211,86
211,87
211,88
211,89
211,90
211,91
211,92
211,93
211,94
211,95
211,96
211,97
211,98
211,99
211,100
211,101
211,102
211,103
211,104
211,105
211,106
211,107
211,108
211,109
211,110
211,111
211,112
211,113
211,114
211,115
211,116
211,117
211,118
211,119
211,120
211,121
211,122
211,123
211,124
211,125
211,126
211,127
211,128
211,129
211,130
211,131
211,132
211,133
211,134
211,135
211,136
211,137
211,138
211,139
211,140
211,141
211,142
211,143
211,144
211,145
211,146
211,147
211,148
211,149
211,150
211,151
211,152
211,153
211,154
211,155
211,156
211,157
211,158
211,159
211,160
211,161
211,162
211,163
211,164
211,165
211,166
211,167
211,168
211,169
211,170
211,171
211,172
211,173
211,174
211,175
211,176
211,177
211,178
211,179
211,180
211,181
211,182
211,183
211,184
211,185
211,186
211,187
211,188
211,189
211,190
211,191
211,192
211,193
211,194
211,195
211,196
211,197
211,198
211,199
211,200
211,201
211,202
211,203
211,204
211,205
211,206
211,207
211,208
211,209
211,210
211,211
211,212
211,213
211,214
211,215
211,216
211,217
211,218
211,219
211,220
211,221
211,222
211,223
211,224
211,225
211,226
211,227
211,228
211,229
211,230
211,231
211,232
211,233
211,234
211,235
211,236
211,237
211,238
211,239
211,240
211,241
211,242
211,243
211,244
211,245
211,246
211,247
211,248
211,249
211,250
211,251
211,252
211,253
211,254
211,255
211,256
211,257
211,258
211,259
211,260
211,261
211,262
211,263
211,264
211,265
211,266
211,267
211,268
211,269
211,270
211,271
211,272
211,273
211,274
211,275
211,276
211,277
211,278
211,279
211,280
211,281
211,282
211,283
211,284
211,285
211,286
211,287
211,288
211,289
211,290
211,291
211,292
211,293
211,294
211,295
211,296
211,297
211,298
211,299
211,300
211,301
211,302
211,303
211,304
211,305
211,306
211,307
211,308
211,309
211,310
211,311
211,312
211,313
211,314
211,315
211,316
211,317
211,318
211,319
211,320
211,321
211,322
211,323
211,324
211,325
211,326
211,327
211,328
211,329
211,330
211,331
211,332
211,333
211,334
211,335
211,336
211,337
211,338
211,339
211,340
211,341
211,342
211,343
211,344
211,345
211,346
211,347
211,348
211,349
211,350
211,351
211,352
211,353
211,354
211,355
211,356
211,357
211,358
211,359
211,360
211,361
211,362
211,363
211,364
211,365
211,366
211,367
211,368
211,369
211,370
211,371
211,372
211,373
211,374
211,375
211,376
211,377
211,378
211,379
211,380
211,381
211,382
211,383
211,384
211,385
211,386
211,387
211,388
211,389
211,390
211,391
211,392
211,393
211,394
211,395
211,396
211,397
211,398
211,399
211,400
211,401
211,402
211,403
211,404
211,405
211,406
211,407
211,408
211,409
211,410
211,411
211,412
211,413
211,414
211,415
211,416
211,417
211,418
211,419
211,420
211,421
211,422
211,423
211,424
211,425
211,426
211,427
211,428
211,429
211,430
211,431
211,432
211,433
211,434
211,435
211,436
211,437
211,438
211,439
211,440
211,441
211,442
211,443
211,444
211,445
211,446
211,447
211,448
211,449
211,450
211,451
211,452
211,453
211,454
211,455
211,456
211,457
211,458
211,459
211,460
211,461
211,462
211,463
211,464
211,465
211,466
211,467
211,468
211,469
211,470
211,471
211,472
211,473
211,474
211,475
211,476
211,477
211,478
211,479
211,480
211,481
211,482
211,483
211,484
211,485
211,486
211,487
211,488
211,489
211,490
211,491
211,492
211,493
211,494
211,495
211,496
211,497
211,498
211,499
211,500
211,501
211,502
211,503
211,504
211,505
211,506
211,507
211,508
211,509
211,510
211,511
211,512
211,513
211,514
211,515
211,516
211,517
211,518
211,519
211,520
211,521
211,522
211,523
211,524
211,525
211,526
211,527
211,528
211,529
211,530
211,531
211,532
211,533
211,534
211,535
211,536
211,537
211,538
211,539
211,540
211,541
211,542
211,543
211,544
211,545
211,546
211,547
211,548
211,549
211,550
211,551
211,552
211,553
211,554
211,555
211,556
211,557
211,558
211,559
211,560
211,561
211,562
211,563
211,564
211,565
211,566
211,567
211,568
211,569
211,570
211,571
211,572
211,573
211,574
211,575
211,576
211,577
211,578
211,579
211,580
211,581
211,582
211,583
211,584
211,585
211,586
211,587
211,588
211,589
211,590
211,591
211,592
211,593
211,594
211,595
211,596
211,597
211,598
211,599
211,600
211,601
211,602
211,603
211,604
211,605
211,606
211,607
211,608
211,609
211,610
211,611
211,612
211,613
211,614
211,615
211,616
211,617
211,618
211,619
211,620
211,621
211,622
211,623
211,624
211,625
211,626
211,627
211,628
211,629
211,630
211,631
211,632
211,633
211,634
211,635
211,636
211,637
211,638
211,639
211,640
211,641
211,642
211,643
211,644
211,645
211,646
211,647
211,648
211,649
211,650
211,651
211,652
211,653
211,654
211,655
211,656
211,657
211,658
211,659
211,660
211,661
211,662
211,663
211,664
211,665
211,666
211,667
211,668
211,669
211,670
211,671
211,672
211,673
211,674
211,675
211,676
211,677
211,678
211,679
211,680
211,681
211,682
211,683
211,684
211,685
211,686
211,687
211,688
211,689
211,690
211,691
211,692
211,693
211,694
211,695
211,696
211,697
211,698
211,699
211,700
211,701
211,702
211,703
211,704
211,705
211,706
211,707
211,708
211,709
211,710
211,711
211,712
211,713
211,714
211,715
211,716
211,717
211,718
211,719
211,720
211,721
211,722
211,723
211,724
211,725
211,726
211,727
211,728
211,729
211,730
211,731
211,732
211,733
211,734
211,735
211,736
211,737
211,738
211,739
211,740
211,741
211,742
211,743
211,744
211,745
211,746
211,747
211,748
211,749
211,750
211,751
211,752
211,753
211,754
211,755
211,756
211,757
211,758
211,759
211,760
211,761
211,762
211,763
211,764
211,765
211,766
211,767
211,768
211,769
211,770
211,771
211,772
211,773
211,774
211,775
211,776
211,777
211,778
211,779
211,780
211,781
211,782
211,783
211,784
211,785
211,786
211,787
211,788
211,789
211,790
211,791
211,792
211,793
211,794
211,795
211,796
211,797
211,798
211,799
211,800
211,801
211,802
211,803
211,804
211,805
211,806
211,807
211,808
211,809
211,810
211,811
211,812
211,813
211,814
211,815
211,816
211,817
211,818
211,819
211,820
211,821
211,822
211,823
211,824
211,825
211,826
211,827
211,828
211,829
211,830
211,831
211,832
211,833
211,834
211,835
211,836
211,837
211,838
211,839
211,840
211,841
211,842
211,843
211,844
211,845
211,846
211,847
211,848
211,849
211,850
211,851
211,852
211,853
211,854
211,855
211,856
211,857
211,858
211,859
211,860
211,861
211,862
211,863
211,864
211,865
211,866
211,867
211,868
211,869
211,870
211,871
211,872
211,873
211,874
211,875
211,876
211,877
211,878
211,879
211,880
211,881
211,882
211,883
211,884
211,885
211,886
211,887
211,888
211,889
211,890
211,891
211,892
211,893
211,894
211,895
211,896
211,897
211,898
211,899
211,900
211,901
211,902
211,903
211,904
211,905
211,906
211,907
211,908
211,909
211,910
211,911
211,912
211,913
211,914
211,915
211,916
211,917
211,918
211,919
211,920
211,921
211,922
211,923
211,924
211,925
211,926
211,927
211,928
211,929
211,930
211,931
211,932
211,933
211,934
211,935
211,936
211,937
211,938
211,939
211,940
211,941
211,942
211,943
211,944
211,945
211,946
211,947
211,948
211,949
211,950
211,951
211,952
211,953
211,954
211,955
211,956
211,957
211,958
211,959
211,960
211,961
211,962
211,963
211,964
211,965
211,966
211,967
211,968
211,969
211,970
211,971
211,972
211,973
211,974
211,975
211,976
211,977
211,978
211,979
212,980
212,981
213,981
213,982
214,982
214,983
215,983
216,984
217,984
218,984
219,984
220,984
221,984
222,983
223,983
223,982
224,982
224,981
225,981
225,980
226,979
226,978
226,977
226,976
226,975
226,974
226,973
226,972
226,971
226,970
226,969
226,968
226,967
226,966
226,965
226,964
226,963
226,962
226,961
226,960
226,959
226,958
226,957
226,956
226,955
226,954
226,953
226,952
226,951
226,950
226,949
226,948
226,947
226,946
226,945
226,944
226,943
226,942
226,941
226,940
226,939
226,938
226,937
226,936
226,935
226,934
226,933
226,932
226,931
226,930
226,929
226,928
226,927
226,926
226,925
226,924
226,923
226,922
226,921
226,920
226,919
226,918
226,917
226,916
226,915
226,914
226,913
226,912
226,911
226,910
226,909
226,908
226,907
226,906
226,905
226,904
226,903
226,902
226,901
226,900
226,899
226,898
226,897
226,896
226,895
226,894
226,893
226,892
226,891
226,890
226,889
226,888
226,887
226,886
226,885
226,884
226,883
226,882
226,881
226,880
226,879
226,878
226,877
226,876
226,875
226,874
226,873
226,872
226,871
226,870
226,869
226,868
226,867
226,866
226,865
226,864
226,863
226,862
226,861
226,860
226,859
226,858
226,857
226,856
226,855
226,854
226,853
226,852
226,851
226,850
226,849
226,848
226,847
226,846
226,845
226,844
226,843
226,842
226,841
226,840
226,839
226,838
226,837
226,836
226,835
226,834
226,833
226,832
226,831
226,830
226,829
226,828
226,827
226,826
226,825
226,824
226,823
226,822
226,821
226,820
226,819
226,818
226,817
226,816
226,815
226,814
226,813
226,812
226,811
226,810
226,809
226,808
226,807
226,806
226,805
226,804
226,803
226,802
226,801
226,800
226,799
226,798
226,797
226,796
226,795
226,794
226,793
226,792
226,791
226,790
226,789
226,788
226,787
226,786
226,785
226,784
226,783
226,782
226,781
226,780
226,779
226,778
226,777
226,776
226,775
226,774
226,773
226,772
226,771
226,770
226,769
226,768
226,767
226,766
226,765
226,764
226,763
226,762
226,761
226,760
226,759
226,758
226,757
226,756
226,755
226,754
226,753
226,752
226,751
226,750
226,749
226,748
226,747
226,746
226,745
226,744
226,743
226,742
226,741
226,740
226,739
226,738
226,737
226,736
226,735
226,734
226,733
226,732
226,731
226,730
226,729
226,728
226,727
226,726
226,725
226,724
226,723
226,722
226,721
226,720
226,719
226,718
226,717
226,716
226,715
226,714
226,713
226,712
226,711
226,710
226,709
226,708
226,707
226,706
226,705
226,704
226,703
226,702
226,701
226,700
226,699
226,698
226,697
226,696
226,695
226,694
226,693
226,692
226,691
226,690
226,689
226,688
226,687
226,686
226,685
226,684
226,683
226,682
226,681
226,680
226,679
226,678
226,677
226,676
226,675
226,674
226,673
226,672
226,671
226,670
226,669
226,668
226,667
226,666
226,665
226,664
226,663
226,662
226,661
226,660
226,659
226,658
226,657
226,656
226,655
226,654
226,653
226,652
226,651
226,650
226,649
226,648
226,647
226,646
226,645
226,644
226,643
226,642
226,641
226,640
226,639
226,638
226,637
226,636
226,635
226,634
226,633
226,632
226,631
226,630
226,629
226,628
226,627
226,626
226,625
226,624
226,623
226,622
226,621
226,620
226,619
226,618
226,617
226,616
226,615
226,614
226,613
226,612
226,611
226,610
226,609
226,608
226,607
226,606
226,605
226,604
226,603
226,602
226,601
226,600
226,599
226,598
226,597
226,596
226,595
226,594
226,593
226,592
226,591
226,590
226,589
226,588
226,587
226,586
226,585
226,584
226,583
226,582
226,581
226,580
226,579
226,578
226,577
226,576
226,575
226,574
226,573
226,572
226,571
226,570
226,569
226,568
226,567
226,566
226,565
226,564
226,563
226,562
226,561
226,560
226,559
226,558
226,557
226,556
226,555
226,554
226,553
226,552
226,551
226,550
226,549
226,548
226,547
226,546
226,545
226,544
226,543
226,542
226,541
226,540
226,539
226,538
226,537
226,536
226,535
226,534
226,533
226,532
226,531
226,530
226,529
226,528
226,527
226,526
226,525
226,524
226,523
226,522
226,521
226,520
226,519
226,518
226,517
226,516
226,515
226,514
226,513
226,512
226,511
226,510
226,509
226,508
226,507
226,506
226,505
226,504
226,503
226,502
226,501
226,500
226,499
226,498
226,497
226,496
226,495
226,494
226,493
226,492
226,491
226,490
226,489
226,488
226,487
226,486
226,485
226,484
226,483
226,482
226,481
226,480
226,479
226,478
226,477
226,476
226,475
226,474
226,473
226,472
226,471
226,470
226,469
226,468
226,467
226,466
226,465
226,464
226,463
226,462
226,461
226,460
226,459
226,458
226,457
226,456
226,455
226,454
226,453
226,452
226,451
226,450
226,449
226,448
226,447
226,446
226,445
226,444
226,443
226,442
226,441
226,440
226,439
226,438
226,437
226,436
226,435
226,434
226,433
226,432
226,431
226,430
226,429
226,428
226,427
226,426
226,425
226,424
226,423
226,422
226,421
226,420
226,419
226,418
226,417
226,416
226,415
226,414
226,413
226,412
226,411
226,410
226,409
226,408
226,407
226,406
226,405
226,404
226,403
226,402
226,401
226,400
226,399
226,398
226,397
226,396
226,395
226,394
226,393
226,392
226,391
226,390
226,389
226,388
226,387
226,386
226,385
226,384
226,383
226,382
226,381
226,380
226,379
226,378
226,377
226,376
226,375
226,374
226,373
226,372
226,371
226,370
226,369
226,368
226,367
226,366
226,365
226,364
226,363
226,362
226,361
226,360
226,359
226,358
226,357
226,356
226,355
226,354
226,353
226,352
226,351
226,350
226,349
226,348
226,347
226,346
226,345
226,344
226,343
226,342
226,341
226,340
226,339
226,338
226,337
226,336
226,335
226,334
226,333
226,332
226,331
226,330
226,329
226,328
226,327
226,326
226,325
226,324
226,323
226,322
226,321
226,320
226,319
226,318
226,317
226,316
226,315
226,314
226,313
226,312
226,311
226,310
226,309
226,308
226,307
226,306
226,305
226,304
226,303
226,302
226,301
226,300
226,299
226,298
226,297
226,296
226,295
226,294
226,293
226,292
226,291
226,290
226,289
226,288
226,287
226,286
226,285
226,284
226,283
226,282
226,281
226,280
226,279
226,278
226,277
226,276
226,275
226,274
226,273
226,272
226,271
226,270
226,269
226,268
226,267
226,266
226,265
226,264
226,263
226,262
226,261
226,260
226,259
226,258
226,257
226,256
226,255
226,254
226,253
226,252
226,251
226,250
226,249
226,248
226,247
226,246
226,245
226,244
226,243
226,242
226,241
226,240
226,239
226,238
226,237
226,236
226,235
226,234
226,233
226,232
226,231
226,230
226,229
226,228
226,227
226,226
226,225
226,224
226,223
226,222
226,221
226,220
226,219
226,218
226,217
226,216
226,215
226,214
226,213
226,212
226,211
226,210
226,209
226,208
226,207
226,206
226,205
226,204
226,203
226,202
226,201
226,200
226,199
226,198
226,197
226,196
226,195
226,194
226,193
226,192
226,191
226,190
226,189
226,188
226,187
226,186
226,185
226,184
226,183
226,182
226,181
226,180
226,179
226,178
226,177
226,176
226,175
226,174
226,173
226,172
226,171
226,170
226,169
226,168
226,167
226,166
226,165
226,164
226,163
226,162
226,161
226,160
226,159
226,158
226,157
226,156
226,155
226,154
226,153
226,152
226,151
226,150
226,149
226,148
226,147
226,146
226,145
226,144
226,143
226,142
226,141
226,140
226,139
226,138
226,137
226,136
226,135
226,134
226,133
226,132
226,131
226,130
226,129
226,128
226,127
226,126
226,125
226,124
226,123
226,122
226,121
226,120
226,119
226,118
226,117
226,116
226,115
226,114
226,113
226,112
226,111
226,110
226,109
226,108
226,107
226,106
226,105
226,104
226,103
226,102
226,101
226,100
226,99
226,98
226,97
226,96
226,95
226,94
226,93
226,92
226,91
226,90
226,89
226,88
226,87
226,86
226,85
226,84
226,83
226,82
226,81
226,80
226,79
226,78
226,77
226,76
226,75
226,74
226,73
226,72
226,71
226,70
226,69
226,68
226,67
226,66
226,65
226,64
226,63
226,62
226,61
226,60
226,59
226,58
226,57
226,56
226,55
226,54
226,53
226,52
226,51
226,50
226,49
226,48
226,47
226,46
226,45
227,44
227,43
228,43
228,42
229,42
229,41
230,41
231,40
232,40
233,40
234,40
235,40
236,40
237,41
238,41
238,42
239,42
239,43
240,43
240,44
241,45
241,46
241,47
241,48
241,49
241,50
241,51
241,52
241,53
241,54
241,55
241,56
241,57
241,58
241,59
241,60
241,61
241,62
241,63
241,64
241,65
241,66
241,67
241,68
241,69
241,70
241,71
241,72
241,73
241,74
241,75
241,76
241,77
241,78
241,79
241,80
241,81
241,82
241,83
241,84
241,85
241,86
241,87
241,88
241,89
241,90
241,91
241,92
241,93
241,94
241,95
241,96
241,97
241,98
241,99
241,100
241,101
241,102
241,103
241,104
241,105
241,106
241,107
241,108
241,109
241,110
241,111
241,112
241,113
241,114
241,115
241,116
241,117
241,118
241,119
241,120
241,121
241,122
241,123
241,124
241,125
241,126
241,127
241,128
241,129
241,130
241,131
241,132
241,133
241,134
241,135
241,136
241,137
241,138
241,139
241,140
241,141
241,142
241,143
241,144
241,145
241,146
241,147
241,148
241,149
241,150
241,151
241,152
241,153
241,154
241,155
241,156
241,157
241,158
241,159
241,160
241,161
241,162
241,163
241,164
241,165
241,166
241,167
241,168
241,169
241,170
241,171
241,172
241,173
241,174
241,175
241,176
241,177
241,178
241,179
241,180
241,181
241,182
241,183
241,184
241,185
241,186
241,187
241,188
241,189
241,190
241,191
241,192
241,193
241,194
241,195
241,196
241,197
241,198
241,199
241,200
241,201
241,202
241,203
241,204
241,205
241,206
241,207
241,208
241,209
241,210
241,211
241,212
241,213
241,214
241,215
241,216
241,217
241,218
241,219
241,220
241,221
241,222
241,223
241,224
241,225
241,226
241,227
241,228
241,229
241,230
241,231
241,232
241,233
241,234
241,235
241,236
241,237
241,238
241,239
241,240
241,241
241,242
241,243
241,244
241,245
241,246
241,247
241,248
241,249
241,250
241,251
241,252
241,253
241,254
241,255
241,256
241,257
241,258
241,259
241,260
241,261
241,262
241,263
241,264
241,265
241,266
241,267
241,268
241,269
241,270
241,271
241,272
241,273
241,274
241,275
241,276
241,277
241,278
241,279
241,280
241,281
241,282
241,283
241,284
241,285
241,286
241,287
241,288
241,289
241,290
241,291
241,292
241,293
241,294
241,295
241,296
241,297
241,298
241,299
241,300
241,301
241,302
241,303
241,304
241,305
241,306
241,307
241,308
241,309
241,310
241,311
241,312
241,313
241,314
241,315
241,316
241,317
241,318
241,319
241,320
241,321
241,322
241,323
241,324
241,325
241,326
241,327
241,328
241,329
241,330
241,331
241,332
241,333
241,334
241,335
241,336
241,337
241,338
241,339
241,340
241,341
241,342
241,343
241,344
241,345
241,346
241,347
241,348
241,349
241,350
241,351
241,352
241,353
241,354
241,355
241,356
241,357
241,358
241,359
241,360
241,361
241,362
241,363
241,364
241,365
241,366
241,367
241,368
241,369
241,370
241,371
241,372
241,373
241,374
241,375
241,376
241,377
241,378
241,379
241,380
241,381
241,382
241,383
241,384
241,385
241,386
241,387
241,388
241,389
241,390
241,391
241,392
241,393
241,394
241,395
241,396
241,397
241,398
241,399
241,400
241,401
241,402
241,403
241,404
241,405
241,406
241,407
241,408
241,409
241,410
241,411
241,412
241,413
241,414
241,415
241,416
241,417
241,418
241,419
241,420
241,421
241,422
241,423
241,424
241,425
241,426
241,427
241,428
241,429
241,430
241,431
241,432
241,433
241,434
241,435
241,436
241,437
241,438
241,439
241,440
241,441
241,442
241,443
241,444
241,445
241,446
241,447
241,448
241,449
241,450
241,451
241,452
241,453
241,454
241,455
241,456
241,457
241,458
241,459
241,460
241,461
241,462
241,463
241,464
241,465
241,466
241,467
241,468
241,469
241,470
241,471
241,472
241,473
241,474
241,475
241,476
241,477
241,478
241,479
241,480
241,481
241,482
241,483
241,484
241,485
241,486
241,487
241,488
241,489
241,490
241,491
241,492
241,493
241,494
241,495
241,496
241,497
241,498
241,499
241,500
241,501
241,502
241,503
241,504
241,505
241,506
241,507
241,508
241,509
241,510
241,511
241,512
241,513
241,514
241,515
241,516
241,517
241,518
241,519
241,520
241,521
241,522
241,523
241,524
241,525
241,526
241,527
241,528
241,529
241,530
241,531
241,532
241,533
241,534
241,535
241,536
241,537
241,538
241,539
241,540
241,541
241,542
241,543
241,544
241,545
241,546
241,547
241,548
241,549
241,550
241,551
241,552
241,553
241,554
241,555
241,556
241,557
241,558
241,559
241,560
241,561
241,562
241,563
241,564
241,565
241,566
241,567
241,568
241,569
241,570
241,571
241,572
241,573
241,574
241,575
241,576
241,577
241,578
241,579
241,580
241,581
241,582
241,583
241,584
241,585
241,586
241,587
241,588
241,589
241,590
241,591
241,592
241,593
241,594
241,595
241,596
241,597
241,598
241,599
241,600
241,601
241,602
241,603
241,604
241,605
241,606
241,607
241,608
241,609
241,610
241,611
241,612
241,613
241,614
241,615
241,616
241,617
241,618
241,619
241,620
241,621
241,622
241,623
241,624
241,625
241,626
241,627
241,628
241,629
241,630
241,631
241,632
241,633
241,634
241,635
241,636
241,637
241,638
241,639
241,640
241,641
241,642
241,643
241,644
241,645
241,646
241,647
241,648
241,649
241,650
241,651
241,652
241,653
241,654
241,655
241,656
241,657
241,658
241,659
241,660
241,661
241,662
241,663
241,664
241,665
241,666
241,667
241,668
241,669
241,670
241,671
241,672
241,673
241,674
241,675
241,676
241,677
241,678
241,679
241,680
241,681
241,682
241,683
241,684
241,685
241,686
241,687
241,688
241,689
241,690
241,691
241,692
241,693
241,694
241,695
241,696
241,697
241,698
241,699
241,700
241,701
241,702
241,703
241,704
241,705
241,706
241,707
241,708
241,709
241,710
241,711
241,712
241,713
241,714
241,715
241,716
241,717
241,718
241,719
241,720
241,721
241,722
241,723
241,724
241,725
241,726
241,727
241,728
241,729
241,730
241,731
241,732
241,733
241,734
241,735
241,736
241,737
241,738
241,739
241,740
241,741
241,742
241,743
241,744
241,745
241,746
241,747
241,748
241,749
241,750
241,751
241,752
241,753
241,754
241,755
241,756
241,757
241,758
241,759
241,760
241,761
241,762
241,763
241,764
241,765
241,766
241,767
241,768
241,769
241,770
241,771
241,772
241,773
241,774
241,775
241,776
241,777
241,778
241,779
241,780
241,781
241,782
241,783
241,784
241,785
241,786
241,787
241,788
241,789
241,790
241,791
241,792
241,793
241,794
241,795
241,796
241,797
241,798
241,799
241,800
241,801
241,802
241,803
241,804
241,805
241,806
241,807
241,808
241,809
241,810
241,811
241,812
241,813
241,814
241,815
241,816
241,817
241,818
241,819
241,820
241,821
241,822
241,823
241,824
241,825
241,826
241,827
241,828
241,829
241,830
241,831
241,832
241,833
241,834
241,835
241,836
241,837
241,838
241,839
241,840
241,841
241,842
241,843
241,844
241,845
241,846
241,847
241,848
241,849
241,850
241,851
241,852
241,853
241,854
241,855
241,856
241,857
241,858
241,859
241,860
241,861
241,862
241,863
241,864
241,865
241,866
241,867
241,868
241,869
241,870
241,871
241,872
241,873
241,874
241,875
241,876
241,877
241,878
241,879
241,880
241,881
241,882
241,883
241,884
241,885
241,886
241,887
241,888
241,889
241,890
241,891
241,892
241,893
241,894
241,895
241,896
241,897
241,898
241,899
241,900
241,901
241,902
241,903
241,904
241,905
241,906
241,907
241,908
241,909
241,910
241,911
241,912
241,913
241,914
241,915
241,916
241,917
241,918
241,919
241,920
241,921
241,922
241,923
241,924
241,925
241,926
241,927
241,928
241,929
241,930
241,931
241,932
241,933
241,934
241,935
241,936
241,937
241,938
241,939
241,940
241,941
241,942
241,943
241,944
241,945
241,946
241,947
241,948
241,949
241,950
241,951
241,952
241,953
241,954
241,955
241,956
241,957
241,958
241,959
241,960
241,961
241,962
241,963
241,964
241,965
241,966
241,967
241,968
241,969
241,970
241,971
241,972
241,973
241,974
241,975
241,976
241,977
241,978
241,979
242,980
242,981
243,981
243,982
244,982
244,983
245,983
246,984
247,984
248,984
249,984
250,984
251,983
252,983
252,982
253,982
253,981
254,981
254,980
255,979
255,978
255,977
255,976
255,975
255,974
255,973
255,972
255,971
255,970
255,969
255,968
255,967
255,966
255,965
255,964
255,963
255,962
255,961
255,960
255,959
255,958
255,957
255,956
255,955
255,954
255,953
255,952
255,951
255,950
255,949
255,948
255,947
255,946
255,945
255,944
255,943
255,942
255,941
255,940
255,939
255,938
255,937
255,936
255,935
255,934
255,933
255,932
255,931
255,930
255,929
255,928
255,927
255,926
255,925
255,924
255,923
255,922
255,921
255,920
255,919
255,918
255,917
255,916
255,915
255,914
255,913
255,912
255,911
255,910
255,909
255,908
255,907
255,906
255,905
255,904
255,903
255,902
255,901
255,900
255,899
255,898
255,897
255,896
255,895
255,894
255,893
255,892
255,891
255,890
255,889
255,888
255,887
255,886
255,885
255,884
255,883
255,882
255,881
255,880
255,879
255,878
255,877
255,876
255,875
255,874
255,873
255,872
255,871
255,870
255,869
255,868
255,867
255,866
255,865
255,864
255,863
255,862
255,861
255,860
255,859
255,858
255,857
255,856
255,855
255,854
255,853
255,852
255,851
255,850
255,849
255,848
255,847
255,846
255,845
255,844
255,843
255,842
255,841
255,840
255,839
255,838
255,837
255,836
255,835
255,834
255,833
255,832
255,831
255,830
255,829
255,828
255,827
255,826
255,825
255,824
255,823
255,822
255,821
255,820
255,819
255,818
255,817
255,816
255,815
255,814
255,813
255,812
255,811
255,810
255,809
255,808
255,807
255,806
255,805
255,804
255,803
255,802
255,801
255,800
255,799
255,798
255,797
255,796
255,795
255,794
255,793
255,792
255,791
255,790
255,789
255,788
255,787
255,786
255,785
255,784
255,783
255,782
255,781
255,780
255,779
255,778
255,777
255,776
255,775
255,774
255,773
255,772
255,771
255,770
255,769
255,768
255,767
255,766
255,765
255,764
255,763
255,762
255,761
255,760
255,759
255,758
255,757
255,756
255,755
255,754
255,753
255,752
255,751
255,750
255,749
255,748
255,747
255,746
255,745
255,744
255,743
255,742
255,741
255,740
255,739
255,738
255,737
255,736
255,735
255,734
255,733
255,732
255,731
255,730
255,729
255,728
255,727
255,726
255,725
255,724
255,723
255,722
255,721
255,720
255,719
255,718
255,717
255,716
255,715
255,714
255,713
255,712
255,711
255,710
255,709
255,708
255,707
255,706
255,705
255,704
255,703
255,702
255,701
255,700
255,699
255,698
255,697
255,696
255,695
255,694
255,693
255,692
255,691
255,690
255,689
255,688
255,687
255,686
255,685
255,684
255,683
255,682
255,681
255,680
255,679
255,678
255,677
255,676
255,675
255,674
255,673
255,672
255,671
255,670
255,669
255,668
255,667
255,666
255,665
255,664
255,663
255,662
255,661
255,660
255,659
255,658
255,657
255,656
255,655
255,654
255,653
255,652
255,651
255,650
255,649
255,648
255,647
255,646
255,645
255,644
255,643
255,642
255,641
255,640
255,639
255,638
255,637
255,636
255,635
255,634
255,633
255,632
255,631
255,630
255,629
255,628
255,627
255,626
255,625
255,624
255,623
255,622
255,621
255,620
255,619
255,618
255,617
255,616
255,615
255,614
255,613
255,612
255,611
255,610
255,609
255,608
255,607
255,606
255,605
255,604
255,603
255,602
255,601
255,600
255,599
255,598
255,597
255,596
255,595
255,594
255,593
255,592
255,591
255,590
255,589
255,588
255,587
255,586
255,585
255,584
255,583
255,582
255,581
255,580
255,579
255,578
255,577
255,576
255,575
255,574
255,573
255,572
255,571
255,570
255,569
255,568
255,567
255,566
255,565
255,564
255,563
255,562
255,561
255,560
255,559
255,558
255,557
255,556
255,555
255,554
255,553
255,552
255,551
255,550
255,549
255,548
255,547
255,546
255,545
255,544
255,543
255,542
255,541
255,540
255,539
255,538
255,537
255,536
255,535
255,534
255,533
255,532
255,531
255,530
255,529
255,528
255,527
255,526
255,525
255,524
255,523
255,522
255,521
255,520
255,519
255,518
255,517
255,516
255,515
255,514
255,513
255,512
255,511
255,510
255,509
255,508
255,507
255,506
255,505
255,504
255,503
255,502
255,501
255,500
255,499
255,498
255,497
255,496
255,495
255,494
255,493
255,492
255,491
255,490
255,489
255,488
255,487
255,486
255,485
255,484
255,483
255,482
255,481
255,480
255,479
255,478
255,477
255,476
255,475
255,474
255,473
255,472
255,471
255,470
255,469
255,468
255,467
255,466
255,465
255,464
255,463
255,462
255,461
255,460
255,459
255,458
255,457
255,456
255,455
255,454
255,453
255,452
255,451
255,450
255,449
255,448
255,447
255,446
255,445
255,444
255,443
255,442
255,441
255,440
255,439
255,438
255,437
255,436
255,435
255,434
255,433
255,432
255,431
255,430
255,429
255,428
255,427
255,426
255,425
255,424
255,423
255,422
255,421
255,420
255,419
255,418
255,417
255,416
255,415
255,414
255,413
255,412
255,411
255,410
255,409
255,408
255,407
255,406
255,405
255,404
255,403
255,402
255,401
255,400
255,399
255,398
255,397
255,396
255,395
255,394
255,393
255,392
255,391
255,390
255,389
255,388
255,387
255,386
255,385
255,384
255,383
255,382
255,381
255,380
255,379
255,378
255,377
255,376
255,375
255,374
255,373
255,372
255,371
255,370
255,369
255,368
255,367
255,366
255,365
255,364
255,363
255,362
255,361
255,360
255,359
255,358
255,357
255,356
255,355
255,354
255,353
255,352
255,351
255,350
255,349
255,348
255,347
255,346
255,345
255,344
255,343
255,342
255,341
255,340
255,339
255,338
255,337
255,336
255,335
255,334
255,333
255,332
255,331
255,330
255,329
255,328
255,327
255,326
255,325
255,324
255,323
255,322
255,321
255,320
255,319
255,318
255,317
255,316
255,315
255,314
255,313
255,312
255,311
255,310
255,309
255,308
255,307
255,306
255,305
255,304
255,303
255,302
255,301
255,300
255,299
255,298
255,297
255,296
255,295
255,294
255,293
255,292
255,291
255,290
255,289
255,288
255,287
255,286
255,285
255,284
255,283
255,282
255,281
255,280
255,279
255,278
255,277
255,276
255,275
255,274
255,273
255,272
255,271
255,270
255,269
255,268
255,267
255,266
255,265
255,264
255,263
255,262
255,261
255,260
255,259
255,258
255,257
255,256
255,255
255,254
255,253
255,252
255,251
255,250
255,249
255,248
255,247
255,246
255,245
255,244
255,243
255,242
255,241
255,240
255,239
255,238
255,237
255,236
255,235
255,234
255,233
255,232
255,231
255,230
255,229
255,228
255,227
255,226
255,225
255,224
255,223
255,222
255,221
255,220
255,219
255,218
255,217
255,216
255,215
255,214
255,213
255,212
255,211
255,210
255,209
255,208
255,207
255,206
255,205
255,204
255,203
255,202
255,201
255,200
255,199
255,198
255,197
255,196
255,195
255,194
255,193
255,192
255,191
255,190
255,189
255,188
255,187
255,186
255,185
255,184
255,183
255,182
255,181
255,180
255,179
255,178
255,177
255,176
255,175
255,174
255,173
255,172
255,171
255,170
255,169
255,168
255,167
255,166
255,165
255,164
255,163
255,162
255,161
255,160
255,159
255,158
255,157
255,156
255,155
255,154
255,153
255,152
255,151
255,150
255,149
255,148
255,147
255,146
255,145
255,144
255,143
255,142
255,141
255,140
255,139
255,138
255,137
255,136
255,135
255,134
255,133
255,132
255,131
255,130
255,129
255,128
255,127
255,126
255,125
255,124
255,123
255,122
255,121
255,120
255,119
255,118
255,117
255,116
255,115
255,114
255,113
255,112
255,111
255,110
255,109
255,108
255,107
255,106
255,105
255,104
255,103
255,102
255,101
255,100
255,99
255,98
255,97
255,96
255,95
255,94
255,93
255,92
255,91
255,90
255,89
255,88
255,87
255,86
255,85
255,84
255,83
255,82
255,81
255,80
255,79
255,78
255,77
255,76
255,75
255,74
255,73
255,72
255,71
255,70
255,69
255,68
255,67
255,66
255,65
255,64
255,63
255,62
255,61
255,60
255,59
255,58
255,57
255,56
255,55
255,54
255,53
255,52
255,51
255,50
255,49
255,48
255,47
255,46
255,45
256,44
256,43
257,43
257,42
258,42
258,41
259,41
260,40
261,40
262,40
263,40
264,40
265,40
266,41
267,41
267,42
268,42
268,43
269,43
269,44
270,45
270,46
270,47
270,48
270,49
270,50
270,51
270,52
270,53
270,54
270,55
270,56
270,57
270,58
270,59
270,60
270,61
270,62
270,63
270,64
270,65
270,66
270,67
270,68
270,69
270,70
270,71
270,72
270,73
270,74
270,75
270,76
270,77
270,78
270,79
270,80
270,81
270,82
270,83
270,84
270,85
270,86
270,87
270,88
270,89
270,90
270,91
270,92
270,93
270,94
270,95
270,96
270,97
270,98
270,99
270,100
270,101
270,102
270,103
270,104
270,105
270,106
270,107
270,108
270,109
270,110
270,111
270,112
270,113
270,114
270,115
270,116
270,117
270,118
270,119
270,120
270,121
270,122
270,123
270,124
270,125
270,126
270,127
270,128
270,129
270,130
270,131
270,132
270,133
270,134
270,135
270,136
270,137
270,138
270,139
270,140
270,141
270,142
270,143
270,144
270,145
270,146
270,147
270,148
270,149
270,150
270,151
270,152
270,153
270,154
270,155
270,156
270,157
270,158
270,159
270,160
270,161
270,162
270,163
270,164
270,165
270,166
270,167
270,168
270,169
270,170
270,171
270,172
270,173
270,174
270,175
270,176
270,177
270,178
270,179
270,180
270,181
270,182
270,183
270,184
270,185
270,186
270,187
270,188
270,189
270,190
270,191
270,192
270,193
270,194
270,195
270,196
270,197
270,198
270,199
270,200
270,201
270,202
270,203
270,204
270,205
270,206
270,207
270,208
270,209
270,210
270,211
270,212
270,213
270,214
270,215
270,216
270,217
270,218
270,219
270,220
270,221
270,222
270,223
270,224
270,225
270,226
270,227
270,228
270,229
270,230
270,231
270,232
270,233
270,234
270,235
270,236
270,237
270,238
270,239
270,240
270,241
270,242
270,243
270,244
270,245
270,246
270,247
270,248
270,249
270,250
270,251
270,252
270,253
270,254
270,255
270,256
270,257
270,258
270,259
270,260
270,261
270,262
270,263
270,264
270,265
270,266
270,267
270,268
270,269
270,270
270,271
270,272
270,273
270,274
270,275
270,276
270,277
270,278
270,279
270,280
270,281
270,282
270,283
270,284
270,285
270,286
270,287
270,288
270,289
270,290
270,291
270,292
270,293
270,294
270,295
270,296
270,297
270,298
270,299
270,300
270,301
270,302
270,303
270,304
270,305
270,306
270,307
270,308
270,309
270,310
270,311
270,312
270,313
270,314
270,315
270,316
270,317
270,318
270,319
270,320
270,321
270,322
270,323
270,324
270,325
270,326
270,327
270,328
270,329
270,330
270,331
270,332
270,333
270,334
270,335
270,336
270,337
270,338
270,339
270,340
270,341
270,342
270,343
270,344
270,345
270,346
270,347
270,348
270,349
270,350
270,351
270,352
270,353
270,354
270,355
270,356
270,357
270,358
270,359
270,360
270,361
270,362
270,363
270,364
270,365
270,366
270,367
270,368
270,369
270,370
270,371
270,372
270,373
270,374
270,375
270,376
270,377
270,378
270,379
270,380
270,381
270,382
270,383
270,384
270,385
270,386
270,387
270,388
270,389
270,390
270,391
270,392
270,393
270,394
270,395
270,396
270,397
270,398
270,399
270,400
270,401
270,402
270,403
270,404
270,405
270,406
270,407
270,408
270,409
270,410
270,411
270,412
270,413
270,414
270,415
270,416
270,417
270,418
270,419
270,420
270,421
270,422
270,423
270,424
270,425
270,426
270,427
270,428
270,429
270,430
270,431
270,432
270,433
270,434
270,435
270,436
270,437
270,438
270,439
270,440
270,441
270,442
270,443
270,444
270,445
270,446
270,447
270,448
270,449
270,450
270,451
270,452
270,453
270,454
270,455
270,456
270,457
270,458
270,459
270,460
270,461
270,462
270,463
270,464
270,465
270,466
270,467
270,468
270,469
270,470
270,471
270,472
270,473
270,474
270,475
270,476
270,477
270,478
270,479
270,480
270,481
270,482
270,483
270,484
270,485
270,486
270,487
270,488
270,489
270,490
270,491
270,492
270,493
270,494
270,495
270,496
270,497
270,498
270,499
270,500
270,501
270,502
270,503
270,504
270,505
270,506
270,507
270,508
270,509
270,510
270,511
270,512
270,513
270,514
270,515
270,516
270,517
270,518
270,519
270,520
270,521
270,522
270,523
270,524
270,525
270,526
270,527
270,528
270,529
270,530
270,531
270,532
270,533
270,534
270,535
270,536
270,537
270,538
270,539
270,540
270,541
270,542
270,543
270,544
270,545
270,546
270,547
270,548
270,549
270,550
270,551
270,552
270,553
270,554
270,555
270,556
270,557
270,558
270,559
270,560
270,561
270,562
270,563
270,564
270,565
270,566
270,567
270,568
270,569
270,570
270,571
270,572
270,573
270,574
270,575
270,576
270,577
270,578
270,579
270,580
270,581
270,582
270,583
270,584
270,585
270,586
270,587
270,588
270,589
270,590
270,591
270,592
270,593
270,594
270,595
270,596
270,597
270,598
270,599
270,600
270,601
270,602
270,603
270,604
270,605
270,606
270,607
270,608
270,609
270,610
270,611
270,612
270,613
270,614
270,615
270,616
270,617
270,618
270,619
270,620
270,621
270,622
270,623
270,624
270,625
270,626
270,627
270,628
270,629
270,630
270,631
270,632
270,633
270,634
270,635
270,636
270,637
270,638
270,639
270,640
270,641
270,642
270,643
270,644
270,645
270,646
270,647
270,648
270,649
270,650
270,651
270,652
270,653
270,654
270,655
270,656
270,657
270,658
270,659
270,660
270,661
270,662
270,663
270,664
270,665
270,666
270,667
270,668
270,669
270,670
270,671
270,672
270,673
270,674
270,675
270,676
270,677
270,678
270,679
270,680
270,681
270,682
270,683
270,684
270,685
270,686
270,687
270,688
270,689
270,690
270,691
270,692
270,693
270,694
270,695
270,696
270,697
270,698
270,699
270,700
270,701
270,702
270,703
270,704
270,705
270,706
270,707
270,708
270,709
270,710
270,711
270,712
270,713
270,714
270,715
270,716
270,717
270,718
270,719
270,720
270,721
270,722
270,723
270,724
270,725
270,726
270,727
270,728
270,729
270,730
270,731
270,732
270,733
270,734
270,735
270,736
270,737
270,738
270,739
270,740
270,741
270,742
270,743
270,744
270,745
270,746
270,747
270,748
270,749
270,750
270,751
270,752
270,753
270,754
270,755
270,756
270,757
270,758
270,759
270,760
270,761
270,762
270,763
270,764
270,765
270,766
270,767
270,768
270,769
270,770
270,771
270,772
270,773
270,774
270,775
270,776
270,777
270,778
270,779
270,780
270,781
270,782
270,783
270,784
270,785
270,786
270,787
270,788
270,789
270,790
270,791
270,792
270,793
270,794
270,795
270,796
270,797
270,798
270,799
270,800
270,801
270,802
270,803
270,804
270,805
270,806
270,807
270,808
270,809
270,810
270,811
270,812
270,813
270,814
270,815
270,816
270,817
270,818
270,819
270,820
270,821
270,822
270,823
270,824
270,825
270,826
270,827
270,828
270,829
270,830
270,831
270,832
270,833
270,834
270,835
270,836
270,837
270,838
270,839
270,840
270,841
270,842
270,843
270,844
270,845
270,846
270,847
270,848
270,849
270,850
270,851
270,852
270,853
270,854
270,855
270,856
270,857
270,858
270,859
270,860
270,861
270,862
270,863
270,864
270,865
270,866
270,867
270,868
270,869
270,870
270,871
270,872
270,873
270,874
270,875
270,876
270,877
270,878
270,879
270,880
270,881
270,882
270,883
270,884
270,885
270,886
270,887
270,888
270,889
270,890
270,891
270,892
270,893
270,894
270,895
270,896
270,897
270,898
270,899
270,900
270,901
270,902
270,903
270,904
270,905
270,906
270,907
270,908
270,909
270,910
270,911
270,912
270,913
270,914
270,915
270,916
270,917
270,918
270,919
270,920
270,921
270,922
270,923
270,924
270,925
270,926
270,927
270,928
270,929
270,930
270,931
270,932
270,933
270,934
270,935
270,936
270,937
270,938
270,939
270,940
270,941
270,942
270,943
270,944
270,945
270,946
270,947
270,948
270,949
270,950
270,951
270,952
270,953
270,954
270,955
270,956
270,957
270,958
270,959
270,960
270,961
270,962
270,963
270,964
270,965
270,966
270,967
270,968
270,969
270,970
270,971
270,972
270,973
270,974
270,975
270,976
270,977
270,978
270,979
271,980
271,981
272,981
272,982
273,982
273,983
274,983
275,984
276,984
277,984
278,984
279,984
280,984
281,983
282,983
282,982
283,982
283,981
284,981
284,980
285,979
285,978
285,977
285,976
285,975
285,974
285,973
285,972
285,971
285,970
285,969
285,968
285,967
285,966
285,965
285,964
285,963
285,962
285,961
285,960
285,959
285,958
285,957
285,956
285,955
285,954
285,953
285,952
285,951
285,950
285,949
285,948
285,947
285,946
285,945
285,944
285,943
285,942
285,941
285,940
285,939
285,938
285,937
285,936
285,935
285,934
285,933
285,932
285,931
285,930
285,929
285,928
285,927
285,926
285,925
285,924
285,923
285,922
285,921
285,920
285,919
285,918
285,917
285,916
285,915
285,914
285,913
285,912
285,911
285,910
285,909
285,908
285,907
285,906
285,905
285,904
285,903
285,902
285,901
285,900
285,899
285,898
285,897
285,896
285,895
285,894
285,893
285,892
285,891
285,890
285,889
285,888
285,887
285,886
285,885
285,884
285,883
285,882
285,881
285,880
285,879
285,878
285,877
285,876
285,875
285,874
285,873
285,872
285,871
285,870
285,869
285,868
285,867
285,866
285,865
285,864
285,863
285,862
285,861
285,860
285,859
285,858
285,857
285,856
285,855
285,854
285,853
285,852
285,851
285,850
285,849
285,848
285,847
285,846
285,845
285,844
285,843
285,842
285,841
285,840
285,839
285,838
285,837
285,836
285,835
285,834
285,833
285,832
285,831
285,830
285,829
285,828
285,827
285,826
285,825
285,824
285,823
285,822
285,821
285,820
285,819
285,818
285,817
285,816
285,815
285,814
285,813
285,812
285,811
285,810
285,809
285,808
285,807
285,806
285,805
285,804
285,803
285,802
285,801
285,800
285,799
285,798
285,797
285,796
285,795
285,794
285,793
285,792
285,791
285,790
285,789
285,788
285,787
285,786
285,785
285,784
285,783
285,782
285,781
285,780
285,779
285,778
285,777
285,776
285,775
285,774
285,773
285,772
285,771
285,770
285,769
285,768
285,767
285,766
285,765
285,764
285,763
285,762
285,761
285,760
285,759
285,758
285,757
285,756
285,755
285,754
285,753
285,752
285,751
285,750
285,749
285,748
285,747
285,746
285,745
285,744
285,743
285,742
285,741
285,740
285,739
285,738
285,737
285,736
285,735
285,734
285,733
285,732
285,731
285,730
285,729
285,728
285,727
285,726
285,725
285,724
285,723
285,722
285,721
285,720
285,719
285,718
285,717
285,716
285,715
285,714
285,713
285,712
285,711
285,710
285,709
285,708
285,707
285,706
285,705
285,704
285,703
285,702
285,701
285,700
285,699
285,698
285,697
285,696
285,695
285,694
285,693
285,692
285,691
285,690
285,689
285,688
285,687
285,686
285,685
285,684
285,683
285,682
285,681
285,680
285,679
285,678
285,677
285,676
285,675
285,674
285,673
285,672
285,671
285,670
285,669
285,668
285,667
285,666
285,665
285,664
285,663
285,662
285,661
285,660
285,659
285,658
285,657
285,656
285,655
285,654
285,653
285,652
285,651
285,650
285,649
285,648
285,647
285,646
285,645
285,644
285,643
285,642
285,641
285,640
285,639
285,638
285,637
285,636
285,635
285,634
285,633
285,632
285,631
285,630
285,629
285,628
285,627
285,626
285,625
285,624
285,623
285,622
285,621
285,620
285,619
285,618
285,617
285,616
285,615
285,614
285,613
285,612
285,611
285,610
285,609
285,608
285,607
285,606
285,605
285,604
285,603
285,602
285,601
285,600
285,599
285,598
285,597
285,596
285,595
285,594
285,593
285,592
285,591
285,590
285,589
285,588
285,587
285,586
285,585
285,584
285,583
285,582
285,581
285,580
285,579
285,578
285,577
285,576
285,575
285,574
285,573
285,572
285,571
285,570
285,569
285,568
285,567
285,566
285,565
285,564
285,563
285,562
285,561
285,560
285,559
285,558
285,557
285,556
285,555
285,554
285,553
285,552
285,551
285,550
285,549
285,548
285,547
285,546
285,545
285,544
285,543
285,542
285,541
285,540
285,539
285,538
285,537
285,536
285,535
285,534
285,533
285,532
285,531
285,530
285,529
285,528
285,527
285,526
285,525
285,524
285,523
285,522
285,521
285,520
285,519
285,518
285,517
285,516
285,515
285,514
285,513
285,512
285,511
285,510
285,509
285,508
285,507
285,506
285,505
285,504
285,503
285,502
285,501
285,500
285,499
285,498
285,497
285,496
285,495
285,494
285,493
285,492
285,491
285,490
285,489
285,488
285,487
285,486
285,485
285,484
285,483
285,482
285,481
285,480
285,479
285,478
285,477
285,476
285,475
285,474
285,473
285,472
285,471
285,470
285,469
285,468
285,467
285,466
285,465
285,464
285,463
285,462
285,461
285,460
285,459
285,458
285,457
285,456
285,455
285,454
285,453
285,452
285,451
285,450
285,449
285,448
285,447
285,446
285,445
285,444
285,443
285,442
285,441
285,440
285,439
285,438
285,437
285,436
285,435
285,434
285,433
285,432
285,431
285,430
285,429
285,428
285,427
285,426
285,425
285,424
285,423
285,422
285,421
285,420
285,419
285,418
285,417
285,416
285,415
285,414
285,413
285,412
285,411
285,410
285,409
285,408
285,407
285,406
285,405
285,404
285,403
285,402
285,401
285,400
285,399
285,398
285,397
285,396
285,395
285,394
285,393
285,392
285,391
285,390
285,389
285,388
285,387
285,386
285,385
285,384
285,383
285,382
285,381
285,380
285,379
285,378
285,377
285,376
285,375
285,374
285,373
285,372
285,371
285,370
285,369
285,368
285,367
285,366
285,365
285,364
285,363
285,362
285,361
285,360
285,359
285,358
285,357
285,356
285,355
285,354
285,353
285,352
285,351
285,350
285,349
285,348
285,347
285,346
285,345
285,344
285,343
285,342
285,341
285,340
285,339
285,338
285,337
285,336
285,335
285,334
285,333
285,332
285,331
285,330
285,329
285,328
285,327
285,326
285,325
285,324
285,323
285,322
285,321
285,320
285,319
285,318
285,317
285,316
285,315
285,314
285,313
285,312
285,311
285,310
285,309
285,308
285,307
285,306
285,305
285,304
285,303
285,302
285,301
285,300
285,299
285,298
285,297
285,296
285,295
285,294
285,293
285,292
285,291
285,290
285,289
285,288
285,287
285,286
285,285
285,284
285,283
285,282
285,281
285,280
285,279
285,278
285,277
285,276
285,275
285,274
285,273
285,272
285,271
285,270
285,269
285,268
285,267
285,266
285,265
285,264
285,263
285,262
285,261
285,260
285,259
285,258
285,257
285,256
285,255
285,254
285,253
285,252
285,251
285,250
285,249
285,248
285,247
285,246
285,245
285,244
285,243
285,242
285,241
285,240
285,239
285,238
285,237
285,236
285,235
285,234
285,233
285,232
285,231
285,230
285,229
285,228
285,227
285,226
285,225
285,224
285,223
285,222
285,221
285,220
285,219
285,218
285,217
285,216
285,215
285,214
285,213
285,212
285,211
285,210
285,209
285,208
285,207
285,206
285,205
285,204
285,203
285,202
285,201
285,200
285,199
285,198
285,197
285,196
285,195
285,194
285,193
285,192
285,191
285,190
285,189
285,188
285,187
285,186
285,185
285,184
285,183
285,182
285,181
285,180
285,179
285,178
285,177
285,176
285,175
285,174
285,173
285,172
285,171
285,170
285,169
285,168
285,167
285,166
285,165
285,164
285,163
285,162
285,161
285,160
285,159
285,158
285,157
285,156
285,155
285,154
285,153
285,152
285,151
285,150
285,149
285,148
285,147
285,146
285,145
285,144
285,143
285,142
285,141
285,140
285,139
285,138
285,137
285,136
285,135
285,134
285,133
285,132
285,131
285,130
285,129
285,128
285,127
285,126
285,125
285,124
285,123
285,122
285,121
285,120
285,119
285,118
285,117
285,116
285,115
285,114
285,113
285,112
285,111
285,110
285,109
285,108
285,107
285,106
285,105
285,104
285,103
285,102
285,101
285,100
285,99
285,98
285,97
285,96
285,95
285,94
285,93
285,92
285,91
285,90
285,89
285,88
285,87
285,86
285,85
285,84
285,83
285,82
285,81
285,80
285,79
285,78
285,77
285,76
285,75
285,74
285,73
285,72
285,71
285,70
285,69
285,68
285,67
285,66
285,65
285,64
285,63
285,62
285,61
285,60
285,59
285,58
285,57
285,56
285,55
285,54
285,53
285,52
285,51
285,50
285,49
285,48
285,47
285,46
285,45
286,44
286,43
287,43
287,42
288,42
288,41
289,41
290,40
291,40
292,40
293,40
294,40
295,41
296,41
296,42
297,42
297,43
298,43
298,44
299,45
299,46
299,47
299,48
299,49
299,50
299,51
299,52
299,53
299,54
299,55
299,56
299,57
299,58
299,59
299,60
299,61
299,62
299,63
299,64
299,65
299,66
299,67
299,68
299,69
299,70
299,71
299,72
299,73
299,74
299,75
299,76
299,77
299,78
299,79
299,80
299,81
299,82
299,83
299,84
299,85
299,86
299,87
299,88
299,89
299,90
299,91
299,92
299,93
299,94
299,95
299,96
299,97
299,98
299,99
299,100
299,101
299,102
299,103
299,104
299,105
299,106
299,107
299,108
299,109
299,110
299,111
299,112
299,113
299,114
299,115
299,116
299,117
299,118
299,119
299,120
299,121
299,122
299,123
299,124
299,125
299,126
299,127
299,128
299,129
299,130
299,131
299,132
299,133
299,134
299,135
299,136
299,137
299,138
299,139
299,140
299,141
299,142
299,143
299,144
299,145
299,146
299,147
299,148
299,149
299,150
299,151
299,152
299,153
299,154
299,155
299,156
299,157
299,158
299,159
299,160
299,161
299,162
299,163
299,164
299,165
299,166
299,167
299,168
299,169
299,170
299,171
299,172
299,173
299,174
299,175
299,176
299,177
299,178
299,179
299,180
299,181
299,182
299,183
299,184
299,185
299,186
299,187
299,188
299,189
299,190
299,191
299,192
299,193
299,194
299,195
299,196
299,197
299,198
299,199
299,200
299,201
299,202
299,203
299,204
299,205
299,206
299,207
299,208
299,209
299,210
299,211
299,212
299,213
299,214
299,215
299,216
299,217
299,218
299,219
299,220
299,221
299,222
299,223
299,224
299,225
299,226
299,227
299,228
299,229
299,230
299,231
299,232
299,233
299,234
299,235
299,236
299,237
299,238
299,239
299,240
299,241
299,242
299,243
299,244
299,245
299,246
299,247
299,248
299,249
299,250
299,251
299,252
299,253
299,254
299,255
299,256
299,257
299,258
299,259
299,260
299,261
299,262
299,263
299,264
299,265
299,266
299,267
299,268
299,269
299,270
299,271
299,272
299,273
299,274
299,275
299,276
299,277
299,278
299,279
299,280
299,281
299,282
299,283
299,284
299,285
299,286
299,287
299,288
299,289
299,290
299,291
299,292
299,293
299,294
299,295
299,296
299,297
299,298
299,299
299,300
299,301
299,302
299,303
299,304
299,305
299,306
299,307
299,308
299,309
299,310
299,311
299,312
299,313
299,314
299,315
299,316
299,317
299,318
299,319
299,320
299,321
299,322
299,323
299,324
299,325
299,326
299,327
299,328
299,329
299,330
299,331
299,332
299,333
299,334
299,335
299,336
299,337
299,338
299,339
299,340
299,341
299,342
299,343
299,344
299,345
299,346
299,347
299,348
299,349
299,350
299,351
299,352
299,353
299,354
299,355
299,356
299,357
299,358
299,359
299,360
299,361
299,362
299,363
299,364
299,365
299,366
299,367
299,368
299,369
299,370
299,371
299,372
299,373
299,374
299,375
299,376
299,377
299,378
299,379
299,380
299,381
299,382
299,383
299,384
299,385
299,386
299,387
299,388
299,389
299,390
299,391
299,392
299,393
299,394
299,395
299,396
299,397
299,398
299,399
299,400
299,401
299,402
299,403
299,404
299,405
299,406
299,407
299,408
299,409
299,410
299,411
299,412
299,413
299,414
299,415
299,416
299,417
299,418
299,419
299,420
299,421
299,422
299,423
299,424
299,425
299,426
299,427
299,428
299,429
299,430
299,431
299,432
299,433
299,434
299,435
299,436
299,437
299,438
299,439
299,440
299,441
299,442
299,443
299,444
299,445
299,446
299,447
299,448
299,449
299,450
299,451
299,452
299,453
299,454
299,455
299,456
299,457
299,458
299,459
299,460
299,461
299,462
299,463
299,464
299,465
299,466
299,467
299,468
299,469
299,470
299,471
299,472
299,473
299,474
299,475
299,476
299,477
299,478
299,479
299,480
299,481
299,482
299,483
299,484
299,485
299,486
299,487
299,488
299,489
299,490
299,491
299,492
299,493
299,494
299,495
299,496
299,497
299,498
299,499
299,500
299,501
299,502
299,503
299,504
299,505
299,506
299,507
299,508
299,509
299,510
299,511
299,512
299,513
299,514
299,515
299,516
299,517
299,518
299,519
299,520
299,521
299,522
299,523
299,524
299,525
299,526
299,527
299,528
299,529
299,530
299,531
299,532
299,533
299,534
299,535
299,536
299,537
299,538
299,539
299,540
299,541
299,542
299,543
299,544
299,545
299,546
299,547
299,548
299,549
299,550
299,551
299,552
299,553
299,554
299,555
299,556
299,557
299,558
299,559
299,560
299,561
299,562
299,563
299,564
299,565
299,566
299,567
299,568
299,569
299,570
299,571
299,572
299,573
299,574
299,575
299,576
299,577
299,578
299,579
299,580
299,581
299,582
299,583
299,584
299,585
299,586
299,587
299,588
299,589
299,590
299,591
299,592
299,593
299,594
299,595
299,596
299,597
299,598
299,599
299,600
299,601
299,602
299,603
299,604
299,605
299,606
299,607
299,608
299,609
299,610
299,611
299,612
299,613
299,614
299,615
299,616
299,617
299,618
299,619
299,620
299,621
299,622
299,623
299,624
299,625
299,626
299,627
299,628
299,629
299,630
299,631
299,632
299,633
299,634
299,635
299,636
299,637
299,638
299,639
299,640
299,641
299,642
299,643
299,644
299,645
299,646
299,647
299,648
299,649
299,650
299,651
299,652
299,653
299,654
299,655
299,656
299,657
299,658
299,659
299,660
299,661
299,662
299,663
299,664
299,665
299,666
299,667
299,668
299,669
299,670
299,671
299,672
299,673
299,674
299,675
299,676
299,677
299,678
299,679
299,680
299,681
299,682
299,683
299,684
299,685
299,686
299,687
299,688
299,689
299,690
299,691
299,692
299,693
299,694
299,695
299,696
299,697
299,698
299,699
299,700
299,701
299,702
299,703
299,704
299,705
299,706
299,707
299,708
299,709
299,710
299,711
299,712
299,713
299,714
299,715
299,716
299,717
299,718
299,719
299,720
299,721
299,722
299,723
299,724
299,725
299,726
299,727
299,728
299,729
299,730
299,731
299,732
299,733
299,734
299,735
299,736
299,737
299,738
299,739
299,740
299,741
299,742
299,743
299,744
299,745
299,746
299,747
299,748
299,749
299,750
299,751
299,752
299,753
299,754
299,755
299,756
299,757
299,758
299,759
299,760
299,761
299,762
299,763
299,764
299,765
299,766
299,767
299,768
299,769
299,770
299,771
299,772
299,773
299,774
299,775
299,776
299,777
299,778
299,779
299,780
299,781
299,782
299,783
299,784
299,785
299,786
299,787
299,788
299,789
299,790
299,791
299,792
299,793
299,794
299,795
299,796
299,797
299,798
299,799
299,800
299,801
299,802
299,803
299,804
299,805
299,806
299,807
299,808
299,809
299,810
299,811
299,812
299,813
299,814
299,815
299,816
299,817
299,818
299,819
299,820
299,821
299,822
299,823
299,824
299,825
299,826
299,827
299,828
299,829
299,830
299,831
299,832
299,833
299,834
299,835
299,836
299,837
299,838
299,839
299,840
299,841
299,842
299,843
299,844
299,845
299,846
299,847
299,848
299,849
299,850
299,851
299,852
299,853
299,854
299,855
299,856
299,857
299,858
299,859
299,860
299,861
299,862
299,863
299,864
299,865
299,866
299,867
299,868
299,869
299,870
299,871
299,872
299,873
299,874
299,875
299,876
299,877
299,878
299,879
299,880
299,881
299,882
299,883
299,884
299,885
299,886
299,887
299,888
299,889
299,890
299,891
299,892
299,893
299,894
299,895
299,896
299,897
299,898
299,899
299,900
299,901
299,902
299,903
299,904
299,905
299,906
299,907
299,908
299,909
299,910
299,911
299,912
299,913
299,914
299,915
299,916
299,917
299,918
299,919
299,920
299,921
299,922
299,923
299,924
299,925
299,926
299,927
299,928
299,929
299,930
299,931
299,932
299,933
299,934
299,935
299,936
299,937
299,938
299,939
299,940
299,941
299,942
299,943
299,944
299,945
299,946
299,947
299,948
299,949
299,950
299,951
299,952
299,953
299,954
299,955
299,956
299,957
299,958
299,959
299,960
299,961
299,962
299,963
299,964
299,965
299,966
299,967
299,968
299,969
299,970
299,971
299,972
299,973
299,974
299,975
299,976
299,977
299,978
299,979
300,980
300,981
301,981
301,982
302,982
302,983
303,983
304,984
305,984
306,984
307,984
308,984
309,984
310,983
311,983
311,982
312,982
312,981
313,981
313,980
314,979
314,978
314,977
314,976
314,975
314,974
314,973
314,972
314,971
314,970
314,969
314,968
314,967
314,966
314,965
314,964
314,963
314,962
314,961
314,960
314,959
314,958
314,957
314,956
314,955
314,954
314,953
314,952
314,951
314,950
314,949
314,948
314,947
314,946
314,945
314,944
314,943
314,942
314,941
314,940
314,939
314,938
314,937
314,936
314,935
314,934
314,933
314,932
314,931
314,930
314,929
314,928
314,927
314,926
314,925
314,924
314,923
314,922
314,921
314,920
314,919
314,918
314,917
314,916
314,915
314,914
314,913
314,912
314,911
314,910
314,909
314,908
314,907
314,906
314,905
314,904
314,903
314,902
314,901
314,900
314,899
314,898
314,897
314,896
314,895
314,894
314,893
314,892
314,891
314,890
314,889
314,888
314,887
314,886
314,885
314,884
314,883
314,882
314,881
314,880
314,879
314,878
314,877
314,876
314,875
314,874
314,873
314,872
314,871
314,870
314,869
314,868
314,867
314,866
314,865
314,864
314,863
314,862
314,861
314,860
314,859
314,858
314,857
314,856
314,855
314,854
314,853
314,852
314,851
314,850
314,849
314,848
314,847
314,846
314,845
314,844
314,843
314,842
314,841
314,840
314,839
314,838
314,837
314,836
314,835
314,834
314,833
314,832
314,831
314,830
314,829
314,828
314,827
314,826
314,825
314,824
314,823
314,822
314,821
314,820
314,819
314,818
314,817
314,816
314,815
314,814
314,813
314,812
314,811
314,810
314,809
314,808
314,807
314,806
314,805
314,804
314,803
314,802
314,801
314,800
314,799
314,798
314,797
314,796
314,795
314,794
314,793
314,792
314,791
314,790
314,789
314,788
314,787
314,786
314,785
314,784
314,783
314,782
314,781
314,780
314,779
314,778
314,777
314,776
314,775
314,774
314,773
314,772
314,771
314,770
314,769
314,768
314,767
314,766
314,765
314,764
314,763
314,762
314,761
314,760
314,759
314,758
314,757
314,756
314,755
314,754
314,753
314,752
314,751
314,750
314,749
314,748
314,747
314,746
314,745
314,744
314,743
314,742
314,741
314,740
314,739
314,738
314,737
314,736
314,735
314,734
314,733
314,732
314,731
314,730
314,729
314,728
314,727
314,726
314,725
314,724
314,723
314,722
314,721
314,720
314,719
314,718
314,717
314,716
314,715
314,714
314,713
314,712
314,711
314,710
314,709
314,708
314,707
314,706
314,705
314,704
314,703
314,702
314,701
314,700
314,699
314,698
314,697
314,696
314,695
314,694
314,693
314,692
314,691
314,690
314,689
314,688
314,687
314,686
314,685
314,684
314,683
314,682
314,681
314,680
314,679
314,678
314,677
314,676
314,675
314,674
314,673
314,672
314,671
314,670
314,669
314,668
314,667
314,666
314,665
314,664
314,663
314,662
314,661
314,660
314,659
314,658
314,657
314,656
314,655
314,654
314,653
314,652
314,651
314,650
314,649
314,648
314,647
314,646
314,645
314,644
314,643
314,642
314,641
314,640
314,639
314,638
314,637
314,636
314,635
314,634
314,633
314,632
314,631
314,630
314,629
314,628
314,627
314,626
314,625
314,624
314,623
314,622
314,621
314,620
314,619
314,618
314,617
314,616
314,615
314,614
314,613
314,612
314,611
314,610
314,609
314,608
314,607
314,606
314,605
314,604
314,603
314,602
314,601
314,600
314,599
314,598
314,597
314,596
314,595
314,594
314,593
314,592
314,591
314,590
314,589
314,588
314,587
314,586
314,585
314,584
314,583
314,582
314,581
314,580
314,579
314,578
314,577
314,576
314,575
314,574
314,573
314,572
314,571
314,570
314,569
314,568
314,567
314,566
314,565
314,564
314,563
314,562
314,561
314,560
314,559
314,558
314,557
314,556
314,555
314,554
314,553
314,552
314,551
314,550
314,549
314,548
314,547
314,546
314,545
314,544
314,543
314,542
314,541
314,540
314,539
314,538
314,537
314,536
314,535
314,534
314,533
314,532
314,531
314,530
314,529
314,528
314,527
314,526
314,525
314,524
314,523
314,522
314,521
314,520
314,519
314,518
314,517
314,516
314,515
314,514
314,513
314,512
314,511
314,510
314,509
314,508
314,507
314,506
314,505
314,504
314,503
314,502
314,501
314,500
314,499
314,498
314,497
314,496
314,495
314,494
314,493
314,492
314,491
314,490
314,489
314,488
314,487
314,486
314,485
314,484
314,483
314,482
314,481
314,480
314,479
314,478
314,477
314,476
314,475
314,474
314,473
314,472
314,471
314,470
314,469
314,468
314,467
314,466
314,465
314,464
314,463
314,462
314,461
314,460
314,459
314,458
314,457
314,456
314,455
314,454
314,453
314,452
314,451
314,450
314,449
314,448
314,447
314,446
314,445
314,444
314,443
314,442
314,441
314,440
314,439
314,438
314,437
314,436
314,435
314,434
314,433
314,432
314,431
314,430
314,429
314,428
314,427
314,426
314,425
314,424
314,423
314,422
314,421
314,420
314,419
314,418
314,417
314,416
314,415
314,414
314,413
314,412
314,411
314,410
314,409
314,408
314,407
314,406
314,405
314,404
314,403
314,402
314,401
314,400
314,399
314,398
314,397
314,396
314,395
314,394
314,393
314,392
314,391
314,390
314,389
314,388
314,387
314,386
314,385
314,384
314,383
314,382
314,381
314,380
314,379
314,378
314,377
314,376
314,375
314,374
314,373
314,372
314,371
314,370
314,369
314,368
314,367
314,366
314,365
314,364
314,363
314,362
314,361
314,360
314,359
314,358
314,357
314,356
314,355
314,354
314,353
314,352
314,351
314,350
314,349
314,348
314,347
314,346
314,345
314,344
314,343
314,342
314,341
314,340
314,339
314,338
314,337
314,336
314,335
314,334
314,333
314,332
314,331
314,330
314,329
314,328
314,327
314,326
314,325
314,324
314,323
314,322
314,321
314,320
314,319
314,318
314,317
314,316
314,315
314,314
314,313
314,312
314,311
314,310
314,309
314,308
314,307
314,306
314,305
314,304
314,303
314,302
314,301
314,300
314,299
314,298
314,297
314,296
314,295
314,294
314,293
314,292
314,291
314,290
314,289
314,288
314,287
314,286
314,285
314,284
314,283
314,282
314,281
314,280
314,279
314,278
314,277
314,276
314,275
314,274
314,273
314,272
314,271
314,270
314,269
314,268
314,267
314,266
314,265
314,264
314,263
314,262
314,261
314,260
314,259
314,258
314,257
314,256
314,255
314,254
314,253
314,252
314,251
314,250
314,249
314,248
314,247
314,246
314,245
314,244
314,243
314,242
314,241
314,240
314,239
314,238
314,237
314,236
314,235
314,234
314,233
314,232
314,231
314,230
314,229
314,228
314,227
314,226
314,225
314,224
314,223
314,222
314,221
314,220
314,219
314,218
314,217
314,216
314,215
314,214
314,213
314,212
314,211
314,210
314,209
314,208
314,207
314,206
314,205
314,204
314,203
314,202
314,201
314,200
314,199
314,198
314,197
314,196
314,195
314,194
314,193
314,192
314,191
314,190
314,189
314,188
314,187
314,186
314,185
314,184
314,183
314,182
314,181
314,180
314,179
314,178
314,177
314,176
314,175
314,174
314,173
314,172
314,171
314,170
314,169
314,168
314,167
314,166
314,165
314,164
314,163
314,162
314,161
314,160
314,159
314,158
314,157
314,156
314,155
314,154
314,153
314,152
314,151
314,150
314,149
314,148
314,147
314,146
314,145
314,144
314,143
314,142
314,141
314,140
314,139
314,138
314,137
314,136
314,135
314,134
314,133
314,132
314,131
314,130
314,129
314,128
314,127
314,126
314,125
314,124
314,123
314,122
314,121
314,120
314,119
314,118
314,117
314,116
314,115
314,114
314,113
314,112
314,111
314,110
314,109
314,108
314,107
314,106
314,105
314,104
314,103
314,102
314,101
314,100
314,99
314,98
314,97
314,96
314,95
314,94
314,93
314,92
314,91
314,90
314,89
314,88
314,87
314,86
314,85
314,84
314,83
314,82
314,81
314,80
314,79
314,78
314,77
314,76
314,75
314,74
314,73
314,72
314,71
314,70
314,69
314,68
314,67
314,66
314,65
314,64
314,63
314,62
314,61
314,60
314,59
314,58
314,57
314,56
314,55
314,54
314,53
314,52
314,51
314,50
314,49
314,48
314,47
314,46
314,45
315,44
315,43
316,43
316,42
317,42
317,41
318,41
319,40
320,40
321,40
322,40
323,40
324,40
325,41
326,41
326,42
327,42
327,43
328,43
328,44
329,45
329,46
329,47
329,48
329,49
329,50
329,51
329,52
329,53
329,54
329,55
329,56
329,57
329,58
329,59
329,60
329,61
329,62
329,63
329,64
329,65
329,66
329,67
329,68
329,69
329,70
329,71
329,72
329,73
329,74
329,75
329,76
329,77
329,78
329,79
329,80
329,81
329,82
329,83
329,84
329,85
329,86
329,87
329,88
329,89
329,90
329,91
329,92
329,93
329,94
329,95
329,96
329,97
329,98
329,99
329,100
329,101
329,102
329,103
329,104
329,105
329,106
329,107
329,108
329,109
329,110
329,111
329,112
329,113
329,114
329,115
329,116
329,117
329,118
329,119
329,120
329,121
329,122
329,123
329,124
329,125
329,126
329,127
329,128
329,129
329,130
329,131
329,132
329,133
329,134
329,135
329,136
329,137
329,138
329,139
329,140
329,141
329,142
329,143
329,144
329,145
329,146
329,147
329,148
329,149
329,150
329,151
329,152
329,153
329,154
329,155
329,156
329,157
329,158
329,159
329,160
329,161
329,162
329,163
329,164
329,165
329,166
329,167
329,168
329,169
329,170
329,171
329,172
329,173
329,174
329,175
329,176
329,177
329,178
329,179
329,180
329,181
329,182
329,183
329,184
329,185
329,186
329,187
329,188
329,189
329,190
329,191
329,192
329,193
329,194
329,195
329,196
329,197
329,198
329,199
329,200
329,201
329,202
329,203
329,204
329,205
329,206
329,207
329,208
329,209
329,210
329,211
329,212
329,213
329,214
329,215
329,216
329,217
329,218
329,219
329,220
329,221
329,222
329,223
329,224
329,225
329,226
329,227
329,228
329,229
329,230
329,231
329,232
329,233
329,234
329,235
329,236
329,237
329,238
329,239
329,240
329,241
329,242
329,243
329,244
329,245
329,246
329,247
329,248
329,249
329,250
329,251
329,252
329,253
329,254
329,255
329,256
329,257
329,258
329,259
329,260
329,261
329,262
329,263
329,264
329,265
329,266
329,267
329,268
329,269
329,270
329,271
329,272
329,273
329,274
329,275
329,276
329,277
329,278
329,279
329,280
329,281
329,282
329,283
329,284
329,285
329,286
329,287
329,288
329,289
329,290
329,291
329,292
329,293
329,294
329,295
329,296
329,297
329,298
329,299
329,300
329,301
329,302
329,303
329,304
329,305
329,306
329,307
329,308
329,309
329,310
329,311
329,312
329,313
329,314
329,315
329,316
329,317
329,318
329,319
329,320
329,321
329,322
329,323
329,324
329,325
329,326
329,327
329,328
329,329
329,330
329,331
329,332
329,333
329,334
329,335
329,336
329,337
329,338
329,339
329,340
329,341
329,342
329,343
329,344
329,345
329,346
329,347
329,348
329,349
329,350
329,351
329,352
329,353
329,354
329,355
329,356
329,357
329,358
329,359
329,360
329,361
329,362
329,363
329,364
329,365
329,366
329,367
329,368
329,369
329,370
329,371
329,372
329,373
329,374
329,375
329,376
329,377
329,378
329,379
329,380
329,381
329,382
329,383
329,384
329,385
329,386
329,387
329,388
329,389
329,390
329,391
329,392
329,393
329,394
329,395
329,396
329,397
329,398
329,399
329,400
329,401
329,402
329,403
329,404
329,405
329,406
329,407
329,408
329,409
329,410
329,411
329,412
329,413
329,414
329,415
329,416
329,417
329,418
329,419
329,420
329,421
329,422
329,423
329,424
329,425
329,426
329,427
329,428
329,429
329,430
329,431
329,432
329,433
329,434
329,435
329,436
329,437
329,438
329,439
329,440
329,441
329,442
329,443
329,444
329,445
329,446
329,447
329,448
329,449
329,450
329,451
329,452
329,453
329,454
329,455
329,456
329,457
329,458
329,459
329,460
329,461
329,462
329,463
329,464
329,465
329,466
329,467
329,468
329,469
329,470
329,471
329,472
329,473
329,474
329,475
329,476
329,477
329,478
329,479
329,480
329,481
329,482
329,483
329,484
329,485
329,486
329,487
329,488
329,489
329,490
329,491
329,492
329,493
329,494
329,495
329,496
329,497
329,498
329,499
329,500
329,501
329,502
329,503
329,504
329,505
329,506
329,507
329,508
329,509
329,510
329,511
329,512
329,513
329,514
329,515
329,516
329,517
329,518
329,519
329,520
329,521
329,522
329,523
329,524
329,525
329,526
329,527
329,528
329,529
329,530
329,531
329,532
329,533
329,534
329,535
329,536
329,537
329,538
329,539
329,540
329,541
329,542
329,543
329,544
329,545
329,546
329,547
329,548
329,549
329,550
329,551
329,552
329,553
329,554
329,555
329,556
329,557
329,558
329,559
329,560
329,561
329,562
329,563
329,564
329,565
329,566
329,567
329,568
329,569
329,570
329,571
329,572
329,573
329,574
329,575
329,576
329,577
329,578
329,579
329,580
329,581
329,582
329,583
329,584
329,585
329,586
329,587
329,588
329,589
329,590
329,591
329,592
329,593
329,594
329,595
329,596
329,597
329,598
329,599
329,600
329,601
329,602
329,603
329,604
329,605
329,606
329,607
329,608
329,609
329,610
329,611
329,612
329,613
329,614
329,615
329,616
329,617
329,618
329,619
329,620
329,621
329,622
329,623
329,624
329,625
329,626
329,627
329,628
329,629
329,630
329,631
329,632
329,633
329,634
329,635
329,636
329,637
329,638
329,639
329,640
329,641
329,642
329,643
329,644
329,645
329,646
329,647
329,648
329,649
329,650
329,651
329,652
329,653
329,654
329,655
329,656
329,657
329,658
329,659
329,660
329,661
329,662
329,663
329,664
329,665
329,666
329,667
329,668
329,669
329,670
329,671
329,672
329,673
329,674
329,675
329,676
329,677
329,678
329,679
329,680
329,681
329,682
329,683
329,684
329,685
329,686
329,687
329,688
329,689
329,690
329,691
329,692
329,693
329,694
329,695
329,696
329,697
329,698
329,699
329,700
329,701
329,702
329,703
329,704
329,705
329,706
329,707
329,708
329,709
329,710
329,711
329,712
329,713
329,714
329,715
329,716
329,717
329,718
329,719
329,720
329,721
329,722
329,723
329,724
329,725
329,726
329,727
329,728
329,729
329,730
329,731
329,732
329,733
329,734
329,735
329,736
329,737
329,738
329,739
329,740
329,741
329,742
329,743
329,744
329,745
329,746
329,747
329,748
329,749
329,750
329,751
329,752
329,753
329,754
329,755
329,756
329,757
329,758
329,759
329,760
329,761
329,762
329,763
329,764
329,765
329,766
329,767
329,768
329,769
329,770
329,771
329,772
329,773
329,774
329,775
329,776
329,777
329,778
329,779
329,780
329,781
329,782
329,783
329,784
329,785
329,786
329,787
329,788
329,789
329,790
329,791
329,792
329,793
329,794
329,795
329,796
329,797
329,798
329,799
329,800
329,801
329,802
329,803
329,804
329,805
329,806
329,807
329,808
329,809
329,810
329,811
329,812
329,813
329,814
329,815
329,816
329,817
329,818
329,819
329,820
329,821
329,822
329,823
329,824
329,825
329,826
329,827
329,828
329,829
329,830
329,831
329,832
329,833
329,834
329,835
329,836
329,837
329,838
329,839
329,840
329,841
329,842
329,843
329,844
329,845
329,846
329,847
329,848
329,849
329,850
329,851
329,852
329,853
329,854
329,855
329,856
329,857
329,858
329,859
329,860
329,861
329,862
329,863
329,864
329,865
329,866
329,867
329,868
329,869
329,870
329,871
329,872
329,873
329,874
329,875
329,876
329,877
329,878
329,879
329,880
329,881
329,882
329,883
329,884
329,885
329,886
329,887
329,888
329,889
329,890
329,891
329,892
329,893
329,894
329,895
329,896
329,897
329,898
329,899
329,900
329,901
329,902
329,903
329,904
329,905
329,906
329,907
329,908
329,909
329,910
329,911
329,912
329,913
329,914
329,915
329,916
329,917
329,918
329,919
329,920
329,921
329,922
329,923
329,924
329,925
329,926
329,927
329,928
329,929
329,930
329,931
329,932
329,933
329,934
329,935
329,936
329,937
329,938
329,939
329,940
329,941
329,942
329,943
329,944
329,945
329,946
329,947
329,948
329,949
329,950
329,951
329,952
329,953
329,954
329,955
329,956
329,957
329,958
329,959
329,960
329,961
329,962
329,963
329,964
329,965
329,966
329,967
329,968
329,969
329,970
329,971
329,972
329,973
329,974
329,975
329,976
329,977
329,978
329,979
330,980
330,981
331,981
331,982
332,982
332,983
333,983
334,984
335,984
336,984
337,984
338,984
339,983
340,983
340,982
341,982
341,981
342,981
342,980
343,979
343,978
343,977
343,976
343,975
343,974
343,973
343,972
343,971
343,970
343,969
343,968
343,967
343,966
343,965
343,964
343,963
343,962
343,961
343,960
343,959
343,958
343,957
343,956
343,955
343,954
343,953
343,952
343,951
343,950
343,949
343,948
343,947
343,946
343,945
343,944
343,943
343,942
343,941
343,940
343,939
343,938
343,937
343,936
343,935
343,934
343,933
343,932
343,931
343,930
343,929
343,928
343,927
343,926
343,925
343,924
343,923
343,922
343,921
343,920
343,919
343,918
343,917
343,916
343,915
343,914
343,913
343,912
343,911
343,910
343,909
343,908
343,907
343,906
343,905
343,904
343,903
343,902
343,901
343,900
343,899
343,898
343,897
343,896
343,895
343,894
343,893
343,892
343,891
343,890
343,889
343,888
343,887
343,886
343,885
343,884
343,883
343,882
343,881
343,880
343,879
343,878
343,877
343,876
343,875
343,874
343,873
343,872
343,871
343,870
343,869
343,868
343,867
343,866
343,865
343,864
343,863
343,862
343,861
343,860
343,859
343,858
343,857
343,856
343,855
343,854
343,853
343,852
343,851
343,850
343,849
343,848
343,847
343,846
343,845
343,844
343,843
343,842
343,841
343,840
343,839
343,838
343,837
343,836
343,835
343,834
343,833
343,832
343,831
343,830
343,829
343,828
343,827
343,826
343,825
343,824
343,823
343,822
343,821
343,820
343,819
343,818
343,817
343,816
343,815
343,814
343,813
343,812
343,811
343,810
343,809
343,808
343,807
343,806
343,805
343,804
343,803
343,802
343,801
343,800
343,799
343,798
343,797
343,796
343,795
343,794
343,793
343,792
343,791
343,790
343,789
343,788
343,787
343,786
343,785
343,784
343,783
343,782
343,781
343,780
343,779
343,778
343,777
343,776
343,775
343,774
343,773
343,772
343,771
343,770
343,769
343,768
343,767
343,766
343,765
343,764
343,763
343,762
343,761
343,760
343,759
343,758
343,757
343,756
343,755
343,754
343,753
343,752
343,751
343,750
343,749
343,748
343,747
343,746
343,745
343,744
343,743
343,742
343,741
343,740
343,739
343,738
343,737
343,736
343,735
343,734
343,733
343,732
343,731
343,730
343,729
343,728
343,727
343,726
343,725
343,724
343,723
343,722
343,721
343,720
343,719
343,718
343,717
343,716
343,715
343,714
343,713
343,712
343,711
343,710
343,709
343,708
343,707
343,706
343,705
343,704
343,703
343,702
343,701
343,700
343,699
343,698
343,697
343,696
343,695
343,694
343,693
343,692
343,691
343,690
343,689
343,688
343,687
343,686
343,685
343,684
343,683
343,682
343,681
343,680
343,679
343,678
343,677
343,676
343,675
343,674
343,673
343,672
343,671
343,670
343,669
343,668
343,667
343,666
343,665
343,664
343,663
343,662
343,661
343,660
343,659
343,658
343,657
343,656
343,655
343,654
343,653
343,652
343,651
343,650
343,649
343,648
343,647
343,646
343,645
343,644
343,643
343,642
343,641
343,640
343,639
343,638
343,637
343,636
343,635
343,634
343,633
343,632
343,631
343,630
343,629
343,628
343,627
343,626
343,625
343,624
343,623
343,622
343,621
343,620
343,619
343,618
343,617
343,616
343,615
343,614
343,613
343,612
343,611
343,610
343,609
343,608
343,607
343,606
343,605
343,604
343,603
343,602
343,601
343,600
343,599
343,598
343,597
343,596
343,595
343,594
343,593
343,592
343,591
343,590
343,589
343,588
343,587
343,586
343,585
343,584
343,583
343,582
343,581
343,580
343,579
343,578
343,577
343,576
343,575
343,574
343,573
343,572
343,571
343,570
343,569
343,568
343,567
343,566
343,565
343,564
343,563
343,562
343,561
343,560
343,559
343,558
343,557
343,556
343,555
343,554
343,553
343,552
343,551
343,550
343,549
343,548
343,547
343,546
343,545
343,544
343,543
343,542
343,541
343,540
343,539
343,538
343,537
343,536
343,535
343,534
343,533
343,532
343,531
343,530
343,529
343,528
343,527
343,526
343,525
343,524
343,523
343,522
343,521
343,520
343,519
343,518
343,517
343,516
343,515
343,514
343,513
343,512
343,511
343,510
343,509
343,508
343,507
343,506
343,505
343,504
343,503
343,502
343,501
343,500
343,499
343,498
343,497
343,496
343,495
343,494
343,493
343,492
343,491
343,490
343,489
343,488
343,487
343,486
343,485
343,484
343,483
343,482
343,481
343,480
343,479
343,478
343,477
343,476
343,475
343,474
343,473
343,472
343,471
343,470
343,469
343,468
343,467
343,466
343,465
343,464
343,463
343,462
343,461
343,460
343,459
343,458
343,457
343,456
343,455
343,454
343,453
343,452
343,451
343,450
343,449
343,448
343,447
343,446
343,445
343,444
343,443
343,442
343,441
343,440
343,439
343,438
343,437
343,436
343,435
343,434
343,433
343,432
343,431
343,430
343,429
343,428
343,427
343,426
343,425
343,424
343,423
343,422
343,421
343,420
343,419
343,418
343,417
343,416
343,415
343,414
343,413
343,412
343,411
343,410
343,409
343,408
343,407
343,406
343,405
343,404
343,403
343,402
343,401
343,400
343,399
343,398
343,397
343,396
343,395
343,394
343,393
343,392
343,391
343,390
343,389
343,388
343,387
343,386
343,385
343,384
343,383
343,382
343,381
343,380
343,379
343,378
343,377
343,376
343,375
343,374
343,373
343,372
343,371
343,370
343,369
343,368
343,367
343,366
343,365
343,364
343,363
343,362
343,361
343,360
343,359
343,358
343,357
343,356
343,355
343,354
343,353
343,352
343,351
343,350
343,349
343,348
343,347
343,346
343,345
343,344
343,343
343,342
343,341
343,340
343,339
343,338
343,337
343,336
343,335
343,334
343,333
343,332
343,331
343,330
343,329
343,328
343,327
343,326
343,325
343,324
343,323
343,322
343,321
343,320
343,319
343,318
343,317
343,316
343,315
343,314
343,313
343,312
343,311
343,310
343,309
343,308
343,307
343,306
343,305
343,304
343,303
343,302
343,301
343,300
343,299
343,298
343,297
343,296
343,295
343,294
343,293
343,292
343,291
343,290
343,289
343,288
343,287
343,286
343,285
343,284
343,283
343,282
343,281
343,280
343,279
343,278
343,277
343,276
343,275
343,274
343,273
343,272
343,271
343,270
343,269
343,268
343,267
343,266
343,265
343,264
343,263
343,262
343,261
343,260
343,259
343,258
343,257
343,256
343,255
343,254
343,253
343,252
343,251
343,250
343,249
343,248
343,247
343,246
343,245
343,244
343,243
343,242
343,241
343,240
343,239
343,238
343,237
343,236
343,235
343,234
343,233
343,232
343,231
343,230
343,229
343,228
343,227
343,226
343,225
343,224
343,223
343,222
343,221
343,220
343,219
343,218
343,217
343,216
343,215
343,214
343,213
343,212
343,211
343,210
343,209
343,208
343,207
343,206
343,205
343,204
343,203
343,202
343,201
343,200
343,199
343,198
343,197
343,196
343,195
343,194
343,193
343,192
343,191
343,190
343,189
343,188
343,187
343,186
343,185
343,184
343,183
343,182
343,181
343,180
343,179
343,178
343,177
343,176
343,175
343,174
343,173
343,172
343,171
343,170
343,169
343,168
343,167
343,166
343,165
343,164
343,163
343,162
343,161
343,160
343,159
343,158
343,157
343,156
343,155
343,154
343,153
343,152
343,151
343,150
343,149
343,148
343,147
343,146
343,145
343,144
343,143
343,142
343,141
343,140
343,139
343,138
343,137
343,136
343,135
343,134
343,133
343,132
343,131
343,130
343,129
343,128
343,127
343,126
343,125
343,124
343,123
343,122
343,121
343,120
343,119
343,118
343,117
343,116
343,115
343,114
343,113
343,112
343,111
343,110
343,109
343,108
343,107
343,106
343,105
343,104
343,103
343,102
343,101
343,100
343,99
343,98
343,97
343,96
343,95
343,94
343,93
343,92
343,91
343,90
343,89
343,88
343,87
343,86
343,85
343,84
343,83
343,82
343,81
343,80
343,79
343,78
343,77
343,76
343,75
343,74
343,73
343,72
343,71
343,70
343,69
343,68
343,67
343,66
343,65
343,64
343,63
343,62
343,61
343,60
343,59
343,58
343,57
343,56
343,55
343,54
343,53
343,52
343,51
343,50
343,49
343,48
343,47
343,46
343,45
344,44
344,43
345,43
345,42
346,42
346,41
347,41
348,40
349,40
350,40
351,40
352,40
353,40
354,41
355,41
355,42
356,42
356,43
357,43
357,44
358,45
358,46
358,47
358,48
358,49
358,50
358,51
358,52
358,53
358,54
358,55
358,56
358,57
358,58
358,59
358,60
358,61
358,62
358,63
358,64
358,65
358,66
358,67
358,68
358,69
358,70
358,71
358,72
358,73
358,74
358,75
358,76
358,77
358,78
358,79
358,80
358,81
358,82
358,83
358,84
358,85
358,86
358,87
358,88
358,89
358,90
358,91
358,92
358,93
358,94
358,95
358,96
358,97
358,98
358,99
358,100
358,101
358,102
358,103
358,104
358,105
358,106
358,107
358,108
358,109
358,110
358,111
358,112
358,113
358,114
358,115
358,116
358,117
358,118
358,119
358,120
358,121
358,122
358,123
358,124
358,125
358,126
358,127
358,128
358,129
358,130
358,131
358,132
358,133
358,134
358,135
358,136
358,137
358,138
358,139
358,140
358,141
358,142
358,143
358,144
358,145
358,146
358,147
358,148
358,149
358,150
358,151
358,152
358,153
358,154
358,155
358,156
358,157
358,158
358,159
358,160
358,161
358,162
358,163
358,164
358,165
358,166
358,167
358,168
358,169
358,170
358,171
358,172
358,173
358,174
358,175
358,176
358,177
358,178
358,179
358,180
358,181
358,182
358,183
358,184
358,185
358,186
358,187
358,188
358,189
358,190
358,191
358,192
358,193
358,194
358,195
358,196
358,197
358,198
358,199
358,200
358,201
358,202
358,203
358,204
358,205
358,206
358,207
358,208
358,209
358,210
358,211
358,212
358,213
358,214
358,215
358,216
358,217
358,218
358,219
358,220
358,221
358,222
358,223
358,224
358,225
358,226
358,227
358,228
358,229
358,230
358,231
358,232
358,233
358,234
358,235
358,236
358,237
358,238
358,239
358,240
358,241
358,242
358,243
358,244
358,245
358,246
358,247
358,248
358,249
358,250
358,251
358,252
358,253
358,254
358,255
358,256
358,257
358,258
358,259
358,260
358,261
358,262
358,263
358,264
358,265
358,266
358,267
358,268
358,269
358,270
358,271
358,272
358,273
358,274
358,275
358,276
358,277
358,278
358,279
358,280
358,281
358,282
358,283
358,284
358,285
358,286
358,287
358,288
358,289
358,290
358,291
358,292
358,293
358,294
358,295
358,296
358,297
358,298
358,299
358,300
358,301
358,302
358,303
358,304
358,305
358,306
358,307
358,308
358,309
358,310
358,311
358,312
358,313
358,314
358,315
358,316
358,317
358,318
358,319
358,320
358,321
358,322
358,323
358,324
358,325
358,326
358,327
358,328
358,329
358,330
358,331
358,332
358,333
358,334
358,335
358,336
358,337
358,338
358,339
358,340
358,341
358,342
358,343
358,344
358,345
358,346
358,347
358,348
358,349
358,350
358,351
358,352
358,353
358,354
358,355
358,356
358,357
358,358
358,359
358,360
358,361
358,362
358,363
358,364
358,365
358,366
358,367
358,368
358,369
358,370
358,371
358,372
358,373
358,374
358,375
358,376
358,377
358,378
358,379
358,380
358,381
358,382
358,383
358,384
358,385
358,386
358,387
358,388
358,389
358,390
358,391
358,392
358,393
358,394
358,395
358,396
358,397
358,398
358,399
358,400
358,401
358,402
358,403
358,404
358,405
358,406
358,407
358,408
358,409
358,410
358,411
358,412
358,413
358,414
358,415
358,416
358,417
358,418
358,419
358,420
358,421
358,422
358,423
358,424
358,425
358,426
358,427
358,428
358,429
358,430
358,431
358,432
358,433
358,434
358,435
358,436
358,437
358,438
358,439
358,440
358,441
358,442
358,443
358,444
358,445
358,446
358,447
358,448
358,449
358,450
358,451
358,452
358,453
358,454
358,455
358,456
358,457
358,458
358,459
358,460
358,461
358,462
358,463
358,464
358,465
358,466
358,467
358,468
358,469
358,470
358,471
358,472
358,473
358,474
358,475
358,476
358,477
358,478
358,479
358,480
358,481
358,482
358,483
358,484
358,485
358,486
358,487
358,488
358,489
358,490
358,491
358,492
358,493
358,494
358,495
358,496
358,497
358,498
358,499
358,500
358,501
358,502
358,503
358,504
358,505
358,506
358,507
358,508
358,509
358,510
358,511
358,512
358,513
358,514
358,515
358,516
358,517
358,518
358,519
358,520
358,521
358,522
358,523
358,524
358,525
358,526
358,527
358,528
358,529
358,530
358,531
358,532
358,533
358,534
358,535
358,536
358,537
358,538
358,539
358,540
358,541
358,542
358,543
358,544
358,545
358,546
358,547
358,548
358,549
358,550
358,551
358,552
358,553
358,554
358,555
358,556
358,557
358,558
358,559
358,560
358,561
358,562
358,563
358,564
358,565
358,566
358,567
358,568
358,569
358,570
358,571
358,572
358,573
358,574
358,575
358,576
358,577
358,578
358,579
358,580
358,581
358,582
358,583
358,584
358,585
358,586
358,587
358,588
358,589
358,590
358,591
358,592
358,593
358,594
358,595
358,596
358,597
358,598
358,599
358,600
358,601
358,602
358,603
358,604
358,605
358,606
358,607
358,608
358,609
358,610
358,611
358,612
358,613
358,614
358,615
358,616
358,617
358,618
358,619
358,620
358,621
358,622
358,623
358,624
358,625
358,626
358,627
358,628
358,629
358,630
358,631
358,632
358,633
358,634
358,635
358,636
358,637
358,638
358,639
358,640
358,641
358,642
358,643
358,644
358,645
358,646
358,647
358,648
358,649
358,650
358,651
358,652
358,653
358,654
358,655
358,656
358,657
358,658
358,659
358,660
358,661
358,662
358,663
358,664
358,665
358,666
358,667
358,668
358,669
358,670
358,671
358,672
358,673
358,674
358,675
358,676
358,677
358,678
358,679
358,680
358,681
358,682
358,683
358,684
358,685
358,686
358,687
358,688
358,689
358,690
358,691
358,692
358,693
358,694
358,695
358,696
358,697
358,698
358,699
358,700
358,701
358,702
358,703
358,704
358,705
358,706
358,707
358,708
358,709
358,710
358,711
358,712
358,713
358,714
358,715
358,716
358,717
358,718
358,719
358,720
358,721
358,722
358,723
358,724
358,725
358,726
358,727
358,728
358,729
358,730
358,731
358,732
358,733
358,734
358,735
358,736
358,737
358,738
358,739
358,740
358,741
358,742
358,743
358,744
358,745
358,746
358,747
358,748
358,749
358,750
358,751
358,752
358,753
358,754
358,755
358,756
358,757
358,758
358,759
358,760
358,761
358,762
358,763
358,764
358,765
358,766
358,767
358,768
358,769
358,770
358,771
358,772
358,773
358,774
358,775
358,776
358,777
358,778
358,779
358,780
358,781
358,782
358,783
358,784
358,785
358,786
358,787
358,788
358,789
358,790
358,791
358,792
358,793
358,794
358,795
358,796
358,797
358,798
358,799
358,800
358,801
358,802
358,803
358,804
358,805
358,806
358,807
358,808
358,809
358,810
358,811
358,812
358,813
358,814
358,815
358,816
358,817
358,818
358,819
358,820
358,821
358,822
358,823
358,824
358,825
358,826
358,827
358,828
358,829
358,830
358,831
358,832
358,833
358,834
358,835
358,836
358,837
358,838
358,839
358,840
358,841
358,842
358,843
358,844
358,845
358,846
358,847
358,848
358,849
358,850
358,851
358,852
358,853
358,854
358,855
358,856
358,857
358,858
358,859
358,860
358,861
358,862
358,863
358,864
358,865
358,866
358,867
358,868
358,869
358,870
358,871
358,872
358,873
358,874
358,875
358,876
358,877
358,878
358,879
358,880
358,881
358,882
358,883
358,884
358,885
358,886
358,887
358,888
358,889
358,890
358,891
358,892
358,893
358,894
358,895
358,896
358,897
358,898
358,899
358,900
358,901
358,902
358,903
358,904
358,905
358,906
358,907
358,908
358,909
358,910
358,911
358,912
358,913
358,914
358,915
358,916
358,917
358,918
358,919
358,920
358,921
358,922
358,923
358,924
358,925
358,926
358,927
358,928
358,929
358,930
358,931
358,932
358,933
358,934
358,935
358,936
358,937
358,938
358,939
358,940
358,941
358,942
358,943
358,944
358,945
358,946
358,947
358,948
358,949
358,950
358,951
358,952
358,953
358,954
358,955
358,956
358,957
358,958
358,959
358,960
358,961
358,962
358,963
358,964
358,965
358,966
358,967
358,968
358,969
358,970
358,971
358,972
358,973
358,974
358,975
358,976
358,977
358,978
358,979
359,980
359,981
360,981
360,982
361,982
361,983
362,983
363,984
364,984
365,984
366,984
367,984
368,984
369,983
370,983
370,982
371,982
371,981
372,981
372,980
373,979
373,978
373,977
373,976
373,975
373,974
373,973
373,972
373,971
373,970
373,969
373,968
373,967
373,966
373,965
373,964
373,963
373,962
373,961
373,960
373,959
373,958
373,957
373,956
373,955
373,954
373,953
373,952
373,951
373,950
373,949
373,948
373,947
373,946
373,945
373,944
373,943
373,942
373,941
373,940
373,939
373,938
373,937
373,936
373,935
373,934
373,933
373,932
373,931
373,930
373,929
373,928
373,927
373,926
373,925
373,924
373,923
373,922
373,921
373,920
373,919
373,918
373,917
373,916
373,915
373,914
373,913
373,912
373,911
373,910
373,909
373,908
373,907
373,906
373,905
373,904
373,903
373,902
373,901
373,900
373,899
373,898
373,897
373,896
373,895
373,894
373,893
373,892
373,891
373,890
373,889
373,888
373,887
373,886
373,885
373,884
373,883
373,882
373,881
373,880
373,879
373,878
373,877
373,876
373,875
373,874
373,873
373,872
373,871
373,870
373,869
373,868
373,867
373,866
373,865
373,864
373,863
373,862
373,861
373,860
373,859
373,858
373,857
373,856
373,855
373,854
373,853
373,852
373,851
373,850
373,849
373,848
373,847
373,846
373,845
373,844
373,843
373,842
373,841
373,840
373,839
373,838
373,837
373,836
373,835
373,834
373,833
373,832
373,831
373,830
373,829
373,828
373,827
373,826
373,825
373,824
373,823
373,822
373,821
373,820
373,819
373,818
373,817
373,816
373,815
373,814
373,813
373,812
373,811
373,810
373,809
373,808
373,807
373,806
373,805
373,804
373,803
373,802
373,801
373,800
373,799
373,798
373,797
373,796
373,795
373,794
373,793
373,792
373,791
373,790
373,789
373,788
373,787
373,786
373,785
373,784
373,783
373,782
373,781
373,780
373,779
373,778
373,777
373,776
373,775
373,774
373,773
373,772
373,771
373,770
373,769
373,768
373,767
373,766
373,765
373,764
373,763
373,762
373,761
373,760
373,759
373,758
373,757
373,756
373,755
373,754
373,753
373,752
373,751
373,750
373,749
373,748
373,747
373,746
373,745
373,744
373,743
373,742
373,741
373,740
373,739
373,738
373,737
373,736
373,735
373,734
373,733
373,732
373,731
373,730
373,729
373,728
373,727
373,726
373,725
373,724
373,723
373,722
373,721
373,720
373,719
373,718
373,717
373,716
373,715
373,714
373,713
373,712
373,711
373,710
373,709
373,708
373,707
373,706
373,705
373,704
373,703
373,702
373,701
373,700
373,699
373,698
373,697
373,696
373,695
373,694
373,693
373,692
373,691
373,690
373,689
373,688
373,687
373,686
373,685
373,684
373,683
373,682
373,681
373,680
373,679
373,678
373,677
373,676
373,675
373,674
373,673
373,672
373,671
373,670
373,669
373,668
373,667
373,666
373,665
373,664
373,663
373,662
373,661
373,660
373,659
373,658
373,657
373,656
373,655
373,654
373,653
373,652
373,651
373,650
373,649
373,648
373,647
373,646
373,645
373,644
373,643
373,642
373,641
373,640
373,639
373,638
373,637
373,636
373,635
373,634
373,633
373,632
373,631
373,630
373,629
373,628
373,627
373,626
373,625
373,624
373,623
373,622
373,621
373,620
373,619
373,618
373,617
373,616
373,615
373,614
373,613
373,612
373,611
373,610
373,609
373,608
373,607
373,606
373,605
373,604
373,603
373,602
373,601
373,600
373,599
373,598
373,597
373,596
373,595
373,594
373,593
373,592
373,591
373,590
373,589
373,588
373,587
373,586
373,585
373,584
373,583
373,582
373,581
373,580
373,579
373,578
373,577
373,576
373,575
373,574
373,573
373,572
373,571
373,570
373,569
373,568
373,567
373,566
373,565
373,564
373,563
373,562
373,561
373,560
373,559
373,558
373,557
373,556
373,555
373,554
373,553
373,552
373,551
373,550
373,549
373,548
373,547
373,546
373,545
373,544
373,543
373,542
373,541
373,540
373,539
373,538
373,537
373,536
373,535
373,534
373,533
373,532
373,531
373,530
373,529
373,528
373,527
373,526
373,525
373,524
373,523
373,522
373,521
373,520
373,519
373,518
373,517
373,516
373,515
373,514
373,513
373,512
373,511
373,510
373,509
373,508
373,507
373,506
373,505
373,504
373,503
373,502
373,501
373,500
373,499
373,498
373,497
373,496
373,495
373,494
373,493
373,492
373,491
373,490
373,489
373,488
373,487
373,486
373,485
373,484
373,483
373,482
373,481
373,480
373,479
373,478
373,477
373,476
373,475
373,474
373,473
373,472
373,471
373,470
373,469
373,468
373,467
373,466
373,465
373,464
373,463
373,462
373,461
373,460
373,459
373,458
373,457
373,456
373,455
373,454
373,453
373,452
373,451
373,450
373,449
373,448
373,447
373,446
373,445
373,444
373,443
373,442
373,441
373,440
373,439
373,438
373,437
373,436
373,435
373,434
373,433
373,432
373,431
373,430
373,429
373,428
373,427
373,426
373,425
373,424
373,423
373,422
373,421
373,420
373,419
373,418
373,417
373,416
373,415
373,414
373,413
373,412
373,411
373,410
373,409
373,408
373,407
373,406
373,405
373,404
373,403
373,402
373,401
373,400
373,399
373,398
373,397
373,396
373,395
373,394
373,393
373,392
373,391
373,390
373,389
373,388
373,387
373,386
373,385
373,384
373,383
373,382
373,381
373,380
373,379
373,378
373,377
373,376
373,375
373,374
373,373
373,372
373,371
373,370
373,369
373,368
373,367
373,366
373,365
373,364
373,363
373,362
373,361
373,360
373,359
373,358
373,357
373,356
373,355
373,354
373,353
373,352
373,351
373,350
373,349
373,348
373,347
373,346
373,345
373,344
373,343
373,342
373,341
373,340
373,339
373,338
373,337
373,336
373,335
373,334
373,333
373,332
373,331
373,330
373,329
373,328
373,327
373,326
373,325
373,324
373,323
373,322
373,321
373,320
373,319
373,318
373,317
373,316
373,315
373,314
373,313
373,312
373,311
373,310
373,309
373,308
373,307
373,306
373,305
373,304
373,303
373,302
373,301
373,300
373,299
373,298
373,297
373,296
373,295
373,294
373,293
373,292
373,291
373,290
373,289
373,288
373,287
373,286
373,285
373,284
373,283
373,282
373,281
373,280
373,279
373,278
373,277
373,276
373,275
373,274
373,273
373,272
373,271
373,270
373,269
373,268
373,267
373,266
373,265
373,264
373,263
373,262
373,261
373,260
373,259
373,258
373,257
373,256
373,255
373,254
373,253
373,252
373,251
373,250
373,249
373,248
373,247
373,246
373,245
373,244
373,243
373,242
373,241
373,240
373,239
373,238
373,237
373,236
373,235
373,234
373,233
373,232
373,231
373,230
373,229
373,228
373,227
373,226
373,225
373,224
373,223
373,222
373,221
373,220
373,219
373,218
373,217
373,216
373,215
373,214
373,213
373,212
373,211
373,210
373,209
373,208
373,207
373,206
373,205
373,204
373,203
373,202
373,201
373,200
373,199
373,198
373,197
373,196
373,195
373,194
373,193
373,192
373,191
373,190
373,189
373,188
373,187
373,186
373,185
373,184
373,183
373,182
373,181
373,180
373,179
373,178
373,177
373,176
373,175
373,174
373,173
373,172
373,171
373,170
373,169
373,168
373,167
373,166
373,165
373,164
373,163
373,162
373,161
373,160
373,159
373,158
373,157
373,156
373,155
373,154
373,153
373,152
373,151
373,150
373,149
373,148
373,147
373,146
373,145
373,144
373,143
373,142
373,141
373,140
373,139
373,138
373,137
373,136
373,135
373,134
373,133
373,132
373,131
373,130
373,129
373,128
373,127
373,126
373,125
373,124
373,123
373,122
373,121
373,120
373,119
373,118
373,117
373,116
373,115
373,114
373,113
373,112
373,111
373,110
373,109
373,108
373,107
373,106
373,105
373,104
373,103
373,102
373,101
373,100
373,99
373,98
373,97
373,96
373,95
373,94
373,93
373,92
373,91
373,90
373,89
373,88
373,87
373,86
373,85
373,84
373,83
373,82
373,81
373,80
373,79
373,78
373,77
373,76
373,75
373,74
373,73
373,72
373,71
373,70
373,69
373,68
373,67
373,66
373,65
373,64
373,63
373,62
373,61
373,60
373,59
373,58
373,57
373,56
373,55
373,54
373,53
373,52
373,51
373,50
373,49
373,48
373,47
373,46
373,45
374,44
374,43
375,43
375,42
376,42
376,41
377,41
378,40
379,40
380,40
381,40
382,40
383,41
384,41
384,42
385,42
385,43
386,43
386,44
387,45
387,46
387,47
387,48
387,49
387,50
387,51
387,52
387,53
387,54
387,55
387,56
387,57
387,58
387,59
387,60
387,61
387,62
387,63
387,64
387,65
387,66
387,67
387,68
387,69
387,70
387,71
387,72
387,73
387,74
387,75
387,76
387,77
387,78
387,79
387,80
387,81
387,82
387,83
387,84
387,85
387,86
387,87
387,88
387,89
387,90
387,91
387,92
387,93
387,94
387,95
387,96
387,97
387,98
387,99
387,100
387,101
387,102
387,103
387,104
387,105
387,106
387,107
387,108
387,109
387,110
387,111
387,112
387,113
387,114
387,115
387,116
387,117
387,118
387,119
387,120
387,121
387,122
387,123
387,124
387,125
387,126
387,127
387,128
387,129
387,130
387,131
387,132
387,133
387,134
387,135
387,136
387,137
387,138
387,139
387,140
387,141
387,142
387,143
387,144
387,145
387,146
387,147
387,148
387,149
387,150
387,151
387,152
387,153
387,154
387,155
387,156
387,157
387,158
387,159
387,160
387,161
387,162
387,163
387,164
387,165
387,166
387,167
387,168
387,169
387,170
387,171
387,172
387,173
387,174
387,175
387,176
387,177
387,178
387,179
387,180
387,181
387,182
387,183
387,184
387,185
387,186
387,187
387,188
387,189
387,190
387,191
387,192
387,193
387,194
387,195
387,196
387,197
387,198
387,199
387,200
387,201
387,202
387,203
387,204
387,205
387,206
387,207
387,208
387,209
387,210
387,211
387,212
387,213
387,214
387,215
387,216
387,217
387,218
387,219
387,220
387,221
387,222
387,223
387,224
387,225
387,226
387,227
387,228
387,229
387,230
387,231
387,232
387,233
387,234
387,235
387,236
387,237
387,238
387,239
387,240
387,241
387,242
387,243
387,244
387,245
387,246
387,247
387,248
387,249
387,250
387,251
387,252
387,253
387,254
387,255
387,256
387,257
387,258
387,259
387,260
387,261
387,262
387,263
387,264
387,265
387,266
387,267
387,268
387,269
387,270
387,271
387,272
387,273
387,274
387,275
387,276
387,277
387,278
387,279
387,280
387,281
387,282
387,283
387,284
387,285
387,286
387,287
387,288
387,289
387,290
387,291
387,292
387,293
387,294
387,295
387,296
387,297
387,298
387,299
387,300
387,301
387,302
387,303
387,304
387,305
387,306
387,307
387,308
387,309
387,310
387,311
387,312
387,313
387,314
387,315
387,316
387,317
387,318
387,319
387,320
387,321
387,322
387,323
387,324
387,325
387,326
387,327
387,328
387,329
387,330
387,331
387,332
387,333
387,334
387,335
387,336
387,337
387,338
387,339
387,340
387,341
387,342
387,343
387,344
387,345
387,346
387,347
387,348
387,349
387,350
387,351
387,352
387,353
387,354
387,355
387,356
387,357
387,358
387,359
387,360
387,361
387,362
387,363
387,364
387,365
387,366
387,367
387,368
387,369
387,370
387,371
387,372
387,373
387,374
387,375
387,376
387,377
387,378
387,379
387,380
387,381
387,382
387,383
387,384
387,385
387,386
387,387
387,388
387,389
387,390
387,391
387,392
387,393
387,394
387,395
387,396
387,397
387,398
387,399
387,400
387,401
387,402
387,403
387,404
387,405
387,406
387,407
387,408
387,409
387,410
387,411
387,412
387,413
387,414
387,415
387,416
387,417
387,418
387,419
387,420
387,421
387,422
387,423
387,424
387,425
387,426
387,427
387,428
387,429
387,430
387,431
387,432
387,433
387,434
387,435
387,436
387,437
387,438
387,439
387,440
387,441
387,442
387,443
387,444
387,445
387,446
387,447
387,448
387,449
387,450
387,451
387,452
387,453
387,454
387,455
387,456
387,457
387,458
387,459
387,460
387,461
387,462
387,463
387,464
387,465
387,466
387,467
387,468
387,469
387,470
387,471
387,472
387,473
387,474
387,475
387,476
387,477
387,478
387,479
387,480
387,481
387,482
387,483
387,484
387,485
387,486
387,487
387,488
387,489
387,490
387,491
387,492
387,493
387,494
387,495
387,496
387,497
387,498
387,499
387,500
387,501
387,502
387,503
387,504
387,505
387,506
387,507
387,508
387,509
387,510
387,511
387,512
387,513
387,514
387,515
387,516
387,517
387,518
387,519
387,520
387,521
387,522
387,523
387,524
387,525
387,526
387,527
387,528
387,529
387,530
387,531
387,532
387,533
387,534
387,535
387,536
387,537
387,538
387,539
387,540
387,541
387,542
387,543
387,544
387,545
387,546
387,547
387,548
387,549
387,550
387,551
387,552
387,553
387,554
387,555
387,556
387,557
387,558
387,559
387,560
387,561
387,562
387,563
387,564
387,565
387,566
387,567
387,568
387,569
387,570
387,571
387,572
387,573
387,574
387,575
387,576
387,577
387,578
387,579
387,580
387,581
387,582
387,583
387,584
387,585
387,586
387,587
387,588
387,589
387,590
387,591
387,592
387,593
387,594
387,595
387,596
387,597
387,598
387,599
387,600
387,601
387,602
387,603
387,604
387,605
387,606
387,607
387,608
387,609
387,610
387,611
387,612
387,613
387,614
387,615
387,616
387,617
387,618
387,619
387,620
387,621
387,622
387,623
387,624
387,625
387,626
387,627
387,628
387,629
387,630
387,631
387,632
387,633
387,634
387,635
387,636
387,637
387,638
387,639
387,640
387,641
387,642
387,643
387,644
387,645
387,646
387,647
387,648
387,649
387,650
387,651
387,652
387,653
387,654
387,655
387,656
387,657
387,658
387,659
387,660
387,661
387,662
387,663
387,664
387,665
387,666
387,667
387,668
387,669
387,670
387,671
387,672
387,673
387,674
387,675
387,676
387,677
387,678
387,679
387,680
387,681
387,682
387,683
387,684
387,685
387,686
387,687
387,688
387,689
387,690
387,691
387,692
387,693
387,694
387,695
387,696
387,697
387,698
387,699
387,700
387,701
387,702
387,703
387,704
387,705
387,706
387,707
387,708
387,709
387,710
387,711
387,712
387,713
387,714
387,715
387,716
387,717
387,718
387,719
387,720
387,721
387,722
387,723
387,724
387,725
387,726
387,727
387,728
387,729
387,730
387,731
387,732
387,733
387,734
387,735
387,736
387,737
387,738
387,739
387,740
387,741
387,742
387,743
387,744
387,745
387,746
387,747
387,748
387,749
387,750
387,751
387,752
387,753
387,754
387,755
387,756
387,757
387,758
387,759
387,760
387,761
387,762
387,763
387,764
387,765
387,766
387,767
387,768
387,769
387,770
387,771
387,772
387,773
387,774
387,775
387,776
387,777
387,778
387,779
387,780
387,781
387,782
387,783
387,784
387,785
387,786
387,787
387,788
387,789
387,790
387,791
387,792
387,793
387,794
387,795
387,796
387,797
387,798
387,799
387,800
387,801
387,802
387,803
387,804
387,805
387,806
387,807
387,808
387,809
387,810
387,811
387,812
387,813
387,814
387,815
387,816
387,817
387,818
387,819
387,820
387,821
387,822
387,823
387,824
387,825
387,826
387,827
387,828
387,829
387,830
387,831
387,832
387,833
387,834
387,835
387,836
387,837
387,838
387,839
387,840
387,841
387,842
387,843
387,844
387,845
387,846
387,847
387,848
387,849
387,850
387,851
387,852
387,853
387,854
387,855
387,856
387,857
387,858
387,859
387,860
387,861
387,862
387,863
387,864
387,865
387,866
387,867
387,868
387,869
387,870
387,871
387,872
387,873
387,874
387,875
387,876
387,877
387,878
387,879
387,880
387,881
387,882
387,883
387,884
387,885
387,886
387,887
387,888
387,889
387,890
387,891
387,892
387,893
387,894
387,895
387,896
387,897
387,898
387,899
387,900
387,901
387,902
387,903
387,904
387,905
387,906
387,907
387,908
387,909
387,910
387,911
387,912
387,913
387,914
387,915
387,916
387,917
387,918
387,919
387,920
387,921
387,922
387,923
387,924
387,925
387,926
387,927
387,928
387,929
387,930
387,931
387,932
387,933
387,934
387,935
387,936
387,937
387,938
387,939
387,940
387,941
387,942
387,943
387,944
387,945
387,946
387,947
387,948
387,949
387,950
387,951
387,952
387,953
387,954
387,955
387,956
387,957
387,958
387,959
387,960
387,961
387,962
387,963
387,964
387,965
387,966
387,967
387,968
387,969
387,970
387,971
387,972
387,973
387,974
387,975
387,976
387,977
387,978
387,979
388,980
388,981
389,981
389,982
390,982
390,983
391,983
392,984
393,984
394,984
395,984
396,984
397,984
398,983
399,983
399,982
400,982
400,981
401,981
401,980
402,979
402,978
402,977
402,976
402,975
402,974
402,973
402,972
402,971
402,970
402,969
402,968
402,967
402,966
402,965
402,964
402,963
402,962
402,961
402,960
402,959
402,958
402,957
402,956
402,955
402,954
402,953
402,952
402,951
402,950
402,949
402,948
402,947
402,946
402,945
402,944
402,943
402,942
402,941
402,940
402,939
402,938
402,937
402,936
402,935
402,934
402,933
402,932
402,931
402,930
402,929
402,928
402,927
402,926
402,925
402,924
402,923
402,922
402,921
402,920
402,919
402,918
402,917
402,916
402,915
402,914
402,913
402,912
402,911
402,910
402,909
402,908
402,907
402,906
402,905
402,904
402,903
402,902
402,901
402,900
402,899
402,898
402,897
402,896
402,895
402,894
402,893
402,892
402,891
402,890
402,889
402,888
402,887
402,886
402,885
402,884
402,883
402,882
402,881
402,880
402,879
402,878
402,877
402,876
402,875
402,874
402,873
402,872
402,871
402,870
402,869
402,868
402,867
402,866
402,865
402,864
402,863
402,862
402,861
402,860
402,859
402,858
402,857
402,856
402,855
402,854
402,853
402,852
402,851
402,850
402,849
402,848
402,847
402,846
402,845
402,844
402,843
402,842
402,841
402,840
402,839
402,838
402,837
402,836
402,835
402,834
402,833
402,832
402,831
402,830
402,829
402,828
402,827
402,826
402,825
402,824
402,823
402,822
402,821
402,820
402,819
402,818
402,817
402,816
402,815
402,814
402,813
402,812
402,811
402,810
402,809
402,808
402,807
402,806
402,805
402,804
402,803
402,802
402,801
402,800
402,799
402,798
402,797
402,796
402,795
402,794
402,793
402,792
402,791
402,790
402,789
402,788
402,787
402,786
402,785
402,784
402,783
402,782
402,781
402,780
402,779
402,778
402,777
402,776
402,775
402,774
402,773
402,772
402,771
402,770
402,769
402,768
402,767
402,766
402,765
402,764
402,763
402,762
402,761
402,760
402,759
402,758
402,757
402,756
402,755
402,754
402,753
402,752
402,751
402,750
402,749
402,748
402,747
402,746
402,745
402,744
402,743
402,742
402,741
402,740
402,739
402,738
402,737
402,736
402,735
402,734
402,733
402,732
402,731
402,730
402,729
402,728
402,727
402,726
402,725
402,724
402,723
402,722
402,721
402,720
402,719
402,718
402,717
402,716
402,715
402,714
402,713
402,712
402,711
402,710
402,709
402,708
402,707
402,706
402,705
402,704
402,703
402,702
402,701
402,700
402,699
402,698
402,697
402,696
402,695
402,694
402,693
402,692
402,691
402,690
402,689
402,688
402,687
402,686
402,685
402,684
402,683
402,682
402,681
402,680
402,679
402,678
402,677
402,676
402,675
402,674
402,673
402,672
402,671
402,670
402,669
402,668
402,667
402,666
402,665
402,664
402,663
402,662
402,661
402,660
402,659
402,658
402,657
402,656
402,655
402,654
402,653
402,652
402,651
402,650
402,649
402,648
402,647
402,646
402,645
402,644
402,643
402,642
402,641
402,640
402,639
402,638
402,637
402,636
402,635
402,634
402,633
402,632
402,631
402,630
402,629
402,628
402,627
402,626
402,625
402,624
402,623
402,622
402,621
402,620
402,619
402,618
402,617
402,616
402,615
402,614
402,613
402,612
402,611
402,610
402,609
402,608
402,607
402,606
402,605
402,604
402,603
402,602
402,601
402,600
402,599
402,598
402,597
402,596
402,595
402,594
402,593
402,592
402,591
402,590
402,589
402,588
402,587
402,586
402,585
402,584
402,583
402,582
402,581
402,580
402,579
402,578
402,577
402,576
402,575
402,574
402,573
402,572
402,571
402,570
402,569
402,568
402,567
402,566
402,565
402,564
402,563
402,562
402,561
402,560
402,559
402,558
402,557
402,556
402,555
402,554
402,553
402,552
402,551
402,550
402,549
402,548
402,547
402,546
402,545
402,544
402,543
402,542
402,541
402,540
402,539
402,538
402,537
402,536
402,535
402,534
402,533
402,532
402,531
402,530
402,529
402,528
402,527
402,526
402,525
402,524
402,523
402,522
402,521
402,520
402,519
402,518
402,517
402,516
402,515
402,514
402,513
402,512
402,511
402,510
402,509
402,508
402,507
402,506
402,505
402,504
402,503
402,502
402,501
402,500
402,499
402,498
402,497
402,496
402,495
402,494
402,493
402,492
402,491
402,490
402,489
402,488
402,487
402,486
402,485
402,484
402,483
402,482
402,481
402,480
402,479
402,478
402,477
402,476
402,475
402,474
402,473
402,472
402,471
402,470
402,469
402,468
402,467
402,466
402,465
402,464
402,463
402,462
402,461
402,460
402,459
402,458
402,457
402,456
402,455
402,454
402,453
402,452
402,451
402,450
402,449
402,448
402,447
402,446
402,445
402,444
402,443
402,442
402,441
402,440
402,439
402,438
402,437
402,436
402,435
402,434
402,433
402,432
402,431
402,430
402,429
402,428
402,427
402,426
402,425
402,424
402,423
402,422
402,421
402,420
402,419
402,418
402,417
402,416
402,415
402,414
402,413
402,412
402,411
402,410
402,409
402,408
402,407
402,406
402,405
402,404
402,403
402,402
402,401
402,400
402,399
402,398
402,397
402,396
402,395
402,394
402,393
402,392
402,391
402,390
402,389
402,388
402,387
402,386
402,385
402,384
402,383
402,382
402,381
402,380
402,379
402,378
402,377
402,376
402,375
402,374
402,373
402,372
402,371
402,370
402,369
402,368
402,367
402,366
402,365
402,364
402,363
402,362
402,361
402,360
402,359
402,358
402,357
402,356
402,355
402,354
402,353
402,352
402,351
402,350
402,349
402,348
402,347
402,346
402,345
402,344
402,343
402,342
402,341
402,340
402,339
402,338
402,337
402,336
402,335
402,334
402,333
402,332
402,331
402,330
402,329
402,328
402,327
402,326
402,325
402,324
402,323
402,322
402,321
402,320
402,319
402,318
402,317
402,316
402,315
402,314
402,313
402,312
402,311
402,310
402,309
402,308
402,307
402,306
402,305
402,304
402,303
402,302
402,301
402,300
402,299
402,298
402,297
402,296
402,295
402,294
402,293
402,292
402,291
402,290
402,289
402,288
402,287
402,286
402,285
402,284
402,283
402,282
402,281
402,280
402,279
402,278
402,277
402,276
402,275
402,274
402,273
402,272
402,271
402,270
402,269
402,268
402,267
402,266
402,265
402,264
402,263
402,262
402,261
402,260
402,259
402,258
402,257
402,256
402,255
402,254
402,253
402,252
402,251
402,250
402,249
402,248
402,247
402,246
402,245
402,244
402,243
402,242
402,241
402,240
402,239
402,238
402,237
402,236
402,235
402,234
402,233
402,232
402,231
402,230
402,229
402,228
402,227
402,226
402,225
402,224
402,223
402,222
402,221
402,220
402,219
402,218
402,217
402,216
402,215
402,214
402,213
402,212
402,211
402,210
402,209
402,208
402,207
402,206
402,205
402,204
402,203
402,202
402,201
402,200
402,199
402,198
402,197
402,196
402,195
402,194
402,193
402,192
402,191
402,190
402,189
402,188
402,187
402,186
402,185
402,184
402,183
402,182
402,181
402,180
402,179
402,178
402,177
402,176
402,175
402,174
402,173
402,172
402,171
402,170
402,169
402,168
402,167
402,166
402,165
402,164
402,163
402,162
402,161
402,160
402,159
402,158
402,157
402,156
402,155
402,154
402,153
402,152
402,151
402,150
402,149
402,148
402,147
402,146
402,145
402,144
402,143
402,142
402,141
402,140
402,139
402,138
402,137
402,136
402,135
402,134
402,133
402,132
402,131
402,130
402,129
402,128
402,127
402,126
402,125
402,124
402,123
402,122
402,121
402,120
402,119
402,118
402,117
402,116
402,115
402,114
402,113
402,112
402,111
402,110
402,109
402,108
402,107
402,106
402,105
402,104
402,103
402,102
402,101
402,100
402,99
402,98
402,97
402,96
402,95
402,94
402,93
402,92
402,91
402,90
402,89
402,88
402,87
402,86
402,85
402,84
402,83
402,82
402,81
402,80
402,79
402,78
402,77
402,76
402,75
402,74
402,73
402,72
402,71
402,70
402,69
402,68
402,67
402,66
402,65
402,64
402,63
402,62
402,61
402,60
402,59
402,58
402,57
402,56
402,55
402,54
402,53
402,52
402,51
402,50
402,49
402,48
402,47
402,46
402,45
403,44
403,43
404,43
404,42
405,42
405,41
406,41
407,40
408,40
409,40
410,40
411,40
412,40
413,41
414,41
414,42
415,42
415,43
416,43
416,44
417,45
417,46
417,47
417,48
417,49
417,50
417,51
417,52
417,53
417,54
417,55
417,56
417,57
417,58
417,59
417,60
417,61
417,62
417,63
417,64
417,65
417,66
417,67
417,68
417,69
417,70
417,71
417,72
417,73
417,74
417,75
417,76
417,77
417,78
417,79
417,80
417,81
417,82
417,83
417,84
417,85
417,86
417,87
417,88
417,89
417,90
417,91
417,92
417,93
417,94
417,95
417,96
417,97
417,98
417,99
417,100
417,101
417,102
417,103
417,104
417,105
417,106
417,107
417,108
417,109
417,110
417,111
417,112
417,113
417,114
417,115
417,116
417,117
417,118
417,119
417,120
417,121
417,122
417,123
417,124
417,125
417,126
417,127
417,128
417,129
417,130
417,131
417,132
417,133
417,134
417,135
417,136
417,137
417,138
417,139
417,140
417,141
417,142
417,143
417,144
417,145
417,146
417,147
417,148
417,149
417,150
417,151
417,152
417,153
417,154
417,155
417,156
417,157
417,158
417,159
417,160
417,161
417,162
417,163
417,164
417,165
417,166
417,167
417,168
417,169
417,170
417,171
417,172
417,173
417,174
417,175
417,176
417,177
417,178
417,179
417,180
417,181
417,182
417,183
417,184
417,185
417,186
417,187
417,188
417,189
417,190
417,191
417,192
417,193
417,194
417,195
417,196
417,197
417,198
417,199
417,200
417,201
417,202
417,203
417,204
417,205
417,206
417,207
417,208
417,209
417,210
417,211
417,212
417,213
417,214
417,215
417,216
417,217
417,218
417,219
417,220
417,221
417,222
417,223
417,224
417,225
417,226
417,227
417,228
417,229
417,230
417,231
417,232
417,233
417,234
417,235
417,236
417,237
417,238
417,239
417,240
417,241
417,242
417,243
417,244
417,245
417,246
417,247
417,248
417,249
417,250
417,251
417,252
417,253
417,254
417,255
417,256
417,257
417,258
417,259
417,260
417,261
417,262
417,263
417,264
417,265
417,266
417,267
417,268
417,269
417,270
417,271
417,272
417,273
417,274
417,275
417,276
417,277
417,278
417,279
417,280
417,281
417,282
417,283
417,284
417,285
417,286
417,287
417,288
417,289
417,290
417,291
417,292
417,293
417,294
417,295
417,296
417,297
417,298
417,299
417,300
417,301
417,302
417,303
417,304
417,305
417,306
417,307
417,308
417,309
417,310
417,311
417,312
417,313
417,314
417,315
417,316
417,317
417,318
417,319
417,320
417,321
417,322
417,323
417,324
417,325
417,326
417,327
417,328
417,329
417,330
417,331
417,332
417,333
417,334
417,335
417,336
417,337
417,338
417,339
417,340
417,341
417,342
417,343
417,344
417,345
417,346
417,347
417,348
417,349
417,350
417,351
417,352
417,353
417,354
417,355
417,356
417,357
417,358
417,359
417,360
417,361
417,362
417,363
417,364
417,365
417,366
417,367
417,368
417,369
417,370
417,371
417,372
417,373
417,374
417,375
417,376
417,377
417,378
417,379
417,380
417,381
417,382
417,383
417,384
417,385
417,386
417,387
417,388
417,389
417,390
417,391
417,392
417,393
417,394
417,395
417,396
417,397
417,398
417,399
417,400
417,401
417,402
417,403
417,404
417,405
417,406
417,407
417,408
417,409
417,410
417,411
417,412
417,413
417,414
417,415
417,416
417,417
417,418
417,419
417,420
417,421
417,422
417,423
417,424
417,425
417,426
417,427
417,428
417,429
417,430
417,431
417,432
417,433
417,434
417,435
417,436
417,437
417,438
417,439
417,440
417,441
417,442
417,443
417,444
417,445
417,446
417,447
417,448
417,449
417,450
417,451
417,452
417,453
417,454
417,455
417,456
417,457
417,458
417,459
417,460
417,461
417,462
417,463
417,464
417,465
417,466
417,467
417,468
417,469
417,470
417,471
417,472
417,473
417,474
417,475
417,476
417,477
417,478
417,479
417,480
417,481
417,482
417,483
417,484
417,485
417,486
417,487
417,488
417,489
417,490
417,491
417,492
417,493
417,494
417,495
417,496
417,497
417,498
417,499
417,500
417,501
417,502
417,503
417,504
417,505
417,506
417,507
417,508
417,509
417,510
417,511
417,512
417,513
417,514
417,515
417,516
417,517
417,518
417,519
417,520
417,521
417,522
417,523
417,524
417,525
417,526
417,527
417,528
417,529
417,530
417,531
417,532
417,533
417,534
417,535
417,536
417,537
417,538
417,539
417,540
417,541
417,542
417,543
417,544
417,545
417,546
417,547
417,548
417,549
417,550
417,551
417,552
417,553
417,554
417,555
417,556
417,557
417,558
417,559
417,560
417,561
417,562
417,563
417,564
417,565
417,566
417,567
417,568
417,569
417,570
417,571
417,572
417,573
417,574
417,575
417,576
417,577
417,578
417,579
417,580
417,581
417,582
417,583
417,584
417,585
417,586
417,587
417,588
417,589
417,590
417,591
417,592
417,593
417,594
417,595
417,596
417,597
417,598
417,599
417,600
417,601
417,602
417,603
417,604
417,605
417,606
417,607
417,608
417,609
417,610
417,611
417,612
417,613
417,614
417,615
417,616
417,617
417,618
417,619
417,620
417,621
417,622
417,623
417,624
417,625
417,626
417,627
417,628
417,629
417,630
417,631
417,632
417,633
417,634
417,635
417,636
417,637
417,638
417,639
417,640
417,641
417,642
417,643
417,644
417,645
417,646
417,647
417,648
417,649
417,650
417,651
417,652
417,653
417,654
417,655
417,656
417,657
417,658
417,659
417,660
417,661
417,662
417,663
417,664
417,665
417,666
417,667
417,668
417,669
417,670
417,671
417,672
417,673
417,674
417,675
417,676
417,677
417,678
417,679
417,680
417,681
417,682
417,683
417,684
417,685
417,686
417,687
417,688
417,689
417,690
417,691
417,692
417,693
417,694
417,695
417,696
417,697
417,698
417,699
417,700
417,701
417,702
417,703
417,704
417,705
417,706
417,707
417,708
417,709
417,710
417,711
417,712
417,713
417,714
417,715
417,716
417,717
417,718
417,719
417,720
417,721
417,722
417,723
417,724
417,725
417,726
417,727
417,728
417,729
417,730
417,731
417,732
417,733
417,734
417,735
417,736
417,737
417,738
417,739
417,740
417,741
417,742
417,743
417,744
417,745
417,746
417,747
417,748
417,749
417,750
417,751
417,752
417,753
417,754
417,755
417,756
417,757
417,758
417,759
417,760
417,761
417,762
417,763
417,764
417,765
417,766
417,767
417,768
417,769
417,770
417,771
417,772
417,773
417,774
417,775
417,776
417,777
417,778
417,779
417,780
417,781
417,782
417,783
417,784
417,785
417,786
417,787
417,788
417,789
417,790
417,791
417,792
417,793
417,794
417,795
417,796
417,797
417,798
417,799
417,800
417,801
417,802
417,803
417,804
417,805
417,806
417,807
417,808
417,809
417,810
417,811
417,812
417,813
417,814
417,815
417,816
417,817
417,818
417,819
417,820
417,821
417,822
417,823
417,824
417,825
417,826
417,827
417,828
417,829
417,830
417,831
417,832
417,833
417,834
417,835
417,836
417,837
417,838
417,839
417,840
417,841
417,842
417,843
417,844
417,845
417,846
417,847
417,848
417,849
417,850
417,851
417,852
417,853
417,854
417,855
417,856
417,857
417,858
417,859
417,860
417,861
417,862
417,863
417,864
417,865
417,866
417,867
417,868
417,869
417,870
417,871
417,872
417,873
417,874
417,875
417,876
417,877
417,878
417,879
417,880
417,881
417,882
417,883
417,884
417,885
417,886
417,887
417,888
417,889
417,890
417,891
417,892
417,893
417,894
417,895
417,896
417,897
417,898
417,899
417,900
417,901
417,902
417,903
417,904
417,905
417,906
417,907
417,908
417,909
417,910
417,911
417,912
417,913
417,914
417,915
417,916
417,917
417,918
417,919
417,920
417,921
417,922
417,923
417,924
417,925
417,926
417,927
417,928
417,929
417,930
417,931
417,932
417,933
417,934
417,935
417,936
417,937
417,938
417,939
417,940
417,941
417,942
417,943
417,944
417,945
417,946
417,947
417,948
417,949
417,950
417,951
417,952
417,953
417,954
417,955
417,956
417,957
417,958
417,959
417,960
417,961
417,962
417,963
417,964
417,965
417,966
417,967
417,968
417,969
417,970
417,971
417,972
417,973
417,974
417,975
417,976
417,977
417,978
417,979
418,980
418,981
419,981
419,982
420,982
420,983
421,983
422,984
423,984
424,984
425,984
426,984
427,983
428,983
428,982
429,982
429,981
430,981
430,980
431,979
431,978
431,977
431,976
431,975
431,974
431,973
431,972
431,971
431,970
431,969
431,968
431,967
431,966
431,965
431,964
431,963
431,962
431,961
431,960
431,959
431,958
431,957
431,956
431,955
431,954
431,953
431,952
431,951
431,950
431,949
431,948
431,947
431,946
431,945
431,944
431,943
431,942
431,941
431,940
431,939
431,938
431,937
431,936
431,935
431,934
431,933
431,932
431,931
431,930
431,929
431,928
431,927
431,926
431,925
431,924
431,923
431,922
431,921
431,920
431,919
431,918
431,917
431,916
431,915
431,914
431,913
431,912
431,911
431,910
431,909
431,908
431,907
431,906
431,905
431,904
431,903
431,902
431,901
431,900
431,899
431,898
431,897
431,896
431,895
431,894
431,893
431,892
431,891
431,890
431,889
431,888
431,887
431,886
431,885
431,884
431,883
431,882
431,881
431,880
431,879
431,878
431,877
431,876
431,875
431,874
431,873
431,872
431,871
431,870
431,869
431,868
431,867
431,866
431,865
431,864
431,863
431,862
431,861
431,860
431,859
431,858
431,857
431,856
431,855
431,854
431,853
431,852
431,851
431,850
431,849
431,848
431,847
431,846
431,845
431,844
431,843
431,842
431,841
431,840
431,839
431,838
431,837
431,836
431,835
431,834
431,833
431,832
431,831
431,830
431,829
431,828
431,827
431,826
431,825
431,824
431,823
431,822
431,821
431,820
431,819
431,818
431,817
431,816
431,815
431,814
431,813
431,812
431,811
431,810
431,809
431,808
431,807
431,806
431,805
431,804
431,803
431,802
431,801
431,800
431,799
431,798
431,797
431,796
431,795
431,794
431,793
431,792
431,791
431,790
431,789
431,788
431,787
431,786
431,785
431,784
431,783
431,782
431,781
431,780
431,779
431,778
431,777
431,776
431,775
431,774
431,773
431,772
431,771
431,770
431,769
431,768
431,767
431,766
431,765
431,764
431,763
431,762
431,761
431,760
431,759
431,758
431,757
431,756
431,755
431,754
431,753
431,752
431,751
431,750
431,749
431,748
431,747
431,746
431,745
431,744
431,743
431,742
431,741
431,740
431,739
431,738
431,737
431,736
431,735
431,734
431,733
431,732
431,731
431,730
431,729
431,728
431,727
431,726
431,725
431,724
431,723
431,722
431,721
431,720
431,719
431,718
431,717
431,716
431,715
431,714
431,713
431,712
431,711
431,710
431,709
431,708
431,707
431,706
431,705
431,704
431,703
431,702
431,701
431,700
431,699
431,698
431,697
431,696
431,695
431,694
431,693
431,692
431,691
431,690
431,689
431,688
431,687
431,686
431,685
431,684
431,683
431,682
431,681
431,680
431,679
431,678
431,677
431,676
431,675
431,674
431,673
431,672
431,671
431,670
431,669
431,668
431,667
431,666
431,665
431,664
431,663
431,662
431,661
431,660
431,659
431,658
431,657
431,656
431,655
431,654
431,653
431,652
431,651
431,650
431,649
431,648
431,647
431,646
431,645
431,644
431,643
431,642
431,641
431,640
431,639
431,638
431,637
431,636
431,635
431,634
431,633
431,632
431,631
431,630
431,629
431,628
431,627
431,626
431,625
431,624
431,623
431,622
431,621
431,620
431,619
431,618
431,617
431,616
431,615
431,614
431,613
431,612
431,611
431,610
431,609
431,608
431,607
431,606
431,605
431,604
431,603
431,602
431,601
431,600
431,599
431,598
431,597
431,596
431,595
431,594
431,593
431,592
431,591
431,590
431,589
431,588
431,587
431,586
431,585
431,584
431,583
431,582
431,581
431,580
431,579
431,578
431,577
431,576
431,575
431,574
431,573
431,572
431,571
431,570
431,569
431,568
431,567
431,566
431,565
431,564
431,563
431,562
431,561
431,560
431,559
431,558
431,557
431,556
431,555
431,554
431,553
431,552
431,551
431,550
431,549
431,548
431,547
431,546
431,545
431,544
431,543
431,542
431,541
431,540
431,539
431,538
431,537
431,536
431,535
431,534
431,533
431,532
431,531
431,530
431,529
431,528
431,527
431,526
431,525
431,524
431,523
431,522
431,521
431,520
431,519
431,518
431,517
431,516
431,515
431,514
431,513
431,512
431,511
431,510
431,509
431,508
431,507
431,506
431,505
431,504
431,503
431,502
431,501
431,500
431,499
431,498
431,497
431,496
431,495
431,494
431,493
431,492
431,491
431,490
431,489
431,488
431,487
431,486
431,485
431,484
431,483
431,482
431,481
431,480
431,479
431,478
431,477
431,476
431,475
431,474
431,473
431,472
431,471
431,470
431,469
431,468
431,467
431,466
431,465
431,464
431,463
431,462
431,461
431,460
431,459
431,458
431,457
431,456
431,455
431,454
431,453
431,452
431,451
431,450
431,449
431,448
431,447
431,446
431,445
431,444
431,443
431,442
431,441
431,440
431,439
431,438
431,437
431,436
431,435
431,434
431,433
431,432
431,431
431,430
431,429
431,428
431,427
431,426
431,425
431,424
431,423
431,422
431,421
431,420
431,419
431,418
431,417
431,416
431,415
431,414
431,413
431,412
431,411
431,410
431,409
431,408
431,407
431,406
431,405
431,404
431,403
431,402
431,401
431,400
431,399
431,398
431,397
431,396
431,395
431,394
431,393
431,392
431,391
431,390
431,389
431,388
431,387
431,386
431,385
431,384
431,383
431,382
431,381
431,380
431,379
431,378
431,377
431,376
431,375
431,374
431,373
431,372
431,371
431,370
431,369
431,368
431,367
431,366
431,365
431,364
431,363
431,362
431,361
431,360
431,359
431,358
431,357
431,356
431,355
431,354
431,353
431,352
431,351
431,350
431,349
431,348
431,347
431,346
431,345
431,344
431,343
431,342
431,341
431,340
431,339
431,338
431,337
431,336
431,335
431,334
431,333
431,332
431,331
431,330
431,329
431,328
431,327
431,326
431,325
431,324
431,323
431,322
431,321
431,320
431,319
431,318
431,317
431,316
431,315
431,314
431,313
431,312
431,311
431,310
431,309
431,308
431,307
431,306
431,305
431,304
431,303
431,302
431,301
431,300
431,299
431,298
431,297
431,296
431,295
431,294
431,293
431,292
431,291
431,290
431,289
431,288
431,287
431,286
431,285
431,284
431,283
431,282
431,281
431,280
431,279
431,278
431,277
431,276
431,275
431,274
431,273
431,272
431,271
431,270
431,269
431,268
431,267
431,266
431,265
431,264
431,263
431,262
431,261
431,260
431,259
431,258
431,257
431,256
431,255
431,254
431,253
431,252
431,251
431,250
431,249
431,248
431,247
431,246
431,245
431,244
431,243
431,242
431,241
431,240
431,239
431,238
431,237
431,236
431,235
431,234
431,233
431,232
431,231
431,230
431,229
431,228
431,227
431,226
431,225
431,224
431,223
431,222
431,221
431,220
431,219
431,218
431,217
431,216
431,215
431,214
431,213
431,212
431,211
431,210
431,209
431,208
431,207
431,206
431,205
431,204
431,203
431,202
431,201
431,200
431,199
431,198
431,197
431,196
431,195
431,194
431,193
431,192
431,191
431,190
431,189
431,188
431,187
431,186
431,185
431,184
431,183
431,182
431,181
431,180
431,179
431,178
431,177
431,176
431,175
431,174
431,173
431,172
431,171
431,170
431,169
431,168
431,167
431,166
431,165
431,164
431,163
431,162
431,161
431,160
431,159
431,158
431,157
431,156
431,155
431,154
431,153
431,152
431,151
431,150
431,149
431,148
431,147
431,146
431,145
431,144
431,143
431,142
431,141
431,140
431,139
431,138
431,137
431,136
431,135
431,134
431,133
431,132
431,131
431,130
431,129
431,128
431,127
431,126
431,125
431,124
431,123
431,122
431,121
431,120
431,119
431,118
431,117
431,116
431,115
431,114
431,113
431,112
431,111
431,110
431,109
431,108
431,107
431,106
431,105
431,104
431,103
431,102
431,101
431,100
431,99
431,98
431,97
431,96
431,95
431,94
431,93
431,92
431,91
431,90
431,89
431,88
431,87
431,86
431,85
431,84
431,83
431,82
431,81
431,80
431,79
431,78
431,77
431,76
431,75
431,74
431,73
431,72
431,71
431,70
431,69
431,68
431,67
431,66
431,65
431,64
431,63
431,62
431,61
431,60
431,59
431,58
431,57
431,56
431,55
431,54
431,53
431,52
431,51
431,50
431,49
431,48
431,47
431,46
431,45
432,44
432,43
433,43
433,42
434,42
434,41
435,41
436,40
437,40
438,40
439,40
440,40
441,40
442,41
443,41
443,42
444,42
444,43
445,43
445,44
446,45
446,46
446,47
446,48
446,49
446,50
446,51
446,52
446,53
446,54
446,55
446,56
446,57
446,58
446,59
446,60
446,61
446,62
446,63
446,64
446,65
446,66
446,67
446,68
446,69
446,70
446,71
446,72
446,73
446,74
446,75
446,76
446,77
446,78
446,79
446,80
446,81
446,82
446,83
446,84
446,85
446,86
446,87
446,88
446,89
446,90
446,91
446,92
446,93
446,94
446,95
446,96
446,97
446,98
446,99
446,100
446,101
446,102
446,103
446,104
446,105
446,106
446,107
446,108
446,109
446,110
446,111
446,112
446,113
446,114
446,115
446,116
446,117
446,118
446,119
446,120
446,121
446,122
446,123
446,124
446,125
446,126
446,127
446,128
446,129
446,130
446,131
446,132
446,133
446,134
446,135
446,136
446,137
446,138
446,139
446,140
446,141
446,142
446,143
446,144
446,145
446,146
446,147
446,148
446,149
446,150
446,151
446,152
446,153
446,154
446,155
446,156
446,157
446,158
446,159
446,160
446,161
446,162
446,163
446,164
446,165
446,166
446,167
446,168
446,169
446,170
446,171
446,172
446,173
446,174
446,175
446,176
446,177
446,178
446,179
446,180
446,181
446,182
446,183
446,184
446,185
446,186
446,187
446,188
446,189
446,190
446,191
446,192
446,193
446,194
446,195
446,196
446,197
446,198
446,199
446,200
446,201
446,202
446,203
446,204
446,205
446,206
446,207
446,208
446,209
446,210
446,211
446,212
446,213
446,214
446,215
446,216
446,217
446,218
446,219
446,220
446,221
446,222
446,223
446,224
446,225
446,226
446,227
446,228
446,229
446,230
446,231
446,232
446,233
446,234
446,235
446,236
446,237
446,238
446,239
446,240
446,241
446,242
446,243
446,244
446,245
446,246
446,247
446,248
446,249
446,250
446,251
446,252
446,253
446,254
446,255
446,256
446,257
446,258
446,259
446,260
446,261
446,262
446,263
446,264
446,265
446,266
446,267
446,268
446,269
446,270
446,271
446,272
446,273
446,274
446,275
446,276
446,277
446,278
446,279
446,280
446,281
446,282
446,283
446,284
446,285
446,286
446,287
446,288
446,289
446,290
446,291
446,292
446,293
446,294
446,295
446,296
446,297
446,298
446,299
446,300
446,301
446,302
446,303
446,304
446,305
446,306
446,307
446,308
446,309
446,310
446,311
446,312
446,313
446,314
446,315
446,316
446,317
446,318
446,319
446,320
446,321
446,322
446,323
446,324
446,325
446,326
446,327
446,328
446,329
446,330
446,331
446,332
446,333
446,334
446,335
446,336
446,337
446,338
446,339
446,340
446,341
446,342
446,343
446,344
446,345
446,346
446,347
446,348
446,349
446,350
446,351
446,352
446,353
446,354
446,355
446,356
446,357
446,358
446,359
446,360
446,361
446,362
446,363
446,364
446,365
446,366
446,367
446,368
446,369
446,370
446,371
446,372
446,373
446,374
446,375
446,376
446,377
446,378
446,379
446,380
446,381
446,382
446,383
446,384
446,385
446,386
446,387
446,388
446,389
446,390
446,391
446,392
446,393
446,394
446,395
446,396
446,397
446,398
446,399
446,400
446,401
446,402
446,403
446,404
446,405
446,406
446,407
446,408
446,409
446,410
446,411
446,412
446,413
446,414
446,415
446,416
446,417
446,418
446,419
446,420
446,421
446,422
446,423
446,424
446,425
446,426
446,427
446,428
446,429
446,430
446,431
446,432
446,433
446,434
446,435
446,436
446,437
446,438
446,439
446,440
446,441
446,442
446,443
446,444
446,445
446,446
446,447
446,448
446,449
446,450
446,451
446,452
446,453
446,454
446,455
446,456
446,457
446,458
446,459
446,460
446,461
446,462
446,463
446,464
446,465
446,466
446,467
446,468
446,469
446,470
446,471
446,472
446,473
446,474
446,475
446,476
446,477
446,478
446,479
446,480
446,481
446,482
446,483
446,484
446,485
446,486
446,487
446,488
446,489
446,490
446,491
446,492
446,493
446,494
446,495
446,496
446,497
446,498
446,499
446,500
446,501
446,502
446,503
446,504
446,505
446,506
446,507
446,508
446,509
446,510
446,511
446,512
446,513
446,514
446,515
446,516
446,517
446,518
446,519
446,520
446,521
446,522
446,523
446,524
446,525
446,526
446,527
446,528
446,529
446,530
446,531
446,532
446,533
446,534
446,535
446,536
446,537
446,538
446,539
446,540
446,541
446,542
446,543
446,544
446,545
446,546
446,547
446,548
446,549
446,550
446,551
446,552
446,553
446,554
446,555
446,556
446,557
446,558
446,559
446,560
446,561
446,562
446,563
446,564
446,565
446,566
446,567
446,568
446,569
446,570
446,571
446,572
446,573
446,574
446,575
446,576
446,577
446,578
446,579
446,580
446,581
446,582
446,583
446,584
446,585
446,586
446,587
446,588
446,589
446,590
446,591
446,592
446,593
446,594
446,595
446,596
446,597
446,598
446,599
446,600
446,601
446,602
446,603
446,604
446,605
446,606
446,607
446,608
446,609
446,610
446,611
446,612
446,613
446,614
446,615
446,616
446,617
446,618
446,619
446,620
446,621
446,622
446,623
446,624
446,625
446,626
446,627
446,628
446,629
446,630
446,631
446,632
446,633
446,634
446,635
446,636
446,637
446,638
446,639
446,640
446,641
446,642
446,643
446,644
446,645
446,646
446,647
446,648
446,649
446,650
446,651
446,652
446,653
446,654
446,655
446,656
446,657
446,658
446,659
446,660
446,661
446,662
446,663
446,664
446,665
446,666
446,667
446,668
446,669
446,670
446,671
446,672
446,673
446,674
446,675
446,676
446,677
446,678
446,679
446,680
446,681
446,682
446,683
446,684
446,685
446,686
446,687
446,688
446,689
446,690
446,691
446,692
446,693
446,694
446,695
446,696
446,697
446,698
446,699
446,700
446,701
446,702
446,703
446,704
446,705
446,706
446,707
446,708
446,709
446,710
446,711
446,712
446,713
446,714
446,715
446,716
446,717
446,718
446,719
446,720
446,721
446,722
446,723
446,724
446,725
446,726
446,727
446,728
446,729
446,730
446,731
446,732
446,733
446,734
446,735
446,736
446,737
446,738
446,739
446,740
446,741
446,742
446,743
446,744
446,745
446,746
446,747
446,748
446,749
446,750
446,751
446,752
446,753
446,754
446,755
446,756
446,757
446,758
446,759
446,760
446,761
446,762
446,763
446,764
446,765
446,766
446,767
446,768
446,769
446,770
446,771
446,772
446,773
446,774
446,775
446,776
446,777
446,778
446,779
446,780
446,781
446,782
446,783
446,784
446,785
446,786
446,787
446,788
446,789
446,790
446,791
446,792
446,793
446,794
446,795
446,796
446,797
446,798
446,799
446,800
446,801
446,802
446,803
446,804
446,805
446,806
446,807
446,808
446,809
446,810
446,811
446,812
446,813
446,814
446,815
446,816
446,817
446,818
446,819
446,820
446,821
446,822
446,823
446,824
446,825
446,826
446,827
446,828
446,829
446,830
446,831
446,832
446,833
446,834
446,835
446,836
446,837
446,838
446,839
446,840
446,841
446,842
446,843
446,844
446,845
446,846
446,847
446,848
446,849
446,850
446,851
446,852
446,853
446,854
446,855
446,856
446,857
446,858
446,859
446,860
446,861
446,862
446,863
446,864
446,865
446,866
446,867
446,868
446,869
446,870
446,871
446,872
446,873
446,874
446,875
446,876
446,877
446,878
446,879
446,880
446,881
446,882
446,883
446,884
446,885
446,886
446,887
446,888
446,889
446,890
446,891
446,892
446,893
446,894
446,895
446,896
446,897
446,898
446,899
446,900
446,901
446,902
446,903
446,904
446,905
446,906
446,907
446,908
446,909
446,910
446,911
446,912
446,913
446,914
446,915
446,916
446,917
446,918
446,919
446,920
446,921
446,922
446,923
446,924
446,925
446,926
446,927
446,928
446,929
446,930
446,931
446,932
446,933
446,934
446,935
446,936
446,937
446,938
446,939
446,940
446,941
446,942
446,943
446,944
446,945
446,946
446,947
446,948
446,949
446,950
446,951
446,952
446,953
446,954
446,955
446,956
446,957
446,958
446,959
446,960
446,961
446,962
446,963
446,964
446,965
446,966
446,967
446,968
446,969
446,970
446,971
446,972
446,973
446,974
446,975
446,976
446,977
446,978
446,979
447,980
447,981
448,981
448,982
449,982
449,983
450,983
451,984
452,984
453,984
454,984
455,984
456,984
457,983
458,983
458,982
459,982
459,981
460,981
460,980
461,979
461,978
461,977
461,976
461,975
461,974
461,973
461,972
461,971
461,970
461,969
461,968
461,967
461,966
461,965
461,964
461,963
461,962
461,961
461,960
461,959
461,958
461,957
461,956
461,955
461,954
461,953
461,952
461,951
461,950
461,949
461,948
461,947
461,946
461,945
461,944
461,943
461,942
461,941
461,940
461,939
461,938
461,937
461,936
461,935
461,934
461,933
461,932
461,931
461,930
461,929
461,928
461,927
461,926
461,925
461,924
461,923
461,922
461,921
461,920
461,919
461,918
461,917
461,916
461,915
461,914
461,913
461,912
461,911
461,910
461,909
461,908
461,907
461,906
461,905
461,904
461,903
461,902
461,901
461,900
461,899
461,898
461,897
461,896
461,895
461,894
461,893
461,892
461,891
461,890
461,889
461,888
461,887
461,886
461,885
461,884
461,883
461,882
461,881
461,880
461,879
461,878
461,877
461,876
461,875
461,874
461,873
461,872
461,871
461,870
461,869
461,868
461,867
461,866
461,865
461,864
461,863
461,862
461,861
461,860
461,859
461,858
461,857
461,856
461,855
461,854
461,853
461,852
461,851
461,850
461,849
461,848
461,847
461,846
461,845
461,844
461,843
461,842
461,841
461,840
461,839
461,838
461,837
461,836
461,835
461,834
461,833
461,832
461,831
461,830
461,829
461,828
461,827
461,826
461,825
461,824
461,823
461,822
461,821
461,820
461,819
461,818
461,817
461,816
461,815
461,814
461,813
461,812
461,811
461,810
461,809
461,808
461,807
461,806
461,805
461,804
461,803
461,802
461,801
461,800
461,799
461,798
461,797
461,796
461,795
461,794
461,793
461,792
461,791
461,790
461,789
461,788
461,787
461,786
461,785
461,784
461,783
461,782
461,781
461,780
461,779
461,778
461,777
461,776
461,775
461,774
461,773
461,772
461,771
461,770
461,769
461,768
461,767
461,766
461,765
461,764
461,763
461,762
461,761
461,760
461,759
461,758
461,757
461,756
461,755
461,754
461,753
461,752
461,751
461,750
461,749
461,748
461,747
461,746
461,745
461,744
461,743
461,742
461,741
461,740
461,739
461,738
461,737
461,736
461,735
461,734
461,733
461,732
461,731
461,730
461,729
461,728
461,727
461,726
461,725
461,724
461,723
461,722
461,721
461,720
461,719
461,718
461,717
461,716
461,715
461,714
461,713
461,712
461,711
461,710
461,709
461,708
461,707
461,706
461,705
461,704
461,703
461,702
461,701
461,700
461,699
461,698
461,697
461,696
461,695
461,694
461,693
461,692
461,691
461,690
461,689
461,688
461,687
461,686
461,685
461,684
461,683
461,682
461,681
461,680
461,679
461,678
461,677
461,676
461,675
461,674
461,673
461,672
461,671
461,670
461,669
461,668
461,667
461,666
461,665
461,664
461,663
461,662
461,661
461,660
461,659
461,658
461,657
461,656
461,655
461,654
461,653
461,652
461,651
461,650
461,649
461,648
461,647
461,646
461,645
461,644
461,643
461,642
461,641
461,640
461,639
461,638
461,637
461,636
461,635
461,634
461,633
461,632
461,631
461,630
461,629
461,628
461,627
461,626
461,625
461,624
461,623
461,622
461,621
461,620
461,619
461,618
461,617
461,616
461,615
461,614
461,613
461,612
461,611
461,610
461,609
461,608
461,607
461,606
461,605
461,604
461,603
461,602
461,601
461,600
461,599
461,598
461,597
461,596
461,595
461,594
461,593
461,592
461,591
461,590
461,589
461,588
461,587
461,586
461,585
461,584
461,583
461,582
461,581
461,580
461,579
461,578
461,577
461,576
461,575
461,574
461,573
461,572
461,571
461,570
461,569
461,568
461,567
461,566
461,565
461,564
461,563
461,562
461,561
461,560
461,559
461,558
461,557
461,556
461,555
461,554
461,553
461,552
461,551
461,550
461,549
461,548
461,547
461,546
461,545
461,544
461,543
461,542
461,541
461,540
461,539
461,538
461,537
461,536
461,535
461,534
461,533
461,532
461,531
461,530
461,529
461,528
461,527
461,526
461,525
461,524
461,523
461,522
461,521
461,520
461,519
461,518
461,517
461,516
461,515
461,514
461,513
461,512
461,511
461,510
461,509
461,508
461,507
461,506
461,505
461,504
461,503
461,502
461,501
461,500
461,499
461,498
461,497
461,496
461,495
461,494
461,493
461,492
461,491
461,490
461,489
461,488
461,487
461,486
461,485
461,484
461,483
461,482
461,481
461,480
461,479
461,478
461,477
461,476
461,475
461,474
461,473
461,472
461,471
461,470
461,469
461,468
461,467
461,466
461,465
461,464
461,463
461,462
461,461
461,460
461,459
461,458
461,457
461,456
461,455
461,454
461,453
461,452
461,451
461,450
461,449
461,448
461,447
461,446
461,445
461,444
461,443
461,442
461,441
461,440
461,439
461,438
461,437
461,436
461,435
461,434
461,433
461,432
461,431
461,430
461,429
461,428
461,427
461,426
461,425
461,424
461,423
461,422
461,421
461,420
461,419
461,418
461,417
461,416
461,415
461,414
461,413
461,412
461,411
461,410
461,409
461,408
461,407
461,406
461,405
461,404
461,403
461,402
461,401
461,400
461,399
461,398
461,397
461,396
461,395
461,394
461,393
461,392
461,391
461,390
461,389
461,388
461,387
461,386
461,385
461,384
461,383
461,382
461,381
461,380
461,379
461,378
461,377
461,376
461,375
461,374
461,373
461,372
461,371
461,370
461,369
461,368
461,367
461,366
461,365
461,364
461,363
461,362
461,361
461,360
461,359
461,358
461,357
461,356
461,355
461,354
461,353
461,352
461,351
461,350
461,349
461,348
461,347
461,346
461,345
461,344
461,343
461,342
461,341
461,340
461,339
461,338
461,337
461,336
461,335
461,334
461,333
461,332
461,331
461,330
461,329
461,328
461,327
461,326
461,325
461,324
461,323
461,322
461,321
461,320
461,319
461,318
461,317
461,316
461,315
461,314
461,313
461,312
461,311
461,310
461,309
461,308
461,307
461,306
461,305
461,304
461,303
461,302
461,301
461,300
461,299
461,298
461,297
461,296
461,295
461,294
461,293
461,292
461,291
461,290
461,289
461,288
461,287
461,286
461,285
461,284
461,283
461,282
461,281
461,280
461,279
461,278
461,277
461,276
461,275
461,274
461,273
461,272
461,271
461,270
461,269
461,268
461,267
461,266
461,265
461,264
461,263
461,262
461,261
461,260
461,259
461,258
461,257
461,256
461,255
461,254
461,253
461,252
461,251
461,250
461,249
461,248
461,247
461,246
461,245
461,244
461,243
461,242
461,241
461,240
461,239
461,238
461,237
461,236
461,235
461,234
461,233
461,232
461,231
461,230
461,229
461,228
461,227
461,226
461,225
461,224
461,223
461,222
461,221
461,220
461,219
461,218
461,217
461,216
461,215
461,214
461,213
461,212
461,211
461,210
461,209
461,208
461,207
461,206
461,205
461,204
461,203
461,202
461,201
461,200
461,199
461,198
461,197
461,196
461,195
461,194
461,193
461,192
461,191
461,190
461,189
461,188
461,187
461,186
461,185
461,184
461,183
461,182
461,181
461,180
461,179
461,178
461,177
461,176
461,175
461,174
461,173
461,172
461,171
461,170
461,169
461,168
461,167
461,166
461,165
461,164
461,163
461,162
461,161
461,160
461,159
461,158
461,157
461,156
461,155
461,154
461,153
461,152
461,151
461,150
461,149
461,148
461,147
461,146
461,145
461,144
461,143
461,142
461,141
461,140
461,139
461,138
461,137
461,136
461,135
461,134
461,133
461,132
461,131
461,130
461,129
461,128
461,127
461,126
461,125
461,124
461,123
461,122
461,121
461,120
461,119
461,118
461,117
461,116
461,115
461,114
461,113
461,112
461,111
461,110
461,109
461,108
461,107
461,106
461,105
461,104
461,103
461,102
461,101
461,100
461,99
461,98
461,97
461,96
461,95
461,94
461,93
461,92
461,91
461,90
461,89
461,88
461,87
461,86
461,85
461,84
461,83
461,82
461,81
461,80
461,79
461,78
461,77
461,76
461,75
461,74
461,73
461,72
461,71
461,70
461,69
461,68
461,67
461,66
461,65
461,64
461,63
461,62
461,61
461,60
461,59
461,58
461,57
461,56
461,55
461,54
461,53
461,52
461,51
461,50
461,49
461,48
461,47
461,46
461,45
462,44
462,43
463,43
463,42
464,42
464,41
465,41
466,40
467,40
468,40
469,40
470,40
471,41
472,41
472,42
473,42
473,43
474,43
474,44
475,45
475,46
475,47
475,48
475,49
475,50
475,51
475,52
475,53
475,54
475,55
475,56
475,57
475,58
475,59
475,60
475,61
475,62
475,63
475,64
475,65
475,66
475,67
475,68
475,69
475,70
475,71
475,72
475,73
475,74
475,75
475,76
475,77
475,78
475,79
475,80
475,81
475,82
475,83
475,84
475,85
475,86
475,87
475,88
475,89
475,90
475,91
475,92
475,93
475,94
475,95
475,96
475,97
475,98
475,99
475,100
475,101
475,102
475,103
475,104
475,105
475,106
475,107
475,108
475,109
475,110
475,111
475,112
475,113
475,114
475,115
475,116
475,117
475,118
475,119
475,120
475,121
475,122
475,123
475,124
475,125
475,126
475,127
475,128
475,129
475,130
475,131
475,132
475,133
475,134
475,135
475,136
475,137
475,138
475,139
475,140
475,141
475,142
475,143
475,144
475,145
475,146
475,147
475,148
475,149
475,150
475,151
475,152
475,153
475,154
475,155
475,156
475,157
475,158
475,159
475,160
475,161
475,162
475,163
475,164
475,165
475,166
475,167
475,168
475,169
475,170
475,171
475,172
475,173
475,174
475,175
475,176
475,177
475,178
475,179
475,180
475,181
475,182
475,183
475,184
475,185
475,186
475,187
475,188
475,189
475,190
475,191
475,192
475,193
475,194
475,195
475,196
475,197
475,198
475,199
475,200
475,201
475,202
475,203
475,204
475,205
475,206
475,207
475,208
475,209
475,210
475,211
475,212
475,213
475,214
475,215
475,216
475,217
475,218
475,219
475,220
475,221
475,222
475,223
475,224
475,225
475,226
475,227
475,228
475,229
475,230
475,231
475,232
475,233
475,234
475,235
475,236
475,237
475,238
475,239
475,240
475,241
475,242
475,243
475,244
475,245
475,246
475,247
475,248
475,249
475,250
475,251
475,252
475,253
475,254
475,255
475,256
475,257
475,258
475,259
475,260
475,261
475,262
475,263
475,264
475,265
475,266
475,267
475,268
475,269
475,270
475,271
475,272
475,273
475,274
475,275
475,276
475,277
475,278
475,279
475,280
475,281
475,282
475,283
475,284
475,285
475,286
475,287
475,288
475,289
475,290
475,291
475,292
475,293
475,294
475,295
475,296
475,297
475,298
475,299
475,300
475,301
475,302
475,303
475,304
475,305
475,306
475,307
475,308
475,309
475,310
475,311
475,312
475,313
475,314
475,315
475,316
475,317
475,318
475,319
475,320
475,321
475,322
475,323
475,324
475,325
475,326
475,327
475,328
475,329
475,330
475,331
475,332
475,333
475,334
475,335
475,336
475,337
475,338
475,339
475,340
475,341
475,342
475,343
475,344
475,345
475,346
475,347
475,348
475,349
475,350
475,351
475,352
475,353
475,354
475,355
475,356
475,357
475,358
475,359
475,360
475,361
475,362
475,363
475,364
475,365
475,366
475,367
475,368
475,369
475,370
475,371
475,372
475,373
475,374
475,375
475,376
475,377
475,378
475,379
475,380
475,381
475,382
475,383
475,384
475,385
475,386
475,387
475,388
475,389
475,390
475,391
475,392
475,393
475,394
475,395
475,396
475,397
475,398
475,399
475,400
475,401
475,402
475,403
475,404
475,405
475,406
475,407
475,408
475,409
475,410
475,411
475,412
475,413
475,414
475,415
475,416
475,417
475,418
475,419
475,420
475,421
475,422
475,423
475,424
475,425
475,426
475,427
475,428
475,429
475,430
475,431
475,432
475,433
475,434
475,435
475,436
475,437
475,438
475,439
475,440
475,441
475,442
475,443
475,444
475,445
475,446
475,447
475,448
475,449
475,450
475,451
475,452
475,453
475,454
475,455
475,456
475,457
475,458
475,459
475,460
475,461
475,462
475,463
475,464
475,465
475,466
475,467
475,468
475,469
475,470
475,471
475,472
475,473
475,474
475,475
475,476
475,477
475,478
475,479
475,480
475,481
475,482
475,483
475,484
475,485
475,486
475,487
475,488
475,489
475,490
475,491
475,492
475,493
475,494
475,495
475,496
475,497
475,498
475,499
475,500
475,501
475,502
475,503
475,504
475,505
475,506
475,507
475,508
475,509
475,510
475,511
475,512
475,513
475,514
475,515
475,516
475,517
475,518
475,519
475,520
475,521
475,522
475,523
475,524
475,525
475,526
475,527
475,528
475,529
475,530
475,531
475,532
475,533
475,534
475,535
475,536
475,537
475,538
475,539
475,540
475,541
475,542
475,543
475,544
475,545
475,546
475,547
475,548
475,549
475,550
475,551
475,552
475,553
475,554
475,555
475,556
475,557
475,558
475,559
475,560
475,561
475,562
475,563
475,564
475,565
475,566
475,567
475,568
475,569
475,570
475,571
475,572
475,573
475,574
475,575
475,576
475,577
475,578
475,579
475,580
475,581
475,582
475,583
475,584
475,585
475,586
475,587
475,588
475,589
475,590
475,591
475,592
475,593
475,594
475,595
475,596
475,597
475,598
475,599
475,600
475,601
475,602
475,603
475,604
475,605
475,606
475,607
475,608
475,609
475,610
475,611
475,612
475,613
475,614
475,615
475,616
475,617
475,618
475,619
475,620
475,621
475,622
475,623
475,624
475,625
475,626
475,627
475,628
475,629
475,630
475,631
475,632
475,633
475,634
475,635
475,636
475,637
475,638
475,639
475,640
475,641
475,642
475,643
475,644
475,645
475,646
475,647
475,648
475,649
475,650
475,651
475,652
475,653
475,654
475,655
475,656
475,657
475,658
475,659
475,660
475,661
475,662
475,663
475,664
475,665
475,666
475,667
475,668
475,669
475,670
475,671
475,672
475,673
475,674
475,675
475,676
475,677
475,678
475,679
475,680
475,681
475,682
475,683
475,684
475,685
475,686
475,687
475,688
475,689
475,690
475,691
475,692
475,693
475,694
475,695
475,696
475,697
475,698
475,699
475,700
475,701
475,702
475,703
475,704
475,705
475,706
475,707
475,708
475,709
475,710
475,711
475,712
475,713
475,714
475,715
475,716
475,717
475,718
475,719
475,720
475,721
475,722
475,723
475,724
475,725
475,726
475,727
475,728
475,729
475,730
475,731
475,732
475,733
475,734
475,735
475,736
475,737
475,738
475,739
475,740
475,741
475,742
475,743
475,744
475,745
475,746
475,747
475,748
475,749
475,750
475,751
475,752
475,753
475,754
475,755
475,756
475,757
475,758
475,759
475,760
475,761
475,762
475,763
475,764
475,765
475,766
475,767
475,768
475,769
475,770
475,771
475,772
475,773
475,774
475,775
475,776
475,777
475,778
475,779
475,780
475,781
475,782
475,783
475,784
475,785
475,786
475,787
475,788
475,789
475,790
475,791
475,792
475,793
475,794
475,795
475,796
475,797
475,798
475,799
475,800
475,801
475,802
475,803
475,804
475,805
475,806
475,807
475,808
475,809
475,810
475,811
475,812
475,813
475,814
475,815
475,816
475,817
475,818
475,819
475,820
475,821
475,822
475,823
475,824
475,825
475,826
475,827
475,828
475,829
475,830
475,831
475,832
475,833
475,834
475,835
475,836
475,837
475,838
475,839
475,840
475,841
475,842
475,843
475,844
475,845
475,846
475,847
475,848
475,849
475,850
475,851
475,852
475,853
475,854
475,855
475,856
475,857
475,858
475,859
475,860
475,861
475,862
475,863
475,864
475,865
475,866
475,867
475,868
475,869
475,870
475,871
475,872
475,873
475,874
475,875
475,876
475,877
475,878
475,879
475,880
475,881
475,882
475,883
475,884
475,885
475,886
475,887
475,888
475,889
475,890
475,891
475,892
475,893
475,894
475,895
475,896
475,897
475,898
475,899
475,900
475,901
475,902
475,903
475,904
475,905
475,906
475,907
475,908
475,909
475,910
475,911
475,912
475,913
475,914
475,915
475,916
475,917
475,918
475,919
475,920
475,921
475,922
475,923
475,924
475,925
475,926
475,927
475,928
475,929
475,930
475,931
475,932
475,933
475,934
475,935
475,936
475,937
475,938
475,939
475,940
475,941
475,942
475,943
475,944
475,945
475,946
475,947
475,948
475,949
475,950
475,951
475,952
475,953
475,954
475,955
475,956
475,957
475,958
475,959
475,960
475,961
475,962
475,963
475,964
475,965
475,966
475,967
475,968
475,969
475,970
475,971
475,972
475,973
475,974
475,975
475,976
475,977
475,978
475,979
476,980
476,981
477,981
477,982
478,982
478,983
479,983
480,984
481,984
482,984
483,984
484,984
485,984
486,983
487,983
487,982
488,982
488,981
489,981
489,980
490,979
490,978
490,977
490,976
490,975
490,974
490,973
490,972
490,971
490,970
490,969
490,968
490,967
490,966
490,965
490,964
490,963
490,962
490,961
490,960
490,959
490,958
490,957
490,956
490,955
490,954
490,953
490,952
490,951
490,950
490,949
490,948
490,947
490,946
490,945
490,944
490,943
490,942
490,941
490,940
490,939
490,938
490,937
490,936
490,935
490,934
490,933
490,932
490,931
490,930
490,929
490,928
490,927
490,926
490,925
490,924
490,923
490,922
490,921
490,920
490,919
490,918
490,917
490,916
490,915
490,914
490,913
490,912
490,911
490,910
490,909
490,908
490,907
490,906
490,905
490,904
490,903
490,902
490,901
490,900
490,899
490,898
490,897
490,896
490,895
490,894
490,893
490,892
490,891
490,890
490,889
490,888
490,887
490,886
490,885
490,884
490,883
490,882
490,881
490,880
490,879
490,878
490,877
490,876
490,875
490,874
490,873
490,872
490,871
490,870
490,869
490,868
490,867
490,866
490,865
490,864
490,863
490,862
490,861
490,860
490,859
490,858
490,857
490,856
490,855
490,854
490,853
490,852
490,851
490,850
490,849
490,848
490,847
490,846
490,845
490,844
490,843
490,842
490,841
490,840
490,839
490,838
490,837
490,836
490,835
490,834
490,833
490,832
490,831
490,830
490,829
490,828
490,827
490,826
490,825
490,824
490,823
490,822
490,821
490,820
490,819
490,818
490,817
490,816
490,815
490,814
490,813
490,812
490,811
490,810
490,809
490,808
490,807
490,806
490,805
490,804
490,803
490,802
490,801
490,800
490,799
490,798
490,797
490,796
490,795
490,794
490,793
490,792
490,791
490,790
490,789
490,788
490,787
490,786
490,785
490,784
490,783
490,782
490,781
490,780
490,779
490,778
490,777
490,776
490,775
490,774
490,773
490,772
490,771
490,770
490,769
490,768
490,767
490,766
490,765
490,764
490,763
490,762
490,761
490,760
490,759
490,758
490,757
490,756
490,755
490,754
490,753
490,752
490,751
490,750
490,749
490,748
490,747
490,746
490,745
490,744
490,743
490,742
490,741
490,740
490,739
490,738
490,737
490,736
490,735
490,734
490,733
490,732
490,731
490,730
490,729
490,728
490,727
490,726
490,725
490,724
490,723
490,722
490,721
490,720
490,719
490,718
490,717
490,716
490,715
490,714
490,713
490,712
490,711
490,710
490,709
490,708
490,707
490,706
490,705
490,704
490,703
490,702
490,701
490,700
490,699
490,698
490,697
490,696
490,695
490,694
490,693
490,692
490,691
490,690
490,689
490,688
490,687
490,686
490,685
490,684
490,683
490,682
490,681
490,680
490,679
490,678
490,677
490,676
490,675
490,674
490,673
490,672
490,671
490,670
490,669
490,668
490,667
490,666
490,665
490,664
490,663
490,662
490,661
490,660
490,659
490,658
490,657
490,656
490,655
490,654
490,653
490,652
490,651
490,650
490,649
490,648
490,647
490,646
490,645
490,644
490,643
490,642
490,641
490,640
490,639
490,638
490,637
490,636
490,635
490,634
490,633
490,632
490,631
490,630
490,629
490,628
490,627
490,626
490,625
490,624
490,623
490,622
490,621
490,620
490,619
490,618
490,617
490,616
490,615
490,614
490,613
490,612
490,611
490,610
490,609
490,608
490,607
490,606
490,605
490,604
490,603
490,602
490,601
490,600
490,599
490,598
490,597
490,596
490,595
490,594
490,593
490,592
490,591
490,590
490,589
490,588
490,587
490,586
490,585
490,584
490,583
490,582
490,581
490,580
490,579
490,578
490,577
490,576
490,575
490,574
490,573
490,572
490,571
490,570
490,569
490,568
490,567
490,566
490,565
490,564
490,563
490,562
490,561
490,560
490,559
490,558
490,557
490,556
490,555
490,554
490,553
490,552
490,551
490,550
490,549
490,548
490,547
490,546
490,545
490,544
490,543
490,542
490,541
490,540
490,539
490,538
490,537
490,536
490,535
490,534
490,533
490,532
490,531
490,530
490,529
490,528
490,527
490,526
490,525
490,524
490,523
490,522
490,521
490,520
490,519
490,518
490,517
490,516
490,515
490,514
490,513
490,512
490,511
490,510
490,509
490,508
490,507
490,506
490,505
490,504
490,503
490,502
490,501
490,500
490,499
490,498
490,497
490,496
490,495
490,494
490,493
490,492
490,491
490,490
490,489
490,488
490,487
490,486
490,485
490,484
490,483
490,482
490,481
490,480
490,479
490,478
490,477
490,476
490,475
490,474
490,473
490,472
490,471
490,470
490,469
490,468
490,467
490,466
490,465
490,464
490,463
490,462
490,461
490,460
490,459
490,458
490,457
490,456
490,455
490,454
490,453
490,452
490,451
490,450
490,449
490,448
490,447
490,446
490,445
490,444
490,443
490,442
490,441
490,440
490,439
490,438
490,437
490,436
490,435
490,434
490,433
490,432
490,431
490,430
490,429
490,428
490,427
490,426
490,425
490,424
490,423
490,422
490,421
490,420
490,419
490,418
490,417
490,416
490,415
490,414
490,413
490,412
490,411
490,410
490,409
490,408
490,407
490,406
490,405
490,404
490,403
490,402
490,401
490,400
490,399
490,398
490,397
490,396
490,395
490,394
490,393
490,392
490,391
490,390
490,389
490,388
490,387
490,386
490,385
490,384
490,383
490,382
490,381
490,380
490,379
490,378
490,377
490,376
490,375
490,374
490,373
490,372
490,371
490,370
490,369
490,368
490,367
490,366
490,365
490,364
490,363
490,362
490,361
490,360
490,359
490,358
490,357
490,356
490,355
490,354
490,353
490,352
490,351
490,350
490,349
490,348
490,347
490,346
490,345
490,344
490,343
490,342
490,341
490,340
490,339
490,338
490,337
490,336
490,335
490,334
490,333
490,332
490,331
490,330
490,329
490,328
490,327
490,326
490,325
490,324
490,323
490,322
490,321
490,320
490,319
490,318
490,317
490,316
490,315
490,314
490,313
490,312
490,311
490,310
490,309
490,308
490,307
490,306
490,305
490,304
490,303
490,302
490,301
490,300
490,299
490,298
490,297
490,296
490,295
490,294
490,293
490,292
490,291
490,290
490,289
490,288
490,287
490,286
490,285
490,284
490,283
490,282
490,281
490,280
490,279
490,278
490,277
490,276
490,275
490,274
490,273
490,272
490,271
490,270
490,269
490,268
490,267
490,266
490,265
490,264
490,263
490,262
490,261
490,260
490,259
490,258
490,257
490,256
490,255
490,254
490,253
490,252
490,251
490,250
490,249
490,248
490,247
490,246
490,245
490,244
490,243
490,242
490,241
490,240
490,239
490,238
490,237
490,236
490,235
490,234
490,233
490,232
490,231
490,230
490,229
490,228
490,227
490,226
490,225
490,224
490,223
490,222
490,221
490,220
490,219
490,218
490,217
490,216
490,215
490,214
490,213
490,212
490,211
490,210
490,209
490,208
490,207
490,206
490,205
490,204
490,203
490,202
490,201
490,200
490,199
490,198
490,197
490,196
490,195
490,194
490,193
490,192
490,191
490,190
490,189
490,188
490,187
490,186
490,185
490,184
490,183
490,182
490,181
490,180
490,179
490,178
490,177
490,176
490,175
490,174
490,173
490,172
490,171
490,170
490,169
490,168
490,167
490,166
490,165
490,164
490,163
490,162
490,161
490,160
490,159
490,158
490,157
490,156
490,155
490,154
490,153
490,152
490,151
490,150
490,149
490,148
490,147
490,146
490,145
490,144
490,143
490,142
490,141
490,140
490,139
490,138
490,137
490,136
490,135
490,134
490,133
490,132
490,131
490,130
490,129
490,128
490,127
490,126
490,125
490,124
490,123
490,122
490,121
490,120
490,119
490,118
490,117
490,116
490,115
490,114
490,113
490,112
490,111
490,110
490,109
490,108
490,107
490,106
490,105
490,104
490,103
490,102
490,101
490,100
490,99
490,98
490,97
490,96
490,95
490,94
490,93
490,92
490,91
490,90
490,89
490,88
490,87
490,86
490,85
490,84
490,83
490,82
490,81
490,80
490,79
490,78
490,77
490,76
490,75
490,74
490,73
490,72
490,71
490,70
490,69
490,68
490,67
490,66
490,65
490,64
490,63
490,62
490,61
490,60
490,59
490,58
490,57
490,56
490,55
490,54
490,53
490,52
490,51
490,50
490,49
490,48
490,47
490,46
490,45
491,44
491,43
492,43
492,42
493,42
493,41
494,41
495,40
496,40
497,40
498,40
499,40
500,40
501,41
502,41
502,42
503,42
503,43
504,43
504,44
505,45
505,46
505,47
505,48
505,49
505,50
505,51
505,52
505,53
505,54
505,55
505,56
505,57
505,58
505,59
505,60
505,61
505,62
505,63
505,64
505,65
505,66
505,67
505,68
505,69
505,70
505,71
505,72
505,73
505,74
505,75
505,76
505,77
505,78
505,79
505,80
505,81
505,82
505,83
505,84
505,85
505,86
505,87
505,88
505,89
505,90
505,91
505,92
505,93
505,94
505,95
505,96
505,97
505,98
505,99
505,100
505,101
505,102
505,103
505,104
505,105
505,106
505,107
505,108
505,109
505,110
505,111
505,112
505,113
505,114
505,115
505,116
505,117
505,118
505,119
505,120
505,121
505,122
505,123
505,124
505,125
505,126
505,127
505,128
505,129
505,130
505,131
505,132
505,133
505,134
505,135
505,136
505,137
505,138
505,139
505,140
505,141
505,142
505,143
505,144
505,145
505,146
505,147
505,148
505,149
505,150
505,151
505,152
505,153
505,154
505,155
505,156
505,157
505,158
505,159
505,160
505,161
505,162
505,163
505,164
505,165
505,166
505,167
505,168
505,169
505,170
505,171
505,172
505,173
505,174
505,175
505,176
505,177
505,178
505,179
505,180
505,181
505,182
505,183
505,184
505,185
505,186
505,187
505,188
505,189
505,190
505,191
505,192
505,193
505,194
505,195
505,196
505,197
505,198
505,199
505,200
505,201
505,202
505,203
505,204
505,205
505,206
505,207
505,208
505,209
505,210
505,211
505,212
505,213
505,214
505,215
505,216
505,217
505,218
505,219
505,220
505,221
505,222
505,223
505,224
505,225
505,226
505,227
505,228
505,229
505,230
505,231
505,232
505,233
505,234
505,235
505,236
505,237
505,238
505,239
505,240
505,241
505,242
505,243
505,244
505,245
505,246
505,247
505,248
505,249
505,250
505,251
505,252
505,253
505,254
505,255
505,256
505,257
505,258
505,259
505,260
505,261
505,262
505,263
505,264
505,265
505,266
505,267
505,268
505,269
505,270
505,271
505,272
505,273
505,274
505,275
505,276
505,277
505,278
505,279
505,280
505,281
505,282
505,283
505,284
505,285
505,286
505,287
505,288
505,289
505,290
505,291
505,292
505,293
505,294
505,295
505,296
505,297
505,298
505,299
505,300
505,301
505,302
505,303
505,304
505,305
505,306
505,307
505,308
505,309
505,310
505,311
505,312
505,313
505,314
505,315
505,316
505,317
505,318
505,319
505,320
505,321
505,322
505,323
505,324
505,325
505,326
505,327
505,328
505,329
505,330
505,331
505,332
505,333
505,334
505,335
505,336
505,337
505,338
505,339
505,340
505,341
505,342
505,343
505,344
505,345
505,346
505,347
505,348
505,349
505,350
505,351
505,352
505,353
505,354
505,355
505,356
505,357
505,358
505,359
505,360
505,361
505,362
505,363
505,364
505,365
505,366
505,367
505,368
505,369
505,370
505,371
505,372
505,373
505,374
505,375
505,376
505,377
505,378
505,379
505,380
505,381
505,382
505,383
505,384
505,385
505,386
505,387
505,388
505,389
505,390
505,391
505,392
505,393
505,394
505,395
505,396
505,397
505,398
505,399
505,400
505,401
505,402
505,403
505,404
505,405
505,406
505,407
505,408
505,409
505,410
505,411
505,412
505,413
505,414
505,415
505,416
505,417
505,418
505,419
505,420
505,421
505,422
505,423
505,424
505,425
505,426
505,427
505,428
505,429
505,430
505,431
505,432
505,433
505,434
505,435
505,436
505,437
505,438
505,439
505,440
505,441
505,442
505,443
505,444
505,445
505,446
505,447
505,448
505,449
505,450
505,451
505,452
505,453
505,454
505,455
505,456
505,457
505,458
505,459
505,460
505,461
505,462
505,463
505,464
505,465
505,466
505,467
505,468
505,469
505,470
505,471
505,472
505,473
505,474
505,475
505,476
505,477
505,478
505,479
505,480
505,481
505,482
505,483
505,484
505,485
505,486
505,487
505,488
505,489
505,490
505,491
505,492
505,493
505,494
505,495
505,496
505,497
505,498
505,499
505,500
505,501
505,502
505,503
505,504
505,505
505,506
505,507
505,508
505,509
505,510
505,511
505,512
505,513
505,514
505,515
505,516
505,517
505,518
505,519
505,520
505,521
505,522
505,523
505,524
505,525
505,526
505,527
505,528
505,529
505,530
505,531
505,532
505,533
505,534
505,535
505,536
505,537
505,538
505,539
505,540
505,541
505,542
505,543
505,544
505,545
505,546
505,547
505,548
505,549
505,550
505,551
505,552
505,553
505,554
505,555
505,556
505,557
505,558
505,559
505,560
505,561
505,562
505,563
505,564
505,565
505,566
505,567
505,568
505,569
505,570
505,571
505,572
505,573
505,574
505,575
505,576
505,577
505,578
505,579
505,580
505,581
505,582
505,583
505,584
505,585
505,586
505,587
505,588
505,589
505,590
505,591
505,592
505,593
505,594
505,595
505,596
505,597
505,598
505,599
505,600
505,601
505,602
505,603
505,604
505,605
505,606
505,607
505,608
505,609
505,610
505,611
505,612
505,613
505,614
505,615
505,616
505,617
505,618
505,619
505,620
505,621
505,622
505,623
505,624
505,625
505,626
505,627
505,628
505,629
505,630
505,631
505,632
505,633
505,634
505,635
505,636
505,637
505,638
505,639
505,640
505,641
505,642
505,643
505,644
505,645
505,646
505,647
505,648
505,649
505,650
505,651
505,652
505,653
505,654
505,655
505,656
505,657
505,658
505,659
505,660
505,661
505,662
505,663
505,664
505,665
505,666
505,667
505,668
505,669
505,670
505,671
505,672
505,673
505,674
505,675
505,676
505,677
505,678
505,679
505,680
505,681
505,682
505,683
505,684
505,685
505,686
505,687
505,688
505,689
505,690
505,691
505,692
505,693
505,694
505,695
505,696
505,697
505,698
505,699
505,700
505,701
505,702
505,703
505,704
505,705
505,706
505,707
505,708
505,709
505,710
505,711
505,712
505,713
505,714
505,715
505,716
505,717
505,718
505,719
505,720
505,721
505,722
505,723
505,724
505,725
505,726
505,727
505,728
505,729
505,730
505,731
505,732
505,733
505,734
505,735
505,736
505,737
505,738
505,739
505,740
505,741
505,742
505,743
505,744
505,745
505,746
505,747
505,748
505,749
505,750
505,751
505,752
505,753
505,754
505,755
505,756
505,757
505,758
505,759
505,760
505,761
505,762
505,763
505,764
505,765
505,766
505,767
505,768
505,769
505,770
505,771
505,772
505,773
505,774
505,775
505,776
505,777
505,778
505,779
505,780
505,781
505,782
505,783
505,784
505,785
505,786
505,787
505,788
505,789
505,790
505,791
505,792
505,793
505,794
505,795
505,796
505,797
505,798
505,799
505,800
505,801
505,802
505,803
505,804
505,805
505,806
505,807
505,808
505,809
505,810
505,811
505,812
505,813
505,814
505,815
505,816
505,817
505,818
505,819
505,820
505,821
505,822
505,823
505,824
505,825
505,826
505,827
505,828
505,829
505,830
505,831
505,832
505,833
505,834
505,835
505,836
505,837
505,838
505,839
505,840
505,841
505,842
505,843
505,844
505,845
505,846
505,847
505,848
505,849
505,850
505,851
505,852
505,853
505,854
505,855
505,856
505,857
505,858
505,859
505,860
505,861
505,862
505,863
505,864
505,865
505,866
505,867
505,868
505,869
505,870
505,871
505,872
505,873
505,874
505,875
505,876
505,877
505,878
505,879
505,880
505,881
505,882
505,883
505,884
505,885
505,886
505,887
505,888
505,889
505,890
505,891
505,892
505,893
505,894
505,895
505,896
505,897
505,898
505,899
505,900
505,901
505,902
505,903
505,904
505,905
505,906
505,907
505,908
505,909
505,910
505,911
505,912
505,913
505,914
505,915
505,916
505,917
505,918
505,919
505,920
505,921
505,922
505,923
505,924
505,925
505,926
505,927
505,928
505,929
505,930
505,931
505,932
505,933
505,934
505,935
505,936
505,937
505,938
505,939
505,940
505,941
505,942
505,943
505,944
505,945
505,946
505,947
505,948
505,949
505,950
505,951
505,952
505,953
505,954
505,955
505,956
505,957
505,958
505,959
505,960
505,961
505,962
505,963
505,964
505,965
505,966
505,967
505,968
505,969
505,970
505,971
505,972
505,973
505,974
505,975
505,976
505,977
505,978
505,979
506,980
506,981
507,981
507,982
508,982
508,983
509,983
510,984
511,984
512,984
513,984
514,984
515,983
516,983
516,982
517,982
517,981
518,981
518,980
519,979
519,978
519,977
519,976
519,975
519,974
519,973
519,972
519,971
519,970
519,969
519,968
519,967
519,966
519,965
519,964
519,963
519,962
519,961
519,960
519,959
519,958
519,957
519,956
519,955
519,954
519,953
519,952
519,951
519,950
519,949
519,948
519,947
519,946
519,945
519,944
519,943
519,942
519,941
519,940
519,939
519,938
519,937
519,936
519,935
519,934
519,933
519,932
519,931
519,930
519,929
519,928
519,927
519,926
519,925
519,924
519,923
519,922
519,921
519,920
519,919
519,918
519,917
519,916
519,915
519,914
519,913
519,912
519,911
519,910
519,909
519,908
519,907
519,906
519,905
519,904
519,903
519,902
519,901
519,900
519,899
519,898
519,897
519,896
519,895
519,894
519,893
519,892
519,891
519,890
519,889
519,888
519,887
519,886
519,885
519,884
519,883
519,882
519,881
519,880
519,879
519,878
519,877
519,876
519,875
519,874
519,873
519,872
519,871
519,870
519,869
519,868
519,867
519,866
519,865
519,864
519,863
519,862
519,861
519,860
519,859
519,858
519,857
519,856
519,855
519,854
519,853
519,852
519,851
519,850
519,849
519,848
519,847
519,846
519,845
519,844
519,843
519,842
519,841
519,840
519,839
519,838
519,837
519,836
519,835
519,834
519,833
519,832
519,831
519,830
519,829
519,828
519,827
519,826
519,825
519,824
519,823
519,822
519,821
519,820
519,819
519,818
519,817
519,816
519,815
519,814
519,813
519,812
519,811
519,810
519,809
519,808
519,807
519,806
519,805
519,804
519,803
519,802
519,801
519,800
519,799
519,798
519,797
519,796
519,795
519,794
519,793
519,792
519,791
519,790
519,789
519,788
519,787
519,786
519,785
519,784
519,783
519,782
519,781
519,780
519,779
519,778
519,777
519,776
519,775
519,774
519,773
519,772
519,771
519,770
519,769
519,768
519,767
519,766
519,765
519,764
519,763
519,762
519,761
519,760
519,759
519,758
519,757
519,756
519,755
519,754
519,753
519,752
519,751
519,750
519,749
519,748
519,747
519,746
519,745
519,744
519,743
519,742
519,741
519,740
519,739
519,738
519,737
519,736
519,735
519,734
519,733
519,732
519,731
519,730
519,729
519,728
519,727
519,726
519,725
519,724
519,723
519,722
519,721
519,720
519,719
519,718
519,717
519,716
519,715
519,714
519,713
519,712
519,711
519,710
519,709
519,708
519,707
519,706
519,705
519,704
519,703
519,702
519,701
519,700
519,699
519,698
519,697
519,696
519,695
519,694
519,693
519,692
519,691
519,690
519,689
519,688
519,687
519,686
519,685
519,684
519,683
519,682
519,681
519,680
519,679
519,678
519,677
519,676
519,675
519,674
519,673
519,672
519,671
519,670
519,669
519,668
519,667
519,666
519,665
519,664
519,663
519,662
519,661
519,660
519,659
519,658
519,657
519,656
519,655
519,654
519,653
519,652
519,651
519,650
519,649
519,648
519,647
519,646
519,645
519,644
519,643
519,642
519,641
519,640
519,639
519,638
519,637
519,636
519,635
519,634
519,633
519,632
519,631
519,630
519,629
519,628
519,627
519,626
519,625
519,624
519,623
519,622
519,621
519,620
519,619
519,618
519,617
519,616
519,615
519,614
519,613
519,612
519,611
519,610
519,609
519,608
519,607
519,606
519,605
519,604
519,603
519,602
519,601
519,600
519,599
519,598
519,597
519,596
519,595
519,594
519,593
519,592
519,591
519,590
519,589
519,588
519,587
519,586
519,585
519,584
519,583
519,582
519,581
519,580
519,579
519,578
519,577
519,576
519,575
519,574
519,573
519,572
519,571
519,570
519,569
519,568
519,567
519,566
519,565
519,564
519,563
519,562
519,561
519,560
519,559
519,558
519,557
519,556
519,555
519,554
519,553
519,552
519,551
519,550
519,549
519,548
519,547
519,546
519,545
519,544
519,543
519,542
519,541
519,540
519,539
519,538
519,537
519,536
519,535
519,534
519,533
519,532
519,531
519,530
519,529
519,528
519,527
519,526
519,525
519,524
519,523
519,522
519,521
519,520
519,519
519,518
519,517
519,516
519,515
519,514
519,513
519,512
519,511
519,510
519,509
519,508
519,507
519,506
519,505
519,504
519,503
519,502
519,501
519,500
519,499
519,498
519,497
519,496
519,495
519,494
519,493
519,492
519,491
519,490
519,489
519,488
519,487
519,486
519,485
519,484
519,483
519,482
519,481
519,480
519,479
519,478
519,477
519,476
519,475
519,474
519,473
519,472
519,471
519,470
519,469
519,468
519,467
519,466
519,465
519,464
519,463
519,462
519,461
519,460
519,459
519,458
519,457
519,456
519,455
519,454
519,453
519,452
519,451
519,450
519,449
519,448
519,447
519,446
519,445
519,444
519,443
519,442
519,441
519,440
519,439
519,438
519,437
519,436
519,435
519,434
519,433
519,432
519,431
519,430
519,429
519,428
519,427
519,426
519,425
519,424
519,423
519,422
519,421
519,420
519,419
519,418
519,417
519,416
519,415
519,414
519,413
519,412
519,411
519,410
519,409
519,408
519,407
519,406
519,405
519,404
519,403
519,402
519,401
519,400
519,399
519,398
519,397
519,396
519,395
519,394
519,393
519,392
519,391
519,390
519,389
519,388
519,387
519,386
519,385
519,384
519,383
519,382
519,381
519,380
519,379
519,378
519,377
519,376
519,375
519,374
519,373
519,372
519,371
519,370
519,369
519,368
519,367
519,366
519,365
519,364
519,363
519,362
519,361
519,360
519,359
519,358
519,357
519,356
519,355
519,354
519,353
519,352
519,351
519,350
519,349
519,348
519,347
519,346
519,345
519,344
519,343
519,342
519,341
519,340
519,339
519,338
519,337
519,336
519,335
519,334
519,333
519,332
519,331
519,330
519,329
519,328
519,327
519,326
519,325
519,324
519,323
519,322
519,321
519,320
519,319
519,318
519,317
519,316
519,315
519,314
519,313
519,312
519,311
519,310
519,309
519,308
519,307
519,306
519,305
519,304
519,303
519,302
519,301
519,300
519,299
519,298
519,297
519,296
519,295
519,294
519,293
519,292
519,291
519,290
519,289
519,288
519,287
519,286
519,285
519,284
519,283
519,282
519,281
519,280
519,279
519,278
519,277
519,276
519,275
519,274
519,273
519,272
519,271
519,270
519,269
519,268
519,267
519,266
519,265
519,264
519,263
519,262
519,261
519,260
519,259
519,258
519,257
519,256
519,255
519,254
519,253
519,252
519,251
519,250
519,249
519,248
519,247
519,246
519,245
519,244
519,243
519,242
519,241
519,240
519,239
519,238
519,237
519,236
519,235
519,234
519,233
519,232
519,231
519,230
519,229
519,228
519,227
519,226
519,225
519,224
519,223
519,222
519,221
519,220
519,219
519,218
519,217
519,216
519,215
519,214
519,213
519,212
519,211
519,210
519,209
519,208
519,207
519,206
519,205
519,204
519,203
519,202
519,201
519,200
519,199
519,198
519,197
519,196
519,195
519,194
519,193
519,192
519,191
519,190
519,189
519,188
519,187
519,186
519,185
519,184
519,183
519,182
519,181
519,180
519,179
519,178
519,177
519,176
519,175
519,174
519,173
519,172
519,171
519,170
519,169
519,168
519,167
519,166
519,165
519,164
519,163
519,162
519,161
519,160
519,159
519,158
519,157
519,156
519,155
519,154
519,153
519,152
519,151
519,150
519,149
519,148
519,147
519,146
519,145
519,144
519,143
519,142
519,141
519,140
519,139
519,138
519,137
519,136
519,135
519,134
519,133
519,132
519,131
519,130
519,129
519,128
519,127
519,126
519,125
519,124
519,123
519,122
519,121
519,120
519,119
519,118
519,117
519,116
519,115
519,114
519,113
519,112
519,111
519,110
519,109
519,108
519,107
519,106
519,105
519,104
519,103
519,102
519,101
519,100
519,99
519,98
519,97
519,96
519,95
519,94
519,93
519,92
519,91
519,90
519,89
519,88
519,87
519,86
519,85
519,84
519,83
519,82
519,81
519,80
519,79
519,78
519,77
519,76
519,75
519,74
519,73
519,72
519,71
519,70
519,69
519,68
519,67
519,66
519,65
519,64
519,63
519,62
519,61
519,60
519,59
519,58
519,57
519,56
519,55
519,54
519,53
519,52
519,51
519,50
519,49
519,48
519,47
519,46
519,45
520,44
520,43
521,43
521,42
522,42
522,41
523,41
524,40
525,40
526,40
527,40
528,40
529,40
530,41
531,41
531,42
532,42
532,43
533,43
533,44
534,45
534,46
534,47
534,48
534,49
534,50
534,51
534,52
534,53
534,54
534,55
534,56
534,57
534,58
534,59
534,60
534,61
534,62
534,63
534,64
534,65
534,66
534,67
534,68
534,69
534,70
534,71
534,72
534,73
534,74
534,75
534,76
534,77
534,78
534,79
534,80
534,81
534,82
534,83
534,84
534,85
534,86
534,87
534,88
534,89
534,90
534,91
534,92
534,93
534,94
534,95
534,96
534,97
534,98
534,99
534,100
534,101
534,102
534,103
534,104
534,105
534,106
534,107
534,108
534,109
534,110
534,111
534,112
534,113
534,114
534,115
534,116
534,117
534,118
534,119
534,120
534,121
534,122
534,123
534,124
534,125
534,126
534,127
534,128
534,129
534,130
534,131
534,132
534,133
534,134
534,135
534,136
534,137
534,138
534,139
534,140
534,141
534,142
534,143
534,144
534,145
534,146
534,147
534,148
534,149
534,150
534,151
534,152
534,153
534,154
534,155
534,156
534,157
534,158
534,159
534,160
534,161
534,162
534,163
534,164
534,165
534,166
534,167
534,168
534,169
534,170
534,171
534,172
534,173
534,174
534,175
534,176
534,177
534,178
534,179
534,180
534,181
534,182
534,183
534,184
534,185
534,186
534,187
534,188
534,189
534,190
534,191
534,192
534,193
534,194
534,195
534,196
534,197
534,198
534,199
534,200
534,201
534,202
534,203
534,204
534,205
534,206
534,207
534,208
534,209
534,210
534,211
534,212
534,213
534,214
534,215
534,216
534,217
534,218
534,219
534,220
534,221
534,222
534,223
534,224
534,225
534,226
534,227
534,228
534,229
534,230
534,231
534,232
534,233
534,234
534,235
534,236
534,237
534,238
534,239
534,240
534,241
534,242
534,243
534,244
534,245
534,246
534,247
534,248
534,249
534,250
534,251
534,252
534,253
534,254
534,255
534,256
534,257
534,258
534,259
534,260
534,261
534,262
534,263
534,264
534,265
534,266
534,267
534,268
534,269
534,270
534,271
534,272
534,273
534,274
534,275
534,276
534,277
534,278
534,279
534,280
534,281
534,282
534,283
534,284
534,285
534,286
534,287
534,288
534,289
534,290
534,291
534,292
534,293
534,294
534,295
534,296
534,297
534,298
534,299
534,300
534,301
534,302
534,303
534,304
534,305
534,306
534,307
534,308
534,309
534,310
534,311
534,312
534,313
534,314
534,315
534,316
534,317
534,318
534,319
534,320
534,321
534,322
534,323
534,324
534,325
534,326
534,327
534,328
534,329
534,330
534,331
534,332
534,333
534,334
534,335
534,336
534,337
534,338
534,339
534,340
534,341
534,342
534,343
534,344
534,345
534,346
534,347
534,348
534,349
534,350
534,351
534,352
534,353
534,354
534,355
534,356
534,357
534,358
534,359
534,360
534,361
534,362
534,363
534,364
534,365
534,366
534,367
534,368
534,369
534,370
534,371
534,372
534,373
534,374
534,375
534,376
534,377
534,378
534,379
534,380
534,381
534,382
534,383
534,384
534,385
534,386
534,387
534,388
534,389
534,390
534,391
534,392
534,393
534,394
534,395
534,396
534,397
534,398
534,399
534,400
534,401
534,402
534,403
534,404
534,405
534,406
534,407
534,408
534,409
534,410
534,411
534,412
534,413
534,414
534,415
534,416
534,417
534,418
534,419
534,420
534,421
534,422
534,423
534,424
534,425
534,426
534,427
534,428
534,429
534,430
534,431
534,432
534,433
534,434
534,435
534,436
534,437
534,438
534,439
534,440
534,441
534,442
534,443
534,444
534,445
534,446
534,447
534,448
534,449
534,450
534,451
534,452
534,453
534,454
534,455
534,456
534,457
534,458
534,459
534,460
534,461
534,462
534,463
534,464
534,465
534,466
534,467
534,468
534,469
534,470
534,471
534,472
534,473
534,474
534,475
534,476
534,477
534,478
534,479
534,480
534,481
534,482
534,483
534,484
534,485
534,486
534,487
534,488
534,489
534,490
534,491
534,492
534,493
534,494
534,495
534,496
534,497
534,498
534,499
534,500
534,501
534,502
534,503
534,504
534,505
534,506
534,507
534,508
534,509
534,510
534,511
534,512
534,513
534,514
534,515
534,516
534,517
534,518
534,519
534,520
534,521
534,522
534,523
534,524
534,525
534,526
534,527
534,528
534,529
534,530
534,531
534,532
534,533
534,534
534,535
534,536
534,537
534,538
534,539
534,540
534,541
534,542
534,543
534,544
534,545
534,546
534,547
534,548
534,549
534,550
534,551
534,552
534,553
534,554
534,555
534,556
534,557
534,558
534,559
534,560
534,561
534,562
534,563
534,564
534,565
534,566
534,567
534,568
534,569
534,570
534,571
534,572
534,573
534,574
534,575
534,576
534,577
534,578
534,579
534,580
534,581
534,582
534,583
534,584
534,585
534,586
534,587
534,588
534,589
534,590
534,591
534,592
534,593
534,594
534,595
534,596
534,597
534,598
534,599
534,600
534,601
534,602
534,603
534,604
534,605
534,606
534,607
534,608
534,609
534,610
534,611
534,612
534,613
534,614
534,615
534,616
534,617
534,618
534,619
534,620
534,621
534,622
534,623
534,624
534,625
534,626
534,627
534,628
534,629
534,630
534,631
534,632
534,633
534,634
534,635
534,636
534,637
534,638
534,639
534,640
534,641
534,642
534,643
534,644
534,645
534,646
534,647
534,648
534,649
534,650
534,651
534,652
534,653
534,654
534,655
534,656
534,657
534,658
534,659
534,660
534,661
534,662
534,663
534,664
534,665
534,666
534,667
534,668
534,669
534,670
534,671
534,672
534,673
534,674
534,675
534,676
534,677
534,678
534,679
534,680
534,681
534,682
534,683
534,684
534,685
534,686
534,687
534,688
534,689
534,690
534,691
534,692
534,693
534,694
534,695
534,696
534,697
534,698
534,699
534,700
534,701
534,702
534,703
534,704
534,705
534,706
534,707
534,708
534,709
534,710
534,711
534,712
534,713
534,714
534,715
534,716
534,717
534,718
534,719
534,720
534,721
534,722
534,723
534,724
534,725
534,726
534,727
534,728
534,729
534,730
534,731
534,732
534,733
534,734
534,735
534,736
534,737
534,738
534,739
534,740
534,741
534,742
534,743
534,744
534,745
534,746
534,747
534,748
534,749
534,750
534,751
534,752
534,753
534,754
534,755
534,756
534,757
534,758
534,759
534,760
534,761
534,762
534,763
534,764
534,765
534,766
534,767
534,768
534,769
534,770
534,771
534,772
534,773
534,774
534,775
534,776
534,777
534,778
534,779
534,780
534,781
534,782
534,783
534,784
534,785
534,786
534,787
534,788
534,789
534,790
534,791
534,792
534,793
534,794
534,795
534,796
534,797
534,798
534,799
534,800
534,801
534,802
534,803
534,804
534,805
534,806
534,807
534,808
534,809
534,810
534,811
534,812
534,813
534,814
534,815
534,816
534,817
534,818
534,819
534,820
534,821
534,822
534,823
534,824
534,825
534,826
534,827
534,828
534,829
534,830
534,831
534,832
534,833
534,834
534,835
534,836
534,837
534,838
534,839
534,840
534,841
534,842
534,843
534,844
534,845
534,846
534,847
534,848
534,849
534,850
534,851
534,852
534,853
534,854
534,855
534,856
534,857
534,858
534,859
534,860
534,861
534,862
534,863
534,864
534,865
534,866
534,867
534,868
534,869
534,870
534,871
534,872
534,873
534,874
534,875
534,876
534,877
534,878
534,879
534,880
534,881
534,882
534,883
534,884
534,885
534,886
534,887
534,888
534,889
534,890
534,891
534,892
534,893
534,894
534,895
534,896
534,897
534,898
534,899
534,900
534,901
534,902
534,903
534,904
534,905
534,906
534,907
534,908
534,909
534,910
534,911
534,912
534,913
534,914
534,915
534,916
534,917
534,918
534,919
534,920
534,921
534,922
534,923
534,924
534,925
534,926
534,927
534,928
534,929
534,930
534,931
534,932
534,933
534,934
534,935
534,936
534,937
534,938
534,939
534,940
534,941
534,942
534,943
534,944
534,945
534,946
534,947
534,948
534,949
534,950
534,951
534,952
534,953
534,954
534,955
534,956
534,957
534,958
534,959
534,960
534,961
534,962
534,963
534,964
534,965
534,966
534,967
534,968
534,969
534,970
534,971
534,972
534,973
534,974
534,975
534,976
534,977
534,978
534,979
535,980
535,981
536,981
536,982
537,982
537,983
538,983
539,984
540,984
541,984
542,984
543,984
544,984
545,983
546,983
546,982
547,982
547,981
548,981
548,980
549,979
549,978
549,977
549,976
549,975
549,974
549,973
549,972
549,971
549,970
549,969
549,968
549,967
549,966
549,965
549,964
549,963
549,962
549,961
549,960
549,959
549,958
549,957
549,956
549,955
549,954
549,953
549,952
549,951
549,950
549,949
549,948
549,947
549,946
549,945
549,944
549,943
549,942
549,941
549,940
549,939
549,938
549,937
549,936
549,935
549,934
549,933
549,932
549,931
549,930
549,929
549,928
549,927
549,926
549,925
549,924
549,923
549,922
549,921
549,920
549,919
549,918
549,917
549,916
549,915
549,914
549,913
549,912
549,911
549,910
549,909
549,908
549,907
549,906
549,905
549,904
549,903
549,902
549,901
549,900
549,899
549,898
549,897
549,896
549,895
549,894
549,893
549,892
549,891
549,890
549,889
549,888
549,887
549,886
549,885
549,884
549,883
549,882
549,881
549,880
549,879
549,878
549,877
549,876
549,875
549,874
549,873
549,872
549,871
549,870
549,869
549,868
549,867
549,866
549,865
549,864
549,863
549,862
549,861
549,860
549,859
549,858
549,857
549,856
549,855
549,854
549,853
549,852
549,851
549,850
549,849
549,848
549,847
549,846
549,845
549,844
549,843
549,842
549,841
549,840
549,839
549,838
549,837
549,836
549,835
549,834
549,833
549,832
549,831
549,830
549,829
549,828
549,827
549,826
549,825
549,824
549,823
549,822
549,821
549,820
549,819
549,818
549,817
549,816
549,815
549,814
549,813
549,812
549,811
549,810
549,809
549,808
549,807
549,806
549,805
549,804
549,803
549,802
549,801
549,800
549,799
549,798
549,797
549,796
549,795
549,794
549,793
549,792
549,791
549,790
549,789
549,788
549,787
549,786
549,785
549,784
549,783
549,782
549,781
549,780
549,779
549,778
549,777
549,776
549,775
549,774
549,773
549,772
549,771
549,770
549,769
549,768
549,767
549,766
549,765
549,764
549,763
549,762
549,761
549,760
549,759
549,758
549,757
549,756
549,755
549,754
549,753
549,752
549,751
549,750
549,749
549,748
549,747
549,746
549,745
549,744
549,743
549,742
549,741
549,740
549,739
549,738
549,737
549,736
549,735
549,734
549,733
549,732
549,731
549,730
549,729
549,728
549,727
549,726
549,725
549,724
549,723
549,722
549,721
549,720
549,719
549,718
549,717
549,716
549,715
549,714
549,713
549,712
549,711
549,710
549,709
549,708
549,707
549,706
549,705
549,704
549,703
549,702
549,701
549,700
549,699
549,698
549,697
549,696
549,695
549,694
549,693
549,692
549,691
549,690
549,689
549,688
549,687
549,686
549,685
549,684
549,683
549,682
549,681
549,680
549,679
549,678
549,677
549,676
549,675
549,674
549,673
549,672
549,671
549,670
549,669
549,668
549,667
549,666
549,665
549,664
549,663
549,662
549,661
549,660
549,659
549,658
549,657
549,656
549,655
549,654
549,653
549,652
549,651
549,650
549,649
549,648
549,647
549,646
549,645
549,644
549,643
549,642
549,641
549,640
549,639
549,638
549,637
549,636
549,635
549,634
549,633
549,632
549,631
549,630
549,629
549,628
549,627
549,626
549,625
549,624
549,623
549,622
549,621
549,620
549,619
549,618
549,617
549,616
549,615
549,614
549,613
549,612
549,611
549,610
549,609
549,608
549,607
549,606
549,605
549,604
549,603
549,602
549,601
549,600
549,599
549,598
549,597
549,596
549,595
549,594
549,593
549,592
549,591
549,590
549,589
549,588
549,587
549,586
549,585
549,584
549,583
549,582
549,581
549,580
549,579
549,578
549,577
549,576
549,575
549,574
549,573
549,572
549,571
549,570
549,569
549,568
549,567
549,566
549,565
549,564
549,563
549,562
549,561
549,560
549,559
549,558
549,557
549,556
549,555
549,554
549,553
549,552
549,551
549,550
549,549
549,548
549,547
549,546
549,545
549,544
549,543
549,542
549,541
549,540
549,539
549,538
549,537
549,536
549,535
549,534
549,533
549,532
549,531
549,530
549,529
549,528
549,527
549,526
549,525
549,524
549,523
549,522
549,521
549,520
549,519
549,518
549,517
549,516
549,515
549,514
549,513
549,512
549,511
549,510
549,509
549,508
549,507
549,506
549,505
549,504
549,503
549,502
549,501
549,500
549,499
549,498
549,497
549,496
549,495
549,494
549,493
549,492
549,491
549,490
549,489
549,488
549,487
549,486
549,485
549,484
549,483
549,482
549,481
549,480
549,479
549,478
549,477
549,476
549,475
549,474
549,473
549,472
549,471
549,470
549,469
549,468
549,467
549,466
549,465
549,464
549,463
549,462
549,461
549,460
549,459
549,458
549,457
549,456
549,455
549,454
549,453
549,452
549,451
549,450
549,449
549,448
549,447
549,446
549,445
549,444
549,443
549,442
549,441
549,440
549,439
549,438
549,437
549,436
549,435
549,434
549,433
549,432
549,431
549,430
549,429
549,428
549,427
549,426
549,425
549,424
549,423
549,422
549,421
549,420
549,419
549,418
549,417
549,416
549,415
549,414
549,413
549,412
549,411
549,410
549,409
549,408
549,407
549,406
549,405
549,404
549,403
549,402
549,401
549,400
549,399
549,398
549,397
549,396
549,395
549,394
549,393
549,392
549,391
549,390
549,389
549,388
549,387
549,386
549,385
549,384
549,383
549,382
549,381
549,380
549,379
549,378
549,377
549,376
549,375
549,374
549,373
549,372
549,371
549,370
549,369
549,368
549,367
549,366
549,365
549,364
549,363
549,362
549,361
549,360
549,359
549,358
549,357
549,356
549,355
549,354
549,353
549,352
549,351
549,350
549,349
549,348
549,347
549,346
549,345
549,344
549,343
549,342
549,341
549,340
549,339
549,338
549,337
549,336
549,335
549,334
549,333
549,332
549,331
549,330
549,329
549,328
549,327
549,326
549,325
549,324
549,323
549,322
549,321
549,320
549,319
549,318
549,317
549,316
549,315
549,314
549,313
549,312
549,311
549,310
549,309
549,308
549,307
549,306
549,305
549,304
549,303
549,302
549,301
549,300
549,299
549,298
549,297
549,296
549,295
549,294
549,293
549,292
549,291
549,290
549,289
549,288
549,287
549,286
549,285
549,284
549,283
549,282
549,281
549,280
549,279
549,278
549,277
549,276
549,275
549,274
549,273
549,272
549,271
549,270
549,269
549,268
549,267
549,266
549,265
549,264
549,263
549,262
549,261
549,260
549,259
549,258
549,257
549,256
549,255
549,254
549,253
549,252
549,251
549,250
549,249
549,248
549,247
549,246
549,245
549,244
549,243
549,242
549,241
549,240
549,239
549,238
549,237
549,236
549,235
549,234
549,233
549,232
549,231
549,230
549,229
549,228
549,227
549,226
549,225
549,224
549,223
549,222
549,221
549,220
549,219
549,218
549,217
549,216
549,215
549,214
549,213
549,212
549,211
549,210
549,209
549,208
549,207
549,206
549,205
549,204
549,203
549,202
549,201
549,200
549,199
549,198
549,197
549,196
549,195
549,194
549,193
549,192
549,191
549,190
549,189
549,188
549,187
549,186
549,185
549,184
549,183
549,182
549,181
549,180
549,179
549,178
549,177
549,176
549,175
549,174
549,173
549,172
549,171
549,170
549,169
549,168
549,167
549,166
549,165
549,164
549,163
549,162
549,161
549,160
549,159
549,158
549,157
549,156
549,155
549,154
549,153
549,152
549,151
549,150
549,149
549,148
549,147
549,146
549,145
549,144
549,143
549,142
549,141
549,140
549,139
549,138
549,137
549,136
549,135
549,134
549,133
549,132
549,131
549,130
549,129
549,128
549,127
549,126
549,125
549,124
549,123
549,122
549,121
549,120
549,119
549,118
549,117
549,116
549,115
549,114
549,113
549,112
549,111
549,110
549,109
549,108
549,107
549,106
549,105
549,104
549,103
549,102
549,101
549,100
549,99
549,98
549,97
549,96
549,95
549,94
549,93
549,92
549,91
549,90
549,89
549,88
549,87
549,86
549,85
549,84
549,83
549,82
549,81
549,80
549,79
549,78
549,77
549,76
549,75
549,74
549,73
549,72
549,71
549,70
549,69
549,68
549,67
549,66
549,65
549,64
549,63
549,62
549,61
549,60
549,59
549,58
549,57
549,56
549,55
549,54
549,53
549,52
549,51
549,50
549,49
549,48
549,47
549,46
549,45
550,44
550,43
551,43
551,42
552,42
552,41
553,41
554,40
555,40
556,40
557,40
558,40
559,41
560,41
560,42
561,42
561,43
562,43
562,44
563,45
563,46
563,47
563,48
563,49
563,50
563,51
563,52
563,53
563,54
563,55
563,56
563,57
563,58
563,59
563,60
563,61
563,62
563,63
563,64
563,65
563,66
563,67
563,68
563,69
563,70
563,71
563,72
563,73
563,74
563,75
563,76
563,77
563,78
563,79
563,80
563,81
563,82
563,83
563,84
563,85
563,86
563,87
563,88
563,89
563,90
563,91
563,92
563,93
563,94
563,95
563,96
563,97
563,98
563,99
563,100
563,101
563,102
563,103
563,104
563,105
563,106
563,107
563,108
563,109
563,110
563,111
563,112
563,113
563,114
563,115
563,116
563,117
563,118
563,119
563,120
563,121
563,122
563,123
563,124
563,125
563,126
563,127
563,128
563,129
563,130
563,131
563,132
563,133
563,134
563,135
563,136
563,137
563,138
563,139
563,140
563,141
563,142
563,143
563,144
563,145
563,146
563,147
563,148
563,149
563,150
563,151
563,152
563,153
563,154
563,155
563,156
563,157
563,158
563,159
563,160
563,161
563,162
563,163
563,164
563,165
563,166
563,167
563,168
563,169
563,170
563,171
563,172
563,173
563,174
563,175
563,176
563,177
563,178
563,179
563,180
563,181
563,182
563,183
563,184
563,185
563,186
563,187
563,188
563,189
563,190
563,191
563,192
563,193
563,194
563,195
563,196
563,197
563,198
563,199
563,200
563,201
563,202
563,203
563,204
563,205
563,206
563,207
563,208
563,209
563,210
563,211
563,212
563,213
563,214
563,215
563,216
563,217
563,218
563,219
563,220
563,221
563,222
563,223
563,224
563,225
563,226
563,227
563,228
563,229
563,230
563,231
563,232
563,233
563,234
563,235
563,236
563,237
563,238
563,239
563,240
563,241
563,242
563,243
563,244
563,245
563,246
563,247
563,248
563,249
563,250
563,251
563,252
563,253
563,254
563,255
563,256
563,257
563,258
563,259
563,260
563,261
563,262
563,263
563,264
563,265
563,266
563,267
563,268
563,269
563,270
563,271
563,272
563,273
563,274
563,275
563,276
563,277
563,278
563,279
563,280
563,281
563,282
563,283
563,284
563,285
563,286
563,287
563,288
563,289
563,290
563,291
563,292
563,293
563,294
563,295
563,296
563,297
563,298
563,299
563,300
563,301
563,302
563,303
563,304
563,305
563,306
563,307
563,308
563,309
563,310
563,311
563,312
563,313
563,314
563,315
563,316
563,317
563,318
563,319
563,320
563,321
563,322
563,323
563,324
563,325
563,326
563,327
563,328
563,329
563,330
563,331
563,332
563,333
563,334
563,335
563,336
563,337
563,338
563,339
563,340
563,341
563,342
563,343
563,344
563,345
563,346
563,347
563,348
563,349
563,350
563,351
563,352
563,353
563,354
563,355
563,356
563,357
563,358
563,359
563,360
563,361
563,362
563,363
563,364
563,365
563,366
563,367
563,368
563,369
563,370
563,371
563,372
563,373
563,374
563,375
563,376
563,377
563,378
563,379
563,380
563,381
563,382
563,383
563,384
563,385
563,386
563,387
563,388
563,389
563,390
563,391
563,392
563,393
563,394
563,395
563,396
563,397
563,398
563,399
563,400
563,401
563,402
563,403
563,404
563,405
563,406
563,407
563,408
563,409
563,410
563,411
563,412
563,413
563,414
563,415
563,416
563,417
563,418
563,419
563,420
563,421
563,422
563,423
563,424
563,425
563,426
563,427
563,428
563,429
563,430
563,431
563,432
563,433
563,434
563,435
563,436
563,437
563,438
563,439
563,440
563,441
563,442
563,443
563,444
563,445
563,446
563,447
563,448
563,449
563,450
563,451
563,452
563,453
563,454
563,455
563,456
563,457
563,458
563,459
563,460
563,461
563,462
563,463
563,464
563,465
563,466
563,467
563,468
563,469
563,470
563,471
563,472
563,473
563,474
563,475
563,476
563,477
563,478
563,479
563,480
563,481
563,482
563,483
563,484
563,485
563,486
563,487
563,488
563,489
563,490
563,491
563,492
563,493
563,494
563,495
563,496
563,497
563,498
563,499
563,500
563,501
563,502
563,503
563,504
563,505
563,506
563,507
563,508
563,509
563,510
563,511
563,512
563,513
563,514
563,515
563,516
563,517
563,518
563,519
563,520
563,521
563,522
563,523
563,524
563,525
563,526
563,527
563,528
563,529
563,530
563,531
563,532
563,533
563,534
563,535
563,536
563,537
563,538
563,539
563,540
563,541
563,542
563,543
563,544
563,545
563,546
563,547
563,548
563,549
563,550
563,551
563,552
563,553
563,554
563,555
563,556
563,557
563,558
563,559
563,560
563,561
563,562
563,563
563,564
563,565
563,566
563,567
563,568
563,569
563,570
563,571
563,572
563,573
563,574
563,575
563,576
563,577
563,578
563,579
563,580
563,581
563,582
563,583
563,584
563,585
563,586
563,587
563,588
563,589
563,590
563,591
563,592
563,593
563,594
563,595
563,596
563,597
563,598
563,599
563,600
563,601
563,602
563,603
563,604
563,605
563,606
563,607
563,608
563,609
563,610
563,611
563,612
563,613
563,614
563,615
563,616
563,617
563,618
563,619
563,620
563,621
563,622
563,623
563,624
563,625
563,626
563,627
563,628
563,629
563,630
563,631
563,632
563,633
563,634
563,635
563,636
563,637
563,638
563,639
563,640
563,641
563,642
563,643
563,644
563,645
563,646
563,647
563,648
563,649
563,650
563,651
563,652
563,653
563,654
563,655
563,656
563,657
563,658
563,659
563,660
563,661
563,662
563,663
563,664
563,665
563,666
563,667
563,668
563,669
563,670
563,671
563,672
563,673
563,674
563,675
563,676
563,677
563,678
563,679
563,680
563,681
563,682
563,683
563,684
563,685
563,686
563,687
563,688
563,689
563,690
563,691
563,692
563,693
563,694
563,695
563,696
563,697
563,698
563,699
563,700
563,701
563,702
563,703
563,704
563,705
563,706
563,707
563,708
563,709
563,710
563,711
563,712
563,713
563,714
563,715
563,716
563,717
563,718
563,719
563,720
563,721
563,722
563,723
563,724
563,725
563,726
563,727
563,728
563,729
563,730
563,731
563,732
563,733
563,734
563,735
563,736
563,737
563,738
563,739
563,740
563,741
563,742
563,743
563,744
563,745
563,746
563,747
563,748
563,749
563,750
563,751
563,752
563,753
563,754
563,755
563,756
563,757
563,758
563,759
563,760
563,761
563,762
563,763
563,764
563,765
563,766
563,767
563,768
563,769
563,770
563,771
563,772
563,773
563,774
563,775
563,776
563,777
563,778
563,779
563,780
563,781
563,782
563,783
563,784
563,785
563,786
563,787
563,788
563,789
563,790
563,791
563,792
563,793
563,794
563,795
563,796
563,797
563,798
563,799
563,800
563,801
563,802
563,803
563,804
563,805
563,806
563,807
563,808
563,809
563,810
563,811
563,812
563,813
563,814
563,815
563,816
563,817
563,818
563,819
563,820
563,821
563,822
563,823
563,824
563,825
563,826
563,827
563,828
563,829
563,830
563,831
563,832
563,833
563,834
563,835
563,836
563,837
563,838
563,839
563,840
563,841
563,842
563,843
563,844
563,845
563,846
563,847
563,848
563,849
563,850
563,851
563,852
563,853
563,854
563,855
563,856
563,857
563,858
563,859
563,860
563,861
563,862
563,863
563,864
563,865
563,866
563,867
563,868
563,869
563,870
563,871
563,872
563,873
563,874
563,875
563,876
563,877
563,878
563,879
563,880
563,881
563,882
563,883
563,884
563,885
563,886
563,887
563,888
563,889
563,890
563,891
563,892
563,893
563,894
563,895
563,896
563,897
563,898
563,899
563,900
563,901
563,902
563,903
563,904
563,905
563,906
563,907
563,908
563,909
563,910
563,911
563,912
563,913
563,914
563,915
563,916
563,917
563,918
563,919
563,920
563,921
563,922
563,923
563,924
563,925
563,926
563,927
563,928
563,929
563,930
563,931
563,932
563,933
563,934
563,935
563,936
563,937
563,938
563,939
563,940
563,941
563,942
563,943
563,944
563,945
563,946
563,947
563,948
563,949
563,950
563,951
563,952
563,953
563,954
563,955
563,956
563,957
563,958
563,959
563,960
563,961
563,962
563,963
563,964
563,965
563,966
563,967
563,968
563,969
563,970
563,971
563,972
563,973
563,974
563,975
563,976
563,977
563,978
563,979
564,980
564,981
565,981
565,982
566,982
566,983
567,983
568,984
569,984
570,984
571,984
572,984
573,984
574,983
575,983
575,982
576,982
576,981
577,981
577,980
578,979
578,978
578,977
578,976
578,975
578,974
578,973
578,972
578,971
578,970
578,969
578,968
578,967
578,966
578,965
578,964
578,963
578,962
578,961
578,960
578,959
578,958
578,957
578,956
578,955
578,954
578,953
578,952
578,951
578,950
578,949
578,948
578,947
578,946
578,945
578,944
578,943
578,942
578,941
578,940
578,939
578,938
578,937
578,936
578,935
578,934
578,933
578,932
578,931
578,930
578,929
578,928
578,927
578,926
578,925
578,924
578,923
578,922
578,921
578,920
578,919
578,918
578,917
578,916
578,915
578,914
578,913
578,912
578,911
578,910
578,909
578,908
578,907
578,906
578,905
578,904
578,903
578,902
578,901
578,900
578,899
578,898
578,897
578,896
578,895
578,894
578,893
578,892
578,891
578,890
578,889
578,888
578,887
578,886
578,885
578,884
578,883
578,882
578,881
578,880
578,879
578,878
578,877
578,876
578,875
578,874
578,873
578,872
578,871
578,870
578,869
578,868
578,867
578,866
578,865
578,864
578,863
578,862
578,861
578,860
578,859
578,858
578,857
578,856
578,855
578,854
578,853
578,852
578,851
578,850
578,849
578,848
578,847
578,846
578,845
578,844
578,843
578,842
578,841
578,840
578,839
578,838
578,837
578,836
578,835
578,834
578,833
578,832
578,831
578,830
578,829
578,828
578,827
578,826
578,825
578,824
578,823
578,822
578,821
578,820
578,819
578,818
578,817
578,816
578,815
578,814
578,813
578,812
578,811
578,810
578,809
578,808
578,807
578,806
578,805
578,804
578,803
578,802
578,801
578,800
578,799
578,798
578,797
578,796
578,795
578,794
578,793
578,792
578,791
578,790
578,789
578,788
578,787
578,786
578,785
578,784
578,783
578,782
578,781
578,780
578,779
578,778
578,777
578,776
578,775
578,774
578,773
578,772
578,771
578,770
578,769
578,768
578,767
578,766
578,765
578,764
578,763
578,762
578,761
578,760
578,759
578,758
578,757
578,756
578,755
578,754
578,753
578,752
578,751
578,750
578,749
578,748
578,747
578,746
578,745
578,744
578,743
578,742
578,741
578,740
578,739
578,738
578,737
578,736
578,735
578,734
578,733
578,732
578,731
578,730
578,729
578,728
578,727
578,726
578,725
578,724
578,723
578,722
578,721
578,720
578,719
578,718
578,717
578,716
578,715
578,714
578,713
578,712
578,711
578,710
578,709
578,708
578,707
578,706
578,705
578,704
578,703
578,702
578,701
578,700
578,699
578,698
578,697
578,696
578,695
578,694
578,693
578,692
578,691
578,690
578,689
578,688
578,687
578,686
578,685
578,684
578,683
578,682
578,681
578,680
578,679
578,678
578,677
578,676
578,675
578,674
578,673
578,672
578,671
578,670
578,669
578,668
578,667
578,666
578,665
578,664
578,663
578,662
578,661
578,660
578,659
578,658
578,657
578,656
578,655
578,654
578,653
578,652
578,651
578,650
578,649
578,648
578,647
578,646
578,645
578,644
578,643
578,642
578,641
578,640
578,639
578,638
578,637
578,636
578,635
578,634
578,633
578,632
578,631
578,630
578,629
578,628
578,627
578,626
578,625
578,624
578,623
578,622
578,621
578,620
578,619
578,618
578,617
578,616
578,615
578,614
578,613
578,612
578,611
578,610
578,609
578,608
578,607
578,606
578,605
578,604
578,603
578,602
578,601
578,600
578,599
578,598
578,597
578,596
578,595
578,594
578,593
578,592
578,591
578,590
578,589
578,588
578,587
578,586
578,585
578,584
578,583
578,582
578,581
578,580
578,579
578,578
578,577
578,576
578,575
578,574
578,573
578,572
578,571
578,570
578,569
578,568
578,567
578,566
578,565
578,564
578,563
578,562
578,561
578,560
578,559
578,558
578,557
578,556
578,555
578,554
578,553
578,552
578,551
578,550
578,549
578,548
578,547
578,546
578,545
578,544
578,543
578,542
578,541
578,540
578,539
578,538
578,537
578,536
578,535
578,534
578,533
578,532
578,531
578,530
578,529
578,528
578,527
578,526
578,525
578,524
578,523
578,522
578,521
578,520
578,519
578,518
578,517
578,516
578,515
578,514
578,513
578,512
578,511
578,510
578,509
578,508
578,507
578,506
578,505
578,504
578,503
578,502
578,501
578,500
578,499
578,498
578,497
578,496
578,495
578,494
578,493
578,492
578,491
578,490
578,489
578,488
578,487
578,486
578,485
578,484
578,483
578,482
578,481
578,480
578,479
578,478
578,477
578,476
578,475
578,474
578,473
578,472
578,471
578,470
578,469
578,468
578,467
578,466
578,465
578,464
578,463
578,462
578,461
578,460
578,459
578,458
578,457
578,456
578,455
578,454
578,453
578,452
578,451
578,450
578,449
578,448
578,447
578,446
578,445
578,444
578,443
578,442
578,441
578,440
578,439
578,438
578,437
578,436
578,435
578,434
578,433
578,432
578,431
578,430
578,429
578,428
578,427
578,426
578,425
578,424
578,423
578,422
578,421
578,420
578,419
578,418
578,417
578,416
578,415
578,414
578,413
578,412
578,411
578,410
578,409
578,408
578,407
578,406
578,405
578,404
578,403
578,402
578,401
578,400
578,399
578,398
578,397
578,396
578,395
578,394
578,393
578,392
578,391
578,390
578,389
578,388
578,387
578,386
578,385
578,384
578,383
578,382
578,381
578,380
578,379
578,378
578,377
578,376
578,375
578,374
578,373
578,372
578,371
578,370
578,369
578,368
578,367
578,366
578,365
578,364
578,363
578,362
578,361
578,360
578,359
578,358
578,357
578,356
578,355
578,354
578,353
578,352
578,351
578,350
578,349
578,348
578,347
578,346
578,345
578,344
578,343
578,342
578,341
578,340
578,339
578,338
578,337
578,336
578,335
578,334
578,333
578,332
578,331
578,330
578,329
578,328
578,327
578,326
578,325
578,324
578,323
578,322
578,321
578,320
578,319
578,318
578,317
578,316
578,315
578,314
578,313
578,312
578,311
578,310
578,309
578,308
578,307
578,306
578,305
578,304
578,303
578,302
578,301
578,300
578,299
578,298
578,297
578,296
578,295
578,294
578,293
578,292
578,291
578,290
578,289
578,288
578,287
578,286
578,285
578,284
578,283
578,282
578,281
578,280
578,279
578,278
578,277
578,276
578,275
578,274
578,273
578,272
578,271
578,270
578,269
578,268
578,267
578,266
578,265
578,264
578,263
578,262
578,261
578,260
578,259
578,258
578,257
578,256
578,255
578,254
578,253
578,252
578,251
578,250
578,249
578,248
578,247
578,246
578,245
578,244
578,243
578,242
578,241
578,240
578,239
578,238
578,237
578,236
578,235
578,234
578,233
578,232
578,231
578,230
578,229
578,228
578,227
578,226
578,225
578,224
578,223
578,222
578,221
578,220
578,219
578,218
578,217
578,216
578,215
578,214
578,213
578,212
578,211
578,210
578,209
578,208
578,207
578,206
578,205
578,204
578,203
578,202
578,201
578,200
578,199
578,198
578,197
578,196
578,195
578,194
578,193
578,192
578,191
578,190
578,189
578,188
578,187
578,186
578,185
578,184
578,183
578,182
578,181
578,180
578,179
578,178
578,177
578,176
578,175
578,174
578,173
578,172
578,171
578,170
578,169
578,168
578,167
578,166
578,165
578,164
578,163
578,162
578,161
578,160
578,159
578,158
578,157
578,156
578,155
578,154
578,153
578,152
578,151
578,150
578,149
578,148
578,147
578,146
578,145
578,144
578,143
578,142
578,141
578,140
578,139
578,138
578,137
578,136
578,135
578,134
578,133
578,132
578,131
578,130
578,129
578,128
578,127
578,126
578,125
578,124
578,123
578,122
578,121
578,120
578,119
578,118
578,117
578,116
578,115
578,114
578,113
578,112
578,111
578,110
578,109
578,108
578,107
578,106
578,105
578,104
578,103
578,102
578,101
578,100
578,99
578,98
578,97
578,96
578,95
578,94
578,93
578,92
578,91
578,90
578,89
578,88
578,87
578,86
578,85
578,84
578,83
578,82
578,81
578,80
578,79
578,78
578,77
578,76
578,75
578,74
578,73
578,72
578,71
578,70
578,69
578,68
578,67
578,66
578,65
578,64
578,63
578,62
578,61
578,60
578,59
578,58
578,57
578,56
578,55
578,54
578,53
578,52
578,51
578,50
578,49
578,48
578,47
578,46
578,45
579,44
579,43
580,43
580,42
581,42
581,41
582,41
583,40
584,40
585,40
586,40
587,40
588,40
589,41
590,41
590,42
591,42
591,43
592,43
592,44
593,45
593,46
593,47
593,48
593,49
593,50
593,51
593,52
593,53
593,54
593,55
593,56
593,57
593,58
593,59
593,60
593,61
593,62
593,63
593,64
593,65
593,66
593,67
593,68
593,69
593,70
593,71
593,72
593,73
593,74
593,75
593,76
593,77
593,78
593,79
593,80
593,81
593,82
593,83
593,84
593,85
593,86
593,87
593,88
593,89
593,90
593,91
593,92
593,93
593,94
593,95
593,96
593,97
593,98
593,99
593,100
593,101
593,102
593,103
593,104
593,105
593,106
593,107
593,108
593,109
593,110
593,111
593,112
593,113
593,114
593,115
593,116
593,117
593,118
593,119
593,120
593,121
593,122
593,123
593,124
593,125
593,126
593,127
593,128
593,129
593,130
593,131
593,132
593,133
593,134
593,135
593,136
593,137
593,138
593,139
593,140
593,141
593,142
593,143
593,144
593,145
593,146
593,147
593,148
593,149
593,150
593,151
593,152
593,153
593,154
593,155
593,156
593,157
593,158
593,159
593,160
593,161
593,162
593,163
593,164
593,165
593,166
593,167
593,168
593,169
593,170
593,171
593,172
593,173
593,174
593,175
593,176
593,177
593,178
593,179
593,180
593,181
593,182
593,183
593,184
593,185
593,186
593,187
593,188
593,189
593,190
593,191
593,192
593,193
593,194
593,195
593,196
593,197
593,198
593,199
593,200
593,201
593,202
593,203
593,204
593,205
593,206
593,207
593,208
593,209
593,210
593,211
593,212
593,213
593,214
593,215
593,216
593,217
593,218
593,219
593,220
593,221
593,222
593,223
593,224
593,225
593,226
593,227
593,228
593,229
593,230
593,231
593,232
593,233
593,234
593,235
593,236
593,237
593,238
593,239
593,240
593,241
593,242
593,243
593,244
593,245
593,246
593,247
593,248
593,249
593,250
593,251
593,252
593,253
593,254
593,255
593,256
593,257
593,258
593,259
593,260
593,261
593,262
593,263
593,264
593,265
593,266
593,267
593,268
593,269
593,270
593,271
593,272
593,273
593,274
593,275
593,276
593,277
593,278
593,279
593,280
593,281
593,282
593,283
593,284
593,285
593,286
593,287
593,288
593,289
593,290
593,291
593,292
593,293
593,294
593,295
593,296
593,297
593,298
593,299
593,300
593,301
593,302
593,303
593,304
593,305
593,306
593,307
593,308
593,309
593,310
593,311
593,312
593,313
593,314
593,315
593,316
593,317
593,318
593,319
593,320
593,321
593,322
593,323
593,324
593,325
593,326
593,327
593,328
593,329
593,330
593,331
593,332
593,333
593,334
593,335
593,336
593,337
593,338
593,339
593,340
593,341
593,342
593,343
593,344
593,345
593,346
593,347
593,348
593,349
593,350
593,351
593,352
593,353
593,354
593,355
593,356
593,357
593,358
593,359
593,360
593,361
593,362
593,363
593,364
593,365
593,366
593,367
593,368
593,369
593,370
593,371
593,372
593,373
593,374
593,375
593,376
593,377
593,378
593,379
593,380
593,381
593,382
593,383
593,384
593,385
593,386
593,387
593,388
593,389
593,390
593,391
593,392
593,393
593,394
593,395
593,396
593,397
593,398
593,399
593,400
593,401
593,402
593,403
593,404
593,405
593,406
593,407
593,408
593,409
593,410
593,411
593,412
593,413
593,414
593,415
593,416
593,417
593,418
593,419
593,420
593,421
593,422
593,423
593,424
593,425
593,426
593,427
593,428
593,429
593,430
593,431
593,432
593,433
593,434
593,435
593,436
593,437
593,438
593,439
593,440
593,441
593,442
593,443
593,444
593,445
593,446
593,447
593,448
593,449
593,450
593,451
593,452
593,453
593,454
593,455
593,456
593,457
593,458
593,459
593,460
593,461
593,462
593,463
593,464
593,465
593,466
593,467
593,468
593,469
593,470
593,471
593,472
593,473
593,474
593,475
593,476
593,477
593,478
593,479
593,480
593,481
593,482
593,483
593,484
593,485
593,486
593,487
593,488
593,489
593,490
593,491
593,492
593,493
593,494
593,495
593,496
593,497
593,498
593,499
593,500
593,501
593,502
593,503
593,504
593,505
593,506
593,507
593,508
593,509
593,510
593,511
593,512
593,513
593,514
593,515
593,516
593,517
593,518
593,519
593,520
593,521
593,522
593,523
593,524
593,525
593,526
593,527
593,528
593,529
593,530
593,531
593,532
593,533
593,534
593,535
593,536
593,537
593,538
593,539
593,540
593,541
593,542
593,543
593,544
593,545
593,546
593,547
593,548
593,549
593,550
593,551
593,552
593,553
593,554
593,555
593,556
593,557
593,558
593,559
593,560
593,561
593,562
593,563
593,564
593,565
593,566
593,567
593,568
593,569
593,570
593,571
593,572
593,573
593,574
593,575
593,576
593,577
593,578
593,579
593,580
593,581
593,582
593,583
593,584
593,585
593,586
593,587
593,588
593,589
593,590
593,591
593,592
593,593
593,594
593,595
593,596
593,597
593,598
593,599
593,600
593,601
593,602
593,603
593,604
593,605
593,606
593,607
593,608
593,609
593,610
593,611
593,612
593,613
593,614
593,615
593,616
593,617
593,618
593,619
593,620
593,621
593,622
593,623
593,624
593,625
593,626
593,627
593,628
593,629
593,630
593,631
593,632
593,633
593,634
593,635
593,636
593,637
593,638
593,639
593,640
593,641
593,642
593,643
593,644
593,645
593,646
593,647
593,648
593,649
593,650
593,651
593,652
593,653
593,654
593,655
593,656
593,657
593,658
593,659
593,660
593,661
593,662
593,663
593,664
593,665
593,666
593,667
593,668
593,669
593,670
593,671
593,672
593,673
593,674
593,675
593,676
593,677
593,678
593,679
593,680
593,681
593,682
593,683
593,684
593,685
593,686
593,687
593,688
593,689
593,690
593,691
593,692
593,693
593,694
593,695
593,696
593,697
593,698
593,699
593,700
593,701
593,702
593,703
593,704
593,705
593,706
593,707
593,708
593,709
593,710
593,711
593,712
593,713
593,714
593,715
593,716
593,717
593,718
593,719
593,720
593,721
593,722
593,723
593,724
593,725
593,726
593,727
593,728
593,729
593,730
593,731
593,732
593,733
593,734
593,735
593,736
593,737
593,738
593,739
593,740
593,741
593,742
593,743
593,744
593,745
593,746
593,747
593,748
593,749
593,750
593,751
593,752
593,753
593,754
593,755
593,756
593,757
593,758
593,759
593,760
593,761
593,762
593,763
593,764
593,765
593,766
593,767
593,768
593,769
593,770
593,771
593,772
593,773
593,774
593,775
593,776
593,777
593,778
593,779
593,780
593,781
593,782
593,783
593,784
593,785
593,786
593,787
593,788
593,789
593,790
593,791
593,792
593,793
593,794
593,795
593,796
593,797
593,798
593,799
593,800
593,801
593,802
593,803
593,804
593,805
593,806
593,807
593,808
593,809
593,810
593,811
593,812
593,813
593,814
593,815
593,816
593,817
593,818
593,819
593,820
593,821
593,822
593,823
593,824
593,825
593,826
593,827
593,828
593,829
593,830
593,831
593,832
593,833
593,834
593,835
593,836
593,837
593,838
593,839
593,840
593,841
593,842
593,843
593,844
593,845
593,846
593,847
593,848
593,849
593,850
593,851
593,852
593,853
593,854
593,855
593,856
593,857
593,858
593,859
593,860
593,861
593,862
593,863
593,864
593,865
593,866
593,867
593,868
593,869
593,870
593,871
593,872
593,873
593,874
593,875
593,876
593,877
593,878
593,879
593,880
593,881
593,882
593,883
593,884
593,885
593,886
593,887
593,888
593,889
593,890
593,891
593,892
593,893
593,894
593,895
593,896
593,897
593,898
593,899
593,900
593,901
593,902
593,903
593,904
593,905
593,906
593,907
593,908
593,909
593,910
593,911
593,912
593,913
593,914
593,915
593,916
593,917
593,918
593,919
593,920
593,921
593,922
593,923
593,924
593,925
593,926
593,927
593,928
593,929
593,930
593,931
593,932
593,933
593,934
593,935
593,936
593,937
593,938
593,939
593,940
593,941
593,942
593,943
593,944
593,945
593,946
593,947
593,948
593,949
593,950
593,951
593,952
593,953
593,954
593,955
593,956
593,957
593,958
593,959
593,960
593,961
593,962
593,963
593,964
593,965
593,966
593,967
593,968
593,969
593,970
593,971
593,972
593,973
593,974
593,975
593,976
593,977
593,978
593,979
594,980
594,981
595,981
595,982
596,982
596,983
597,983
598,984
599,984
600,984
601,984
602,984
603,983
604,983
604,982
605,982
605,981
606,981
606,980
607,979
607,978
607,977
607,976
607,975
607,974
607,973
607,972
607,971
607,970
607,969
607,968
607,967
607,966
607,965
607,964
607,963
607,962
607,961
607,960
607,959
607,958
607,957
607,956
607,955
607,954
607,953
607,952
607,951
607,950
607,949
607,948
607,947
607,946
607,945
607,944
607,943
607,942
607,941
607,940
607,939
607,938
607,937
607,936
607,935
607,934
607,933
607,932
607,931
607,930
607,929
607,928
607,927
607,926
607,925
607,924
607,923
607,922
607,921
607,920
607,919
607,918
607,917
607,916
607,915
607,914
607,913
607,912
607,911
607,910
607,909
607,908
607,907
607,906
607,905
607,904
607,903
607,902
607,901
607,900
607,899
607,898
607,897
607,896
607,895
607,894
607,893
607,892
607,891
607,890
607,889
607,888
607,887
607,886
607,885
607,884
607,883
607,882
607,881
607,880
607,879
607,878
607,877
607,876
607,875
607,874
607,873
607,872
607,871
607,870
607,869
607,868
607,867
607,866
607,865
607,864
607,863
607,862
607,861
607,860
607,859
607,858
607,857
607,856
607,855
607,854
607,853
607,852
607,851
607,850
607,849
607,848
607,847
607,846
607,845
607,844
607,843
607,842
607,841
607,840
607,839
607,838
607,837
607,836
607,835
607,834
607,833
607,832
607,831
607,830
607,829
607,828
607,827
607,826
607,825
607,824
607,823
607,822
607,821
607,820
607,819
607,818
607,817
607,816
607,815
607,814
607,813
607,812
607,811
607,810
607,809
607,808
607,807
607,806
607,805
607,804
607,803
607,802
607,801
607,800
607,799
607,798
607,797
607,796
607,795
607,794
607,793
607,792
607,791
607,790
607,789
607,788
607,787
607,786
607,785
607,784
607,783
607,782
607,781
607,780
607,779
607,778
607,777
607,776
607,775
607,774
607,773
607,772
607,771
607,770
607,769
607,768
607,767
607,766
607,765
607,764
607,763
607,762
607,761
607,760
607,759
607,758
607,757
607,756
607,755
607,754
607,753
607,752
607,751
607,750
607,749
607,748
607,747
607,746
607,745
607,744
607,743
607,742
607,741
607,740
607,739
607,738
607,737
607,736
607,735
607,734
607,733
607,732
607,731
607,730
607,729
607,728
607,727
607,726
607,725
607,724
607,723
607,722
607,721
607,720
607,719
607,718
607,717
607,716
607,715
607,714
607,713
607,712
607,711
607,710
607,709
607,708
607,707
607,706
607,705
607,704
607,703
607,702
607,701
607,700
607,699
607,698
607,697
607,696
607,695
607,694
607,693
607,692
607,691
607,690
607,689
607,688
607,687
607,686
607,685
607,684
607,683
607,682
607,681
607,680
607,679
607,678
607,677
607,676
607,675
607,674
607,673
607,672
607,671
607,670
607,669
607,668
607,667
607,666
607,665
607,664
607,663
607,662
607,661
607,660
607,659
607,658
607,657
607,656
607,655
607,654
607,653
607,652
607,651
607,650
607,649
607,648
607,647
607,646
607,645
607,644
607,643
607,642
607,641
607,640
607,639
607,638
607,637
607,636
607,635
607,634
607,633
607,632
607,631
607,630
607,629
607,628
607,627
607,626
607,625
607,624
607,623
607,622
607,621
607,620
607,619
607,618
607,617
607,616
607,615
607,614
607,613
607,612
607,611
607,610
607,609
607,608
607,607
607,606
607,605
607,604
607,603
607,602
607,601
607,600
607,599
607,598
607,597
607,596
607,595
607,594
607,593
607,592
607,591
607,590
607,589
607,588
607,587
607,586
607,585
607,584
607,583
607,582
607,581
607,580
607,579
607,578
607,577
607,576
607,575
607,574
607,573
607,572
607,571
607,570
607,569
607,568
607,567
607,566
607,565
607,564
607,563
607,562
607,561
607,560
607,559
607,558
607,557
607,556
607,555
607,554
607,553
607,552
607,551
607,550
607,549
607,548
607,547
607,546
607,545
607,544
607,543
607,542
607,541
607,540
607,539
607,538
607,537
607,536
607,535
607,534
607,533
607,532
607,531
607,530
607,529
607,528
607,527
607,526
607,525
607,524
607,523
607,522
607,521
607,520
607,519
607,518
607,517
607,516
607,515
607,514
607,513
607,512
607,511
607,510
607,509
607,508
607,507
607,506
607,505
607,504
607,503
607,502
607,501
607,500
607,499
607,498
607,497
607,496
607,495
607,494
607,493
607,492
607,491
607,490
607,489
607,488
607,487
607,486
607,485
607,484
607,483
607,482
607,481
607,480
607,479
607,478
607,477
607,476
607,475
607,474
607,473
607,472
607,471
607,470
607,469
607,468
607,467
607,466
607,465
607,464
607,463
607,462
607,461
607,460
607,459
607,458
607,457
607,456
607,455
607,454
607,453
607,452
607,451
607,450
607,449
607,448
607,447
607,446
607,445
607,444
607,443
607,442
607,441
607,440
607,439
607,438
607,437
607,436
607,435
607,434
607,433
607,432
607,431
607,430
607,429
607,428
607,427
607,426
607,425
607,424
607,423
607,422
607,421
607,420
607,419
607,418
607,417
607,416
607,415
607,414
607,413
607,412
607,411
607,410
607,409
607,408
607,407
607,406
607,405
607,404
607,403
607,402
607,401
607,400
607,399
607,398
607,397
607,396
607,395
607,394
607,393
607,392
607,391
607,390
607,389
607,388
607,387
607,386
607,385
607,384
607,383
607,382
607,381
607,380
607,379
607,378
607,377
607,376
607,375
607,374
607,373
607,372
607,371
607,370
607,369
607,368
607,367
607,366
607,365
607,364
607,363
607,362
607,361
607,360
607,359
607,358
607,357
607,356
607,355
607,354
607,353
607,352
607,351
607,350
607,349
607,348
607,347
607,346
607,345
607,344
607,343
607,342
607,341
607,340
607,339
607,338
607,337
607,336
607,335
607,334
607,333
607,332
607,331
607,330
607,329
607,328
607,327
607,326
607,325
607,324
607,323
607,322
607,321
607,320
607,319
607,318
607,317
607,316
607,315
607,314
607,313
607,312
607,311
607,310
607,309
607,308
607,307
607,306
607,305
607,304
607,303
607,302
607,301
607,300
607,299
607,298
607,297
607,296
607,295
607,294
607,293
607,292
607,291
607,290
607,289
607,288
607,287
607,286
607,285
607,284
607,283
607,282
607,281
607,280
607,279
607,278
607,277
607,276
607,275
607,274
607,273
607,272
607,271
607,270
607,269
607,268
607,267
607,266
607,265
607,264
607,263
607,262
607,261
607,260
607,259
607,258
607,257
607,256
607,255
607,254
607,253
607,252
607,251
607,250
607,249
607,248
607,247
607,246
607,245
607,244
607,243
607,242
607,241
607,240
607,239
607,238
607,237
607,236
607,235
607,234
607,233
607,232
607,231
607,230
607,229
607,228
607,227
607,226
607,225
607,224
607,223
607,222
607,221
607,220
607,219
607,218
607,217
607,216
607,215
607,214
607,213
607,212
607,211
607,210
607,209
607,208
607,207
607,206
607,205
607,204
607,203
607,202
607,201
607,200
607,199
607,198
607,197
607,196
607,195
607,194
607,193
607,192
607,191
607,190
607,189
607,188
607,187
607,186
607,185
607,184
607,183
607,182
607,181
607,180
607,179
607,178
607,177
607,176
607,175
607,174
607,173
607,172
607,171
607,170
607,169
607,168
607,167
607,166
607,165
607,164
607,163
607,162
607,161
607,160
607,159
607,158
607,157
607,156
607,155
607,154
607,153
607,152
607,151
607,150
607,149
607,148
607,147
607,146
607,145
607,144
607,143
607,142
607,141
607,140
607,139
607,138
607,137
607,136
607,135
607,134
607,133
607,132
607,131
607,130
607,129
607,128
607,127
607,126
607,125
607,124
607,123
607,122
607,121
607,120
607,119
607,118
607,117
607,116
607,115
607,114
607,113
607,112
607,111
607,110
607,109
607,108
607,107
607,106
607,105
607,104
607,103
607,102
607,101
607,100
607,99
607,98
607,97
607,96
607,95
607,94
607,93
607,92
607,91
607,90
607,89
607,88
607,87
607,86
607,85
607,84
607,83
607,82
607,81
607,80
607,79
607,78
607,77
607,76
607,75
607,74
607,73
607,72
607,71
607,70
607,69
607,68
607,67
607,66
607,65
607,64
607,63
607,62
607,61
607,60
607,59
607,58
607,57
607,56
607,55
607,54
607,53
607,52
607,51
607,50
607,49
607,48
607,47
607,46
607,45
608,44
608,43
609,43
609,42
610,42
610,41
611,41
612,40
613,40
614,40
615,40
616,40
617,40
618,41
619,41
619,42
620,42
620,43
621,43
621,44
622,45
622,46
622,47
622,48
622,49
622,50
622,51
622,52
622,53
622,54
622,55
622,56
622,57
622,58
622,59
622,60
622,61
622,62
622,63
622,64
622,65
622,66
622,67
622,68
622,69
622,70
622,71
622,72
622,73
622,74
622,75
622,76
622,77
622,78
622,79
622,80
622,81
622,82
622,83
622,84
622,85
622,86
622,87
622,88
622,89
622,90
622,91
622,92
622,93
622,94
622,95
622,96
622,97
622,98
622,99
622,100
622,101
622,102
622,103
622,104
622,105
622,106
622,107
622,108
622,109
622,110
622,111
622,112
622,113
622,114
622,115
622,116
622,117
622,118
622,119
622,120
622,121
622,122
622,123
622,124
622,125
622,126
622,127
622,128
622,129
622,130
622,131
622,132
622,133
622,134
622,135
622,136
622,137
622,138
622,139
622,140
622,141
622,142
622,143
622,144
622,145
622,146
622,147
622,148
622,149
622,150
622,151
622,152
622,153
622,154
622,155
622,156
622,157
622,158
622,159
622,160
622,161
622,162
622,163
622,164
622,165
622,166
622,167
622,168
622,169
622,170
622,171
622,172
622,173
622,174
622,175
622,176
622,177
622,178
622,179
622,180
622,181
622,182
622,183
622,184
622,185
622,186
622,187
622,188
622,189
622,190
622,191
622,192
622,193
622,194
622,195
622,196
622,197
622,198
622,199
622,200
622,201
622,202
622,203
622,204
622,205
622,206
622,207
622,208
622,209
622,210
622,211
622,212
622,213
622,214
622,215
622,216
622,217
622,218
622,219
622,220
622,221
622,222
622,223
622,224
622,225
622,226
622,227
622,228
622,229
622,230
622,231
622,232
622,233
622,234
622,235
622,236
622,237
622,238
622,239
622,240
622,241
622,242
622,243
622,244
622,245
622,246
622,247
622,248
622,249
622,250
622,251
622,252
622,253
622,254
622,255
622,256
622,257
622,258
622,259
622,260
622,261
622,262
622,263
622,264
622,265
622,266
622,267
622,268
622,269
622,270
622,271
622,272
622,273
622,274
622,275
622,276
622,277
622,278
622,279
622,280
622,281
622,282
622,283
622,284
622,285
622,286
622,287
622,288
622,289
622,290
622,291
622,292
622,293
622,294
622,295
622,296
622,297
622,298
622,299
622,300
622,301
622,302
622,303
622,304
622,305
622,306
622,307
622,308
622,309
622,310
622,311
622,312
622,313
622,314
622,315
622,316
622,317
622,318
622,319
622,320
622,321
622,322
622,323
622,324
622,325
622,326
622,327
622,328
622,329
622,330
622,331
622,332
622,333
622,334
622,335
622,336
622,337
622,338
622,339
622,340
622,341
622,342
622,343
622,344
622,345
622,346
622,347
622,348
622,349
622,350
622,351
622,352
622,353
622,354
622,355
622,356
622,357
622,358
622,359
622,360
622,361
622,362
622,363
622,364
622,365
622,366
622,367
622,368
622,369
622,370
622,371
622,372
622,373
622,374
622,375
622,376
622,377
622,378
622,379
622,380
622,381
622,382
622,383
622,384
622,385
622,386
622,387
622,388
622,389
622,390
622,391
622,392
622,393
622,394
622,395
622,396
622,397
622,398
622,399
622,400
622,401
622,402
622,403
622,404
622,405
622,406
622,407
622,408
622,409
622,410
622,411
622,412
622,413
622,414
622,415
622,416
622,417
622,418
622,419
622,420
622,421
622,422
622,423
622,424
622,425
622,426
622,427
622,428
622,429
622,430
622,431
622,432
622,433
622,434
622,435
622,436
622,437
622,438
622,439
622,440
622,441
622,442
622,443
622,444
622,445
622,446
622,447
622,448
622,449
622,450
622,451
622,452
622,453
622,454
622,455
622,456
622,457
622,458
622,459
622,460
622,461
622,462
622,463
622,464
622,465
622,466
622,467
622,468
622,469
622,470
622,471
622,472
622,473
622,474
622,475
622,476
622,477
622,478
622,479
622,480
622,481
622,482
622,483
622,484
622,485
622,486
622,487
622,488
622,489
622,490
622,491
622,492
622,493
622,494
622,495
622,496
622,497
622,498
622,499
622,500
622,501
622,502
622,503
622,504
622,505
622,506
622,507
622,508
622,509
622,510
622,511
622,512
622,513
622,514
622,515
622,516
622,517
622,518
622,519
622,520
622,521
622,522
622,523
622,524
622,525
622,526
622,527
622,528
622,529
622,530
622,531
622,532
622,533
622,534
622,535
622,536
622,537
622,538
622,539
622,540
622,541
622,542
622,543
622,544
622,545
622,546
622,547
622,548
622,549
622,550
622,551
622,552
622,553
622,554
622,555
622,556
622,557
622,558
622,559
622,560
622,561
622,562
622,563
622,564
622,565
622,566
622,567
622,568
622,569
622,570
622,571
622,572
622,573
622,574
622,575
622,576
622,577
622,578
622,579
622,580
622,581
622,582
622,583
622,584
622,585
622,586
622,587
622,588
622,589
622,590
622,591
622,592
622,593
622,594
622,595
622,596
622,597
622,598
622,599
622,600
622,601
622,602
622,603
622,604
622,605
622,606
622,607
622,608
622,609
622,610
622,611
622,612
622,613
622,614
622,615
622,616
622,617
622,618
622,619
622,620
622,621
622,622
622,623
622,624
622,625
622,626
622,627
622,628
622,629
622,630
622,631
622,632
622,633
622,634
622,635
622,636
622,637
622,638
622,639
622,640
622,641
622,642
622,643
622,644
622,645
622,646
622,647
622,648
622,649
622,650
622,651
622,652
622,653
622,654
622,655
622,656
622,657
622,658
622,659
622,660
622,661
622,662
622,663
622,664
622,665
622,666
622,667
622,668
622,669
622,670
622,671
622,672
622,673
622,674
622,675
622,676
622,677
622,678
622,679
622,680
622,681
622,682
622,683
622,684
622,685
622,686
622,687
622,688
622,689
622,690
622,691
622,692
622,693
622,694
622,695
622,696
622,697
622,698
622,699
622,700
622,701
622,702
622,703
622,704
622,705
622,706
622,707
622,708
622,709
622,710
622,711
622,712
622,713
622,714
622,715
622,716
622,717
622,718
622,719
622,720
622,721
622,722
622,723
622,724
622,725
622,726
622,727
622,728
622,729
622,730
622,731
622,732
622,733
622,734
622,735
622,736
622,737
622,738
622,739
622,740
622,741
622,742
622,743
622,744
622,745
622,746
622,747
622,748
622,749
622,750
622,751
622,752
622,753
622,754
622,755
622,756
622,757
622,758
622,759
622,760
622,761
622,762
622,763
622,764
622,765
622,766
622,767
622,768
622,769
622,770
622,771
622,772
622,773
622,774
622,775
622,776
622,777
622,778
622,779
622,780
622,781
622,782
622,783
622,784
622,785
622,786
622,787
622,788
622,789
622,790
622,791
622,792
622,793
622,794
622,795
622,796
622,797
622,798
622,799
622,800
622,801
622,802
622,803
622,804
622,805
622,806
622,807
622,808
622,809
622,810
622,811
622,812
622,813
622,814
622,815
622,816
622,817
622,818
622,819
622,820
622,821
622,822
622,823
622,824
622,825
622,826
622,827
622,828
622,829
622,830
622,831
622,832
622,833
622,834
622,835
622,836
622,837
622,838
622,839
622,840
622,841
622,842
622,843
622,844
622,845
622,846
622,847
622,848
622,849
622,850
622,851
622,852
622,853
622,854
622,855
622,856
622,857
622,858
622,859
622,860
622,861
622,862
622,863
622,864
622,865
622,866
622,867
622,868
622,869
622,870
622,871
622,872
622,873
622,874
622,875
622,876
622,877
622,878
622,879
622,880
622,881
622,882
622,883
622,884
622,885
622,886
622,887
622,888
622,889
622,890
622,891
622,892
622,893
622,894
622,895
622,896
622,897
622,898
622,899
622,900
622,901
622,902
622,903
622,904
622,905
622,906
622,907
622,908
622,909
622,910
622,911
622,912
622,913
622,914
622,915
622,916
622,917
622,918
622,919
622,920
622,921
622,922
622,923
622,924
622,925
622,926
622,927
622,928
622,929
622,930
622,931
622,932
622,933
622,934
622,935
622,936
622,937
622,938
622,939
622,940
622,941
622,942
622,943
622,944
622,945
622,946
622,947
622,948
622,949
622,950
622,951
622,952
622,953
622,954
622,955
622,956
622,957
622,958
622,959
622,960
622,961
622,962
622,963
622,964
622,965
622,966
622,967
622,968
622,969
622,970
622,971
622,972
622,973
622,974
622,975
622,976
622,977
622,978
622,979
623,980
623,981
624,981
624,982
625,982
625,983
626,983
627,984
628,984
629,984
630,984
631,984
632,984
633,983
634,983
634,982
635,982
635,981
636,981
636,980
637,979
637,978
637,977
637,976
637,975
637,974
637,973
637,972
637,971
637,970
637,969
637,968
637,967
637,966
637,965
637,964
637,963
637,962
637,961
637,960
637,959
637,958
637,957
637,956
637,955
637,954
637,953
637,952
637,951
637,950
637,949
637,948
637,947
637,946
637,945
637,944
637,943
637,942
637,941
637,940
637,939
637,938
637,937
637,936
637,935
637,934
637,933
637,932
637,931
637,930
637,929
637,928
637,927
637,926
637,925
637,924
637,923
637,922
637,921
637,920
637,919
637,918
637,917
637,916
637,915
637,914
637,913
637,912
637,911
637,910
637,909
637,908
637,907
637,906
637,905
637,904
637,903
637,902
637,901
637,900
637,899
637,898
637,897
637,896
637,895
637,894
637,893
637,892
637,891
637,890
637,889
637,888
637,887
637,886
637,885
637,884
637,883
637,882
637,881
637,880
637,879
637,878
637,877
637,876
637,875
637,874
637,873
637,872
637,871
637,870
637,869
637,868
637,867
637,866
637,865
637,864
637,863
637,862
637,861
637,860
637,859
637,858
637,857
637,856
637,855
637,854
637,853
637,852
637,851
637,850
637,849
637,848
637,847
637,846
637,845
637,844
637,843
637,842
637,841
637,840
637,839
637,838
637,837
637,836
637,835
637,834
637,833
637,832
637,831
637,830
637,829
637,828
637,827
637,826
637,825
637,824
637,823
637,822
637,821
637,820
637,819
637,818
637,817
637,816
637,815
637,814
637,813
637,812
637,811
637,810
637,809
637,808
637,807
637,806
637,805
637,804
637,803
637,802
637,801
637,800
637,799
637,798
637,797
637,796
637,795
637,794
637,793
637,792
637,791
637,790
637,789
637,788
637,787
637,786
637,785
637,784
637,783
637,782
637,781
637,780
637,779
637,778
637,777
637,776
637,775
637,774
637,773
637,772
637,771
637,770
637,769
637,768
637,767
637,766
637,765
637,764
637,763
637,762
637,761
637,760
637,759
637,758
637,757
637,756
637,755
637,754
637,753
637,752
637,751
637,750
637,749
637,748
637,747
637,746
637,745
637,744
637,743
637,742
637,741
637,740
637,739
637,738
637,737
637,736
637,735
637,734
637,733
637,732
637,731
637,730
637,729
637,728
637,727
637,726
637,725
637,724
637,723
637,722
637,721
637,720
637,719
637,718
637,717
637,716
637,715
637,714
637,713
637,712
637,711
637,710
637,709
637,708
637,707
637,706
637,705
637,704
637,703
637,702
637,701
637,700
637,699
637,698
637,697
637,696
637,695
637,694
637,693
637,692
637,691
637,690
637,689
637,688
637,687
637,686
637,685
637,684
637,683
637,682
637,681
637,680
637,679
637,678
637,677
637,676
637,675
637,674
637,673
637,672
637,671
637,670
637,669
637,668
637,667
637,666
637,665
637,664
637,663
637,662
637,661
637,660
637,659
637,658
637,657
637,656
637,655
637,654
637,653
637,652
637,651
637,650
637,649
637,648
637,647
637,646
637,645
637,644
637,643
637,642
637,641
637,640
637,639
637,638
637,637
637,636
637,635
637,634
637,633
637,632
637,631
637,630
637,629
637,628
637,627
637,626
637,625
637,624
637,623
637,622
637,621
637,620
637,619
637,618
637,617
637,616
637,615
637,614
637,613
637,612
637,611
637,610
637,609
637,608
637,607
637,606
637,605
637,604
637,603
637,602
637,601
637,600
637,599
637,598
637,597
637,596
637,595
637,594
637,593
637,592
637,591
637,590
637,589
637,588
637,587
637,586
637,585
637,584
637,583
637,582
637,581
637,580
637,579
637,578
637,577
637,576
637,575
637,574
637,573
637,572
637,571
637,570
637,569
637,568
637,567
637,566
637,565
637,564
637,563
637,562
637,561
637,560
637,559
637,558
637,557
637,556
637,555
637,554
637,553
637,552
637,551
637,550
637,549
637,548
637,547
637,546
637,545
637,544
637,543
637,542
637,541
637,540
637,539
637,538
637,537
637,536
637,535
637,534
637,533
637,532
637,531
637,530
637,529
637,528
637,527
637,526
637,525
637,524
637,523
637,522
637,521
637,520
637,519
637,518
637,517
637,516
637,515
637,514
637,513
637,512
637,511
637,510
637,509
637,508
637,507
637,506
637,505
637,504
637,503
637,502
637,501
637,500
637,499
637,498
637,497
637,496
637,495
637,494
637,493
637,492
637,491
637,490
637,489
637,488
637,487
637,486
637,485
637,484
637,483
637,482
637,481
637,480
637,479
637,478
637,477
637,476
637,475
637,474
637,473
637,472
637,471
637,470
637,469
637,468
637,467
637,466
637,465
637,464
637,463
637,462
637,461
637,460
637,459
637,458
637,457
637,456
637,455
637,454
637,453
637,452
637,451
637,450
637,449
637,448
637,447
637,446
637,445
637,444
637,443
637,442
637,441
637,440
637,439
637,438
637,437
637,436
637,435
637,434
637,433
637,432
637,431
637,430
637,429
637,428
637,427
637,426
637,425
637,424
637,423
637,422
637,421
637,420
637,419
637,418
637,417
637,416
637,415
637,414
637,413
637,412
637,411
637,410
637,409
637,408
637,407
637,406
637,405
637,404
637,403
637,402
637,401
637,400
637,399
637,398
637,397
637,396
637,395
637,394
637,393
637,392
637,391
637,390
637,389
637,388
637,387
637,386
637,385
637,384
637,383
637,382
637,381
637,380
637,379
637,378
637,377
637,376
637,375
637,374
637,373
637,372
637,371
637,370
637,369
637,368
637,367
637,366
637,365
637,364
637,363
637,362
637,361
637,360
637,359
637,358
637,357
637,356
637,355
637,354
637,353
637,352
637,351
637,350
637,349
637,348
637,347
637,346
637,345
637,344
637,343
637,342
637,341
637,340
637,339
637,338
637,337
637,336
637,335
637,334
637,333
637,332
637,331
637,330
637,329
637,328
637,327
637,326
637,325
637,324
637,323
637,322
637,321
637,320
637,319
637,318
637,317
637,316
637,315
637,314
637,313
637,312
637,311
637,310
637,309
637,308
637,307
637,306
637,305
637,304
637,303
637,302
637,301
637,300
637,299
637,298
637,297
637,296
637,295
637,294
637,293
637,292
637,291
637,290
637,289
637,288
637,287
637,286
637,285
637,284
637,283
637,282
637,281
637,280
637,279
637,278
637,277
637,276
637,275
637,274
637,273
637,272
637,271
637,270
637,269
637,268
637,267
637,266
637,265
637,264
637,263
637,262
637,261
637,260
637,259
637,258
637,257
637,256
637,255
637,254
637,253
637,252
637,251
637,250
637,249
637,248
637,247
637,246
637,245
637,244
637,243
637,242
637,241
637,240
637,239
637,238
637,237
637,236
637,235
637,234
637,233
637,232
637,231
637,230
637,229
637,228
637,227
637,226
637,225
637,224
637,223
637,222
637,221
637,220
637,219
637,218
637,217
637,216
637,215
637,214
637,213
637,212
637,211
637,210
637,209
637,208
637,207
637,206
637,205
637,204
637,203
637,202
637,201
637,200
637,199
637,198
637,197
637,196
637,195
637,194
637,193
637,192
637,191
637,190
637,189
637,188
637,187
637,186
637,185
637,184
637,183
637,182
637,181
637,180
637,179
637,178
637,177
637,176
637,175
637,174
637,173
637,172
637,171
637,170
637,169
637,168
637,167
637,166
637,165
637,164
637,163
637,162
637,161
637,160
637,159
637,158
637,157
637,156
637,155
637,154
637,153
637,152
637,151
637,150
637,149
637,148
637,147
637,146
637,145
637,144
637,143
637,142
637,141
637,140
637,139
637,138
637,137
637,136
637,135
637,134
637,133
637,132
637,131
637,130
637,129
637,128
637,127
637,126
637,125
637,124
637,123
637,122
637,121
637,120
637,119
637,118
637,117
637,116
637,115
637,114
637,113
637,112
637,111
637,110
637,109
637,108
637,107
637,106
637,105
637,104
637,103
637,102
637,101
637,100
637,99
637,98
637,97
637,96
637,95
637,94
637,93
637,92
637,91
637,90
637,89
637,88
637,87
637,86
637,85
637,84
637,83
637,82
637,81
637,80
637,79
637,78
637,77
637,76
637,75
637,74
637,73
637,72
637,71
637,70
637,69
637,68
637,67
637,66
637,65
637,64
637,63
637,62
637,61
637,60
637,59
637,58
637,57
637,56
637,55
637,54
637,53
637,52
637,51
637,50
637,49
637,48
637,47
637,46
637,45
638,44
638,43
639,43
639,42
640,42
640,41
641,41
642,40
643,40
644,40
645,40
646,40
647,41
648,41
648,42
649,42
649,43
650,43
650,44
651,45
651,46
651,47
651,48
651,49
651,50
651,51
651,52
651,53
651,54
651,55
651,56
651,57
651,58
651,59
651,60
651,61
651,62
651,63
651,64
651,65
651,66
651,67
651,68
651,69
651,70
651,71
651,72
651,73
651,74
651,75
651,76
651,77
651,78
651,79
651,80
651,81
651,82
651,83
651,84
651,85
651,86
651,87
651,88
651,89
651,90
651,91
651,92
651,93
651,94
651,95
651,96
651,97
651,98
651,99
651,100
651,101
651,102
651,103
651,104
651,105
651,106
651,107
651,108
651,109
651,110
651,111
651,112
651,113
651,114
651,115
651,116
651,117
651,118
651,119
651,120
651,121
651,122
651,123
651,124
651,125
651,126
651,127
651,128
651,129
651,130
651,131
651,132
651,133
651,134
651,135
651,136
651,137
651,138
651,139
651,140
651,141
651,142
651,143
651,144
651,145
651,146
651,147
651,148
651,149
651,150
651,151
651,152
651,153
651,154
651,155
651,156
651,157
651,158
651,159
651,160
651,161
651,162
651,163
651,164
651,165
651,166
651,167
651,168
651,169
651,170
651,171
651,172
651,173
651,174
651,175
651,176
651,177
651,178
651,179
651,180
651,181
651,182
651,183
651,184
651,185
651,186
651,187
651,188
651,189
651,190
651,191
651,192
651,193
651,194
651,195
651,196
651,197
651,198
651,199
651,200
651,201
651,202
651,203
651,204
651,205
651,206
651,207
651,208
651,209
651,210
651,211
651,212
651,213
651,214
651,215
651,216
651,217
651,218
651,219
651,220
651,221
651,222
651,223
651,224
651,225
651,226
651,227
651,228
651,229
651,230
651,231
651,232
651,233
651,234
651,235
651,236
651,237
651,238
651,239
651,240
651,241
651,242
651,243
651,244
651,245
651,246
651,247
651,248
651,249
651,250
651,251
651,252
651,253
651,254
651,255
651,256
651,257
651,258
651,259
651,260
651,261
651,262
651,263
651,264
651,265
651,266
651,267
651,268
651,269
651,270
651,271
651,272
651,273
651,274
651,275
651,276
651,277
651,278
651,279
651,280
651,281
651,282
651,283
651,284
651,285
651,286
651,287
651,288
651,289
651,290
651,291
651,292
651,293
651,294
651,295
651,296
651,297
651,298
651,299
651,300
651,301
651,302
651,303
651,304
651,305
651,306
651,307
651,308
651,309
651,310
651,311
651,312
651,313
651,314
651,315
651,316
651,317
651,318
651,319
651,320
651,321
651,322
651,323
651,324
651,325
651,326
651,327
651,328
651,329
651,330
651,331
651,332
651,333
651,334
651,335
651,336
651,337
651,338
651,339
651,340
651,341
651,342
651,343
651,344
651,345
651,346
651,347
651,348
651,349
651,350
651,351
651,352
651,353
651,354
651,355
651,356
651,357
651,358
651,359
651,360
651,361
651,362
651,363
651,364
651,365
651,366
651,367
651,368
651,369
651,370
651,371
651,372
651,373
651,374
651,375
651,376
651,377
651,378
651,379
651,380
651,381
651,382
651,383
651,384
651,385
651,386
651,387
651,388
651,389
651,390
651,391
651,392
651,393
651,394
651,395
651,396
651,397
651,398
651,399
651,400
651,401
651,402
651,403
651,404
651,405
651,406
651,407
651,408
651,409
651,410
651,411
651,412
651,413
651,414
651,415
651,416
651,417
651,418
651,419
651,420
651,421
651,422
651,423
651,424
651,425
651,426
651,427
651,428
651,429
651,430
651,431
651,432
651,433
651,434
651,435
651,436
651,437
651,438
651,439
651,440
651,441
651,442
651,443
651,444
651,445
651,446
651,447
651,448
651,449
651,450
651,451
651,452
651,453
651,454
651,455
651,456
651,457
651,458
651,459
651,460
651,461
651,462
651,463
651,464
651,465
651,466
651,467
651,468
651,469
651,470
651,471
651,472
651,473
651,474
651,475
651,476
651,477
651,478
651,479
651,480
651,481
651,482
651,483
651,484
651,485
651,486
651,487
651,488
651,489
651,490
651,491
651,492
651,493
651,494
651,495
651,496
651,497
651,498
651,499
651,500
651,501
651,502
651,503
651,504
651,505
651,506
651,507
651,508
651,509
651,510
651,511
651,512
651,513
651,514
651,515
651,516
651,517
651,518
651,519
651,520
651,521
651,522
651,523
651,524
651,525
651,526
651,527
651,528
651,529
651,530
651,531
651,532
651,533
651,534
651,535
651,536
651,537
651,538
651,539
651,540
651,541
651,542
651,543
651,544
651,545
651,546
651,547
651,548
651,549
651,550
651,551
651,552
651,553
651,554
651,555
651,556
651,557
651,558
651,559
651,560
651,561
651,562
651,563
651,564
651,565
651,566
651,567
651,568
651,569
651,570
651,571
651,572
651,573
651,574
651,575
651,576
651,577
651,578
651,579
651,580
651,581
651,582
651,583
651,584
651,585
651,586
651,587
651,588
651,589
651,590
651,591
651,592
651,593
651,594
651,595
651,596
651,597
651,598
651,599
651,600
651,601
651,602
651,603
651,604
651,605
651,606
651,607
651,608
651,609
651,610
651,611
651,612
651,613
651,614
651,615
651,616
651,617
651,618
651,619
651,620
651,621
651,622
651,623
651,624
651,625
651,626
651,627
651,628
651,629
651,630
651,631
651,632
651,633
651,634
651,635
651,636
651,637
651,638
651,639
651,640
651,641
651,642
651,643
651,644
651,645
651,646
651,647
651,648
651,649
651,650
651,651
651,652
651,653
651,654
651,655
651,656
651,657
651,658
651,659
651,660
651,661
651,662
651,663
651,664
651,665
651,666
651,667
651,668
651,669
651,670
651,671
651,672
651,673
651,674
651,675
651,676
651,677
651,678
651,679
651,680
651,681
651,682
651,683
651,684
651,685
651,686
651,687
651,688
651,689
651,690
651,691
651,692
651,693
651,694
651,695
651,696
651,697
651,698
651,699
651,700
651,701
651,702
651,703
651,704
651,705
651,706
651,707
651,708
651,709
651,710
651,711
651,712
651,713
651,714
651,715
651,716
651,717
651,718
651,719
651,720
651,721
651,722
651,723
651,724
651,725
651,726
651,727
651,728
651,729
651,730
651,731
651,732
651,733
651,734
651,735
651,736
651,737
651,738
651,739
651,740
651,741
651,742
651,743
651,744
651,745
651,746
651,747
651,748
651,749
651,750
651,751
651,752
651,753
651,754
651,755
651,756
651,757
651,758
651,759
651,760
651,761
651,762
651,763
651,764
651,765
651,766
651,767
651,768
651,769
651,770
651,771
651,772
651,773
651,774
651,775
651,776
651,777
651,778
651,779
651,780
651,781
651,782
651,783
651,784
651,785
651,786
651,787
651,788
651,789
651,790
651,791
651,792
651,793
651,794
651,795
651,796
651,797
651,798
651,799
651,800
651,801
651,802
651,803
651,804
651,805
651,806
651,807
651,808
651,809
651,810
651,811
651,812
651,813
651,814
651,815
651,816
651,817
651,818
651,819
651,820
651,821
651,822
651,823
651,824
651,825
651,826
651,827
651,828
651,829
651,830
651,831
651,832
651,833
651,834
651,835
651,836
651,837
651,838
651,839
651,840
651,841
651,842
651,843
651,844
651,845
651,846
651,847
651,848
651,849
651,850
651,851
651,852
651,853
651,854
651,855
651,856
651,857
651,858
651,859
651,860
651,861
651,862
651,863
651,864
651,865
651,866
651,867
651,868
651,869
651,870
651,871
651,872
651,873
651,874
651,875
651,876
651,877
651,878
651,879
651,880
651,881
651,882
651,883
651,884
651,885
651,886
651,887
651,888
651,889
651,890
651,891
651,892
651,893
651,894
651,895
651,896
651,897
651,898
651,899
651,900
651,901
651,902
651,903
651,904
651,905
651,906
651,907
651,908
651,909
651,910
651,911
651,912
651,913
651,914
651,915
651,916
651,917
651,918
651,919
651,920
651,921
651,922
651,923
651,924
651,925
651,926
651,927
651,928
651,929
651,930
651,931
651,932
651,933
651,934
651,935
651,936
651,937
651,938
651,939
651,940
651,941
651,942
651,943
651,944
651,945
651,946
651,947
651,948
651,949
651,950
651,951
651,952
651,953
651,954
651,955
651,956
651,957
651,958
651,959
651,960
651,961
651,962
651,963
651,964
651,965
651,966
651,967
651,968
651,969
651,970
651,971
651,972
651,973
651,974
651,975
651,976
651,977
651,978
651,979
652,980
652,981
653,981
653,982
654,982
654,983
655,983
656,984
657,984
658,984
659,984
660,984
661,984
662,983
663,983
663,982
664,982
664,981
665,981
665,980
666,979
666,978
666,977
666,976
666,975
666,974
666,973
666,972
666,971
666,970
666,969
666,968
666,967
666,966
666,965
666,964
666,963
666,962
666,961
666,960
666,959
666,958
666,957
666,956
666,955
666,954
666,953
666,952
666,951
666,950
666,949
666,948
666,947
666,946
666,945
666,944
666,943
666,942
666,941
666,940
666,939
666,938
666,937
666,936
666,935
666,934
666,933
666,932
666,931
666,930
666,929
666,928
666,927
666,926
666,925
666,924
666,923
666,922
666,921
666,920
666,919
666,918
666,917
666,916
666,915
666,914
666,913
666,912
666,911
666,910
666,909
666,908
666,907
666,906
666,905
666,904
666,903
666,902
666,901
666,900
666,899
666,898
666,897
666,896
666,895
666,894
666,893
666,892
666,891
666,890
666,889
666,888
666,887
666,886
666,885
666,884
666,883
666,882
666,881
666,880
666,879
666,878
666,877
666,876
666,875
666,874
666,873
666,872
666,871
666,870
666,869
666,868
666,867
666,866
666,865
666,864
666,863
666,862
666,861
666,860
666,859
666,858
666,857
666,856
666,855
666,854
666,853
666,852
666,851
666,850
666,849
666,848
666,847
666,846
666,845
666,844
666,843
666,842
666,841
666,840
666,839
666,838
666,837
666,836
666,835
666,834
666,833
666,832
666,831
666,830
666,829
666,828
666,827
666,826
666,825
666,824
666,823
666,822
666,821
666,820
666,819
666,818
666,817
666,816
666,815
666,814
666,813
666,812
666,811
666,810
666,809
666,808
666,807
666,806
666,805
666,804
666,803
666,802
666,801
666,800
666,799
666,798
666,797
666,796
666,795
666,794
666,793
666,792
666,791
666,790
666,789
666,788
666,787
666,786
666,785
666,784
666,783
666,782
666,781
666,780
666,779
666,778
666,777
666,776
666,775
666,774
666,773
666,772
666,771
666,770
666,769
666,768
666,767
666,766
666,765
666,764
666,763
666,762
666,761
666,760
666,759
666,758
666,757
666,756
666,755
666,754
666,753
666,752
666,751
666,750
666,749
666,748
666,747
666,746
666,745
666,744
666,743
666,742
666,741
666,740
666,739
666,738
666,737
666,736
666,735
666,734
666,733
666,732
666,731
666,730
666,729
666,728
666,727
666,726
666,725
666,724
666,723
666,722
666,721
666,720
666,719
666,718
666,717
666,716
666,715
666,714
666,713
666,712
666,711
666,710
666,709
666,708
666,707
666,706
666,705
666,704
666,703
666,702
666,701
666,700
666,699
666,698
666,697
666,696
666,695
666,694
666,693
666,692
666,691
666,690
666,689
666,688
666,687
666,686
666,685
666,684
666,683
666,682
666,681
666,680
666,679
666,678
666,677
666,676
666,675
666,674
666,673
666,672
666,671
666,670
666,669
666,668
666,667
666,666
666,665
666,664
666,663
666,662
666,661
666,660
666,659
666,658
666,657
666,656
666,655
666,654
666,653
666,652
666,651
666,650
666,649
666,648
666,647
666,646
666,645
666,644
666,643
666,642
666,641
666,640
666,639
666,638
666,637
666,636
666,635
666,634
666,633
666,632
666,631
666,630
666,629
666,628
666,627
666,626
666,625
666,624
666,623
666,622
666,621
666,620
666,619
666,618
666,617
666,616
666,615
666,614
666,613
666,612
666,611
666,610
666,609
666,608
666,607
666,606
666,605
666,604
666,603
666,602
666,601
666,600
666,599
666,598
666,597
666,596
666,595
666,594
666,593
666,592
666,591
666,590
666,589
666,588
666,587
666,586
666,585
666,584
666,583
666,582
666,581
666,580
666,579
666,578
666,577
666,576
666,575
666,574
666,573
666,572
666,571
666,570
666,569
666,568
666,567
666,566
666,565
666,564
666,563
666,562
666,561
666,560
666,559
666,558
666,557
666,556
666,555
666,554
666,553
666,552
666,551
666,550
666,549
666,548
666,547
666,546
666,545
666,544
666,543
666,542
666,541
666,540
666,539
666,538
666,537
666,536
666,535
666,534
666,533
666,532
666,531
666,530
666,529
666,528
666,527
666,526
666,525
666,524
666,523
666,522
666,521
666,520
666,519
666,518
666,517
666,516
666,515
666,514
666,513
666,512
666,511
666,510
666,509
666,508
666,507
666,506
666,505
666,504
666,503
666,502
666,501
666,500
666,499
666,498
666,497
666,496
666,495
666,494
666,493
666,492
666,491
666,490
666,489
666,488
666,487
666,486
666,485
666,484
666,483
666,482
666,481
666,480
666,479
666,478
666,477
666,476
666,475
666,474
666,473
666,472
666,471
666,470
666,469
666,468
666,467
666,466
666,465
666,464
666,463
666,462
666,461
666,460
666,459
666,458
666,457
666,456
666,455
666,454
666,453
666,452
666,451
666,450
666,449
666,448
666,447
666,446
666,445
666,444
666,443
666,442
666,441
666,440
666,439
666,438
666,437
666,436
666,435
666,434
666,433
666,432
666,431
666,430
666,429
666,428
666,427
666,426
666,425
666,424
666,423
666,422
666,421
666,420
666,419
666,418
666,417
666,416
666,415
666,414
666,413
666,412
666,411
666,410
666,409
666,408
666,407
666,406
666,405
666,404
666,403
666,402
666,401
666,400
666,399
666,398
666,397
666,396
666,395
666,394
666,393
666,392
666,391
666,390
666,389
666,388
666,387
666,386
666,385
666,384
666,383
666,382
666,381
666,380
666,379
666,378
666,377
666,376
666,375
666,374
666,373
666,372
666,371
666,370
666,369
666,368
666,367
666,366
666,365
666,364
666,363
666,362
666,361
666,360
666,359
666,358
666,357
666,356
666,355
666,354
666,353
666,352
666,351
666,350
666,349
666,348
666,347
666,346
666,345
666,344
666,343
666,342
666,341
666,340
666,339
666,338
666,337
666,336
666,335
666,334
666,333
666,332
666,331
666,330
666,329
666,328
666,327
666,326
666,325
666,324
666,323
666,322
666,321
666,320
666,319
666,318
666,317
666,316
666,315
666,314
666,313
666,312
666,311
666,310
666,309
666,308
666,307
666,306
666,305
666,304
666,303
666,302
666,301
666,300
666,299
666,298
666,297
666,296
666,295
666,294
666,293
666,292
666,291
666,290
666,289
666,288
666,287
666,286
666,285
666,284
666,283
666,282
666,281
666,280
666,279
666,278
666,277
666,276
666,275
666,274
666,273
666,272
666,271
666,270
666,269
666,268
666,267
666,266
666,265
666,264
666,263
666,262
666,261
666,260
666,259
666,258
666,257
666,256
666,255
666,254
666,253
666,252
666,251
666,250
666,249
666,248
666,247
666,246
666,245
666,244
666,243
666,242
666,241
666,240
666,239
666,238
666,237
666,236
666,235
666,234
666,233
666,232
666,231
666,230
666,229
666,228
666,227
666,226
666,225
666,224
666,223
666,222
666,221
666,220
666,219
666,218
666,217
666,216
666,215
666,214
666,213
666,212
666,211
666,210
666,209
666,208
666,207
666,206
666,205
666,204
666,203
666,202
666,201
666,200
666,199
666,198
666,197
666,196
666,195
666,194
666,193
666,192
666,191
666,190
666,189
666,188
666,187
666,186
666,185
666,184
666,183
666,182
666,181
666,180
666,179
666,178
666,177
666,176
666,175
666,174
666,173
666,172
666,171
666,170
666,169
666,168
666,167
666,166
666,165
666,164
666,163
666,162
666,161
666,160
666,159
666,158
666,157
666,156
666,155
666,154
666,153
666,152
666,151
666,150
666,149
666,148
666,147
666,146
666,145
666,144
666,143
666,142
666,141
666,140
666,139
666,138
666,137
666,136
666,135
666,134
666,133
666,132
666,131
666,130
666,129
666,128
666,127
666,126
666,125
666,124
666,123
666,122
666,121
666,120
666,119
666,118
666,117
666,116
666,115
666,114
666,113
666,112
666,111
666,110
666,109
666,108
666,107
666,106
666,105
666,104
666,103
666,102
666,101
666,100
666,99
666,98
666,97
666,96
666,95
666,94
666,93
666,92
666,91
666,90
666,89
666,88
666,87
666,86
666,85
666,84
666,83
666,82
666,81
666,80
666,79
666,78
666,77
666,76
666,75
666,74
666,73
666,72
666,71
666,70
666,69
666,68
666,67
666,66
666,65
666,64
666,63
666,62
666,61
666,60
666,59
666,58
666,57
666,56
666,55
666,54
666,53
666,52
666,51
666,50
666,49
666,48
666,47
666,46
666,45
667,44
667,43
668,43
668,42
669,42
669,41
670,41
671,40
672,40
673,40
674,40
675,40
676,40
677,41
678,41
678,42
679,42
679,43
680,43
680,44
681,45
681,46
681,47
681,48
681,49
681,50
681,51
681,52
681,53
681,54
681,55
681,56
681,57
681,58
681,59
681,60
681,61
681,62
681,63
681,64
681,65
681,66
681,67
681,68
681,69
681,70
681,71
681,72
681,73
681,74
681,75
681,76
681,77
681,78
681,79
681,80
681,81
681,82
681,83
681,84
681,85
681,86
681,87
681,88
681,89
681,90
681,91
681,92
681,93
681,94
681,95
681,96
681,97
681,98
681,99
681,100
681,101
681,102
681,103
681,104
681,105
681,106
681,107
681,108
681,109
681,110
681,111
681,112
681,113
681,114
681,115
681,116
681,117
681,118
681,119
681,120
681,121
681,122
681,123
681,124
681,125
681,126
681,127
681,128
681,129
681,130
681,131
681,132
681,133
681,134
681,135
681,136
681,137
681,138
681,139
681,140
681,141
681,142
681,143
681,144
681,145
681,146
681,147
681,148
681,149
681,150
681,151
681,152
681,153
681,154
681,155
681,156
681,157
681,158
681,159
681,160
681,161
681,162
681,163
681,164
681,165
681,166
681,167
681,168
681,169
681,170
681,171
681,172
681,173
681,174
681,175
681,176
681,177
681,178
681,179
681,180
681,181
681,182
681,183
681,184
681,185
681,186
681,187
681,188
681,189
681,190
681,191
681,192
681,193
681,194
681,195
681,196
681,197
681,198
681,199
681,200
681,201
681,202
681,203
681,204
681,205
681,206
681,207
681,208
681,209
681,210
681,211
681,212
681,213
681,214
681,215
681,216
681,217
681,218
681,219
681,220
681,221
681,222
681,223
681,224
681,225
681,226
681,227
681,228
681,229
681,230
681,231
681,232
681,233
681,234
681,235
681,236
681,237
681,238
681,239
681,240
681,241
681,242
681,243
681,244
681,245
681,246
681,247
681,248
681,249
681,250
681,251
681,252
681,253
681,254
681,255
681,256
681,257
681,258
681,259
681,260
681,261
681,262
681,263
681,264
681,265
681,266
681,267
681,268
681,269
681,270
681,271
681,272
681,273
681,274
681,275
681,276
681,277
681,278
681,279
681,280
681,281
681,282
681,283
681,284
681,285
681,286
681,287
681,288
681,289
681,290
681,291
681,292
681,293
681,294
681,295
681,296
681,297
681,298
681,299
681,300
681,301
681,302
681,303
681,304
681,305
681,306
681,307
681,308
681,309
681,310
681,311
681,312
681,313
681,314
681,315
681,316
681,317
681,318
681,319
681,320
681,321
681,322
681,323
681,324
681,325
681,326
681,327
681,328
681,329
681,330
681,331
681,332
681,333
681,334
681,335
681,336
681,337
681,338
681,339
681,340
681,341
681,342
681,343
681,344
681,345
681,346
681,347
681,348
681,349
681,350
681,351
681,352
681,353
681,354
681,355
681,356
681,357
681,358
681,359
681,360
681,361
681,362
681,363
681,364
681,365
681,366
681,367
681,368
681,369
681,370
681,371
681,372
681,373
681,374
681,375
681,376
681,377
681,378
681,379
681,380
681,381
681,382
681,383
681,384
681,385
681,386
681,387
681,388
681,389
681,390
681,391
681,392
681,393
681,394
681,395
681,396
681,397
681,398
681,399
681,400
681,401
681,402
681,403
681,404
681,405
681,406
681,407
681,408
681,409
681,410
681,411
681,412
681,413
681,414
681,415
681,416
681,417
681,418
681,419
681,420
681,421
681,422
681,423
681,424
681,425
681,426
681,427
681,428
681,429
681,430
681,431
681,432
681,433
681,434
681,435
681,436
681,437
681,438
681,439
681,440
681,441
681,442
681,443
681,444
681,445
681,446
681,447
681,448
681,449
681,450
681,451
681,452
681,453
681,454
681,455
681,456
681,457
681,458
681,459
681,460
681,461
681,462
681,463
681,464
681,465
681,466
681,467
681,468
681,469
681,470
681,471
681,472
681,473
681,474
681,475
681,476
681,477
681,478
681,479
681,480
681,481
681,482
681,483
681,484
681,485
681,486
681,487
681,488
681,489
681,490
681,491
681,492
681,493
681,494
681,495
681,496
681,497
681,498
681,499
681,500
681,501
681,502
681,503
681,504
681,505
681,506
681,507
681,508
681,509
681,510
681,511
681,512
681,513
681,514
681,515
681,516
681,517
681,518
681,519
681,520
681,521
681,522
681,523
681,524
681,525
681,526
681,527
681,528
681,529
681,530
681,531
681,532
681,533
681,534
681,535
681,536
681,537
681,538
681,539
681,540
681,541
681,542
681,543
681,544
681,545
681,546
681,547
681,548
681,549
681,550
681,551
681,552
681,553
681,554
681,555
681,556
681,557
681,558
681,559
681,560
681,561
681,562
681,563
681,564
681,565
681,566
681,567
681,568
681,569
681,570
681,571
681,572
681,573
681,574
681,575
681,576
681,577
681,578
681,579
681,580
681,581
681,582
681,583
681,584
681,585
681,586
681,587
681,588
681,589
681,590
681,591
681,592
681,593
681,594
681,595
681,596
681,597
681,598
681,599
681,600
681,601
681,602
681,603
681,604
681,605
681,606
681,607
681,608
681,609
681,610
681,611
681,612
681,613
681,614
681,615
681,616
681,617
681,618
681,619
681,620
681,621
681,622
681,623
681,624
681,625
681,626
681,627
681,628
681,629
681,630
681,631
681,632
681,633
681,634
681,635
681,636
681,637
681,638
681,639
681,640
681,641
681,642
681,643
681,644
681,645
681,646
681,647
681,648
681,649
681,650
681,651
681,652
681,653
681,654
681,655
681,656
681,657
681,658
681,659
681,660
681,661
681,662
681,663
681,664
681,665
681,666
681,667
681,668
681,669
681,670
681,671
681,672
681,673
681,674
681,675
681,676
681,677
681,678
681,679
681,680
681,681
681,682
681,683
681,684
681,685
681,686
681,687
681,688
681,689
681,690
681,691
681,692
681,693
681,694
681,695
681,696
681,697
681,698
681,699
681,700
681,701
681,702
681,703
681,704
681,705
681,706
681,707
681,708
681,709
681,710
681,711
681,712
681,713
681,714
681,715
681,716
681,717
681,718
681,719
681,720
681,721
681,722
681,723
681,724
681,725
681,726
681,727
681,728
681,729
681,730
681,731
681,732
681,733
681,734
681,735
681,736
681,737
681,738
681,739
681,740
681,741
681,742
681,743
681,744
681,745
681,746
681,747
681,748
681,749
681,750
681,751
681,752
681,753
681,754
681,755
681,756
681,757
681,758
681,759
681,760
681,761
681,762
681,763
681,764
681,765
681,766
681,767
681,768
681,769
681,770
681,771
681,772
681,773
681,774
681,775
681,776
681,777
681,778
681,779
681,780
681,781
681,782
681,783
681,784
681,785
681,786
681,787
681,788
681,789
681,790
681,791
681,792
681,793
681,794
681,795
681,796
681,797
681,798
681,799
681,800
681,801
681,802
681,803
681,804
681,805
681,806
681,807
681,808
681,809
681,810
681,811
681,812
681,813
681,814
681,815
681,816
681,817
681,818
681,819
681,820
681,821
681,822
681,823
681,824
681,825
681,826
681,827
681,828
681,829
681,830
681,831
681,832
681,833
681,834
681,835
681,836
681,837
681,838
681,839
681,840
681,841
681,842
681,843
681,844
681,845
681,846
681,847
681,848
681,849
681,850
681,851
681,852
681,853
681,854
681,855
681,856
681,857
681,858
681,859
681,860
681,861
681,862
681,863
681,864
681,865
681,866
681,867
681,868
681,869
681,870
681,871
681,872
681,873
681,874
681,875
681,876
681,877
681,878
681,879
681,880
681,881
681,882
681,883
681,884
681,885
681,886
681,887
681,888
681,889
681,890
681,891
681,892
681,893
681,894
681,895
681,896
681,897
681,898
681,899
681,900
681,901
681,902
681,903
681,904
681,905
681,906
681,907
681,908
681,909
681,910
681,911
681,912
681,913
681,914
681,915
681,916
681,917
681,918
681,919
681,920
681,921
681,922
681,923
681,924
681,925
681,926
681,927
681,928
681,929
681,930
681,931
681,932
681,933
681,934
681,935
681,936
681,937
681,938
681,939
681,940
681,941
681,942
681,943
681,944
681,945
681,946
681,947
681,948
681,949
681,950
681,951
681,952
681,953
681,954
681,955
681,956
681,957
681,958
681,959
681,960
681,961
681,962
681,963
681,964
681,965
681,966
681,967
681,968
681,969
681,970
681,971
681,972
681,973
681,974
681,975
681,976
681,977
681,978
681,979
682,980
682,981
683,981
683,982
684,982
684,983
685,983
686,984
687,984
688,984
689,984
690,984
691,983
692,983
692,982
693,982
693,981
694,981
694,980
695,979
695,978
695,977
695,976
695,975
695,974
695,973
695,972
695,971
695,970
695,969
695,968
695,967
695,966
695,965
695,964
695,963
695,962
695,961
695,960
695,959
695,958
695,957
695,956
695,955
695,954
695,953
695,952
695,951
695,950
695,949
695,948
695,947
695,946
695,945
695,944
695,943
695,942
695,941
695,940
695,939
695,938
695,937
695,936
695,935
695,934
695,933
695,932
695,931
695,930
695,929
695,928
695,927
695,926
695,925
695,924
695,923
695,922
695,921
695,920
695,919
695,918
695,917
695,916
695,915
695,914
695,913
695,912
695,911
695,910
695,909
695,908
695,907
695,906
695,905
695,904
695,903
695,902
695,901
695,900
695,899
695,898
695,897
695,896
695,895
695,894
695,893
695,892
695,891
695,890
695,889
695,888
695,887
695,886
695,885
695,884
695,883
695,882
695,881
695,880
695,879
695,878
695,877
695,876
695,875
695,874
695,873
695,872
695,871
695,870
695,869
695,868
695,867
695,866
695,865
695,864
695,863
695,862
695,861
695,860
695,859
695,858
695,857
695,856
695,855
695,854
695,853
695,852
695,851
695,850
695,849
695,848
695,847
695,846
695,845
695,844
695,843
695,842
695,841
695,840
695,839
695,838
695,837
695,836
695,835
695,834
695,833
695,832
695,831
695,830
695,829
695,828
695,827
695,826
695,825
695,824
695,823
695,822
695,821
695,820
695,819
695,818
695,817
695,816
695,815
695,814
695,813
695,812
695,811
695,810
695,809
695,808
695,807
695,806
695,805
695,804
695,803
695,802
695,801
695,800
695,799
695,798
695,797
695,796
695,795
695,794
695,793
695,792
695,791
695,790
695,789
695,788
695,787
695,786
695,785
695,784
695,783
695,782
695,781
695,780
695,779
695,778
695,777
695,776
695,775
695,774
695,773
695,772
695,771
695,770
695,769
695,768
695,767
695,766
695,765
695,764
695,763
695,762
695,761
695,760
695,759
695,758
695,757
695,756
695,755
695,754
695,753
695,752
695,751
695,750
695,749
695,748
695,747
695,746
695,745
695,744
695,743
695,742
695,741
695,740
695,739
695,738
695,737
695,736
695,735
695,734
695,733
695,732
695,731
695,730
695,729
695,728
695,727
695,726
695,725
695,724
695,723
695,722
695,721
695,720
695,719
695,718
695,717
695,716
695,715
695,714
695,713
695,712
695,711
695,710
695,709
695,708
695,707
695,706
695,705
695,704
695,703
695,702
695,701
695,700
695,699
695,698
695,697
695,696
695,695
695,694
695,693
695,692
695,691
695,690
695,689
695,688
695,687
695,686
695,685
695,684
695,683
695,682
695,681
695,680
695,679
695,678
695,677
695,676
695,675
695,674
695,673
695,672
695,671
695,670
695,669
695,668
695,667
695,666
695,665
695,664
695,663
695,662
695,661
695,660
695,659
695,658
695,657
695,656
695,655
695,654
695,653
695,652
695,651
695,650
695,649
695,648
695,647
695,646
695,645
695,644
695,643
695,642
695,641
695,640
695,639
695,638
695,637
695,636
695,635
695,634
695,633
695,632
695,631
695,630
695,629
695,628
695,627
695,626
695,625
695,624
695,623
695,622
695,621
695,620
695,619
695,618
695,617
695,616
695,615
695,614
695,613
695,612
695,611
695,610
695,609
695,608
695,607
695,606
695,605
695,604
695,603
695,602
695,601
695,600
695,599
695,598
695,597
695,596
695,595
695,594
695,593
695,592
695,591
695,590
695,589
695,588
695,587
695,586
695,585
695,584
695,583
695,582
695,581
695,580
695,579
695,578
695,577
695,576
695,575
695,574
695,573
695,572
695,571
695,570
695,569
695,568
695,567
695,566
695,565
695,564
695,563
695,562
695,561
695,560
695,559
695,558
695,557
695,556
695,555
695,554
695,553
695,552
695,551
695,550
695,549
695,548
695,547
695,546
695,545
695,544
695,543
695,542
695,541
695,540
695,539
695,538
695,537
695,536
695,535
695,534
695,533
695,532
695,531
695,530
695,529
695,528
695,527
695,526
695,525
695,524
695,523
695,522
695,521
695,520
695,519
695,518
695,517
695,516
695,515
695,514
695,513
695,512
695,511
695,510
695,509
695,508
695,507
695,506
695,505
695,504
695,503
695,502
695,501
695,500
695,499
695,498
695,497
695,496
695,495
695,494
695,493
695,492
695,491
695,490
695,489
695,488
695,487
695,486
695,485
695,484
695,483
695,482
695,481
695,480
695,479
695,478
695,477
695,476
695,475
695,474
695,473
695,472
695,471
695,470
695,469
695,468
695,467
695,466
695,465
695,464
695,463
695,462
695,461
695,460
695,459
695,458
695,457
695,456
695,455
695,454
695,453
695,452
695,451
695,450
695,449
695,448
695,447
695,446
695,445
695,444
695,443
695,442
695,441
695,440
695,439
695,438
695,437
695,436
695,435
695,434
695,433
695,432
695,431
695,430
695,429
695,428
695,427
695,426
695,425
695,424
695,423
695,422
695,421
695,420
695,419
695,418
695,417
695,416
695,415
695,414
695,413
695,412
695,411
695,410
695,409
695,408
695,407
695,406
695,405
695,404
695,403
695,402
695,401
695,400
695,399
695,398
695,397
695,396
695,395
695,394
695,393
695,392
695,391
695,390
695,389
695,388
695,387
695,386
695,385
695,384
695,383
695,382
695,381
695,380
695,379
695,378
695,377
695,376
695,375
695,374
695,373
695,372
695,371
695,370
695,369
695,368
695,367
695,366
695,365
695,364
695,363
695,362
695,361
695,360
695,359
695,358
695,357
695,356
695,355
695,354
695,353
695,352
695,351
695,350
695,349
695,348
695,347
695,346
695,345
695,344
695,343
695,342
695,341
695,340
695,339
695,338
695,337
695,336
695,335
695,334
695,333
695,332
695,331
695,330
695,329
695,328
695,327
695,326
695,325
695,324
695,323
695,322
695,321
695,320
695,319
695,318
695,317
695,316
695,315
695,314
695,313
695,312
695,311
695,310
695,309
695,308
695,307
695,306
695,305
695,304
695,303
695,302
695,301
695,300
695,299
695,298
695,297
695,296
695,295
695,294
695,293
695,292
695,291
695,290
695,289
695,288
695,287
695,286
695,285
695,284
695,283
695,282
695,281
695,280
695,279
695,278
695,277
695,276
695,275
695,274
695,273
695,272
695,271
695,270
695,269
695,268
695,267
695,266
695,265
695,264
695,263
695,262
695,261
695,260
695,259
695,258
695,257
695,256
695,255
695,254
695,253
695,252
695,251
695,250
695,249
695,248
695,247
695,246
695,245
695,244
695,243
695,242
695,241
695,240
695,239
695,238
695,237
695,236
695,235
695,234
695,233
695,232
695,231
695,230
695,229
695,228
695,227
695,226
695,225
695,224
695,223
695,222
695,221
695,220
695,219
695,218
695,217
695,216
695,215
695,214
695,213
695,212
695,211
695,210
695,209
695,208
695,207
695,206
695,205
695,204
695,203
695,202
695,201
695,200
695,199
695,198
695,197
695,196
695,195
695,194
695,193
695,192
695,191
695,190
695,189
695,188
695,187
695,186
695,185
695,184
695,183
695,182
695,181
695,180
695,179
695,178
695,177
695,176
695,175
695,174
695,173
695,172
695,171
695,170
695,169
695,168
695,167
695,166
695,165
695,164
695,163
695,162
695,161
695,160
695,159
695,158
695,157
695,156
695,155
695,154
695,153
695,152
695,151
695,150
695,149
695,148
695,147
695,146
695,145
695,144
695,143
695,142
695,141
695,140
695,139
695,138
695,137
695,136
695,135
695,134
695,133
695,132
695,131
695,130
695,129
695,128
695,127
695,126
695,125
695,124
695,123
695,122
695,121
695,120
695,119
695,118
695,117
695,116
695,115
695,114
695,113
695,112
695,111
695,110
695,109
695,108
695,107
695,106
695,105
695,104
695,103
695,102
695,101
695,100
695,99
695,98
695,97
695,96
695,95
695,94
695,93
695,92
695,91
695,90
695,89
695,88
695,87
695,86
695,85
695,84
695,83
695,82
695,81
695,80
695,79
695,78
695,77
695,76
695,75
695,74
695,73
695,72
695,71
695,70
695,69
695,68
695,67
695,66
695,65
695,64
695,63
695,62
695,61
695,60
695,59
695,58
695,57
695,56
695,55
695,54
695,53
695,52
695,51
695,50
695,49
695,48
695,47
695,46
695,45
696,44
696,43
697,43
697,42
698,42
698,41
699,41
700,40
701,40
702,40
703,40
704,40
705,40
706,41
707,41
707,42
708,42
708,43
709,43
709,44
710,45
710,46
710,47
710,48
710,49
710,50
710,51
710,52
710,53
710,54
710,55
710,56
710,57
710,58
710,59
710,60
710,61
710,62
710,63
710,64
710,65
710,66
710,67
710,68
710,69
710,70
710,71
710,72
710,73
710,74
710,75
710,76
710,77
710,78
710,79
710,80
710,81
710,82
710,83
710,84
710,85
710,86
710,87
710,88
710,89
710,90
710,91
710,92
710,93
710,94
710,95
710,96
710,97
710,98
710,99
710,100
710,101
710,102
710,103
710,104
710,105
710,106
710,107
710,108
710,109
710,110
710,111
710,112
710,113
710,114
710,115
710,116
710,117
710,118
710,119
710,120
710,121
710,122
710,123
710,124
710,125
710,126
710,127
710,128
710,129
710,130
710,131
710,132
710,133
710,134
710,135
710,136
710,137
710,138
710,139
710,140
710,141
710,142
710,143
710,144
710,145
710,146
710,147
710,148
710,149
710,150
710,151
710,152
710,153
710,154
710,155
710,156
710,157
710,158
710,159
710,160
710,161
710,162
710,163
710,164
710,165
710,166
710,167
710,168
710,169
710,170
710,171
710,172
710,173
710,174
710,175
710,176
710,177
710,178
710,179
710,180
710,181
710,182
710,183
710,184
710,185
710,186
710,187
710,188
710,189
710,190
710,191
710,192
710,193
710,194
710,195
710,196
710,197
710,198
710,199
710,200
710,201
710,202
710,203
710,204
710,205
710,206
710,207
710,208
710,209
710,210
710,211
710,212
710,213
710,214
710,215
710,216
710,217
710,218
710,219
710,220
710,221
710,222
710,223
710,224
710,225
710,226
710,227
710,228
710,229
710,230
710,231
710,232
710,233
710,234
710,235
710,236
710,237
710,238
710,239
710,240
710,241
710,242
710,243
710,244
710,245
710,246
710,247
710,248
710,249
710,250
710,251
710,252
710,253
710,254
710,255
710,256
710,257
710,258
710,259
710,260
710,261
710,262
710,263
710,264
710,265
710,266
710,267
710,268
710,269
710,270
710,271
710,272
710,273
710,274
710,275
710,276
710,277
710,278
710,279
710,280
710,281
710,282
710,283
710,284
710,285
710,286
710,287
710,288
710,289
710,290
710,291
710,292
710,293
710,294
710,295
710,296
710,297
710,298
710,299
710,300
710,301
710,302
710,303
710,304
710,305
710,306
710,307
710,308
710,309
710,310
710,311
710,312
710,313
710,314
710,315
710,316
710,317
710,318
710,319
710,320
710,321
710,322
710,323
710,324
710,325
710,326
710,327
710,328
710,329
710,330
710,331
710,332
710,333
710,334
710,335
710,336
710,337
710,338
710,339
710,340
710,341
710,342
710,343
710,344
710,345
710,346
710,347
710,348
710,349
710,350
710,351
710,352
710,353
710,354
710,355
710,356
710,357
710,358
710,359
710,360
710,361
710,362
710,363
710,364
710,365
710,366
710,367
710,368
710,369
710,370
710,371
710,372
710,373
710,374
710,375
710,376
710,377
710,378
710,379
710,380
710,381
710,382
710,383
710,384
710,385
710,386
710,387
710,388
710,389
710,390
710,391
710,392
710,393
710,394
710,395
710,396
710,397
710,398
710,399
710,400
710,401
710,402
710,403
710,404
710,405
710,406
710,407
710,408
710,409
710,410
710,411
710,412
710,413
710,414
710,415
710,416
710,417
710,418
710,419
710,420
710,421
710,422
710,423
710,424
710,425
710,426
710,427
710,428
710,429
710,430
710,431
710,432
710,433
710,434
710,435
710,436
710,437
710,438
710,439
710,440
710,441
710,442
710,443
710,444
710,445
710,446
710,447
710,448
710,449
710,450
710,451
710,452
710,453
710,454
710,455
710,456
710,457
710,458
710,459
710,460
710,461
710,462
710,463
710,464
710,465
710,466
710,467
710,468
710,469
710,470
710,471
710,472
710,473
710,474
710,475
710,476
710,477
710,478
710,479
710,480
710,481
710,482
710,483
710,484
710,485
710,486
710,487
710,488
710,489
710,490
710,491
710,492
710,493
710,494
710,495
710,496
710,497
710,498
710,499
710,500
710,501
710,502
710,503
710,504
710,505
710,506
710,507
710,508
710,509
710,510
710,511
710,512
710,513
710,514
710,515
710,516
710,517
710,518
710,519
710,520
710,521
710,522
710,523
710,524
710,525
710,526
710,527
710,528
710,529
710,530
710,531
710,532
710,533
710,534
710,535
710,536
710,537
710,538
710,539
710,540
710,541
710,542
710,543
710,544
710,545
710,546
710,547
710,548
710,549
710,550
710,551
710,552
710,553
710,554
710,555
710,556
710,557
710,558
710,559
710,560
710,561
710,562
710,563
710,564
710,565
710,566
710,567
710,568
710,569
710,570
710,571
710,572
710,573
710,574
710,575
710,576
710,577
710,578
710,579
710,580
710,581
710,582
710,583
710,584
710,585
710,586
710,587
710,588
710,589
710,590
710,591
710,592
710,593
710,594
710,595
710,596
710,597
710,598
710,599
710,600
710,601
710,602
710,603
710,604
710,605
710,606
710,607
710,608
710,609
710,610
710,611
710,612
710,613
710,614
710,615
710,616
710,617
710,618
710,619
710,620
710,621
710,622
710,623
710,624
710,625
710,626
710,627
710,628
710,629
710,630
710,631
710,632
710,633
710,634
710,635
710,636
710,637
710,638
710,639
710,640
710,641
710,642
710,643
710,644
710,645
710,646
710,647
710,648
710,649
710,650
710,651
710,652
710,653
710,654
710,655
710,656
710,657
710,658
710,659
710,660
710,661
710,662
710,663
710,664
710,665
710,666
710,667
710,668
710,669
710,670
710,671
710,672
710,673
710,674
710,675
710,676
710,677
710,678
710,679
710,680
710,681
710,682
710,683
710,684
710,685
710,686
710,687
710,688
710,689
710,690
710,691
710,692
710,693
710,694
710,695
710,696
710,697
710,698
710,699
710,700
710,701
710,702
710,703
710,704
710,705
710,706
710,707
710,708
710,709
710,710
710,711
710,712
710,713
710,714
710,715
710,716
710,717
710,718
710,719
710,720
710,721
710,722
710,723
710,724
710,725
710,726
710,727
710,728
710,729
710,730
710,731
710,732
710,733
710,734
710,735
710,736
710,737
710,738
710,739
710,740
710,741
710,742
710,743
710,744
710,745
710,746
710,747
710,748
710,749
710,750
710,751
710,752
710,753
710,754
710,755
710,756
710,757
710,758
710,759
710,760
710,761
710,762
710,763
710,764
710,765
710,766
710,767
710,768
710,769
710,770
710,771
710,772
710,773
710,774
710,775
710,776
710,777
710,778
710,779
710,780
710,781
710,782
710,783
710,784
710,785
710,786
710,787
710,788
710,789
710,790
710,791
710,792
710,793
710,794
710,795
710,796
710,797
710,798
710,799
710,800
710,801
710,802
710,803
710,804
710,805
710,806
710,807
710,808
710,809
710,810
710,811
710,812
710,813
710,814
710,815
710,816
710,817
710,818
710,819
710,820
710,821
710,822
710,823
710,824
710,825
710,826
710,827
710,828
710,829
710,830
710,831
710,832
710,833
710,834
710,835
710,836
710,837
710,838
710,839
710,840
710,841
710,842
710,843
710,844
710,845
710,846
710,847
710,848
710,849
710,850
710,851
710,852
710,853
710,854
710,855
710,856
710,857
710,858
710,859
710,860
710,861
710,862
710,863
710,864
710,865
710,866
710,867
710,868
710,869
710,870
710,871
710,872
710,873
710,874
710,875
710,876
710,877
710,878
710,879
710,880
710,881
710,882
710,883
710,884
710,885
710,886
710,887
710,888
710,889
710,890
710,891
710,892
710,893
710,894
710,895
710,896
710,897
710,898
710,899
710,900
710,901
710,902
710,903
710,904
710,905
710,906
710,907
710,908
710,909
710,910
710,911
710,912
710,913
710,914
710,915
710,916
710,917
710,918
710,919
710,920
710,921
710,922
710,923
710,924
710,925
710,926
710,927
710,928
710,929
710,930
710,931
710,932
710,933
710,934
710,935
710,936
710,937
710,938
710,939
710,940
710,941
710,942
710,943
710,944
710,945
710,946
710,947
710,948
710,949
710,950
710,951
710,952
710,953
710,954
710,955
710,956
710,957
710,958
710,959
710,960
710,961
710,962
710,963
710,964
710,965
710,966
710,967
710,968
710,969
710,970
710,971
710,972
710,973
710,974
710,975
710,976
710,977
710,978
710,979
711,980
711,981
712,981
712,982
713,982
713,983
714,983
715,984
716,984
717,984
718,984
719,984
720,984
721,983
722,983
722,982
723,982
723,981
724,981
724,980
725,979
725,978
725,977
725,976
725,975
725,974
725,973
725,972
725,971
725,970
725,969
725,968
725,967
725,966
725,965
725,964
725,963
725,962
725,961
725,960
725,959
725,958
725,957
725,956
725,955
725,954
725,953
725,952
725,951
725,950
725,949
725,948
725,947
725,946
725,945
725,944
725,943
725,942
725,941
725,940
725,939
725,938
725,937
725,936
725,935
725,934
725,933
725,932
725,931
725,930
725,929
725,928
725,927
725,926
725,925
725,924
725,923
725,922
725,921
725,920
725,919
725,918
725,917
725,916
725,915
725,914
725,913
725,912
725,911
725,910
725,909
725,908
725,907
725,906
725,905
725,904
725,903
725,902
725,901
725,900
725,899
725,898
725,897
725,896
725,895
725,894
725,893
725,892
725,891
725,890
725,889
725,888
725,887
725,886
725,885
725,884
725,883
725,882
725,881
725,880
725,879
725,878
725,877
725,876
725,875
725,874
725,873
725,872
725,871
725,870
725,869
725,868
725,867
725,866
725,865
725,864
725,863
725,862
725,861
725,860
725,859
725,858
725,857
725,856
725,855
725,854
725,853
725,852
725,851
725,850
725,849
725,848
725,847
725,846
725,845
725,844
725,843
725,842
725,841
725,840
725,839
725,838
725,837
725,836
725,835
725,834
725,833
725,832
725,831
725,830
725,829
725,828
725,827
725,826
725,825
725,824
725,823
725,822
725,821
725,820
725,819
725,818
725,817
725,816
725,815
725,814
725,813
725,812
725,811
725,810
725,809
725,808
725,807
725,806
725,805
725,804
725,803
725,802
725,801
725,800
725,799
725,798
725,797
725,796
725,795
725,794
725,793
725,792
725,791
725,790
725,789
725,788
725,787
725,786
725,785
725,784
725,783
725,782
725,781
725,780
725,779
725,778
725,777
725,776
725,775
725,774
725,773
725,772
725,771
725,770
725,769
725,768
725,767
725,766
725,765
725,764
725,763
725,762
725,761
725,760
725,759
725,758
725,757
725,756
725,755
725,754
725,753
725,752
725,751
725,750
725,749
725,748
725,747
725,746
725,745
725,744
725,743
725,742
725,741
725,740
725,739
725,738
725,737
725,736
725,735
725,734
725,733
725,732
725,731
725,730
725,729
725,728
725,727
725,726
725,725
725,724
725,723
725,722
725,721
725,720
725,719
725,718
725,717
725,716
725,715
725,714
725,713
725,712
725,711
725,710
725,709
725,708
725,707
725,706
725,705
725,704
725,703
725,702
725,701
725,700
725,699
725,698
725,697
725,696
725,695
725,694
725,693
725,692
725,691
725,690
725,689
725,688
725,687
725,686
725,685
725,684
725,683
725,682
725,681
725,680
725,679
725,678
725,677
725,676
725,675
725,674
725,673
725,672
725,671
725,670
725,669
725,668
725,667
725,666
725,665
725,664
725,663
725,662
725,661
725,660
725,659
725,658
725,657
725,656
725,655
725,654
725,653
725,652
725,651
725,650
725,649
725,648
725,647
725,646
725,645
725,644
725,643
725,642
725,641
725,640
725,639
725,638
725,637
725,636
725,635
725,634
725,633
725,632
725,631
725,630
725,629
725,628
725,627
725,626
725,625
725,624
725,623
725,622
725,621
725,620
725,619
725,618
725,617
725,616
725,615
725,614
725,613
725,612
725,611
725,610
725,609
725,608
725,607
725,606
725,605
725,604
725,603
725,602
725,601
725,600
725,599
725,598
725,597
725,596
725,595
725,594
725,593
725,592
725,591
725,590
725,589
725,588
725,587
725,586
725,585
725,584
725,583
725,582
725,581
725,580
725,579
725,578
725,577
725,576
725,575
725,574
725,573
725,572
725,571
725,570
725,569
725,568
725,567
725,566
725,565
725,564
725,563
725,562
725,561
725,560
725,559
725,558
725,557
725,556
725,555
725,554
725,553
725,552
725,551
725,550
725,549
725,548
725,547
725,546
725,545
725,544
725,543
725,542
725,541
725,540
725,539
725,538
725,537
725,536
725,535
725,534
725,533
725,532
725,531
725,530
725,529
725,528
725,527
725,526
725,525
725,524
725,523
725,522
725,521
725,520
725,519
725,518
725,517
725,516
725,515
725,514
725,513
725,512
725,511
725,510
725,509
725,508
725,507
725,506
725,505
725,504
725,503
725,502
725,501
725,500
725,499
725,498
725,497
725,496
725,495
725,494
725,493
725,492
725,491
725,490
725,489
725,488
725,487
725,486
725,485
725,484
725,483
725,482
725,481
725,480
725,479
725,478
725,477
725,476
725,475
725,474
725,473
725,472
725,471
725,470
725,469
725,468
725,467
725,466
725,465
725,464
725,463
725,462
725,461
725,460
725,459
725,458
725,457
725,456
725,455
725,454
725,453
725,452
725,451
725,450
725,449
725,448
725,447
725,446
725,445
725,444
725,443
725,442
725,441
725,440
725,439
725,438
725,437
725,436
725,435
725,434
725,433
725,432
725,431
725,430
725,429
725,428
725,427
725,426
725,425
725,424
725,423
725,422
725,421
725,420
725,419
725,418
725,417
725,416
725,415
725,414
725,413
725,412
725,411
725,410
725,409
725,408
725,407
725,406
725,405
725,404
725,403
725,402
725,401
725,400
725,399
725,398
725,397
725,396
725,395
725,394
725,393
725,392
725,391
725,390
725,389
725,388
725,387
725,386
725,385
725,384
725,383
725,382
725,381
725,380
725,379
725,378
725,377
725,376
725,375
725,374
725,373
725,372
725,371
725,370
725,369
725,368
725,367
725,366
725,365
725,364
725,363
725,362
725,361
725,360
725,359
725,358
725,357
725,356
725,355
725,354
725,353
725,352
725,351
725,350
725,349
725,348
725,347
725,346
725,345
725,344
725,343
725,342
725,341
725,340
725,339
725,338
725,337
725,336
725,335
725,334
725,333
725,332
725,331
725,330
725,329
725,328
725,327
725,326
725,325
725,324
725,323
725,322
725,321
725,320
725,319
725,318
725,317
725,316
725,315
725,314
725,313
725,312
725,311
725,310
725,309
725,308
725,307
725,306
725,305
725,304
725,303
725,302
725,301
725,300
725,299
725,298
725,297
725,296
725,295
725,294
725,293
725,292
725,291
725,290
725,289
725,288
725,287
725,286
725,285
725,284
725,283
725,282
725,281
725,280
725,279
725,278
725,277
725,276
725,275
725,274
725,273
725,272
725,271
725,270
725,269
725,268
725,267
725,266
725,265
725,264
725,263
725,262
725,261
725,260
725,259
725,258
725,257
725,256
725,255
725,254
725,253
725,252
725,251
725,250
725,249
725,248
725,247
725,246
725,245
725,244
725,243
725,242
725,241
725,240
725,239
725,238
725,237
725,236
725,235
725,234
725,233
725,232
725,231
725,230
725,229
725,228
725,227
725,226
725,225
725,224
725,223
725,222
725,221
725,220
725,219
725,218
725,217
725,216
725,215
725,214
725,213
725,212
725,211
725,210
725,209
725,208
725,207
725,206
725,205
725,204
725,203
725,202
725,201
725,200
725,199
725,198
725,197
725,196
725,195
725,194
725,193
725,192
725,191
725,190
725,189
725,188
725,187
725,186
725,185
725,184
725,183
725,182
725,181
725,180
725,179
725,178
725,177
725,176
725,175
725,174
725,173
725,172
725,171
725,170
725,169
725,168
725,167
725,166
725,165
725,164
725,163
725,162
725,161
725,160
725,159
725,158
725,157
725,156
725,155
725,154
725,153
725,152
725,151
725,150
725,149
725,148
725,147
725,146
725,145
725,144
725,143
725,142
725,141
725,140
725,139
725,138
725,137
725,136
725,135
725,134
725,133
725,132
725,131
725,130
725,129
725,128
725,127
725,126
725,125
725,124
725,123
725,122
725,121
725,120
725,119
725,118
725,117
725,116
725,115
725,114
725,113
725,112
725,111
725,110
725,109
725,108
725,107
725,106
725,105
725,104
725,103
725,102
725,101
725,100
725,99
725,98
725,97
725,96
725,95
725,94
725,93
725,92
725,91
725,90
725,89
725,88
725,87
725,86
725,85
725,84
725,83
725,82
725,81
725,80
725,79
725,78
725,77
725,76
725,75
725,74
725,73
725,72
725,71
725,70
725,69
725,68
725,67
725,66
725,65
725,64
725,63
725,62
725,61
725,60
725,59
725,58
725,57
725,56
725,55
725,54
725,53
725,52
725,51
725,50
725,49
725,48
725,47
725,46
725,45
726,44
726,43
727,43
727,42
728,42
728,41
729,41
730,40
731,40
732,40
733,40
734,40
735,41
736,41
736,42
737,42
737,43
738,43
738,44
739,45
739,46
739,47
739,48
739,49
739,50
739,51
739,52
739,53
739,54
739,55
739,56
739,57
739,58
739,59
739,60
739,61
739,62
739,63
739,64
739,65
739,66
739,67
739,68
739,69
739,70
739,71
739,72
739,73
739,74
739,75
739,76
739,77
739,78
739,79
739,80
739,81
739,82
739,83
739,84
739,85
739,86
739,87
739,88
739,89
739,90
739,91
739,92
739,93
739,94
739,95
739,96
739,97
739,98
739,99
739,100
739,101
739,102
739,103
739,104
739,105
739,106
739,107
739,108
739,109
739,110
739,111
739,112
739,113
739,114
739,115
739,116
739,117
739,118
739,119
739,120
739,121
739,122
739,123
739,124
739,125
739,126
739,127
739,128
739,129
739,130
739,131
739,132
739,133
739,134
739,135
739,136
739,137
739,138
739,139
739,140
739,141
739,142
739,143
739,144
739,145
739,146
739,147
739,148
739,149
739,150
739,151
739,152
739,153
739,154
739,155
739,156
739,157
739,158
739,159
739,160
739,161
739,162
739,163
739,164
739,165
739,166
739,167
739,168
739,169
739,170
739,171
739,172
739,173
739,174
739,175
739,176
739,177
739,178
739,179
739,180
739,181
739,182
739,183
739,184
739,185
739,186
739,187
739,188
739,189
739,190
739,191
739,192
739,193
739,194
739,195
739,196
739,197
739,198
739,199
739,200
739,201
739,202
739,203
739,204
739,205
739,206
739,207
739,208
739,209
739,210
739,211
739,212
739,213
739,214
739,215
739,216
739,217
739,218
739,219
739,220
739,221
739,222
739,223
739,224
739,225
739,226
739,227
739,228
739,229
739,230
739,231
739,232
739,233
739,234
739,235
739,236
739,237
739,238
739,239
739,240
739,241
739,242
739,243
739,244
739,245
739,246
739,247
739,248
739,249
739,250
739,251
739,252
739,253
739,254
739,255
739,256
739,257
739,258
739,259
739,260
739,261
739,262
739,263
739,264
739,265
739,266
739,267
739,268
739,269
739,270
739,271
739,272
739,273
739,274
739,275
739,276
739,277
739,278
739,279
739,280
739,281
739,282
739,283
739,284
739,285
739,286
739,287
739,288
739,289
739,290
739,291
739,292
739,293
739,294
739,295
739,296
739,297
739,298
739,299
739,300
739,301
739,302
739,303
739,304
739,305
739,306
739,307
739,308
739,309
739,310
739,311
739,312
739,313
739,314
739,315
739,316
739,317
739,318
739,319
739,320
739,321
739,322
739,323
739,324
739,325
739,326
739,327
739,328
739,329
739,330
739,331
739,332
739,333
739,334
739,335
739,336
739,337
739,338
739,339
739,340
739,341
739,342
739,343
739,344
739,345
739,346
739,347
739,348
739,349
739,350
739,351
739,352
739,353
739,354
739,355
739,356
739,357
739,358
739,359
739,360
739,361
739,362
739,363
739,364
739,365
739,366
739,367
739,368
739,369
739,370
739,371
739,372
739,373
739,374
739,375
739,376
739,377
739,378
739,379
739,380
739,381
739,382
739,383
739,384
739,385
739,386
739,387
739,388
739,389
739,390
739,391
739,392
739,393
739,394
739,395
739,396
739,397
739,398
739,399
739,400
739,401
739,402
739,403
739,404
739,405
739,406
739,407
739,408
739,409
739,410
739,411
739,412
739,413
739,414
739,415
739,416
739,417
739,418
739,419
739,420
739,421
739,422
739,423
739,424
739,425
739,426
739,427
739,428
739,429
739,430
739,431
739,432
739,433
739,434
739,435
739,436
739,437
739,438
739,439
739,440
739,441
739,442
739,443
739,444
739,445
739,446
739,447
739,448
739,449
739,450
739,451
739,452
739,453
739,454
739,455
739,456
739,457
739,458
739,459
739,460
739,461
739,462
739,463
739,464
739,465
739,466
739,467
739,468
739,469
739,470
739,471
739,472
739,473
739,474
739,475
739,476
739,477
739,478
739,479
739,480
739,481
739,482
739,483
739,484
739,485
739,486
739,487
739,488
739,489
739,490
739,491
739,492
739,493
739,494
739,495
739,496
739,497
739,498
739,499
739,500
739,501
739,502
739,503
739,504
739,505
739,506
739,507
739,508
739,509
739,510
739,511
739,512
739,513
739,514
739,515
739,516
739,517
739,518
739,519
739,520
739,521
739,522
739,523
739,524
739,525
739,526
739,527
739,528
739,529
739,530
739,531
739,532
739,533
739,534
739,535
739,536
739,537
739,538
739,539
739,540
739,541
739,542
739,543
739,544
739,545
739,546
739,547
739,548
739,549
739,550
739,551
739,552
739,553
739,554
739,555
739,556
739,557
739,558
739,559
739,560
739,561
739,562
739,563
739,564
739,565
739,566
739,567
739,568
739,569
739,570
739,571
739,572
739,573
739,574
739,575
739,576
739,577
739,578
739,579
739,580
739,581
739,582
739,583
739,584
739,585
739,586
739,587
739,588
739,589
739,590
739,591
739,592
739,593
739,594
739,595
739,596
739,597
739,598
739,599
739,600
739,601
739,602
739,603
739,604
739,605
739,606
739,607
739,608
739,609
739,610
739,611
739,612
739,613
739,614
739,615
739,616
739,617
739,618
739,619
739,620
739,621
739,622
739,623
739,624
739,625
739,626
739,627
739,628
739,629
739,630
739,631
739,632
739,633
739,634
739,635
739,636
739,637
739,638
739,639
739,640
739,641
739,642
739,643
739,644
739,645
739,646
739,647
739,648
739,649
739,650
739,651
739,652
739,653
739,654
739,655
739,656
739,657
739,658
739,659
739,660
739,661
739,662
739,663
739,664
739,665
739,666
739,667
739,668
739,669
739,670
739,671
739,672
739,673
739,674
739,675
739,676
739,677
739,678
739,679
739,680
739,681
739,682
739,683
739,684
739,685
739,686
739,687
739,688
739,689
739,690
739,691
739,692
739,693
739,694
739,695
739,696
739,697
739,698
739,699
739,700
739,701
739,702
739,703
739,704
739,705
739,706
739,707
739,708
739,709
739,710
739,711
739,712
739,713
739,714
739,715
739,716
739,717
739,718
739,719
739,720
739,721
739,722
739,723
739,724
739,725
739,726
739,727
739,728
739,729
739,730
739,731
739,732
739,733
739,734
739,735
739,736
739,737
739,738
739,739
739,740
739,741
739,742
739,743
739,744
739,745
739,746
739,747
739,748
739,749
739,750
739,751
739,752
739,753
739,754
739,755
739,756
739,757
739,758
739,759
739,760
739,761
739,762
739,763
739,764
739,765
739,766
739,767
739,768
739,769
739,770
739,771
739,772
739,773
739,774
739,775
739,776
739,777
739,778
739,779
739,780
739,781
739,782
739,783
739,784
739,785
739,786
739,787
739,788
739,789
739,790
739,791
739,792
739,793
739,794
739,795
739,796
739,797
739,798
739,799
739,800
739,801
739,802
739,803
739,804
739,805
739,806
739,807
739,808
739,809
739,810
739,811
739,812
739,813
739,814
739,815
739,816
739,817
739,818
739,819
739,820
739,821
739,822
739,823
739,824
739,825
739,826
739,827
739,828
739,829
739,830
739,831
739,832
739,833
739,834
739,835
739,836
739,837
739,838
739,839
739,840
739,841
739,842
739,843
739,844
739,845
739,846
739,847
739,848
739,849
739,850
739,851
739,852
739,853
739,854
739,855
739,856
739,857
739,858
739,859
739,860
739,861
739,862
739,863
739,864
739,865
739,866
739,867
739,868
739,869
739,870
739,871
739,872
739,873
739,874
739,875
739,876
739,877
739,878
739,879
739,880
739,881
739,882
739,883
739,884
739,885
739,886
739,887
739,888
739,889
739,890
739,891
739,892
739,893
739,894
739,895
739,896
739,897
739,898
739,899
739,900
739,901
739,902
739,903
739,904
739,905
739,906
739,907
739,908
739,909
739,910
739,911
739,912
739,913
739,914
739,915
739,916
739,917
739,918
739,919
739,920
739,921
739,922
739,923
739,924
739,925
739,926
739,927
739,928
739,929
739,930
739,931
739,932
739,933
739,934
739,935
739,936
739,937
739,938
739,939
739,940
739,941
739,942
739,943
739,944
739,945
739,946
739,947
739,948
739,949
739,950
739,951
739,952
739,953
739,954
739,955
739,956
739,957
739,958
739,959
739,960
739,961
739,962
739,963
739,964
739,965
739,966
739,967
739,968
739,969
739,970
739,971
739,972
739,973
739,974
739,975
739,976
739,977
739,978
739,979
740,980
740,981
741,981
741,982
742,982
742,983
743,983
744,984
745,984
746,984
747,984
748,984
749,984
750,983
751,983
751,982
752,982
752,981
753,981
753,980
754,979
754,978
754,977
754,976
754,975
754,974
754,973
754,972
754,971
754,970
754,969
754,968
754,967
754,966
754,965
754,964
754,963
754,962
754,961
754,960
754,959
754,958
754,957
754,956
754,955
754,954
754,953
754,952
754,951
754,950
754,949
754,948
754,947
754,946
754,945
754,944
754,943
754,942
754,941
754,940
754,939
754,938
754,937
754,936
754,935
754,934
754,933
754,932
754,931
754,930
754,929
754,928
754,927
754,926
754,925
754,924
754,923
754,922
754,921
754,920
754,919
754,918
754,917
754,916
754,915
754,914
754,913
754,912
754,911
754,910
754,909
754,908
754,907
754,906
754,905
754,904
754,903
754,902
754,901
754,900
754,899
754,898
754,897
754,896
754,895
754,894
754,893
754,892
754,891
754,890
754,889
754,888
754,887
754,886
754,885
754,884
754,883
754,882
754,881
754,880
754,879
754,878
754,877
754,876
754,875
754,874
754,873
754,872
754,871
754,870
754,869
754,868
754,867
754,866
754,865
754,864
754,863
754,862
754,861
754,860
754,859
754,858
754,857
754,856
754,855
754,854
754,853
754,852
754,851
754,850
754,849
754,848
754,847
754,846
754,845
754,844
754,843
754,842
754,841
754,840
754,839
754,838
754,837
754,836
754,835
754,834
754,833
754,832
754,831
754,830
754,829
754,828
754,827
754,826
754,825
754,824
754,823
754,822
754,821
754,820
754,819
754,818
754,817
754,816
754,815
754,814
754,813
754,812
754,811
754,810
754,809
754,808
754,807
754,806
754,805
754,804
754,803
754,802
754,801
754,800
754,799
754,798
754,797
754,796
754,795
754,794
754,793
754,792
754,791
754,790
754,789
754,788
754,787
754,786
754,785
754,784
754,783
754,782
754,781
754,780
754,779
754,778
754,777
754,776
754,775
754,774
754,773
754,772
754,771
754,770
754,769
754,768
754,767
754,766
754,765
754,764
754,763
754,762
754,761
754,760
754,759
754,758
754,757
754,756
754,755
754,754
754,753
754,752
754,751
754,750
754,749
754,748
754,747
754,746
754,745
754,744
754,743
754,742
754,741
754,740
754,739
754,738
754,737
754,736
754,735
754,734
754,733
754,732
754,731
754,730
754,729
754,728
754,727
754,726
754,725
754,724
754,723
754,722
754,721
754,720
754,719
754,718
754,717
754,716
754,715
754,714
754,713
754,712
754,711
754,710
754,709
754,708
754,707
754,706
754,705
754,704
754,703
754,702
754,701
754,700
754,699
754,698
754,697
754,696
754,695
754,694
754,693
754,692
754,691
754,690
754,689
754,688
754,687
754,686
754,685
754,684
754,683
754,682
754,681
754,680
754,679
754,678
754,677
754,676
754,675
754,674
754,673
754,672
754,671
754,670
754,669
754,668
754,667
754,666
754,665
754,664
754,663
754,662
754,661
754,660
754,659
754,658
754,657
754,656
754,655
754,654
754,653
754,652
754,651
754,650
754,649
754,648
754,647
754,646
754,645
754,644
754,643
754,642
754,641
754,640
754,639
754,638
754,637
754,636
754,635
754,634
754,633
754,632
754,631
754,630
754,629
754,628
754,627
754,626
754,625
754,624
754,623
754,622
754,621
754,620
754,619
754,618
754,617
754,616
754,615
754,614
754,613
754,612
754,611
754,610
754,609
754,608
754,607
754,606
754,605
754,604
754,603
754,602
754,601
754,600
754,599
754,598
754,597
754,596
754,595
754,594
754,593
754,592
754,591
754,590
754,589
754,588
754,587
754,586
754,585
754,584
754,583
754,582
754,581
754,580
754,579
754,578
754,577
754,576
754,575
754,574
754,573
754,572
754,571
754,570
754,569
754,568
754,567
754,566
754,565
754,564
754,563
754,562
754,561
754,560
754,559
754,558
754,557
754,556
754,555
754,554
754,553
754,552
754,551
754,550
754,549
754,548
754,547
754,546
754,545
754,544
754,543
754,542
754,541
754,540
754,539
754,538
754,537
754,536
754,535
754,534
754,533
754,532
754,531
754,530
754,529
754,528
754,527
754,526
754,525
754,524
754,523
754,522
754,521
754,520
754,519
754,518
754,517
754,516
754,515
754,514
754,513
754,512
754,511
754,510
754,509
754,508
754,507
754,506
754,505
754,504
754,503
754,502
754,501
754,500
754,499
754,498
754,497
754,496
754,495
754,494
754,493
754,492
754,491
754,490
754,489
754,488
754,487
754,486
754,485
754,484
754,483
754,482
754,481
754,480
754,479
754,478
754,477
754,476
754,475
754,474
754,473
754,472
754,471
754,470
754,469
754,468
754,467
754,466
754,465
754,464
754,463
754,462
754,461
754,460
754,459
754,458
754,457
754,456
754,455
754,454
754,453
754,452
754,451
754,450
754,449
754,448
754,447
754,446
754,445
754,444
754,443
754,442
754,441
754,440
754,439
754,438
754,437
754,436
754,435
754,434
754,433
754,432
754,431
754,430
754,429
754,428
754,427
754,426
754,425
754,424
754,423
754,422
754,421
754,420
754,419
754,418
754,417
754,416
754,415
754,414
754,413
754,412
754,411
754,410
754,409
754,408
754,407
754,406
754,405
754,404
754,403
754,402
754,401
754,400
754,399
754,398
754,397
754,396
754,395
754,394
754,393
754,392
754,391
754,390
754,389
754,388
754,387
754,386
754,385
754,384
754,383
754,382
754,381
754,380
754,379
754,378
754,377
754,376
754,375
754,374
754,373
754,372
754,371
754,370
754,369
754,368
754,367
754,366
754,365
754,364
754,363
754,362
754,361
754,360
754,359
754,358
754,357
754,356
754,355
754,354
754,353
754,352
754,351
754,350
754,349
754,348
754,347
754,346
754,345
754,344
754,343
754,342
754,341
754,340
754,339
754,338
754,337
754,336
754,335
754,334
754,333
754,332
754,331
754,330
754,329
754,328
754,327
754,326
754,325
754,324
754,323
754,322
754,321
754,320
754,319
754,318
754,317
754,316
754,315
754,314
754,313
754,312
754,311
754,310
754,309
754,308
754,307
754,306
754,305
754,304
754,303
754,302
754,301
754,300
754,299
754,298
754,297
754,296
754,295
754,294
754,293
754,292
754,291
754,290
754,289
754,288
754,287
754,286
754,285
754,284
754,283
754,282
754,281
754,280
754,279
754,278
754,277
754,276
754,275
754,274
754,273
754,272
754,271
754,270
754,269
754,268
754,267
754,266
754,265
754,264
754,263
754,262
754,261
754,260
754,259
754,258
754,257
754,256
754,255
754,254
754,253
754,252
754,251
754,250
754,249
754,248
754,247
754,246
754,245
754,244
754,243
754,242
754,241
754,240
754,239
754,238
754,237
754,236
754,235
754,234
754,233
754,232
754,231
754,230
754,229
754,228
754,227
754,226
754,225
754,224
754,223
754,222
754,221
754,220
754,219
754,218
754,217
754,216
754,215
754,214
754,213
754,212
754,211
754,210
754,209
754,208
754,207
754,206
754,205
754,204
754,203
754,202
754,201
754,200
754,199
754,198
754,197
754,196
754,195
754,194
754,193
754,192
754,191
754,190
754,189
754,188
754,187
754,186
754,185
754,184
754,183
754,182
754,181
754,180
754,179
754,178
754,177
754,176
754,175
754,174
754,173
754,172
754,171
754,170
754,169
754,168
754,167
754,166
754,165
754,164
754,163
754,162
754,161
754,160
754,159
754,158
754,157
754,156
754,155
754,154
754,153
754,152
754,151
754,150
754,149
754,148
754,147
754,146
754,145
754,144
754,143
754,142
754,141
754,140
754,139
754,138
754,137
754,136
754,135
754,134
754,133
754,132
754,131
754,130
754,129
754,128
754,127
754,126
754,125
754,124
754,123
754,122
754,121
754,120
754,119
754,118
754,117
754,116
754,115
754,114
754,113
754,112
754,111
754,110
754,109
754,108
754,107
754,106
754,105
754,104
754,103
754,102
754,101
754,100
754,99
754,98
754,97
754,96
754,95
754,94
754,93
754,92
754,91
754,90
754,89
754,88
754,87
754,86
754,85
754,84
754,83
754,82
754,81
754,80
754,79
754,78
754,77
754,76
754,75
754,74
754,73
754,72
754,71
754,70
754,69
754,68
754,67
754,66
754,65
754,64
754,63
754,62
754,61
754,60
754,59
754,58
754,57
754,56
754,55
754,54
754,53
754,52
754,51
754,50
754,49
754,48
754,47
754,46
754,45
755,44
755,43
756,43
756,42
757,42
757,41
758,41
759,40
760,40
761,40
762,40
763,40
764,40
765,41
766,41
766,42
767,42
767,43
768,43
768,44
769,45
769,46
769,47
769,48
769,49
769,50
769,51
769,52
769,53
769,54
769,55
769,56
769,57
769,58
769,59
769,60
769,61
769,62
769,63
769,64
769,65
769,66
769,67
769,68
769,69
769,70
769,71
769,72
769,73
769,74
769,75
769,76
769,77
769,78
769,79
769,80
769,81
769,82
769,83
769,84
769,85
769,86
769,87
769,88
769,89
769,90
769,91
769,92
769,93
769,94
769,95
769,96
769,97
769,98
769,99
769,100
769,101
769,102
769,103
769,104
769,105
769,106
769,107
769,108
769,109
769,110
769,111
769,112
769,113
769,114
769,115
769,116
769,117
769,118
769,119
769,120
769,121
769,122
769,123
769,124
769,125
769,126
769,127
769,128
769,129
769,130
769,131
769,132
769,133
769,134
769,135
769,136
769,137
769,138
769,139
769,140
769,141
769,142
769,143
769,144
769,145
769,146
769,147
769,148
769,149
769,150
769,151
769,152
769,153
769,154
769,155
769,156
769,157
769,158
769,159
769,160
769,161
769,162
769,163
769,164
769,165
769,166
769,167
769,168
769,169
769,170
769,171
769,172
769,173
769,174
769,175
769,176
769,177
769,178
769,179
769,180
769,181
769,182
769,183
769,184
769,185
769,186
769,187
769,188
769,189
769,190
769,191
769,192
769,193
769,194
769,195
769,196
769,197
769,198
769,199
769,200
769,201
769,202
769,203
769,204
769,205
769,206
769,207
769,208
769,209
769,210
769,211
769,212
769,213
769,214
769,215
769,216
769,217
769,218
769,219
769,220
769,221
769,222
769,223
769,224
769,225
769,226
769,227
769,228
769,229
769,230
769,231
769,232
769,233
769,234
769,235
769,236
769,237
769,238
769,239
769,240
769,241
769,242
769,243
769,244
769,245
769,246
769,247
769,248
769,249
769,250
769,251
769,252
769,253
769,254
769,255
769,256
769,257
769,258
769,259
769,260
769,261
769,262
769,263
769,264
769,265
769,266
769,267
769,268
769,269
769,270
769,271
769,272
769,273
769,274
769,275
769,276
769,277
769,278
769,279
769,280
769,281
769,282
769,283
769,284
769,285
769,286
769,287
769,288
769,289
769,290
769,291
769,292
769,293
769,294
769,295
769,296
769,297
769,298
769,299
769,300
769,301
769,302
769,303
769,304
769,305
769,306
769,307
769,308
769,309
769,310
769,311
769,312
769,313
769,314
769,315
769,316
769,317
769,318
769,319
769,320
769,321
769,322
769,323
769,324
769,325
769,326
769,327
769,328
769,329
769,330
769,331
769,332
769,333
769,334
769,335
769,336
769,337
769,338
769,339
769,340
769,341
769,342
769,343
769,344
769,345
769,346
769,347
769,348
769,349
769,350
769,351
769,352
769,353
769,354
769,355
769,356
769,357
769,358
769,359
769,360
769,361
769,362
769,363
769,364
769,365
769,366
769,367
769,368
769,369
769,370
769,371
769,372
769,373
769,374
769,375
769,376
769,377
769,378
769,379
769,380
769,381
769,382
769,383
769,384
769,385
769,386
769,387
769,388
769,389
769,390
769,391
769,392
769,393
769,394
769,395
769,396
769,397
769,398
769,399
769,400
769,401
769,402
769,403
769,404
769,405
769,406
769,407
769,408
769,409
769,410
769,411
769,412
769,413
769,414
769,415
769,416
769,417
769,418
769,419
769,420
769,421
769,422
769,423
769,424
769,425
769,426
769,427
769,428
769,429
769,430
769,431
769,432
769,433
769,434
769,435
769,436
769,437
769,438
769,439
769,440
769,441
769,442
769,443
769,444
769,445
769,446
769,447
769,448
769,449
769,450
769,451
769,452
769,453
769,454
769,455
769,456
769,457
769,458
769,459
769,460
769,461
769,462
769,463
769,464
769,465
769,466
769,467
769,468
769,469
769,470
769,471
769,472
769,473
769,474
769,475
769,476
769,477
769,478
769,479
769,480
769,481
769,482
769,483
769,484
769,485
769,486
769,487
769,488
769,489
769,490
769,491
769,492
769,493
769,494
769,495
769,496
769,497
769,498
769,499
769,500
769,501
769,502
769,503
769,504
769,505
769,506
769,507
769,508
769,509
769,510
769,511
769,512
769,513
769,514
769,515
769,516
769,517
769,518
769,519
769,520
769,521
769,522
769,523
769,524
769,525
769,526
769,527
769,528
769,529
769,530
769,531
769,532
769,533
769,534
769,535
769,536
769,537
769,538
769,539
769,540
769,541
769,542
769,543
769,544
769,545
769,546
769,547
769,548
769,549
769,550
769,551
769,552
769,553
769,554
769,555
769,556
769,557
769,558
769,559
769,560
769,561
769,562
769,563
769,564
769,565
769,566
769,567
769,568
769,569
769,570
769,571
769,572
769,573
769,574
769,575
769,576
769,577
769,578
769,579
769,580
769,581
769,582
769,583
769,584
769,585
769,586
769,587
769,588
769,589
769,590
769,591
769,592
769,593
769,594
769,595
769,596
769,597
769,598
769,599
769,600
769,601
769,602
769,603
769,604
769,605
769,606
769,607
769,608
769,609
769,610
769,611
769,612
769,613
769,614
769,615
769,616
769,617
769,618
769,619
769,620
769,621
769,622
769,623
769,624
769,625
769,626
769,627
769,628
769,629
769,630
769,631
769,632
769,633
769,634
769,635
769,636
769,637
769,638
769,639
769,640
769,641
769,642
769,643
769,644
769,645
769,646
769,647
769,648
769,649
769,650
769,651
769,652
769,653
769,654
769,655
769,656
769,657
769,658
769,659
769,660
769,661
769,662
769,663
769,664
769,665
769,666
769,667
769,668
769,669
769,670
769,671
769,672
769,673
769,674
769,675
769,676
769,677
769,678
769,679
769,680
769,681
769,682
769,683
769,684
769,685
769,686
769,687
769,688
769,689
769,690
769,691
769,692
769,693
769,694
769,695
769,696
769,697
769,698
769,699
769,700
769,701
769,702
769,703
769,704
769,705
769,706
769,707
769,708
769,709
769,710
769,711
769,712
769,713
769,714
769,715
769,716
769,717
769,718
769,719
769,720
769,721
769,722
769,723
769,724
769,725
769,726
769,727
769,728
769,729
769,730
769,731
769,732
769,733
769,734
769,735
769,736
769,737
769,738
769,739
769,740
769,741
769,742
769,743
769,744
769,745
769,746
769,747
769,748
769,749
769,750
769,751
769,752
769,753
769,754
769,755
769,756
769,757
769,758
769,759
769,760
769,761
769,762
769,763
769,764
769,765
769,766
769,767
769,768
769,769
769,770
769,771
769,772
769,773
769,774
769,775
769,776
769,777
769,778
769,779
769,780
769,781
769,782
769,783
769,784
769,785
769,786
769,787
769,788
769,789
769,790
769,791
769,792
769,793
769,794
769,795
769,796
769,797
769,798
769,799
769,800
769,801
769,802
769,803
769,804
769,805
769,806
769,807
769,808
769,809
769,810
769,811
769,812
769,813
769,814
769,815
769,816
769,817
769,818
769,819
769,820
769,821
769,822
769,823
769,824
769,825
769,826
769,827
769,828
769,829
769,830
769,831
769,832
769,833
769,834
769,835
769,836
769,837
769,838
769,839
769,840
769,841
769,842
769,843
769,844
769,845
769,846
769,847
769,848
769,849
769,850
769,851
769,852
769,853
769,854
769,855
769,856
769,857
769,858
769,859
769,860
769,861
769,862
769,863
769,864
769,865
769,866
769,867
769,868
769,869
769,870
769,871
769,872
769,873
769,874
769,875
769,876
769,877
769,878
769,879
769,880
769,881
769,882
769,883
769,884
769,885
769,886
769,887
769,888
769,889
769,890
769,891
769,892
769,893
769,894
769,895
769,896
769,897
769,898
769,899
769,900
769,901
769,902
769,903
769,904
769,905
769,906
769,907
769,908
769,909
769,910
769,911
769,912
769,913
769,914
769,915
769,916
769,917
769,918
769,919
769,920
769,921
769,922
769,923
769,924
769,925
769,926
769,927
769,928
769,929
769,930
769,931
769,932
769,933
769,934
769,935
769,936
769,937
769,938
769,939
769,940
769,941
769,942
769,943
769,944
769,945
769,946
769,947
769,948
769,949
769,950
769,951
769,952
769,953
769,954
769,955
769,956
769,957
769,958
769,959
769,960
769,961
769,962
769,963
769,964
769,965
769,966
769,967
769,968
769,969
769,970
769,971
769,972
769,973
769,974
769,975
769,976
769,977
769,978
769,979
770,980
770,981
771,981
771,982
772,982
772,983
773,983
774,984
775,984
776,984
777,984
778,984
779,983
780,983
780,982
781,982
781,981
782,981
782,980
783,979
783,978
783,977
783,976
783,975
783,974
783,973
783,972
783,971
783,970
783,969
783,968
783,967
783,966
783,965
783,964
783,963
783,962
783,961
783,960
783,959
783,958
783,957
783,956
783,955
783,954
783,953
783,952
783,951
783,950
783,949
783,948
783,947
783,946
783,945
783,944
783,943
783,942
783,941
783,940
783,939
783,938
783,937
783,936
783,935
783,934
783,933
783,932
783,931
783,930
783,929
783,928
783,927
783,926
783,925
783,924
783,923
783,922
783,921
783,920
783,919
783,918
783,917
783,916
783,915
783,914
783,913
783,912
783,911
783,910
783,909
783,908
783,907
783,906
783,905
783,904
783,903
783,902
783,901
783,900
783,899
783,898
783,897
783,896
783,895
783,894
783,893
783,892
783,891
783,890
783,889
783,888
783,887
783,886
783,885
783,884
783,883
783,882
783,881
783,880
783,879
783,878
783,877
783,876
783,875
783,874
783,873
783,872
783,871
783,870
783,869
783,868
783,867
783,866
783,865
783,864
783,863
783,862
783,861
783,860
783,859
783,858
783,857
783,856
783,855
783,854
783,853
783,852
783,851
783,850
783,849
783,848
783,847
783,846
783,845
783,844
783,843
783,842
783,841
783,840
783,839
783,838
783,837
783,836
783,835
783,834
783,833
783,832
783,831
783,830
783,829
783,828
783,827
783,826
783,825
783,824
783,823
783,822
783,821
783,820
783,819
783,818
783,817
783,816
783,815
783,814
783,813
783,812
783,811
783,810
783,809
783,808
783,807
783,806
783,805
783,804
783,803
783,802
783,801
783,800
783,799
783,798
783,797
783,796
783,795
783,794
783,793
783,792
783,791
783,790
783,789
783,788
783,787
783,786
783,785
783,784
783,783
783,782
783,781
783,780
783,779
783,778
783,777
783,776
783,775
783,774
783,773
783,772
783,771
783,770
783,769
783,768
783,767
783,766
783,765
783,764
783,763
783,762
783,761
783,760
783,759
783,758
783,757
783,756
783,755
783,754
783,753
783,752
783,751
783,750
783,749
783,748
783,747
783,746
783,745
783,744
783,743
783,742
783,741
783,740
783,739
783,738
783,737
783,736
783,735
783,734
783,733
783,732
783,731
783,730
783,729
783,728
783,727
783,726
783,725
783,724
783,723
783,722
783,721
783,720
783,719
783,718
783,717
783,716
783,715
783,714
783,713
783,712
783,711
783,710
783,709
783,708
783,707
783,706
783,705
783,704
783,703
783,702
783,701
783,700
783,699
783,698
783,697
783,696
783,695
783,694
783,693
783,692
783,691
783,690
783,689
783,688
783,687
783,686
783,685
783,684
783,683
783,682
783,681
783,680
783,679
783,678
783,677
783,676
783,675
783,674
783,673
783,672
783,671
783,670
783,669
783,668
783,667
783,666
783,665
783,664
783,663
783,662
783,661
783,660
783,659
783,658
783,657
783,656
783,655
783,654
783,653
783,652
783,651
783,650
783,649
783,648
783,647
783,646
783,645
783,644
783,643
783,642
783,641
783,640
783,639
783,638
783,637
783,636
783,635
783,634
783,633
783,632
783,631
783,630
783,629
783,628
783,627
783,626
783,625
783,624
783,623
783,622
783,621
783,620
783,619
783,618
783,617
783,616
783,615
783,614
783,613
783,612
783,611
783,610
783,609
783,608
783,607
783,606
783,605
783,604
783,603
783,602
783,601
783,600
783,599
783,598
783,597
783,596
783,595
783,594
783,593
783,592
783,591
783,590
783,589
783,588
783,587
783,586
783,585
783,584
783,583
783,582
783,581
783,580
783,579
783,578
783,577
783,576
783,575
783,574
783,573
783,572
783,571
783,570
783,569
783,568
783,567
783,566
783,565
783,564
783,563
783,562
783,561
783,560
783,559
783,558
783,557
783,556
783,555
783,554
783,553
783,552
783,551
783,550
783,549
783,548
783,547
783,546
783,545
783,544
783,543
783,542
783,541
783,540
783,539
783,538
783,537
783,536
783,535
783,534
783,533
783,532
783,531
783,530
783,529
783,528
783,527
783,526
783,525
783,524
783,523
783,522
783,521
783,520
783,519
783,518
783,517
783,516
783,515
783,514
783,513
783,512
783,511
783,510
783,509
783,508
783,507
783,506
783,505
783,504
783,503
783,502
783,501
783,500
783,499
783,498
783,497
783,496
783,495
783,494
783,493
783,492
783,491
783,490
783,489
783,488
783,487
783,486
783,485
783,484
783,483
783,482
783,481
783,480
783,479
783,478
783,477
783,476
783,475
783,474
783,473
783,472
783,471
783,470
783,469
783,468
783,467
783,466
783,465
783,464
783,463
783,462
783,461
783,460
783,459
783,458
783,457
783,456
783,455
783,454
783,453
783,452
783,451
783,450
783,449
783,448
783,447
783,446
783,445
783,444
783,443
783,442
783,441
783,440
783,439
783,438
783,437
783,436
783,435
783,434
783,433
783,432
783,431
783,430
783,429
783,428
783,427
783,426
783,425
783,424
783,423
783,422
783,421
783,420
783,419
783,418
783,417
783,416
783,415
783,414
783,413
783,412
783,411
783,410
783,409
783,408
783,407
783,406
783,405
783,404
783,403
783,402
783,401
783,400
783,399
783,398
783,397
783,396
783,395
783,394
783,393
783,392
783,391
783,390
783,389
783,388
783,387
783,386
783,385
783,384
783,383
783,382
783,381
783,380
783,379
783,378
783,377
783,376
783,375
783,374
783,373
783,372
783,371
783,370
783,369
783,368
783,367
783,366
783,365
783,364
783,363
783,362
783,361
783,360
783,359
783,358
783,357
783,356
783,355
783,354
783,353
783,352
783,351
783,350
783,349
783,348
783,347
783,346
783,345
783,344
783,343
783,342
783,341
783,340
783,339
783,338
783,337
783,336
783,335
783,334
783,333
783,332
783,331
783,330
783,329
783,328
783,327
783,326
783,325
783,324
783,323
783,322
783,321
783,320
783,319
783,318
783,317
783,316
783,315
783,314
783,313
783,312
783,311
783,310
783,309
783,308
783,307
783,306
783,305
783,304
783,303
783,302
783,301
783,300
783,299
783,298
783,297
783,296
783,295
783,294
783,293
783,292
783,291
783,290
783,289
783,288
783,287
783,286
783,285
783,284
783,283
783,282
783,281
783,280
783,279
783,278
783,277
783,276
783,275
783,274
783,273
783,272
783,271
783,270
783,269
783,268
783,267
783,266
783,265
783,264
783,263
783,262
783,261
783,260
783,259
783,258
783,257
783,256
783,255
783,254
783,253
783,252
783,251
783,250
783,249
783,248
783,247
783,246
783,245
783,244
783,243
783,242
783,241
783,240
783,239
783,238
783,237
783,236
783,235
783,234
783,233
783,232
783,231
783,230
783,229
783,228
783,227
783,226
783,225
783,224
783,223
783,222
783,221
783,220
783,219
783,218
783,217
783,216
783,215
783,214
783,213
783,212
783,211
783,210
783,209
783,208
783,207
783,206
783,205
783,204
783,203
783,202
783,201
783,200
783,199
783,198
783,197
783,196
783,195
783,194
783,193
783,192
783,191
783,190
783,189
783,188
783,187
783,186
783,185
783,184
783,183
783,182
783,181
783,180
783,179
783,178
783,177
783,176
783,175
783,174
783,173
783,172
783,171
783,170
783,169
783,168
783,167
783,166
783,165
783,164
783,163
783,162
783,161
783,160
783,159
783,158
783,157
783,156
783,155
783,154
783,153
783,152
783,151
783,150
783,149
783,148
783,147
783,146
783,145
783,144
783,143
783,142
783,141
783,140
783,139
783,138
783,137
783,136
783,135
783,134
783,133
783,132
783,131
783,130
783,129
783,128
783,127
783,126
783,125
783,124
783,123
783,122
783,121
783,120
783,119
783,118
783,117
783,116
783,115
783,114
783,113
783,112
783,111
783,110
783,109
783,108
783,107
783,106
783,105
783,104
783,103
783,102
783,101
783,100
783,99
783,98
783,97
783,96
783,95
783,94
783,93
783,92
783,91
783,90
783,89
783,88
783,87
783,86
783,85
783,84
783,83
783,82
783,81
783,80
783,79
783,78
783,77
783,76
783,75
783,74
783,73
783,72
783,71
783,70
783,69
783,68
783,67
783,66
783,65
783,64
783,63
783,62
783,61
783,60
783,59
783,58
783,57
783,56
783,55
783,54
783,53
783,52
783,51
783,50
783,49
783,48
783,47
783,46
783,45
784,44
784,43
785,43
785,42
786,42
786,41
787,41
788,40
789,40
790,40
791,40
792,40
793,40
794,41
795,41
795,42
796,42
796,43
797,43
797,44
798,45
798,46
798,47
798,48
798,49
798,50
798,51
798,52
798,53
798,54
798,55
798,56
798,57
798,58
798,59
798,60
798,61
798,62
798,63
798,64
798,65
798,66
798,67
798,68
798,69
798,70
798,71
798,72
798,73
798,74
798,75
798,76
798,77
798,78
798,79
798,80
798,81
798,82
798,83
798,84
798,85
798,86
798,87
798,88
798,89
798,90
798,91
798,92
798,93
798,94
798,95
798,96
798,97
798,98
798,99
798,100
798,101
798,102
798,103
798,104
798,105
798,106
798,107
798,108
798,109
798,110
798,111
798,112
798,113
798,114
798,115
798,116
798,117
798,118
798,119
798,120
798,121
798,122
798,123
798,124
798,125
798,126
798,127
798,128
798,129
798,130
798,131
798,132
798,133
798,134
798,135
798,136
798,137
798,138
798,139
798,140
798,141
798,142
798,143
798,144
798,145
798,146
798,147
798,148
798,149
798,150
798,151
798,152
798,153
798,154
798,155
798,156
798,157
798,158
798,159
798,160
798,161
798,162
798,163
798,164
798,165
798,166
798,167
798,168
798,169
798,170
798,171
798,172
798,173
798,174
798,175
798,176
798,177
798,178
798,179
798,180
798,181
798,182
798,183
798,184
798,185
798,186
798,187
798,188
798,189
798,190
798,191
798,192
798,193
798,194
798,195
798,196
798,197
798,198
798,199
798,200
798,201
798,202
798,203
798,204
798,205
798,206
798,207
798,208
798,209
798,210
798,211
798,212
798,213
798,214
798,215
798,216
798,217
798,218
798,219
798,220
798,221
798,222
798,223
798,224
798,225
798,226
798,227
798,228
798,229
798,230
798,231
798,232
798,233
798,234
798,235
798,236
798,237
798,238
798,239
798,240
798,241
798,242
798,243
798,244
798,245
798,246
798,247
798,248
798,249
798,250
798,251
798,252
798,253
798,254
798,255
798,256
798,257
798,258
798,259
798,260
798,261
798,262
798,263
798,264
798,265
798,266
798,267
798,268
798,269
798,270
798,271
798,272
798,273
798,274
798,275
798,276
798,277
798,278
798,279
798,280
798,281
798,282
798,283
798,284
798,285
798,286
798,287
798,288
798,289
798,290
798,291
798,292
798,293
798,294
798,295
798,296
798,297
798,298
798,299
798,300
798,301
798,302
798,303
798,304
798,305
798,306
798,307
798,308
798,309
798,310
798,311
798,312
798,313
798,314
798,315
798,316
798,317
798,318
798,319
798,320
798,321
798,322
798,323
798,324
798,325
798,326
798,327
798,328
798,329
798,330
798,331
798,332
798,333
798,334
798,335
798,336
798,337
798,338
798,339
798,340
798,341
798,342
798,343
798,344
798,345
798,346
798,347
798,348
798,349
798,350
798,351
798,352
798,353
798,354
798,355
798,356
798,357
798,358
798,359
798,360
798,361
798,362
798,363
798,364
798,365
798,366
798,367
798,368
798,369
798,370
798,371
798,372
798,373
798,374
798,375
798,376
798,377
798,378
798,379
798,380
798,381
798,382
798,383
798,384
798,385
798,386
798,387
798,388
798,389
798,390
798,391
798,392
798,393
798,394
798,395
798,396
798,397
798,398
798,399
798,400
798,401
798,402
798,403
798,404
798,405
798,406
798,407
798,408
798,409
798,410
798,411
798,412
798,413
798,414
798,415
798,416
798,417
798,418
798,419
798,420
798,421
798,422
798,423
798,424
798,425
798,426
798,427
798,428
798,429
798,430
798,431
798,432
798,433
798,434
798,435
798,436
798,437
798,438
798,439
798,440
798,441
798,442
798,443
798,444
798,445
798,446
798,447
798,448
798,449
798,450
798,451
798,452
798,453
798,454
798,455
798,456
798,457
798,458
798,459
798,460
798,461
798,462
798,463
798,464
798,465
798,466
798,467
798,468
798,469
798,470
798,471
798,472
798,473
798,474
798,475
798,476
798,477
798,478
798,479
798,480
798,481
798,482
798,483
798,484
798,485
798,486
798,487
798,488
798,489
798,490
798,491
798,492
798,493
798,494
798,495
798,496
798,497
798,498
798,499
798,500
798,501
798,502
798,503
798,504
798,505
798,506
798,507
798,508
798,509
798,510
798,511
798,512
798,513
798,514
798,515
798,516
798,517
798,518
798,519
798,520
798,521
798,522
798,523
798,524
798,525
798,526
798,527
798,528
798,529
798,530
798,531
798,532
798,533
798,534
798,535
798,536
798,537
798,538
798,539
798,540
798,541
798,542
798,543
798,544
798,545
798,546
798,547
798,548
798,549
798,550
798,551
798,552
798,553
798,554
798,555
798,556
798,557
798,558
798,559
798,560
798,561
798,562
798,563
798,564
798,565
798,566
798,567
798,568
798,569
798,570
798,571
798,572
798,573
798,574
798,575
798,576
798,577
798,578
798,579
798,580
798,581
798,582
798,583
798,584
798,585
798,586
798,587
798,588
798,589
798,590
798,591
798,592
798,593
798,594
798,595
798,596
798,597
798,598
798,599
798,600
798,601
798,602
798,603
798,604
798,605
798,606
798,607
798,608
798,609
798,610
798,611
798,612
798,613
798,614
798,615
798,616
798,617
798,618
798,619
798,620
798,621
798,622
798,623
798,624
798,625
798,626
798,627
798,628
798,629
798,630
798,631
798,632
798,633
798,634
798,635
798,636
798,637
798,638
798,639
798,640
798,641
798,642
798,643
798,644
798,645
798,646
798,647
798,648
798,649
798,650
798,651
798,652
798,653
798,654
798,655
798,656
798,657
798,658
798,659
798,660
798,661
798,662
798,663
798,664
798,665
798,666
798,667
798,668
798,669
798,670
798,671
798,672
798,673
798,674
798,675
798,676
798,677
798,678
798,679
798,680
798,681
798,682
798,683
798,684
798,685
798,686
798,687
798,688
798,689
798,690
798,691
798,692
798,693
798,694
798,695
798,696
798,697
798,698
798,699
798,700
798,701
798,702
798,703
798,704
798,705
798,706
798,707
798,708
798,709
798,710
798,711
798,712
798,713
798,714
798,715
798,716
798,717
798,718
798,719
798,720
798,721
798,722
798,723
798,724
798,725
798,726
798,727
798,728
798,729
798,730
798,731
798,732
798,733
798,734
798,735
798,736
798,737
798,738
798,739
798,740
798,741
798,742
798,743
798,744
798,745
798,746
798,747
798,748
798,749
798,750
798,751
798,752
798,753
798,754
798,755
798,756
798,757
798,758
798,759
798,760
798,761
798,762
798,763
798,764
798,765
798,766
798,767
798,768
798,769
798,770
798,771
798,772
798,773
798,774
798,775
798,776
798,777
798,778
798,779
798,780
798,781
798,782
798,783
798,784
798,785
798,786
798,787
798,788
798,789
798,790
798,791
798,792
798,793
798,794
798,795
798,796
798,797
798,798
798,799
798,800
798,801
798,802
798,803
798,804
798,805
798,806
798,807
798,808
798,809
798,810
798,811
798,812
798,813
798,814
798,815
798,816
798,817
798,818
798,819
798,820
798,821
798,822
798,823
798,824
798,825
798,826
798,827
798,828
798,829
798,830
798,831
798,832
798,833
798,834
798,835
798,836
798,837
798,838
798,839
798,840
798,841
798,842
798,843
798,844
798,845
798,846
798,847
798,848
798,849
798,850
798,851
798,852
798,853
798,854
798,855
798,856
798,857
798,858
798,859
798,860
798,861
798,862
798,863
798,864
798,865
798,866
798,867
798,868
798,869
798,870
798,871
798,872
798,873
798,874
798,875
798,876
798,877
798,878
798,879
798,880
798,881
798,882
798,883
798,884
798,885
798,886
798,887
798,888
798,889
798,890
798,891
798,892
798,893
798,894
798,895
798,896
798,897
798,898
798,899
798,900
798,901
798,902
798,903
798,904
798,905
798,906
798,907
798,908
798,909
798,910
798,911
798,912
798,913
798,914
798,915
798,916
798,917
798,918
798,919
798,920
798,921
798,922
798,923
798,924
798,925
798,926
798,927
798,928
798,929
798,930
798,931
798,932
798,933
798,934
798,935
798,936
798,937
798,938
798,939
798,940
798,941
798,942
798,943
798,944
798,945
798,946
798,947
798,948
798,949
798,950
798,951
798,952
798,953
798,954
798,955
798,956
798,957
798,958
798,959
798,960
798,961
798,962
798,963
798,964
798,965
798,966
798,967
798,968
798,969
798,970
798,971
798,972
798,973
798,974
798,975
798,976
798,977
798,978
798,979
799,980
799,981
800,981
800,982
801,982
801,983
802,983
803,984
804,984
805,984
806,984
807,984
808,984
809,983
810,983
810,982
811,982
811,981
812,981
812,980
813,979
813,978
813,977
813,976
813,975
813,974
813,973
813,972
813,971
813,970
813,969
813,968
813,967
813,966
813,965
813,964
813,963
813,962
813,961
813,960
813,959
813,958
813,957
813,956
813,955
813,954
813,953
813,952
813,951
813,950
813,949
813,948
813,947
813,946
813,945
813,944
813,943
813,942
813,941
813,940
813,939
813,938
813,937
813,936
813,935
813,934
813,933
813,932
813,931
813,930
813,929
813,928
813,927
813,926
813,925
813,924
813,923
813,922
813,921
813,920
813,919
813,918
813,917
813,916
813,915
813,914
813,913
813,912
813,911
813,910
813,909
813,908
813,907
813,906
813,905
813,904
813,903
813,902
813,901
813,900
813,899
813,898
813,897
813,896
813,895
813,894
813,893
813,892
813,891
813,890
813,889
813,888
813,887
813,886
813,885
813,884
813,883
813,882
813,881
813,880
813,879
813,878
813,877
813,876
813,875
813,874
813,873
813,872
813,871
813,870
813,869
813,868
813,867
813,866
813,865
813,864
813,863
813,862
813,861
813,860
813,859
813,858
813,857
813,856
813,855
813,854
813,853
813,852
813,851
813,850
813,849
813,848
813,847
813,846
813,845
813,844
813,843
813,842
813,841
813,840
813,839
813,838
813,837
813,836
813,835
813,834
813,833
813,832
813,831
813,830
813,829
813,828
813,827
813,826
813,825
813,824
813,823
813,822
813,821
813,820
813,819
813,818
813,817
813,816
813,815
813,814
813,813
813,812
813,811
813,810
813,809
813,808
813,807
813,806
813,805
813,804
813,803
813,802
813,801
813,800
813,799
813,798
813,797
813,796
813,795
813,794
813,793
813,792
813,791
813,790
813,789
813,788
813,787
813,786
813,785
813,784
813,783
813,782
813,781
813,780
813,779
813,778
813,777
813,776
813,775
813,774
813,773
813,772
813,771
813,770
813,769
813,768
813,767
813,766
813,765
813,764
813,763
813,762
813,761
813,760
813,759
813,758
813,757
813,756
813,755
813,754
813,753
813,752
813,751
813,750
813,749
813,748
813,747
813,746
813,745
813,744
813,743
813,742
813,741
813,740
813,739
813,738
813,737
813,736
813,735
813,734
813,733
813,732
813,731
813,730
813,729
813,728
813,727
813,726
813,725
813,724
813,723
813,722
813,721
813,720
813,719
813,718
813,717
813,716
813,715
813,714
813,713
813,712
813,711
813,710
813,709
813,708
813,707
813,706
813,705
813,704
813,703
813,702
813,701
813,700
813,699
813,698
813,697
813,696
813,695
813,694
813,693
813,692
813,691
813,690
813,689
813,688
813,687
813,686
813,685
813,684
813,683
813,682
813,681
813,680
813,679
813,678
813,677
813,676
813,675
813,674
813,673
813,672
813,671
813,670
813,669
813,668
813,667
813,666
813,665
813,664
813,663
813,662
813,661
813,660
813,659
813,658
813,657
813,656
813,655
813,654
813,653
813,652
813,651
813,650
813,649
813,648
813,647
813,646
813,645
813,644
813,643
813,642
813,641
813,640
813,639
813,638
813,637
813,636
813,635
813,634
813,633
813,632
813,631
813,630
813,629
813,628
813,627
813,626
813,625
813,624
813,623
813,622
813,621
813,620
813,619
813,618
813,617
813,616
813,615
813,614
813,613
813,612
813,611
813,610
813,609
813,608
813,607
813,606
813,605
813,604
813,603
813,602
813,601
813,600
813,599
813,598
813,597
813,596
813,595
813,594
813,593
813,592
813,591
813,590
813,589
813,588
813,587
813,586
813,585
813,584
813,583
813,582
813,581
813,580
813,579
813,578
813,577
813,576
813,575
813,574
813,573
813,572
813,571
813,570
813,569
813,568
813,567
813,566
813,565
813,564
813,563
813,562
813,561
813,560
813,559
813,558
813,557
813,556
813,555
813,554
813,553
813,552
813,551
813,550
813,549
813,548
813,547
813,546
813,545
813,544
813,543
813,542
813,541
813,540
813,539
813,538
813,537
813,536
813,535
813,534
813,533
813,532
813,531
813,530
813,529
813,528
813,527
813,526
813,525
813,524
813,523
813,522
813,521
813,520
813,519
813,518
813,517
813,516
813,515
813,514
813,513
813,512
813,511
813,510
813,509
813,508
813,507
813,506
813,505
813,504
813,503
813,502
813,501
813,500
813,499
813,498
813,497
813,496
813,495
813,494
813,493
813,492
813,491
813,490
813,489
813,488
813,487
813,486
813,485
813,484
813,483
813,482
813,481
813,480
813,479
813,478
813,477
813,476
813,475
813,474
813,473
813,472
813,471
813,470
813,469
813,468
813,467
813,466
813,465
813,464
813,463
813,462
813,461
813,460
813,459
813,458
813,457
813,456
813,455
813,454
813,453
813,452
813,451
813,450
813,449
813,448
813,447
813,446
813,445
813,444
813,443
813,442
813,441
813,440
813,439
813,438
813,437
813,436
813,435
813,434
813,433
813,432
813,431
813,430
813,429
813,428
813,427
813,426
813,425
813,424
813,423
813,422
813,421
813,420
813,419
813,418
813,417
813,416
813,415
813,414
813,413
813,412
813,411
813,410
813,409
813,408
813,407
813,406
813,405
813,404
813,403
813,402
813,401
813,400
813,399
813,398
813,397
813,396
813,395
813,394
813,393
813,392
813,391
813,390
813,389
813,388
813,387
813,386
813,385
813,384
813,383
813,382
813,381
813,380
813,379
813,378
813,377
813,376
813,375
813,374
813,373
813,372
813,371
813,370
813,369
813,368
813,367
813,366
813,365
813,364
813,363
813,362
813,361
813,360
813,359
813,358
813,357
813,356
813,355
813,354
813,353
813,352
813,351
813,350
813,349
813,348
813,347
813,346
813,345
813,344
813,343
813,342
813,341
813,340
813,339
813,338
813,337
813,336
813,335
813,334
813,333
813,332
813,331
813,330
813,329
813,328
813,327
813,326
813,325
813,324
813,323
813,322
813,321
813,320
813,319
813,318
813,317
813,316
813,315
813,314
813,313
813,312
813,311
813,310
813,309
813,308
813,307
813,306
813,305
813,304
813,303
813,302
813,301
813,300
813,299
813,298
813,297
813,296
813,295
813,294
813,293
813,292
813,291
813,290
813,289
813,288
813,287
813,286
813,285
813,284
813,283
813,282
813,281
813,280
813,279
813,278
813,277
813,276
813,275
813,274
813,273
813,272
813,271
813,270
813,269
813,268
813,267
813,266
813,265
813,264
813,263
813,262
813,261
813,260
813,259
813,258
813,257
813,256
813,255
813,254
813,253
813,252
813,251
813,250
813,249
813,248
813,247
813,246
813,245
813,244
813,243
813,242
813,241
813,240
813,239
813,238
813,237
813,236
813,235
813,234
813,233
813,232
813,231
813,230
813,229
813,228
813,227
813,226
813,225
813,224
813,223
813,222
813,221
813,220
813,219
813,218
813,217
813,216
813,215
813,214
813,213
813,212
813,211
813,210
813,209
813,208
813,207
813,206
813,205
813,204
813,203
813,202
813,201
813,200
813,199
813,198
813,197
813,196
813,195
813,194
813,193
813,192
813,191
813,190
813,189
813,188
813,187
813,186
813,185
813,184
813,183
813,182
813,181
813,180
813,179
813,178
813,177
813,176
813,175
813,174
813,173
813,172
813,171
813,170
813,169
813,168
813,167
813,166
813,165
813,164
813,163
813,162
813,161
813,160
813,159
813,158
813,157
813,156
813,155
813,154
813,153
813,152
813,151
813,150
813,149
813,148
813,147
813,146
813,145
813,144
813,143
813,142
813,141
813,140
813,139
813,138
813,137
813,136
813,135
813,134
813,133
813,132
813,131
813,130
813,129
813,128
813,127
813,126
813,125
813,124
813,123
813,122
813,121
813,120
813,119
813,118
813,117
813,116
813,115
813,114
813,113
813,112
813,111
813,110
813,109
813,108
813,107
813,106
813,105
813,104
813,103
813,102
813,101
813,100
813,99
813,98
813,97
813,96
813,95
813,94
813,93
813,92
813,91
813,90
813,89
813,88
813,87
813,86
813,85
813,84
813,83
813,82
813,81
813,80
813,79
813,78
813,77
813,76
813,75
813,74
813,73
813,72
813,71
813,70
813,69
813,68
813,67
813,66
813,65
813,64
813,63
813,62
813,61
813,60
813,59
813,58
813,57
813,56
813,55
813,54
813,53
813,52
813,51
813,50
813,49
813,48
813,47
813,46
813,45
814,44
814,43
815,43
815,42
816,42
816,41
817,41
818,40
819,40
820,40
821,40
822,40
823,41
824,41
824,42
825,42
825,43
826,43
826,44
827,45
827,46
827,47
827,48
827,49
827,50
827,51
827,52
827,53
827,54
827,55
827,56
827,57
827,58
827,59
827,60
827,61
827,62
827,63
827,64
827,65
827,66
827,67
827,68
827,69
827,70
827,71
827,72
827,73
827,74
827,75
827,76
827,77
827,78
827,79
827,80
827,81
827,82
827,83
827,84
827,85
827,86
827,87
827,88
827,89
827,90
827,91
827,92
827,93
827,94
827,95
827,96
827,97
827,98
827,99
827,100
827,101
827,102
827,103
827,104
827,105
827,106
827,107
827,108
827,109
827,110
827,111
827,112
827,113
827,114
827,115
827,116
827,117
827,118
827,119
827,120
827,121
827,122
827,123
827,124
827,125
827,126
827,127
827,128
827,129
827,130
827,131
827,132
827,133
827,134
827,135
827,136
827,137
827,138
827,139
827,140
827,141
827,142
827,143
827,144
827,145
827,146
827,147
827,148
827,149
827,150
827,151
827,152
827,153
827,154
827,155
827,156
827,157
827,158
827,159
827,160
827,161
827,162
827,163
827,164
827,165
827,166
827,167
827,168
827,169
827,170
827,171
827,172
827,173
827,174
827,175
827,176
827,177
827,178
827,179
827,180
827,181
827,182
827,183
827,184
827,185
827,186
827,187
827,188
827,189
827,190
827,191
827,192
827,193
827,194
827,195
827,196
827,197
827,198
827,199
827,200
827,201
827,202
827,203
827,204
827,205
827,206
827,207
827,208
827,209
827,210
827,211
827,212
827,213
827,214
827,215
827,216
827,217
827,218
827,219
827,220
827,221
827,222
827,223
827,224
827,225
827,226
827,227
827,228
827,229
827,230
827,231
827,232
827,233
827,234
827,235
827,236
827,237
827,238
827,239
827,240
827,241
827,242
827,243
827,244
827,245
827,246
827,247
827,248
827,249
827,250
827,251
827,252
827,253
827,254
827,255
827,256
827,257
827,258
827,259
827,260
827,261
827,262
827,263
827,264
827,265
827,266
827,267
827,268
827,269
827,270
827,271
827,272
827,273
827,274
827,275
827,276
827,277
827,278
827,279
827,280
827,281
827,282
827,283
827,284
827,285
827,286
827,287
827,288
827,289
827,290
827,291
827,292
827,293
827,294
827,295
827,296
827,297
827,298
827,299
827,300
827,301
827,302
827,303
827,304
827,305
827,306
827,307
827,308
827,309
827,310
827,311
827,312
827,313
827,314
827,315
827,316
827,317
827,318
827,319
827,320
827,321
827,322
827,323
827,324
827,325
827,326
827,327
827,328
827,329
827,330
827,331
827,332
827,333
827,334
827,335
827,336
827,337
827,338
827,339
827,340
827,341
827,342
827,343
827,344
827,345
827,346
827,347
827,348
827,349
827,350
827,351
827,352
827,353
827,354
827,355
827,356
827,357
827,358
827,359
827,360
827,361
827,362
827,363
827,364
827,365
827,366
827,367
827,368
827,369
827,370
827,371
827,372
827,373
827,374
827,375
827,376
827,377
827,378
827,379
827,380
827,381
827,382
827,383
827,384
827,385
827,386
827,387
827,388
827,389
827,390
827,391
827,392
827,393
827,394
827,395
827,396
827,397
827,398
827,399
827,400
827,401
827,402
827,403
827,404
827,405
827,406
827,407
827,408
827,409
827,410
827,411
827,412
827,413
827,414
827,415
827,416
827,417
827,418
827,419
827,420
827,421
827,422
827,423
827,424
827,425
827,426
827,427
827,428
827,429
827,430
827,431
827,432
827,433
827,434
827,435
827,436
827,437
827,438
827,439
827,440
827,441
827,442
827,443
827,444
827,445
827,446
827,447
827,448
827,449
827,450
827,451
827,452
827,453
827,454
827,455
827,456
827,457
827,458
827,459
827,460
827,461
827,462
827,463
827,464
827,465
827,466
827,467
827,468
827,469
827,470
827,471
827,472
827,473
827,474
827,475
827,476
827,477
827,478
827,479
827,480
827,481
827,482
827,483
827,484
827,485
827,486
827,487
827,488
827,489
827,490
827,491
827,492
827,493
827,494
827,495
827,496
827,497
827,498
827,499
827,500
827,501
827,502
827,503
827,504
827,505
827,506
827,507
827,508
827,509
827,510
827,511
827,512
827,513
827,514
827,515
827,516
827,517
827,518
827,519
827,520
827,521
827,522
827,523
827,524
827,525
827,526
827,527
827,528
827,529
827,530
827,531
827,532
827,533
827,534
827,535
827,536
827,537
827,538
827,539
827,540
827,541
827,542
827,543
827,544
827,545
827,546
827,547
827,548
827,549
827,550
827,551
827,552
827,553
827,554
827,555
827,556
827,557
827,558
827,559
827,560
827,561
827,562
827,563
827,564
827,565
827,566
827,567
827,568
827,569
827,570
827,571
827,572
827,573
827,574
827,575
827,576
827,577
827,578
827,579
827,580
827,581
827,582
827,583
827,584
827,585
827,586
827,587
827,588
827,589
827,590
827,591
827,592
827,593
827,594
827,595
827,596
827,597
827,598
827,599
827,600
827,601
827,602
827,603
827,604
827,605
827,606
827,607
827,608
827,609
827,610
827,611
827,612
827,613
827,614
827,615
827,616
827,617
827,618
827,619
827,620
827,621
827,622
827,623
827,624
827,625
827,626
827,627
827,628
827,629
827,630
827,631
827,632
827,633
827,634
827,635
827,636
827,637
827,638
827,639
827,640
827,641
827,642
827,643
827,644
827,645
827,646
827,647
827,648
827,649
827,650
827,651
827,652
827,653
827,654
827,655
827,656
827,657
827,658
827,659
827,660
827,661
827,662
827,663
827,664
827,665
827,666
827,667
827,668
827,669
827,670
827,671
827,672
827,673
827,674
827,675
827,676
827,677
827,678
827,679
827,680
827,681
827,682
827,683
827,684
827,685
827,686
827,687
827,688
827,689
827,690
827,691
827,692
827,693
827,694
827,695
827,696
827,697
827,698
827,699
827,700
827,701
827,702
827,703
827,704
827,705
827,706
827,707
827,708
827,709
827,710
827,711
827,712
827,713
827,714
827,715
827,716
827,717
827,718
827,719
827,720
827,721
827,722
827,723
827,724
827,725
827,726
827,727
827,728
827,729
827,730
827,731
827,732
827,733
827,734
827,735
827,736
827,737
827,738
827,739
827,740
827,741
827,742
827,743
827,744
827,745
827,746
827,747
827,748
827,749
827,750
827,751
827,752
827,753
827,754
827,755
827,756
827,757
827,758
827,759
827,760
827,761
827,762
827,763
827,764
827,765
827,766
827,767
827,768
827,769
827,770
827,771
827,772
827,773
827,774
827,775
827,776
827,777
827,778
827,779
827,780
827,781
827,782
827,783
827,784
827,785
827,786
827,787
827,788
827,789
827,790
827,791
827,792
827,793
827,794
827,795
827,796
827,797
827,798
827,799
827,800
827,801
827,802
827,803
827,804
827,805
827,806
827,807
827,808
827,809
827,810
827,811
827,812
827,813
827,814
827,815
827,816
827,817
827,818
827,819
827,820
827,821
827,822
827,823
827,824
827,825
827,826
827,827
827,828
827,829
827,830
827,831
827,832
827,833
827,834
827,835
827,836
827,837
827,838
827,839
827,840
827,841
827,842
827,843
827,844
827,845
827,846
827,847
827,848
827,849
827,850
827,851
827,852
827,853
827,854
827,855
827,856
827,857
827,858
827,859
827,860
827,861
827,862
827,863
827,864
827,865
827,866
827,867
827,868
827,869
827,870
827,871
827,872
827,873
827,874
827,875
827,876
827,877
827,878
827,879
827,880
827,881
827,882
827,883
827,884
827,885
827,886
827,887
827,888
827,889
827,890
827,891
827,892
827,893
827,894
827,895
827,896
827,897
827,898
827,899
827,900
827,901
827,902
827,903
827,904
827,905
827,906
827,907
827,908
827,909
827,910
827,911
827,912
827,913
827,914
827,915
827,916
827,917
827,918
827,919
827,920
827,921
827,922
827,923
827,924
827,925
827,926
827,927
827,928
827,929
827,930
827,931
827,932
827,933
827,934
827,935
827,936
827,937
827,938
827,939
827,940
827,941
827,942
827,943
827,944
827,945
827,946
827,947
827,948
827,949
827,950
827,951
827,952
827,953
827,954
827,955
827,956
827,957
827,958
827,959
827,960
827,961
827,962
827,963
827,964
827,965
827,966
827,967
827,968
827,969
827,970
827,971
827,972
827,973
827,974
827,975
827,976
827,977
827,978
827,979
828,980
828,981
829,981
829,982
830,982
830,983
831,983
832,984
833,984
834,984
835,984
836,984
837,984
838,983
839,983
839,982
840,982
840,981
841,981
841,980
842,979
842,978
842,977
842,976
842,975
842,974
842,973
842,972
842,971
842,970
842,969
842,968
842,967
842,966
842,965
842,964
842,963
842,962
842,961
842,960
842,959
842,958
842,957
842,956
842,955
842,954
842,953
842,952
842,951
842,950
842,949
842,948
842,947
842,946
842,945
842,944
842,943
842,942
842,941
842,940
842,939
842,938
842,937
842,936
842,935
842,934
842,933
842,932
842,931
842,930
842,929
842,928
842,927
842,926
842,925
842,924
842,923
842,922
842,921
842,920
842,919
842,918
842,917
842,916
842,915
842,914
842,913
842,912
842,911
842,910
842,909
842,908
842,907
842,906
842,905
842,904
842,903
842,902
842,901
842,900
842,899
842,898
842,897
842,896
842,895
842,894
842,893
842,892
842,891
842,890
842,889
842,888
842,887
842,886
842,885
842,884
842,883
842,882
842,881
842,880
842,879
842,878
842,877
842,876
842,875
842,874
842,873
842,872
842,871
842,870
842,869
842,868
842,867
842,866
842,865
842,864
842,863
842,862
842,861
842,860
842,859
842,858
842,857
842,856
842,855
842,854
842,853
842,852
842,851
842,850
842,849
842,848
842,847
842,846
842,845
842,844
842,843
842,842
842,841
842,840
842,839
842,838
842,837
842,836
842,835
842,834
842,833
842,832
842,831
842,830
842,829
842,828
842,827
842,826
842,825
842,824
842,823
842,822
842,821
842,820
842,819
842,818
842,817
842,816
842,815
842,814
842,813
842,812
842,811
842,810
842,809
842,808
842,807
842,806
842,805
842,804
842,803
842,802
842,801
842,800
842,799
842,798
842,797
842,796
842,795
842,794
842,793
842,792
842,791
842,790
842,789
842,788
842,787
842,786
842,785
842,784
842,783
842,782
842,781
842,780
842,779
842,778
842,777
842,776
842,775
842,774
842,773
842,772
842,771
842,770
842,769
842,768
842,767
842,766
842,765
842,764
842,763
842,762
842,761
842,760
842,759
842,758
842,757
842,756
842,755
842,754
842,753
842,752
842,751
842,750
842,749
842,748
842,747
842,746
842,745
842,744
842,743
842,742
842,741
842,740
842,739
842,738
842,737
842,736
842,735
842,734
842,733
842,732
842,731
842,730
842,729
842,728
842,727
842,726
842,725
842,724
842,723
842,722
842,721
842,720
842,719
842,718
842,717
842,716
842,715
842,714
842,713
842,712
842,711
842,710
842,709
842,708
842,707
842,706
842,705
842,704
842,703
842,702
842,701
842,700
842,699
842,698
842,697
842,696
842,695
842,694
842,693
842,692
842,691
842,690
842,689
842,688
842,687
842,686
842,685
842,684
842,683
842,682
842,681
842,680
842,679
842,678
842,677
842,676
842,675
842,674
842,673
842,672
842,671
842,670
842,669
842,668
842,667
842,666
842,665
842,664
842,663
842,662
842,661
842,660
842,659
842,658
842,657
842,656
842,655
842,654
842,653
842,652
842,651
842,650
842,649
842,648
842,647
842,646
842,645
842,644
842,643
842,642
842,641
842,640
842,639
842,638
842,637
842,636
842,635
842,634
842,633
842,632
842,631
842,630
842,629
842,628
842,627
842,626
842,625
842,624
842,623
842,622
842,621
842,620
842,619
842,618
842,617
842,616
842,615
842,614
842,613
842,612
842,611
842,610
842,609
842,608
842,607
842,606
842,605
842,604
842,603
842,602
842,601
842,600
842,599
842,598
842,597
842,596
842,595
842,594
842,593
842,592
842,591
842,590
842,589
842,588
842,587
842,586
842,585
842,584
842,583
842,582
842,581
842,580
842,579
842,578
842,577
842,576
842,575
842,574
842,573
842,572
842,571
842,570
842,569
842,568
842,567
842,566
842,565
842,564
842,563
842,562
842,561
842,560
842,559
842,558
842,557
842,556
842,555
842,554
842,553
842,552
842,551
842,550
842,549
842,548
842,547
842,546
842,545
842,544
842,543
842,542
842,541
842,540
842,539
842,538
842,537
842,536
842,535
842,534
842,533
842,532
842,531
842,530
842,529
842,528
842,527
842,526
842,525
842,524
842,523
842,522
842,521
842,520
842,519
842,518
842,517
842,516
842,515
842,514
842,513
842,512
842,511
842,510
842,509
842,508
842,507
842,506
842,505
842,504
842,503
842,502
842,501
842,500
842,499
842,498
842,497
842,496
842,495
842,494
842,493
842,492
842,491
842,490
842,489
842,488
842,487
842,486
842,485
842,484
842,483
842,482
842,481
842,480
842,479
842,478
842,477
842,476
842,475
842,474
842,473
842,472
842,471
842,470
842,469
842,468
842,467
842,466
842,465
842,464
842,463
842,462
842,461
842,460
842,459
842,458
842,457
842,456
842,455
842,454
842,453
842,452
842,451
842,450
842,449
842,448
842,447
842,446
842,445
842,444
842,443
842,442
842,441
842,440
842,439
842,438
842,437
842,436
842,435
842,434
842,433
842,432
842,431
842,430
842,429
842,428
842,427
842,426
842,425
842,424
842,423
842,422
842,421
842,420
842,419
842,418
842,417
842,416
842,415
842,414
842,413
842,412
842,411
842,410
842,409
842,408
842,407
842,406
842,405
842,404
842,403
842,402
842,401
842,400
842,399
842,398
842,397
842,396
842,395
842,394
842,393
842,392
842,391
842,390
842,389
842,388
842,387
842,386
842,385
842,384
842,383
842,382
842,381
842,380
842,379
842,378
842,377
842,376
842,375
842,374
842,373
842,372
842,371
842,370
842,369
842,368
842,367
842,366
842,365
842,364
842,363
842,362
842,361
842,360
842,359
842,358
842,357
842,356
842,355
842,354
842,353
842,352
842,351
842,350
842,349
842,348
842,347
842,346
842,345
842,344
842,343
842,342
842,341
842,340
842,339
842,338
842,337
842,336
842,335
842,334
842,333
842,332
842,331
842,330
842,329
842,328
842,327
842,326
842,325
842,324
842,323
842,322
842,321
842,320
842,319
842,318
842,317
842,316
842,315
842,314
842,313
842,312
842,311
842,310
842,309
842,308
842,307
842,306
842,305
842,304
842,303
842,302
842,301
842,300
842,299
842,298
842,297
842,296
842,295
842,294
842,293
842,292
842,291
842,290
842,289
842,288
842,287
842,286
842,285
842,284
842,283
842,282
842,281
842,280
842,279
842,278
842,277
842,276
842,275
842,274
842,273
842,272
842,271
842,270
842,269
842,268
842,267
842,266
842,265
842,264
842,263
842,262
842,261
842,260
842,259
842,258
842,257
842,256
842,255
842,254
842,253
842,252
842,251
842,250
842,249
842,248
842,247
842,246
842,245
842,244
842,243
842,242
842,241
842,240
842,239
842,238
842,237
842,236
842,235
842,234
842,233
842,232
842,231
842,230
842,229
842,228
842,227
842,226
842,225
842,224
842,223
842,222
842,221
842,220
842,219
842,218
842,217
842,216
842,215
842,214
842,213
842,212
842,211
842,210
842,209
842,208
842,207
842,206
842,205
842,204
842,203
842,202
842,201
842,200
842,199
842,198
842,197
842,196
842,195
842,194
842,193
842,192
842,191
842,190
842,189
842,188
842,187
842,186
842,185
842,184
842,183
842,182
842,181
842,180
842,179
842,178
842,177
842,176
842,175
842,174
842,173
842,172
842,171
842,170
842,169
842,168
842,167
842,166
842,165
842,164
842,163
842,162
842,161
842,160
842,159
842,158
842,157
842,156
842,155
842,154
842,153
842,152
842,151
842,150
842,149
842,148
842,147
842,146
842,145
842,144
842,143
842,142
842,141
842,140
842,139
842,138
842,137
842,136
842,135
842,134
842,133
842,132
842,131
842,130
842,129
842,128
842,127
842,126
842,125
842,124
842,123
842,122
842,121
842,120
842,119
842,118
842,117
842,116
842,115
842,114
842,113
842,112
842,111
842,110
842,109
842,108
842,107
842,106
842,105
842,104
842,103
842,102
842,101
842,100
842,99
842,98
842,97
842,96
842,95
842,94
842,93
842,92
842,91
842,90
842,89
842,88
842,87
842,86
842,85
842,84
842,83
842,82
842,81
842,80
842,79
842,78
842,77
842,76
842,75
842,74
842,73
842,72
842,71
842,70
842,69
842,68
842,67
842,66
842,65
842,64
842,63
842,62
842,61
842,60
842,59
842,58
842,57
842,56
842,55
842,54
842,53
842,52
842,51
842,50
842,49
842,48
842,47
842,46
842,45
843,44
843,43
844,43
844,42
845,42
845,41
846,41
847,40
848,40
849,40
850,40
851,40
852,40
853,41
854,41
854,42
855,42
855,43
856,43
856,44
857,45
857,46
857,47
857,48
857,49
857,50
857,51
857,52
857,53
857,54
857,55
857,56
857,57
857,58
857,59
857,60
857,61
857,62
857,63
857,64
857,65
857,66
857,67
857,68
857,69
857,70
857,71
857,72
857,73
857,74
857,75
857,76
857,77
857,78
857,79
857,80
857,81
857,82
857,83
857,84
857,85
857,86
857,87
857,88
857,89
857,90
857,91
857,92
857,93
857,94
857,95
857,96
857,97
857,98
857,99
857,100
857,101
857,102
857,103
857,104
857,105
857,106
857,107
857,108
857,109
857,110
857,111
857,112
857,113
857,114
857,115
857,116
857,117
857,118
857,119
857,120
857,121
857,122
857,123
857,124
857,125
857,126
857,127
857,128
857,129
857,130
857,131
857,132
857,133
857,134
857,135
857,136
857,137
857,138
857,139
857,140
857,141
857,142
857,143
857,144
857,145
857,146
857,147
857,148
857,149
857,150
857,151
857,152
857,153
857,154
857,155
857,156
857,157
857,158
857,159
857,160
857,161
857,162
857,163
857,164
857,165
857,166
857,167
857,168
857,169
857,170
857,171
857,172
857,173
857,174
857,175
857,176
857,177
857,178
857,179
857,180
857,181
857,182
857,183
857,184
857,185
857,186
857,187
857,188
857,189
857,190
857,191
857,192
857,193
857,194
857,195
857,196
857,197
857,198
857,199
857,200
857,201
857,202
857,203
857,204
857,205
857,206
857,207
857,208
857,209
857,210
857,211
857,212
857,213
857,214
857,215
857,216
857,217
857,218
857,219
857,220
857,221
857,222
857,223
857,224
857,225
857,226
857,227
857,228
857,229
857,230
857,231
857,232
857,233
857,234
857,235
857,236
857,237
857,238
857,239
857,240
857,241
857,242
857,243
857,244
857,245
857,246
857,247
857,248
857,249
857,250
857,251
857,252
857,253
857,254
857,255
857,256
857,257
857,258
857,259
857,260
857,261
857,262
857,263
857,264
857,265
857,266
857,267
857,268
857,269
857,270
857,271
857,272
857,273
857,274
857,275
857,276
857,277
857,278
857,279
857,280
857,281
857,282
857,283
857,284
857,285
857,286
857,287
857,288
857,289
857,290
857,291
857,292
857,293
857,294
857,295
857,296
857,297
857,298
857,299
857,300
857,301
857,302
857,303
857,304
857,305
857,306
857,307
857,308
857,309
857,310
857,311
857,312
857,313
857,314
857,315
857,316
857,317
857,318
857,319
857,320
857,321
857,322
857,323
857,324
857,325
857,326
857,327
857,328
857,329
857,330
857,331
857,332
857,333
857,334
857,335
857,336
857,337
857,338
857,339
857,340
857,341
857,342
857,343
857,344
857,345
857,346
857,347
857,348
857,349
857,350
857,351
857,352
857,353
857,354
857,355
857,356
857,357
857,358
857,359
857,360
857,361
857,362
857,363
857,364
857,365
857,366
857,367
857,368
857,369
857,370
857,371
857,372
857,373
857,374
857,375
857,376
857,377
857,378
857,379
857,380
857,381
857,382
857,383
857,384
857,385
857,386
857,387
857,388
857,389
857,390
857,391
857,392
857,393
857,394
857,395
857,396
857,397
857,398
857,399
857,400
857,401
857,402
857,403
857,404
857,405
857,406
857,407
857,408
857,409
857,410
857,411
857,412
857,413
857,414
857,415
857,416
857,417
857,418
857,419
857,420
857,421
857,422
857,423
857,424
857,425
857,426
857,427
857,428
857,429
857,430
857,431
857,432
857,433
857,434
857,435
857,436
857,437
857,438
857,439
857,440
857,441
857,442
857,443
857,444
857,445
857,446
857,447
857,448
857,449
857,450
857,451
857,452
857,453
857,454
857,455
857,456
857,457
857,458
857,459
857,460
857,461
857,462
857,463
857,464
857,465
857,466
857,467
857,468
857,469
857,470
857,471
857,472
857,473
857,474
857,475
857,476
857,477
857,478
857,479
857,480
857,481
857,482
857,483
857,484
857,485
857,486
857,487
857,488
857,489
857,490
857,491
857,492
857,493
857,494
857,495
857,496
857,497
857,498
857,499
857,500
857,501
857,502
857,503
857,504
857,505
857,506
857,507
857,508
857,509
857,510
857,511
857,512
857,513
857,514
857,515
857,516
857,517
857,518
857,519
857,520
857,521
857,522
857,523
857,524
857,525
857,526
857,527
857,528
857,529
857,530
857,531
857,532
857,533
857,534
857,535
857,536
857,537
857,538
857,539
857,540
857,541
857,542
857,543
857,544
857,545
857,546
857,547
857,548
857,549
857,550
857,551
857,552
857,553
857,554
857,555
857,556
857,557
857,558
857,559
857,560
857,561
857,562
857,563
857,564
857,565
857,566
857,567
857,568
857,569
857,570
857,571
857,572
857,573
857,574
857,575
857,576
857,577
857,578
857,579
857,580
857,581
857,582
857,583
857,584
857,585
857,586
857,587
857,588
857,589
857,590
857,591
857,592
857,593
857,594
857,595
857,596
857,597
857,598
857,599
857,600
857,601
857,602
857,603
857,604
857,605
857,606
857,607
857,608
857,609
857,610
857,611
857,612
857,613
857,614
857,615
857,616
857,617
857,618
857,619
857,620
857,621
857,622
857,623
857,624
857,625
857,626
857,627
857,628
857,629
857,630
857,631
857,632
857,633
857,634
857,635
857,636
857,637
857,638
857,639
857,640
857,641
857,642
857,643
857,644
857,645
857,646
857,647
857,648
857,649
857,650
857,651
857,652
857,653
857,654
857,655
857,656
857,657
857,658
857,659
857,660
857,661
857,662
857,663
857,664
857,665
857,666
857,667
857,668
857,669
857,670
857,671
857,672
857,673
857,674
857,675
857,676
857,677
857,678
857,679
857,680
857,681
857,682
857,683
857,684
857,685
857,686
857,687
857,688
857,689
857,690
857,691
857,692
857,693
857,694
857,695
857,696
857,697
857,698
857,699
857,700
857,701
857,702
857,703
857,704
857,705
857,706
857,707
857,708
857,709
857,710
857,711
857,712
857,713
857,714
857,715
857,716
857,717
857,718
857,719
857,720
857,721
857,722
857,723
857,724
857,725
857,726
857,727
857,728
857,729
857,730
857,731
857,732
857,733
857,734
857,735
857,736
857,737
857,738
857,739
857,740
857,741
857,742
857,743
857,744
857,745
857,746
857,747
857,748
857,749
857,750
857,751
857,752
857,753
857,754
857,755
857,756
857,757
857,758
857,759
857,760
857,761
857,762
857,763
857,764
857,765
857,766
857,767
857,768
857,769
857,770
857,771
857,772
857,773
857,774
857,775
857,776
857,777
857,778
857,779
857,780
857,781
857,782
857,783
857,784
857,785
857,786
857,787
857,788
857,789
857,790
857,791
857,792
857,793
857,794
857,795
857,796
857,797
857,798
857,799
857,800
857,801
857,802
857,803
857,804
857,805
857,806
857,807
857,808
857,809
857,810
857,811
857,812
857,813
857,814
857,815
857,816
857,817
857,818
857,819
857,820
857,821
857,822
857,823
857,824
857,825
857,826
857,827
857,828
857,829
857,830
857,831
857,832
857,833
857,834
857,835
857,836
857,837
857,838
857,839
857,840
857,841
857,842
857,843
857,844
857,845
857,846
857,847
857,848
857,849
857,850
857,851
857,852
857,853
857,854
857,855
857,856
857,857
857,858
857,859
857,860
857,861
857,862
857,863
857,864
857,865
857,866
857,867
857,868
857,869
857,870
857,871
857,872
857,873
857,874
857,875
857,876
857,877
857,878
857,879
857,880
857,881
857,882
857,883
857,884
857,885
857,886
857,887
857,888
857,889
857,890
857,891
857,892
857,893
857,894
857,895
857,896
857,897
857,898
857,899
857,900
857,901
857,902
857,903
857,904
857,905
857,906
857,907
857,908
857,909
857,910
857,911
857,912
857,913
857,914
857,915
857,916
857,917
857,918
857,919
857,920
857,921
857,922
857,923
857,924
857,925
857,926
857,927
857,928
857,929
857,930
857,931
857,932
857,933
857,934
857,935
857,936
857,937
857,938
857,939
857,940
857,941
857,942
857,943
857,944
857,945
857,946
857,947
857,948
857,949
857,950
857,951
857,952
857,953
857,954
857,955
857,956
857,957
857,958
857,959
857,960
857,961
857,962
857,963
857,964
857,965
857,966
857,967
857,968
857,969
857,970
857,971
857,972
857,973
857,974
857,975
857,976
857,977
857,978
857,979
858,980
858,981
859,981
859,982
860,982
860,983
861,983
862,984
863,984
864,984
865,984
866,984
867,983
868,983
868,982
869,982
869,981
870,981
870,980
871,979
871,978
871,977
871,976
871,975
871,974
871,973
871,972
871,971
871,970
871,969
871,968
871,967
871,966
871,965
871,964
871,963
871,962
871,961
871,960
871,959
871,958
871,957
871,956
871,955
871,954
871,953
871,952
871,951
871,950
871,949
871,948
871,947
871,946
871,945
871,944
871,943
871,942
871,941
871,940
871,939
871,938
871,937
871,936
871,935
871,934
871,933
871,932
871,931
871,930
871,929
871,928
871,927
871,926
871,925
871,924
871,923
871,922
871,921
871,920
871,919
871,918
871,917
871,916
871,915
871,914
871,913
871,912
871,911
871,910
871,909
871,908
871,907
871,906
871,905
871,904
871,903
871,902
871,901
871,900
871,899
871,898
871,897
871,896
871,895
871,894
871,893
871,892
871,891
871,890
871,889
871,888
871,887
871,886
871,885
871,884
871,883
871,882
871,881
871,880
871,879
871,878
871,877
871,876
871,875
871,874
871,873
871,872
871,871
871,870
871,869
871,868
871,867
871,866
871,865
871,864
871,863
871,862
871,861
871,860
871,859
871,858
871,857
871,856
871,855
871,854
871,853
871,852
871,851
871,850
871,849
871,848
871,847
871,846
871,845
871,844
871,843
871,842
871,841
871,840
871,839
871,838
871,837
871,836
871,835
871,834
871,833
871,832
871,831
871,830
871,829
871,828
871,827
871,826
871,825
871,824
871,823
871,822
871,821
871,820
871,819
871,818
871,817
871,816
871,815
871,814
871,813
871,812
871,811
871,810
871,809
871,808
871,807
871,806
871,805
871,804
871,803
871,802
871,801
871,800
871,799
871,798
871,797
871,796
871,795
871,794
871,793
871,792
871,791
871,790
871,789
871,788
871,787
871,786
871,785
871,784
871,783
871,782
871,781
871,780
871,779
871,778
871,777
871,776
871,775
871,774
871,773
871,772
871,771
871,770
871,769
871,768
871,767
871,766
871,765
871,764
871,763
871,762
871,761
871,760
871,759
871,758
871,757
871,756
871,755
871,754
871,753
871,752
871,751
871,750
871,749
871,748
871,747
871,746
871,745
871,744
871,743
871,742
871,741
871,740
871,739
871,738
871,737
871,736
871,735
871,734
871,733
871,732
871,731
871,730
871,729
871,728
871,727
871,726
871,725
871,724
871,723
871,722
871,721
871,720
871,719
871,718
871,717
871,716
871,715
871,714
871,713
871,712
871,711
871,710
871,709
871,708
871,707
871,706
871,705
871,704
871,703
871,702
871,701
871,700
871,699
871,698
871,697
871,696
871,695
871,694
871,693
871,692
871,691
871,690
871,689
871,688
871,687
871,686
871,685
871,684
871,683
871,682
871,681
871,680
871,679
871,678
871,677
871,676
871,675
871,674
871,673
871,672
871,671
871,670
871,669
871,668
871,667
871,666
871,665
871,664
871,663
871,662
871,661
871,660
871,659
871,658
871,657
871,656
871,655
871,654
871,653
871,652
871,651
871,650
871,649
871,648
871,647
871,646
871,645
871,644
871,643
871,642
871,641
871,640
871,639
871,638
871,637
871,636
871,635
871,634
871,633
871,632
871,631
871,630
871,629
871,628
871,627
871,626
871,625
871,624
871,623
871,622
871,621
871,620
871,619
871,618
871,617
871,616
871,615
871,614
871,613
871,612
871,611
871,610
871,609
871,608
871,607
871,606
871,605
871,604
871,603
871,602
871,601
871,600
871,599
871,598
871,597
871,596
871,595
871,594
871,593
871,592
871,591
871,590
871,589
871,588
871,587
871,586
871,585
871,584
871,583
871,582
871,581
871,580
871,579
871,578
871,577
871,576
871,575
871,574
871,573
871,572
871,571
871,570
871,569
871,568
871,567
871,566
871,565
871,564
871,563
871,562
871,561
871,560
871,559
871,558
871,557
871,556
871,555
871,554
871,553
871,552
871,551
871,550
871,549
871,548
871,547
871,546
871,545
871,544
871,543
871,542
871,541
871,540
871,539
871,538
871,537
871,536
871,535
871,534
871,533
871,532
871,531
871,530
871,529
871,528
871,527
871,526
871,525
871,524
871,523
871,522
871,521
871,520
871,519
871,518
871,517
871,516
871,515
871,514
871,513
871,512
871,511
871,510
871,509
871,508
871,507
871,506
871,505
871,504
871,503
871,502
871,501
871,500
871,499
871,498
871,497
871,496
871,495
871,494
871,493
871,492
871,491
871,490
871,489
871,488
871,487
871,486
871,485
871,484
871,483
871,482
871,481
871,480
871,479
871,478
871,477
871,476
871,475
871,474
871,473
871,472
871,471
871,470
871,469
871,468
871,467
871,466
871,465
871,464
871,463
871,462
871,461
871,460
871,459
871,458
871,457
871,456
871,455
871,454
871,453
871,452
871,451
871,450
871,449
871,448
871,447
871,446
871,445
871,444
871,443
871,442
871,441
871,440
871,439
871,438
871,437
871,436
871,435
871,434
871,433
871,432
871,431
871,430
871,429
871,428
871,427
871,426
871,425
871,424
871,423
871,422
871,421
871,420
871,419
871,418
871,417
871,416
871,415
871,414
871,413
871,412
871,411
871,410
871,409
871,408
871,407
871,406
871,405
871,404
871,403
871,402
871,401
871,400
871,399
871,398
871,397
871,396
871,395
871,394
871,393
871,392
871,391
871,390
871,389
871,388
871,387
871,386
871,385
871,384
871,383
871,382
871,381
871,380
871,379
871,378
871,377
871,376
871,375
871,374
871,373
871,372
871,371
871,370
871,369
871,368
871,367
871,366
871,365
871,364
871,363
871,362
871,361
871,360
871,359
871,358
871,357
871,356
871,355
871,354
871,353
871,352
871,351
871,350
871,349
871,348
871,347
871,346
871,345
871,344
871,343
871,342
871,341
871,340
871,339
871,338
871,337
871,336
871,335
871,334
871,333
871,332
871,331
871,330
871,329
871,328
871,327
871,326
871,325
871,324
871,323
871,322
871,321
871,320
871,319
871,318
871,317
871,316
871,315
871,314
871,313
871,312
871,311
871,310
871,309
871,308
871,307
871,306
871,305
871,304
871,303
871,302
871,301
871,300
871,299
871,298
871,297
871,296
871,295
871,294
871,293
871,292
871,291
871,290
871,289
871,288
871,287
871,286
871,285
871,284
871,283
871,282
871,281
871,280
871,279
871,278
871,277
871,276
871,275
871,274
871,273
871,272
871,271
871,270
871,269
871,268
871,267
871,266
871,265
871,264
871,263
871,262
871,261
871,260
871,259
871,258
871,257
871,256
871,255
871,254
871,253
871,252
871,251
871,250
871,249
871,248
871,247
871,246
871,245
871,244
871,243
871,242
871,241
871,240
871,239
871,238
871,237
871,236
871,235
871,234
871,233
871,232
871,231
871,230
871,229
871,228
871,227
871,226
871,225
871,224
871,223
871,222
871,221
871,220
871,219
871,218
871,217
871,216
871,215
871,214
871,213
871,212
871,211
871,210
871,209
871,208
871,207
871,206
871,205
871,204
871,203
871,202
871,201
871,200
871,199
871,198
871,197
871,196
871,195
871,194
871,193
871,192
871,191
871,190
871,189
871,188
871,187
871,186
871,185
871,184
871,183
871,182
871,181
871,180
871,179
871,178
871,177
871,176
871,175
871,174
871,173
871,172
871,171
871,170
871,169
871,168
871,167
871,166
871,165
871,164
871,163
871,162
871,161
871,160
871,159
871,158
871,157
871,156
871,155
871,154
871,153
871,152
871,151
871,150
871,149
871,148
871,147
871,146
871,145
871,144
871,143
871,142
871,141
871,140
871,139
871,138
871,137
871,136
871,135
871,134
871,133
871,132
871,131
871,130
871,129
871,128
871,127
871,126
871,125
871,124
871,123
871,122
871,121
871,120
871,119
871,118
871,117
871,116
871,115
871,114
871,113
871,112
871,111
871,110
871,109
871,108
871,107
871,106
871,105
871,104
871,103
871,102
871,101
871,100
871,99
871,98
871,97
871,96
871,95
871,94
871,93
871,92
871,91
871,90
871,89
871,88
871,87
871,86
871,85
871,84
871,83
871,82
871,81
871,80
871,79
871,78
871,77
871,76
871,75
871,74
871,73
871,72
871,71
871,70
871,69
871,68
871,67
871,66
871,65
871,64
871,63
871,62
871,61
871,60
871,59
871,58
871,57
871,56
871,55
871,54
871,53
871,52
871,51
871,50
871,49
871,48
871,47
871,46
871,45
872,44
872,43
873,43
873,42
874,42
874,41
875,41
876,40
877,40
878,40
879,40
880,40
881,40
882,41
883,41
883,42
884,42
884,43
885,43
885,44
886,45
886,46
886,47
886,48
886,49
886,50
886,51
886,52
886,53
886,54
886,55
886,56
886,57
886,58
886,59
886,60
886,61
886,62
886,63
886,64
886,65
886,66
886,67
886,68
886,69
886,70
886,71
886,72
886,73
886,74
886,75
886,76
886,77
886,78
886,79
886,80
886,81
886,82
886,83
886,84
886,85
886,86
886,87
886,88
886,89
886,90
886,91
886,92
886,93
886,94
886,95
886,96
886,97
886,98
886,99
886,100
886,101
886,102
886,103
886,104
886,105
886,106
886,107
886,108
886,109
886,110
886,111
886,112
886,113
886,114
886,115
886,116
886,117
886,118
886,119
886,120
886,121
886,122
886,123
886,124
886,125
886,126
886,127
886,128
886,129
886,130
886,131
886,132
886,133
886,134
886,135
886,136
886,137
886,138
886,139
886,140
886,141
886,142
886,143
886,144
886,145
886,146
886,147
886,148
886,149
886,150
886,151
886,152
886,153
886,154
886,155
886,156
886,157
886,158
886,159
886,160
886,161
886,162
886,163
886,164
886,165
886,166
886,167
886,168
886,169
886,170
886,171
886,172
886,173
886,174
886,175
886,176
886,177
886,178
886,179
886,180
886,181
886,182
886,183
886,184
886,185
886,186
886,187
886,188
886,189
886,190
886,191
886,192
886,193
886,194
886,195
886,196
886,197
886,198
886,199
886,200
886,201
886,202
886,203
886,204
886,205
886,206
886,207
886,208
886,209
886,210
886,211
886,212
886,213
886,214
886,215
886,216
886,217
886,218
886,219
886,220
886,221
886,222
886,223
886,224
886,225
886,226
886,227
886,228
886,229
886,230
886,231
886,232
886,233
886,234
886,235
886,236
886,237
886,238
886,239
886,240
886,241
886,242
886,243
886,244
886,245
886,246
886,247
886,248
886,249
886,250
886,251
886,252
886,253
886,254
886,255
886,256
886,257
886,258
886,259
886,260
886,261
886,262
886,263
886,264
886,265
886,266
886,267
886,268
886,269
886,270
886,271
886,272
886,273
886,274
886,275
886,276
886,277
886,278
886,279
886,280
886,281
886,282
886,283
886,284
886,285
886,286
886,287
886,288
886,289
886,290
886,291
886,292
886,293
886,294
886,295
886,296
886,297
886,298
886,299
886,300
886,301
886,302
886,303
886,304
886,305
886,306
886,307
886,308
886,309
886,310
886,311
886,312
886,313
886,314
886,315
886,316
886,317
886,318
886,319
886,320
886,321
886,322
886,323
886,324
886,325
886,326
886,327
886,328
886,329
886,330
886,331
886,332
886,333
886,334
886,335
886,336
886,337
886,338
886,339
886,340
886,341
886,342
886,343
886,344
886,345
886,346
886,347
886,348
886,349
886,350
886,351
886,352
886,353
886,354
886,355
886,356
886,357
886,358
886,359
886,360
886,361
886,362
886,363
886,364
886,365
886,366
886,367
886,368
886,369
886,370
886,371
886,372
886,373
886,374
886,375
886,376
886,377
886,378
886,379
886,380
886,381
886,382
886,383
886,384
886,385
886,386
886,387
886,388
886,389
886,390
886,391
886,392
886,393
886,394
886,395
886,396
886,397
886,398
886,399
886,400
886,401
886,402
886,403
886,404
886,405
886,406
886,407
886,408
886,409
886,410
886,411
886,412
886,413
886,414
886,415
886,416
886,417
886,418
886,419
886,420
886,421
886,422
886,423
886,424
886,425
886,426
886,427
886,428
886,429
886,430
886,431
886,432
886,433
886,434
886,435
886,436
886,437
886,438
886,439
886,440
886,441
886,442
886,443
886,444
886,445
886,446
886,447
886,448
886,449
886,450
886,451
886,452
886,453
886,454
886,455
886,456
886,457
886,458
886,459
886,460
886,461
886,462
886,463
886,464
886,465
886,466
886,467
886,468
886,469
886,470
886,471
886,472
886,473
886,474
886,475
886,476
886,477
886,478
886,479
886,480
886,481
886,482
886,483
886,484
886,485
886,486
886,487
886,488
886,489
886,490
886,491
886,492
886,493
886,494
886,495
886,496
886,497
886,498
886,499
886,500
886,501
886,502
886,503
886,504
886,505
886,506
886,507
886,508
886,509
886,510
886,511
886,512
886,513
886,514
886,515
886,516
886,517
886,518
886,519
886,520
886,521
886,522
886,523
886,524
886,525
886,526
886,527
886,528
886,529
886,530
886,531
886,532
886,533
886,534
886,535
886,536
886,537
886,538
886,539
886,540
886,541
886,542
886,543
886,544
886,545
886,546
886,547
886,548
886,549
886,550
886,551
886,552
886,553
886,554
886,555
886,556
886,557
886,558
886,559
886,560
886,561
886,562
886,563
886,564
886,565
886,566
886,567
886,568
886,569
886,570
886,571
886,572
886,573
886,574
886,575
886,576
886,577
886,578
886,579
886,580
886,581
886,582
886,583
886,584
886,585
886,586
886,587
886,588
886,589
886,590
886,591
886,592
886,593
886,594
886,595
886,596
886,597
886,598
886,599
886,600
886,601
886,602
886,603
886,604
886,605
886,606
886,607
886,608
886,609
886,610
886,611
886,612
886,613
886,614
886,615
886,616
886,617
886,618
886,619
886,620
886,621
886,622
886,623
886,624
886,625
886,626
886,627
886,628
886,629
886,630
886,631
886,632
886,633
886,634
886,635
886,636
886,637
886,638
886,639
886,640
886,641
886,642
886,643
886,644
886,645
886,646
886,647
886,648
886,649
886,650
886,651
886,652
886,653
886,654
886,655
886,656
886,657
886,658
886,659
886,660
886,661
886,662
886,663
886,664
886,665
886,666
886,667
886,668
886,669
886,670
886,671
886,672
886,673
886,674
886,675
886,676
886,677
886,678
886,679
886,680
886,681
886,682
886,683
886,684
886,685
886,686
886,687
886,688
886,689
886,690
886,691
886,692
886,693
886,694
886,695
886,696
886,697
886,698
886,699
886,700
886,701
886,702
886,703
886,704
886,705
886,706
886,707
886,708
886,709
886,710
886,711
886,712
886,713
886,714
886,715
886,716
886,717
886,718
886,719
886,720
886,721
886,722
886,723
886,724
886,725
886,726
886,727
886,728
886,729
886,730
886,731
886,732
886,733
886,734
886,735
886,736
886,737
886,738
886,739
886,740
886,741
886,742
886,743
886,744
886,745
886,746
886,747
886,748
886,749
886,750
886,751
886,752
886,753
886,754
886,755
886,756
886,757
886,758
886,759
886,760
886,761
886,762
886,763
886,764
886,765
886,766
886,767
886,768
886,769
886,770
886,771
886,772
886,773
886,774
886,775
886,776
886,777
886,778
886,779
886,780
886,781
886,782
886,783
886,784
886,785
886,786
886,787
886,788
886,789
886,790
886,791
886,792
886,793
886,794
886,795
886,796
886,797
886,798
886,799
886,800
886,801
886,802
886,803
886,804
886,805
886,806
886,807
886,808
886,809
886,810
886,811
886,812
886,813
886,814
886,815
886,816
886,817
886,818
886,819
886,820
886,821
886,822
886,823
886,824
886,825
886,826
886,827
886,828
886,829
886,830
886,831
886,832
886,833
886,834
886,835
886,836
886,837
886,838
886,839
886,840
886,841
886,842
886,843
886,844
886,845
886,846
886,847
886,848
886,849
886,850
886,851
886,852
886,853
886,854
886,855
886,856
886,857
886,858
886,859
886,860
886,861
886,862
886,863
886,864
886,865
886,866
886,867
886,868
886,869
886,870
886,871
886,872
886,873
886,874
886,875
886,876
886,877
886,878
886,879
886,880
886,881
886,882
886,883
886,884
886,885
886,886
886,887
886,888
886,889
886,890
886,891
886,892
886,893
886,894
886,895
886,896
886,897
886,898
886,899
886,900
886,901
886,902
886,903
886,904
886,905
886,906
886,907
886,908
886,909
886,910
886,911
886,912
886,913
886,914
886,915
886,916
886,917
886,918
886,919
886,920
886,921
886,922
886,923
886,924
886,925
886,926
886,927
886,928
886,929
886,930
886,931
886,932
886,933
886,934
886,935
886,936
886,937
886,938
886,939
886,940
886,941
886,942
886,943
886,944
886,945
886,946
886,947
886,948
886,949
886,950
886,951
886,952
886,953
886,954
886,955
886,956
886,957
886,958
886,959
886,960
886,961
886,962
886,963
886,964
886,965
886,966
886,967
886,968
886,969
886,970
886,971
886,972
886,973
886,974
886,975
886,976
886,977
886,978
886,979
887,980
887,981
888,981
888,982
889,982
889,983
890,983
891,984
892,984
893,984
894,984
895,984
896,984
897,983
898,983
898,982
899,982
899,981
900,981
900,980
901,979
901,978
901,977
901,976
901,975
901,974
901,973
901,972
901,971
901,970
901,969
901,968
901,967
901,966
901,965
901,964
901,963
901,962
901,961
901,960
901,959
901,958
901,957
901,956
901,955
901,954
901,953
901,952
901,951
901,950
901,949
901,948
901,947
901,946
901,945
901,944
901,943
901,942
901,941
901,940
901,939
901,938
901,937
901,936
901,935
901,934
901,933
901,932
901,931
901,930
901,929
901,928
901,927
901,926
901,925
901,924
901,923
901,922
901,921
901,920
901,919
901,918
901,917
901,916
901,915
901,914
901,913
901,912
901,911
901,910
901,909
901,908
901,907
901,906
901,905
901,904
901,903
901,902
901,901
901,900
901,899
901,898
901,897
901,896
901,895
901,894
901,893
901,892
901,891
901,890
901,889
901,888
901,887
901,886
901,885
901,884
901,883
901,882
901,881
901,880
901,879
901,878
901,877
901,876
901,875
901,874
901,873
901,872
901,871
901,870
901,869
901,868
901,867
901,866
901,865
901,864
901,863
901,862
901,861
901,860
901,859
901,858
901,857
901,856
901,855
901,854
901,853
901,852
901,851
901,850
901,849
901,848
901,847
901,846
901,845
901,844
901,843
901,842
901,841
901,840
901,839
901,838
901,837
901,836
901,835
901,834
901,833
901,832
901,831
901,830
901,829
901,828
901,827
901,826
901,825
901,824
901,823
901,822
901,821
901,820
901,819
901,818
901,817
901,816
901,815
901,814
901,813
901,812
901,811
901,810
901,809
901,808
901,807
901,806
901,805
901,804
901,803
901,802
901,801
901,800
901,799
901,798
901,797
901,796
901,795
901,794
901,793
901,792
901,791
901,790
901,789
901,788
901,787
901,786
901,785
901,784
901,783
901,782
901,781
901,780
901,779
901,778
901,777
901,776
901,775
901,774
901,773
901,772
901,771
901,770
901,769
901,768
901,767
901,766
901,765
901,764
901,763
901,762
901,761
901,760
901,759
901,758
901,757
901,756
901,755
901,754
901,753
901,752
901,751
901,750
901,749
901,748
901,747
901,746
901,745
901,744
901,743
901,742
901,741
901,740
901,739
901,738
901,737
901,736
901,735
901,734
901,733
901,732
901,731
901,730
901,729
901,728
901,727
901,726
901,725
901,724
901,723
901,722
901,721
901,720
901,719
901,718
901,717
901,716
901,715
901,714
901,713
901,712
901,711
901,710
901,709
901,708
901,707
901,706
901,705
901,704
901,703
901,702
901,701
901,700
901,699
901,698
901,697
901,696
901,695
901,694
901,693
901,692
901,691
901,690
901,689
901,688
901,687
901,686
901,685
901,684
901,683
901,682
901,681
901,680
901,679
901,678
901,677
901,676
901,675
901,674
901,673
901,672
901,671
901,670
901,669
901,668
901,667
901,666
901,665
901,664
901,663
901,662
901,661
901,660
901,659
901,658
901,657
901,656
901,655
901,654
901,653
901,652
901,651
901,650
901,649
901,648
901,647
901,646
901,645
901,644
901,643
901,642
901,641
901,640
901,639
901,638
901,637
901,636
901,635
901,634
901,633
901,632
901,631
901,630
901,629
901,628
901,627
901,626
901,625
901,624
901,623
901,622
901,621
901,620
901,619
901,618
901,617
901,616
901,615
901,614
901,613
901,612
901,611
901,610
901,609
901,608
901,607
901,606
901,605
901,604
901,603
901,602
901,601
901,600
901,599
901,598
901,597
901,596
901,595
901,594
901,593
901,592
901,591
901,590
901,589
901,588
901,587
901,586
901,585
901,584
901,583
901,582
901,581
901,580
901,579
901,578
901,577
901,576
901,575
901,574
901,573
901,572
901,571
901,570
901,569
901,568
901,567
901,566
901,565
901,564
901,563
901,562
901,561
901,560
901,559
901,558
901,557
901,556
901,555
901,554
901,553
901,552
901,551
901,550
901,549
901,548
901,547
901,546
901,545
901,544
901,543
901,542
901,541
901,540
901,539
901,538
901,537
901,536
901,535
901,534
901,533
901,532
901,531
901,530
901,529
901,528
901,527
901,526
901,525
901,524
901,523
901,522
901,521
901,520
901,519
901,518
901,517
901,516
901,515
901,514
901,513
901,512
901,511
901,510
901,509
901,508
901,507
901,506
901,505
901,504
901,503
901,502
901,501
901,500
901,499
901,498
901,497
901,496
901,495
901,494
901,493
901,492
901,491
901,490
901,489
901,488
901,487
901,486
901,485
901,484
901,483
901,482
901,481
901,480
901,479
901,478
901,477
901,476
901,475
901,474
901,473
901,472
901,471
901,470
901,469
901,468
901,467
901,466
901,465
901,464
901,463
901,462
901,461
901,460
901,459
901,458
901,457
901,456
901,455
901,454
901,453
901,452
901,451
901,450
901,449
901,448
901,447
901,446
901,445
901,444
901,443
901,442
901,441
901,440
901,439
901,438
901,437
901,436
901,435
901,434
901,433
901,432
901,431
901,430
901,429
901,428
901,427
901,426
901,425
901,424
901,423
901,422
901,421
901,420
901,419
901,418
901,417
901,416
901,415
901,414
901,413
901,412
901,411
901,410
901,409
901,408
901,407
901,406
901,405
901,404
901,403
901,402
901,401
901,400
901,399
901,398
901,397
901,396
901,395
901,394
901,393
901,392
901,391
901,390
901,389
901,388
901,387
901,386
901,385
901,384
901,383
901,382
901,381
901,380
901,379
901,378
901,377
901,376
901,375
901,374
901,373
901,372
901,371
901,370
901,369
901,368
901,367
901,366
901,365
901,364
901,363
901,362
901,361
901,360
901,359
901,358
901,357
901,356
901,355
901,354
901,353
901,352
901,351
901,350
901,349
901,348
901,347
901,346
901,345
901,344
901,343
901,342
901,341
901,340
901,339
901,338
901,337
901,336
901,335
901,334
901,333
901,332
901,331
901,330
901,329
901,328
901,327
901,326
901,325
901,324
901,323
901,322
901,321
901,320
901,319
901,318
901,317
901,316
901,315
901,314
901,313
901,312
901,311
901,310
901,309
901,308
901,307
901,306
901,305
901,304
901,303
901,302
901,301
901,300
901,299
901,298
901,297
901,296
901,295
901,294
901,293
901,292
901,291
901,290
901,289
901,288
901,287
901,286
901,285
901,284
901,283
901,282
901,281
901,280
901,279
901,278
901,277
901,276
901,275
901,274
901,273
901,272
901,271
901,270
901,269
901,268
901,267
901,266
901,265
901,264
901,263
901,262
901,261
901,260
901,259
901,258
901,257
901,256
901,255
901,254
901,253
901,252
901,251
901,250
901,249
901,248
901,247
901,246
901,245
901,244
901,243
901,242
901,241
901,240
901,239
901,238
901,237
901,236
901,235
901,234
901,233
901,232
901,231
901,230
901,229
901,228
901,227
901,226
901,225
901,224
901,223
901,222
901,221
901,220
901,219
901,218
901,217
901,216
901,215
901,214
901,213
901,212
901,211
901,210
901,209
901,208
901,207
901,206
901,205
901,204
901,203
901,202
901,201
901,200
901,199
901,198
901,197
901,196
901,195
901,194
901,193
901,192
901,191
901,190
901,189
901,188
901,187
901,186
901,185
901,184
901,183
901,182
901,181
901,180
901,179
901,178
901,177
901,176
901,175
901,174
901,173
901,172
901,171
901,170
901,169
901,168
901,167
901,166
901,165
901,164
901,163
901,162
901,161
901,160
901,159
901,158
901,157
901,156
901,155
901,154
901,153
901,152
901,151
901,150
901,149
901,148
901,147
901,146
901,145
901,144
901,143
901,142
901,141
901,140
901,139
901,138
901,137
901,136
901,135
901,134
901,133
901,132
901,131
901,130
901,129
901,128
901,127
901,126
901,125
901,124
901,123
901,122
901,121
901,120
901,119
901,118
901,117
901,116
901,115
901,114
901,113
901,112
901,111
901,110
901,109
901,108
901,107
901,106
901,105
901,104
901,103
901,102
901,101
901,100
901,99
901,98
901,97
901,96
901,95
901,94
901,93
901,92
901,91
901,90
901,89
901,88
901,87
901,86
901,85
901,84
901,83
901,82
901,81
901,80
901,79
901,78
901,77
901,76
901,75
901,74
901,73
901,72
901,71
901,70
901,69
901,68
901,67
901,66
901,65
901,64
901,63
901,62
901,61
901,60
901,59
901,58
901,57
901,56
901,55
901,54
901,53
901,52
901,51
901,50
901,49
901,48
901,47
901,46
901,45
902,44
902,43
903,43
903,42
904,42
904,41
905,41
906,40
907,40
908,40
909,40
910,40
911,41
912,41
912,42
913,42
913,43
914,43
914,44
915,45
915,46
915,47
915,48
915,49
915,50
915,51
915,52
915,53
915,54
915,55
915,56
915,57
915,58
915,59
915,60
915,61
915,62
915,63
915,64
915,65
915,66
915,67
915,68
915,69
915,70
915,71
915,72
915,73
915,74
915,75
915,76
915,77
915,78
915,79
915,80
915,81
915,82
915,83
915,84
915,85
915,86
915,87
915,88
915,89
915,90
915,91
915,92
915,93
915,94
915,95
915,96
915,97
915,98
915,99
915,100
915,101
915,102
915,103
915,104
915,105
915,106
915,107
915,108
915,109
915,110
915,111
915,112
915,113
915,114
915,115
915,116
915,117
915,118
915,119
915,120
915,121
915,122
915,123
915,124
915,125
915,126
915,127
915,128
915,129
915,130
915,131
915,132
915,133
915,134
915,135
915,136
915,137
915,138
915,139
915,140
915,141
915,142
915,143
915,144
915,145
915,146
915,147
915,148
915,149
915,150
915,151
915,152
915,153
915,154
915,155
915,156
915,157
915,158
915,159
915,160
915,161
915,162
915,163
915,164
915,165
915,166
915,167
915,168
915,169
915,170
915,171
915,172
915,173
915,174
915,175
915,176
915,177
915,178
915,179
915,180
915,181
915,182
915,183
915,184
915,185
915,186
915,187
915,188
915,189
915,190
915,191
915,192
915,193
915,194
915,195
915,196
915,197
915,198
915,199
915,200
915,201
915,202
915,203
915,204
915,205
915,206
915,207
915,208
915,209
915,210
915,211
915,212
915,213
915,214
915,215
915,216
915,217
915,218
915,219
915,220
915,221
915,222
915,223
915,224
915,225
915,226
915,227
915,228
915,229
915,230
915,231
915,232
915,233
915,234
915,235
915,236
915,237
915,238
915,239
915,240
915,241
915,242
915,243
915,244
915,245
915,246
915,247
915,248
915,249
915,250
915,251
915,252
915,253
915,254
915,255
915,256
915,257
915,258
915,259
915,260
915,261
915,262
915,263
915,264
915,265
915,266
915,267
915,268
915,269
915,270
915,271
915,272
915,273
915,274
915,275
915,276
915,277
915,278
915,279
915,280
915,281
915,282
915,283
915,284
915,285
915,286
915,287
915,288
915,289
915,290
915,291
915,292
915,293
915,294
915,295
915,296
915,297
915,298
915,299
915,300
915,301
915,302
915,303
915,304
915,305
915,306
915,307
915,308
915,309
915,310
915,311
915,312
915,313
915,314
915,315
915,316
915,317
915,318
915,319
915,320
915,321
915,322
915,323
915,324
915,325
915,326
915,327
915,328
915,329
915,330
915,331
915,332
915,333
915,334
915,335
915,336
915,337
915,338
915,339
915,340
915,341
915,342
915,343
915,344
915,345
915,346
915,347
915,348
915,349
915,350
915,351
915,352
915,353
915,354
915,355
915,356
915,357
915,358
915,359
915,360
915,361
915,362
915,363
915,364
915,365
915,366
915,367
915,368
915,369
915,370
915,371
915,372
915,373
915,374
915,375
915,376
915,377
915,378
915,379
915,380
915,381
915,382
915,383
915,384
915,385
915,386
915,387
915,388
915,389
915,390
915,391
915,392
915,393
915,394
915,395
915,396
915,397
915,398
915,399
915,400
915,401
915,402
915,403
915,404
915,405
915,406
915,407
915,408
915,409
915,410
915,411
915,412
915,413
915,414
915,415
915,416
915,417
915,418
915,419
915,420
915,421
915,422
915,423
915,424
915,425
915,426
915,427
915,428
915,429
915,430
915,431
915,432
915,433
915,434
915,435
915,436
915,437
915,438
915,439
915,440
915,441
915,442
915,443
915,444
915,445
915,446
915,447
915,448
915,449
915,450
915,451
915,452
915,453
915,454
915,455
915,456
915,457
915,458
915,459
915,460
915,461
915,462
915,463
915,464
915,465
915,466
915,467
915,468
915,469
915,470
915,471
915,472
915,473
915,474
915,475
915,476
915,477
915,478
915,479
915,480
915,481
915,482
915,483
915,484
915,485
915,486
915,487
915,488
915,489
915,490
915,491
915,492
915,493
915,494
915,495
915,496
915,497
915,498
915,499
915,500
915,501
915,502
915,503
915,504
915,505
915,506
915,507
915,508
915,509
915,510
915,511
915,512
915,513
915,514
915,515
915,516
915,517
915,518
915,519
915,520
915,521
915,522
915,523
915,524
915,525
915,526
915,527
915,528
915,529
915,530
915,531
915,532
915,533
915,534
915,535
915,536
915,537
915,538
915,539
915,540
915,541
915,542
915,543
915,544
915,545
915,546
915,547
915,548
915,549
915,550
915,551
915,552
915,553
915,554
915,555
915,556
915,557
915,558
915,559
915,560
915,561
915,562
915,563
915,564
915,565
915,566
915,567
915,568
915,569
915,570
915,571
915,572
915,573
915,574
915,575
915,576
915,577
915,578
915,579
915,580
915,581
915,582
915,583
915,584
915,585
915,586
915,587
915,588
915,589
915,590
915,591
915,592
915,593
915,594
915,595
915,596
915,597
915,598
915,599
915,600
915,601
915,602
915,603
915,604
915,605
915,606
915,607
915,608
915,609
915,610
915,611
915,612
915,613
915,614
915,615
915,616
915,617
915,618
915,619
915,620
915,621
915,622
915,623
915,624
915,625
915,626
915,627
915,628
915,629
915,630
915,631
915,632
915,633
915,634
915,635
915,636
915,637
915,638
915,639
915,640
915,641
915,642
915,643
915,644
915,645
915,646
915,647
915,648
915,649
915,650
915,651
915,652
915,653
915,654
915,655
915,656
915,657
915,658
915,659
915,660
915,661
915,662
915,663
915,664
915,665
915,666
915,667
915,668
915,669
915,670
915,671
915,672
915,673
915,674
915,675
915,676
915,677
915,678
915,679
915,680
915,681
915,682
915,683
915,684
915,685
915,686
915,687
915,688
915,689
915,690
915,691
915,692
915,693
915,694
915,695
915,696
915,697
915,698
915,699
915,700
915,701
915,702
915,703
915,704
915,705
915,706
915,707
915,708
915,709
915,710
915,711
915,712
915,713
915,714
915,715
915,716
915,717
915,718
915,719
915,720
915,721
915,722
915,723
915,724
915,725
915,726
915,727
915,728
915,729
915,730
915,731
915,732
915,733
915,734
915,735
915,736
915,737
915,738
915,739
915,740
915,741
915,742
915,743
915,744
915,745
915,746
915,747
915,748
915,749
915,750
915,751
915,752
915,753
915,754
915,755
915,756
915,757
915,758
915,759
915,760
915,761
915,762
915,763
915,764
915,765
915,766
915,767
915,768
915,769
915,770
915,771
915,772
915,773
915,774
915,775
915,776
915,777
915,778
915,779
915,780
915,781
915,782
915,783
915,784
915,785
915,786
915,787
915,788
915,789
915,790
915,791
915,792
915,793
915,794
915,795
915,796
915,797
915,798
915,799
915,800
915,801
915,802
915,803
915,804
915,805
915,806
915,807
915,808
915,809
915,810
915,811
915,812
915,813
915,814
915,815
915,816
915,817
915,818
915,819
915,820
915,821
915,822
915,823
915,824
915,825
915,826
915,827
915,828
915,829
915,830
915,831
915,832
915,833
915,834
915,835
915,836
915,837
915,838
915,839
915,840
915,841
915,842
915,843
915,844
915,845
915,846
915,847
915,848
915,849
915,850
915,851
915,852
915,853
915,854
915,855
915,856
915,857
915,858
915,859
915,860
915,861
915,862
915,863
915,864
915,865
915,866
915,867
915,868
915,869
915,870
915,871
915,872
915,873
915,874
915,875
915,876
915,877
915,878
915,879
915,880
915,881
915,882
915,883
915,884
915,885
915,886
915,887
915,888
915,889
915,890
915,891
915,892
915,893
915,894
915,895
915,896
915,897
915,898
915,899
915,900
915,901
915,902
915,903
915,904
915,905
915,906
915,907
915,908
915,909
915,910
915,911
915,912
915,913
915,914
915,915
915,916
915,917
915,918
915,919
915,920
915,921
915,922
915,923
915,924
915,925
915,926
915,927
915,928
915,929
915,930
915,931
915,932
915,933
915,934
915,935
915,936
915,937
915,938
915,939
915,940
915,941
915,942
915,943
915,944
915,945
915,946
915,947
915,948
915,949
915,950
915,951
915,952
915,953
915,954
915,955
915,956
915,957
915,958
915,959
915,960
915,961
915,962
915,963
915,964
915,965
915,966
915,967
915,968
915,969
915,970
915,971
915,972
915,973
915,974
915,975
915,976
915,977
915,978
915,979
916,980
916,981
917,981
917,982
918,982
918,983
919,983
920,984
921,984
922,984
923,984
924,984
925,984
926,983
927,983
927,982
928,982
928,981
929,981
929,980
930,979
930,978
930,977
930,976
930,975
930,974
930,973
930,972
930,971
930,970
930,969
930,968
930,967
930,966
930,965
930,964
930,963
930,962
930,961
930,960
930,959
930,958
930,957
930,956
930,955
930,954
930,953
930,952
930,951
930,950
930,949
930,948
930,947
930,946
930,945
930,944
930,943
930,942
930,941
930,940
930,939
930,938
930,937
930,936
930,935
930,934
930,933
930,932
930,931
930,930
930,929
930,928
930,927
930,926
930,925
930,924
930,923
930,922
930,921
930,920
930,919
930,918
930,917
930,916
930,915
930,914
930,913
930,912
930,911
930,910
930,909
930,908
930,907
930,906
930,905
930,904
930,903
930,902
930,901
930,900
930,899
930,898
930,897
930,896
930,895
930,894
930,893
930,892
930,891
930,890
930,889
930,888
930,887
930,886
930,885
930,884
930,883
930,882
930,881
930,880
930,879
930,878
930,877
930,876
930,875
930,874
930,873
930,872
930,871
930,870
930,869
930,868
930,867
930,866
930,865
930,864
930,863
930,862
930,861
930,860
930,859
930,858
930,857
930,856
930,855
930,854
930,853
930,852
930,851
930,850
930,849
930,848
930,847
930,846
930,845
930,844
930,843
930,842
930,841
930,840
930,839
930,838
930,837
930,836
930,835
930,834
930,833
930,832
930,831
930,830
930,829
930,828
930,827
930,826
930,825
930,824
930,823
930,822
930,821
930,820
930,819
930,818
930,817
930,816
930,815
930,814
930,813
930,812
930,811
930,810
930,809
930,808
930,807
930,806
930,805
930,804
930,803
930,802
930,801
930,800
930,799
930,798
930,797
930,796
930,795
930,794
930,793
930,792
930,791
930,790
930,789
930,788
930,787
930,786
930,785
930,784
930,783
930,782
930,781
930,780
930,779
930,778
930,777
930,776
930,775
930,774
930,773
930,772
930,771
930,770
930,769
930,768
930,767
930,766
930,765
930,764
930,763
930,762
930,761
930,760
930,759
930,758
930,757
930,756
930,755
930,754
930,753
930,752
930,751
930,750
930,749
930,748
930,747
930,746
930,745
930,744
930,743
930,742
930,741
930,740
930,739
930,738
930,737
930,736
930,735
930,734
930,733
930,732
930,731
930,730
930,729
930,728
930,727
930,726
930,725
930,724
930,723
930,722
930,721
930,720
930,719
930,718
930,717
930,716
930,715
930,714
930,713
930,712
930,711
930,710
930,709
930,708
930,707
930,706
930,705
930,704
930,703
930,702
930,701
930,700
930,699
930,698
930,697
930,696
930,695
930,694
930,693
930,692
930,691
930,690
930,689
930,688
930,687
930,686
930,685
930,684
930,683
930,682
930,681
930,680
930,679
930,678
930,677
930,676
930,675
930,674
930,673
930,672
930,671
930,670
930,669
930,668
930,667
930,666
930,665
930,664
930,663
930,662
930,661
930,660
930,659
930,658
930,657
930,656
930,655
930,654
930,653
930,652
930,651
930,650
930,649
930,648
930,647
930,646
930,645
930,644
930,643
930,642
930,641
930,640
930,639
930,638
930,637
930,636
930,635
930,634
930,633
930,632
930,631
930,630
930,629
930,628
930,627
930,626
930,625
930,624
930,623
930,622
930,621
930,620
930,619
930,618
930,617
930,616
930,615
930,614
930,613
930,612
930,611
930,610
930,609
930,608
930,607
930,606
930,605
930,604
930,603
930,602
930,601
930,600
930,599
930,598
930,597
930,596
930,595
930,594
930,593
930,592
930,591
930,590
930,589
930,588
930,587
930,586
930,585
930,584
930,583
930,582
930,581
930,580
930,579
930,578
930,577
930,576
930,575
930,574
930,573
930,572
930,571
930,570
930,569
930,568
930,567
930,566
930,565
930,564
930,563
930,562
930,561
930,560
930,559
930,558
930,557
930,556
930,555
930,554
930,553
930,552
930,551
930,550
930,549
930,548
930,547
930,546
930,545
930,544
930,543
930,542
930,541
930,540
930,539
930,538
930,537
930,536
930,535
930,534
930,533
930,532
930,531
930,530
930,529
930,528
930,527
930,526
930,525
930,524
930,523
930,522
930,521
930,520
930,519
930,518
930,517
930,516
930,515
930,514
930,513
930,512
930,511
930,510
930,509
930,508
930,507
930,506
930,505
930,504
930,503
930,502
930,501
930,500
930,499
930,498
930,497
930,496
930,495
930,494
930,493
930,492
930,491
930,490
930,489
930,488
930,487
930,486
930,485
930,484
930,483
930,482
930,481
930,480
930,479
930,478
930,477
930,476
930,475
930,474
930,473
930,472
930,471
930,470
930,469
930,468
930,467
930,466
930,465
930,464
930,463
930,462
930,461
930,460
930,459
930,458
930,457
930,456
930,455
930,454
930,453
930,452
930,451
930,450
930,449
930,448
930,447
930,446
930,445
930,444
930,443
930,442
930,441
930,440
930,439
930,438
930,437
930,436
930,435
930,434
930,433
930,432
930,431
930,430
930,429
930,428
930,427
930,426
930,425
930,424
930,423
930,422
930,421
930,420
930,419
930,418
930,417
930,416
930,415
930,414
930,413
930,412
930,411
930,410
930,409
930,408
930,407
930,406
930,405
930,404
930,403
930,402
930,401
930,400
930,399
930,398
930,397
930,396
930,395
930,394
930,393
930,392
930,391
930,390
930,389
930,388
930,387
930,386
930,385
930,384
930,383
930,382
930,381
930,380
930,379
930,378
930,377
930,376
930,375
930,374
930,373
930,372
930,371
930,370
930,369
930,368
930,367
930,366
930,365
930,364
930,363
930,362
930,361
930,360
930,359
930,358
930,357
930,356
930,355
930,354
930,353
930,352
930,351
930,350
930,349
930,348
930,347
930,346
930,345
930,344
930,343
930,342
930,341
930,340
930,339
930,338
930,337
930,336
930,335
930,334
930,333
930,332
930,331
930,330
930,329
930,328
930,327
930,326
930,325
930,324
930,323
930,322
930,321
930,320
930,319
930,318
930,317
930,316
930,315
930,314
930,313
930,312
930,311
930,310
930,309
930,308
930,307
930,306
930,305
930,304
930,303
930,302
930,301
930,300
930,299
930,298
930,297
930,296
930,295
930,294
930,293
930,292
930,291
930,290
930,289
930,288
930,287
930,286
930,285
930,284
930,283
930,282
930,281
930,280
930,279
930,278
930,277
930,276
930,275
930,274
930,273
930,272
930,271
930,270
930,269
930,268
930,267
930,266
930,265
930,264
930,263
930,262
930,261
930,260
930,259
930,258
930,257
930,256
930,255
930,254
930,253
930,252
930,251
930,250
930,249
930,248
930,247
930,246
930,245
930,244
930,243
930,242
930,241
930,240
930,239
930,238
930,237
930,236
930,235
930,234
930,233
930,232
930,231
930,230
930,229
930,228
930,227
930,226
930,225
930,224
930,223
930,222
930,221
930,220
930,219
930,218
930,217
930,216
930,215
930,214
930,213
930,212
930,211
930,210
930,209
930,208
930,207
930,206
930,205
930,204
930,203
930,202
930,201
930,200
930,199
930,198
930,197
930,196
930,195
930,194
930,193
930,192
930,191
930,190
930,189
930,188
930,187
930,186
930,185
930,184
930,183
930,182
930,181
930,180
930,179
930,178
930,177
930,176
930,175
930,174
930,173
930,172
930,171
930,170
930,169
930,168
930,167
930,166
930,165
930,164
930,163
930,162
930,161
930,160
930,159
930,158
930,157
930,156
930,155
930,154
930,153
930,152
930,151
930,150
930,149
930,148
930,147
930,146
930,145
930,144
930,143
930,142
930,141
930,140
930,139
930,138
930,137
930,136
930,135
930,134
930,133
930,132
930,131
930,130
930,129
930,128
930,127
930,126
930,125
930,124
930,123
930,122
930,121
930,120
930,119
930,118
930,117
930,116
930,115
930,114
930,113
930,112
930,111
930,110
930,109
930,108
930,107
930,106
930,105
930,104
930,103
930,102
930,101
930,100
930,99
930,98
930,97
930,96
930,95
930,94
930,93
930,92
930,91
930,90
930,89
930,88
930,87
930,86
930,85
930,84
930,83
930,82
930,81
930,80
930,79
930,78
930,77
930,76
930,75
930,74
930,73
930,72
930,71
930,70
930,69
930,68
930,67
930,66
930,65
930,64
930,63
930,62
930,61
930,60
930,59
930,58
930,57
930,56
930,55
930,54
930,53
930,52
930,51
930,50
930,49
930,48
930,47
930,46
930,45
931,44
931,43
932,43
932,42
933,42
933,41
934,41
935,40
936,40
937,40
938,40
939,40
940,40
941,41
942,41
942,42
943,42
943,43
944,43
944,44
945,45
945,46
945,47
945,48
945,49
945,50
945,51
945,52
945,53
945,54
945,55
945,56
945,57
945,58
945,59
945,60
945,61
945,62
945,63
945,64
945,65
945,66
945,67
945,68
945,69
945,70
945,71
945,72
945,73
945,74
945,75
945,76
945,77
945,78
945,79
945,80
945,81
945,82
945,83
945,84
945,85
945,86
945,87
945,88
945,89
945,90
945,91
945,92
945,93
945,94
945,95
945,96
945,97
945,98
945,99
945,100
945,101
945,102
945,103
945,104
945,105
945,106
945,107
945,108
945,109
945,110
945,111
945,112
945,113
945,114
945,115
945,116
945,117
945,118
945,119
945,120
945,121
945,122
945,123
945,124
945,125
945,126
945,127
945,128
945,129
945,130
945,131
945,132
945,133
945,134
945,135
945,136
945,137
945,138
945,139
945,140
945,141
945,142
945,143
945,144
945,145
945,146
945,147
945,148
945,149
945,150
945,151
945,152
945,153
945,154
945,155
945,156
945,157
945,158
945,159
945,160
945,161
945,162
945,163
945,164
945,165
945,166
945,167
945,168
945,169
945,170
945,171
945,172
945,173
945,174
945,175
945,176
945,177
945,178
945,179
945,180
945,181
945,182
945,183
945,184
945,185
945,186
945,187
945,188
945,189
945,190
945,191
945,192
945,193
945,194
945,195
945,196
945,197
945,198
945,199
945,200
945,201
945,202
945,203
945,204
945,205
945,206
945,207
945,208
945,209
945,210
945,211
945,212
945,213
945,214
945,215
945,216
945,217
945,218
945,219
945,220
945,221
945,222
945,223
945,224
945,225
945,226
945,227
945,228
945,229
945,230
945,231
945,232
945,233
945,234
945,235
945,236
945,237
945,238
945,239
945,240
945,241
945,242
945,243
945,244
945,245
945,246
945,247
945,248
945,249
945,250
945,251
945,252
945,253
945,254
945,255
945,256
945,257
945,258
945,259
945,260
945,261
945,262
945,263
945,264
945,265
945,266
945,267
945,268
945,269
945,270
945,271
945,272
945,273
945,274
945,275
945,276
945,277
945,278
945,279
945,280
945,281
945,282
945,283
945,284
945,285
945,286
945,287
945,288
945,289
945,290
945,291
945,292
945,293
945,294
945,295
945,296
945,297
945,298
945,299
945,300
945,301
945,302
945,303
945,304
945,305
945,306
945,307
945,308
945,309
945,310
945,311
945,312
945,313
945,314
945,315
945,316
945,317
945,318
945,319
945,320
945,321
945,322
945,323
945,324
945,325
945,326
945,327
945,328
945,329
945,330
945,331
945,332
945,333
945,334
945,335
945,336
945,337
945,338
945,339
945,340
945,341
945,342
945,343
945,344
945,345
945,346
945,347
945,348
945,349
945,350
945,351
945,352
945,353
945,354
945,355
945,356
945,357
945,358
945,359
945,360
945,361
945,362
945,363
945,364
945,365
945,366
945,367
945,368
945,369
945,370
945,371
945,372
945,373
945,374
945,375
945,376
945,377
945,378
945,379
945,380
945,381
945,382
945,383
945,384
945,385
945,386
945,387
945,388
945,389
945,390
945,391
945,392
945,393
945,394
945,395
945,396
945,397
945,398
945,399
945,400
945,401
945,402
945,403
945,404
945,405
945,406
945,407
945,408
945,409
945,410
945,411
945,412
945,413
945,414
945,415
945,416
945,417
945,418
945,419
945,420
945,421
945,422
945,423
945,424
945,425
945,426
945,427
945,428
945,429
945,430
945,431
945,432
945,433
945,434
945,435
945,436
945,437
945,438
945,439
945,440
945,441
945,442
945,443
945,444
945,445
945,446
945,447
945,448
945,449
945,450
945,451
945,452
945,453
945,454
945,455
945,456
945,457
945,458
945,459
945,460
945,461
945,462
945,463
945,464
945,465
945,466
945,467
945,468
945,469
945,470
945,471
945,472
945,473
945,474
945,475
945,476
945,477
945,478
945,479
945,480
945,481
945,482
945,483
945,484
945,485
945,486
945,487
945,488
945,489
945,490
945,491
945,492
945,493
945,494
945,495
945,496
945,497
945,498
945,499
945,500
945,501
945,502
945,503
945,504
945,505
945,506
945,507
945,508
945,509
945,510
945,511
945,512
945,513
945,514
945,515
945,516
945,517
945,518
945,519
945,520
945,521
945,522
945,523
945,524
945,525
945,526
945,527
945,528
945,529
945,530
945,531
945,532
945,533
945,534
945,535
945,536
945,537
945,538
945,539
945,540
945,541
945,542
945,543
945,544
945,545
945,546
945,547
945,548
945,549
945,550
945,551
945,552
945,553
945,554
945,555
945,556
945,557
945,558
945,559
945,560
945,561
945,562
945,563
945,564
945,565
945,566
945,567
945,568
945,569
945,570
945,571
945,572
945,573
945,574
945,575
945,576
945,577
945,578
945,579
945,580
945,581
945,582
945,583
945,584
945,585
945,586
945,587
945,588
945,589
945,590
945,591
945,592
945,593
945,594
945,595
945,596
945,597
945,598
945,599
945,600
945,601
945,602
945,603
945,604
945,605
945,606
945,607
945,608
945,609
945,610
945,611
945,612
945,613
945,614
945,615
945,616
945,617
945,618
945,619
945,620
945,621
945,622
945,623
945,624
945,625
945,626
945,627
945,628
945,629
945,630
945,631
945,632
945,633
945,634
945,635
945,636
945,637
945,638
945,639
945,640
945,641
945,642
945,643
945,644
945,645
945,646
945,647
945,648
945,649
945,650
945,651
945,652
945,653
945,654
945,655
945,656
945,657
945,658
945,659
945,660
945,661
945,662
945,663
945,664
945,665
945,666
945,667
945,668
945,669
945,670
945,671
945,672
945,673
945,674
945,675
945,676
945,677
945,678
945,679
945,680
945,681
945,682
945,683
945,684
945,685
945,686
945,687
945,688
945,689
945,690
945,691
945,692
945,693
945,694
945,695
945,696
945,697
945,698
945,699
945,700
945,701
945,702
945,703
945,704
945,705
945,706
945,707
945,708
945,709
945,710
945,711
945,712
945,713
945,714
945,715
945,716
945,717
945,718
945,719
945,720
945,721
945,722
945,723
945,724
945,725
945,726
945,727
945,728
945,729
945,730
945,731
945,732
945,733
945,734
945,735
945,736
945,737
945,738
945,739
945,740
945,741
945,742
945,743
945,744
945,745
945,746
945,747
945,748
945,749
945,750
945,751
945,752
945,753
945,754
945,755
945,756
945,757
945,758
945,759
945,760
945,761
945,762
945,763
945,764
945,765
945,766
945,767
945,768
945,769
945,770
945,771
945,772
945,773
945,774
945,775
945,776
945,777
945,778
945,779
945,780
945,781
945,782
945,783
945,784
945,785
945,786
945,787
945,788
945,789
945,790
945,791
945,792
945,793
945,794
945,795
945,796
945,797
945,798
945,799
945,800
945,801
945,802
945,803
945,804
945,805
945,806
945,807
945,808
945,809
945,810
945,811
945,812
945,813
945,814
945,815
945,816
945,817
945,818
945,819
945,820
945,821
945,822
945,823
945,824
945,825
945,826
945,827
945,828
945,829
945,830
945,831
945,832
945,833
945,834
945,835
945,836
945,837
945,838
945,839
945,840
945,841
945,842
945,843
945,844
945,845
945,846
945,847
945,848
945,849
945,850
945,851
945,852
945,853
945,854
945,855
945,856
945,857
945,858
945,859
945,860
945,861
945,862
945,863
945,864
945,865
945,866
945,867
945,868
945,869
945,870
945,871
945,872
945,873
945,874
945,875
945,876
945,877
945,878
945,879
945,880
945,881
945,882
945,883
945,884
945,885
945,886
945,887
945,888
945,889
945,890
945,891
945,892
945,893
945,894
945,895
945,896
945,897
945,898
945,899
945,900
945,901
945,902
945,903
945,904
945,905
945,906
945,907
945,908
945,909
945,910
945,911
945,912
945,913
945,914
945,915
945,916
945,917
945,918
945,919
945,920
945,921
945,922
945,923
945,924
945,925
945,926
945,927
945,928
945,929
945,930
945,931
945,932
945,933
945,934
945,935
945,936
945,937
945,938
945,939
945,940
945,941
945,942
945,943
945,944
945,945
945,946
945,947
945,948
945,949
945,950
945,951
945,952
945,953
945,954
945,955
945,956
945,957
945,958
945,959
945,960
945,961
945,962
945,963
945,964
945,965
945,966
945,967
945,968
945,969
945,970
945,971
945,972
945,973
945,974
945,975
945,976
945,977
945,978
945,979
946,980
946,981
947,981
947,982
948,982
948,983
949,983
950,984
951,984
952,984
953,984
954,984
955,983
956,983
956,982
957,982
957,981
958,981
958,980
959,979
959,978
959,977
959,976
959,975
959,974
959,973
959,972
959,971
959,970
959,969
959,968
959,967
959,966
959,965
959,964
959,963
959,962
959,961
959,960
959,959
959,958
959,957
959,956
959,955
959,954
959,953
959,952
959,951
959,950
959,949
959,948
959,947
959,946
959,945
959,944
959,943
959,942
959,941
959,940
959,939
959,938
959,937
959,936
959,935
959,934
959,933
959,932
959,931
959,930
959,929
959,928
959,927
959,926
959,925
959,924
959,923
959,922
959,921
959,920
959,919
959,918
959,917
959,916
959,915
959,914
959,913
959,912
959,911
959,910
959,909
959,908
959,907
959,906
959,905
959,904
959,903
959,902
959,901
959,900
959,899
959,898
959,897
959,896
959,895
959,894
959,893
959,892
959,891
959,890
959,889
959,888
959,887
959,886
959,885
959,884
959,883
959,882
959,881
959,880
959,879
959,878
959,877
959,876
959,875
959,874
959,873
959,872
959,871
959,870
959,869
959,868
959,867
959,866
959,865
959,864
959,863
959,862
959,861
959,860
959,859
959,858
959,857
959,856
959,855
959,854
959,853
959,852
959,851
959,850
959,849
959,848
959,847
959,846
959,845
959,844
959,843
959,842
959,841
959,840
959,839
959,838
959,837
959,836
959,835
959,834
959,833
959,832
959,831
959,830
959,829
959,828
959,827
959,826
959,825
959,824
959,823
959,822
959,821
959,820
959,819
959,818
959,817
959,816
959,815
959,814
959,813
959,812
959,811
959,810
959,809
959,808
959,807
959,806
959,805
959,804
959,803
959,802
959,801
959,800
959,799
959,798
959,797
959,796
959,795
959,794
959,793
959,792
959,791
959,790
959,789
959,788
959,787
959,786
959,785
959,784
959,783
959,782
959,781
959,780
959,779
959,778
959,777
959,776
959,775
959,774
959,773
959,772
959,771
959,770
959,769
959,768
959,767
959,766
959,765
959,764
959,763
959,762
959,761
959,760
959,759
959,758
959,757
959,756
959,755
959,754
959,753
959,752
959,751
959,750
959,749
959,748
959,747
959,746
959,745
959,744
959,743
959,742
959,741
959,740
959,739
959,738
959,737
959,736
959,735
959,734
959,733
959,732
959,731
959,730
959,729
959,728
959,727
959,726
959,725
959,724
959,723
959,722
959,721
959,720
959,719
959,718
959,717
959,716
959,715
959,714
959,713
959,712
959,711
959,710
959,709
959,708
959,707
959,706
959,705
959,704
959,703
959,702
959,701
959,700
959,699
959,698
959,697
959,696
959,695
959,694
959,693
959,692
959,691
959,690
959,689
959,688
959,687
959,686
959,685
959,684
959,683
959,682
959,681
959,680
959,679
959,678
959,677
959,676
959,675
959,674
959,673
959,672
959,671
959,670
959,669
959,668
959,667
959,666
959,665
959,664
959,663
959,662
959,661
959,660
959,659
959,658
959,657
959,656
959,655
959,654
959,653
959,652
959,651
959,650
959,649
959,648
959,647
959,646
959,645
959,644
959,643
959,642
959,641
959,640
959,639
959,638
959,637
959,636
959,635
959,634
959,633
959,632
959,631
959,630
959,629
959,628
959,627
959,626
959,625
959,624
959,623
959,622
959,621
959,620
959,619
959,618
959,617
959,616
959,615
959,614
959,613
959,612
959,611
959,610
959,609
959,608
959,607
959,606
959,605
959,604
959,603
959,602
959,601
959,600
959,599
959,598
959,597
959,596
959,595
959,594
959,593
959,592
959,591
959,590
959,589
959,588
959,587
959,586
959,585
959,584
959,583
959,582
959,581
959,580
959,579
959,578
959,577
959,576
959,575
959,574
959,573
959,572
959,571
959,570
959,569
959,568
959,567
959,566
959,565
959,564
959,563
959,562
959,561
959,560
959,559
959,558
959,557
959,556
959,555
959,554
959,553
959,552
959,551
959,550
959,549
959,548
959,547
959,546
959,545
959,544
959,543
959,542
959,541
959,540
959,539
959,538
959,537
959,536
959,535
959,534
959,533
959,532
959,531
959,530
959,529
959,528
959,527
959,526
959,525
959,524
959,523
959,522
959,521
959,520
959,519
959,518
959,517
959,516
959,515
959,514
959,513
959,512
959,511
959,510
959,509
959,508
959,507
959,506
959,505
959,504
959,503
959,502
959,501
959,500
959,499
959,498
959,497
959,496
959,495
959,494
959,493
959,492
959,491
959,490
959,489
959,488
959,487
959,486
959,485
959,484
959,483
959,482
959,481
959,480
959,479
959,478
959,477
959,476
959,475
959,474
959,473
959,472
959,471
959,470
959,469
959,468
959,467
959,466
959,465
959,464
959,463
959,462
959,461
959,460
959,459
959,458
959,457
959,456
959,455
959,454
959,453
959,452
959,451
959,450
959,449
959,448
959,447
959,446
959,445
959,444
959,443
959,442
959,441
959,440
959,439
959,438
959,437
959,436
959,435
959,434
959,433
959,432
959,431
959,430
959,429
959,428
959,427
959,426
959,425
959,424
959,423
959,422
959,421
959,420
959,419
959,418
959,417
959,416
959,415
959,414
959,413
959,412
959,411
959,410
959,409
959,408
959,407
959,406
959,405
959,404
959,403
959,402
959,401
959,400
959,399
959,398
959,397
959,396
959,395
959,394
959,393
959,392
959,391
959,390
959,389
959,388
959,387
959,386
959,385
959,384
959,383
959,382
959,381
959,380
959,379
959,378
959,377
959,376
959,375
959,374
959,373
959,372
959,371
959,370
959,369
959,368
959,367
959,366
959,365
959,364
959,363
959,362
959,361
959,360
959,359
959,358
959,357
959,356
959,355
959,354
959,353
959,352
959,351
959,350
959,349
959,348
959,347
959,346
959,345
959,344
959,343
959,342
959,341
959,340
959,339
959,338
959,337
959,336
959,335
959,334
959,333
959,332
959,331
959,330
959,329
959,328
959,327
959,326
959,325
959,324
959,323
959,322
959,321
959,320
959,319
959,318
959,317
959,316
959,315
959,314
959,313
959,312
959,311
959,310
959,309
959,308
959,307
959,306
959,305
959,304
959,303
959,302
959,301
959,300
959,299
959,298
959,297
959,296
959,295
959,294
959,293
959,292
959,291
959,290
959,289
959,288
959,287
959,286
959,285
959,284
959,283
959,282
959,281
959,280
959,279
959,278
959,277
959,276
959,275
959,274
959,273
959,272
959,271
959,270
959,269
959,268
959,267
959,266
959,265
959,264
959,263
959,262
959,261
959,260
959,259
959,258
959,257
959,256
959,255
959,254
959,253
959,252
959,251
959,250
959,249
959,248
959,247
959,246
959,245
959,244
959,243
959,242
959,241
959,240
959,239
959,238
959,237
959,236
959,235
959,234
959,233
959,232
959,231
959,230
959,229
959,228
959,227
959,226
959,225
959,224
959,223
959,222
959,221
959,220
959,219
959,218
959,217
959,216
959,215
959,214
959,213
959,212
959,211
959,210
959,209
959,208
959,207
959,206
959,205
959,204
959,203
959,202
959,201
959,200
959,199
959,198
959,197
959,196
959,195
959,194
959,193
959,192
959,191
959,190
959,189
959,188
959,187
959,186
959,185
959,184
959,183
959,182
959,181
959,180
959,179
959,178
959,177
959,176
959,175
959,174
959,173
959,172
959,171
959,170
959,169
959,168
959,167
959,166
959,165
959,164
959,163
959,162
959,161
959,160
959,159
959,158
959,157
959,156
959,155
959,154
959,153
959,152
959,151
959,150
959,149
959,148
959,147
959,146
959,145
959,144
959,143
959,142
959,141
959,140
959,139
959,138
959,137
959,136
959,135
959,134
959,133
959,132
959,131
959,130
959,129
959,128
959,127
959,126
959,125
959,124
959,123
959,122
959,121
959,120
959,119
959,118
959,117
959,116
959,115
959,114
959,113
959,112
959,111
959,110
959,109
959,108
959,107
959,106
959,105
959,104
959,103
959,102
959,101
959,100
959,99
959,98
959,97
959,96
959,95
959,94
959,93
959,92
959,91
959,90
959,89
959,88
959,87
959,86
959,85
959,84
959,83
959,82
959,81
959,80
959,79
959,78
959,77
959,76
959,75
959,74
959,73
959,72
959,71
959,70
959,69
959,68
959,67
959,66
959,65
959,64
959,63
959,62
959,61
959,60
959,59
959,58
959,57
959,56
959,55
959,54
959,53
959,52
959,51
959,50
959,49
959,48
959,47
959,46
959,45
960,44
960,43
961,43
961,42
962,42
962,41
963,41
964,40
965,40
966,40
967,40
968,40
969,40
970,41
971,41
971,42
972,42
972,43
973,43
973,44
974,45
974,46
974,47
974,48
974,49
974,50
974,51
974,52
974,53
974,54
974,55
974,56
974,57
974,58
974,59
974,60
974,61
974,62
974,63
974,64
974,65
974,66
974,67
974,68
974,69
974,70
974,71
974,72
974,73
974,74
974,75
974,76
974,77
974,78
974,79
974,80
974,81
974,82
974,83
974,84
974,85
974,86
974,87
974,88
974,89
974,90
974,91
974,92
974,93
974,94
974,95
974,96
974,97
974,98
974,99
974,100
974,101
974,102
974,103
974,104
974,105
974,106
974,107
974,108
974,109
974,110
974,111
974,112
974,113
974,114
974,115
974,116
974,117
974,118
974,119
974,120
974,121
974,122
974,123
974,124
974,125
974,126
974,127
974,128
974,129
974,130
974,131
974,132
974,133
974,134
974,135
974,136
974,137
974,138
974,139
974,140
974,141
974,142
974,143
974,144
974,145
974,146
974,147
974,148
974,149
974,150
974,151
974,152
974,153
974,154
974,155
974,156
974,157
974,158
974,159
974,160
974,161
974,162
974,163
974,164
974,165
974,166
974,167
974,168
974,169
974,170
974,171
974,172
974,173
974,174
974,175
974,176
974,177
974,178
974,179
974,180
974,181
974,182
974,183
974,184
974,185
974,186
974,187
974,188
974,189
974,190
974,191
974,192
974,193
974,194
974,195
974,196
974,197
974,198
974,199
974,200
974,201
974,202
974,203
974,204
974,205
974,206
974,207
974,208
974,209
974,210
974,211
974,212
974,213
974,214
974,215
974,216
974,217
974,218
974,219
974,220
974,221
974,222
974,223
974,224
974,225
974,226
974,227
974,228
974,229
974,230
974,231
974,232
974,233
974,234
974,235
974,236
974,237
974,238
974,239
974,240
974,241
974,242
974,243
974,244
974,245
974,246
974,247
974,248
974,249
974,250
974,251
974,252
974,253
974,254
974,255
974,256
974,257
974,258
974,259
974,260
974,261
974,262
974,263
974,264
974,265
974,266
974,267
974,268
974,269
974,270
974,271
974,272
974,273
974,274
974,275
974,276
974,277
974,278
974,279
974,280
974,281
974,282
974,283
974,284
974,285
974,286
974,287
974,288
974,289
974,290
974,291
974,292
974,293
974,294
974,295
974,296
974,297
974,298
974,299
974,300
974,301
974,302
974,303
974,304
974,305
974,306
974,307
974,308
974,309
974,310
974,311
974,312
974,313
974,314
974,315
974,316
974,317
974,318
974,319
974,320
974,321
974,322
974,323
974,324
974,325
974,326
974,327
974,328
974,329
974,330
974,331
974,332
974,333
974,334
974,335
974,336
974,337
974,338
974,339
974,340
974,341
974,342
974,343
974,344
974,345
974,346
974,347
974,348
974,349
974,350
974,351
974,352
974,353
974,354
974,355
974,356
974,357
974,358
974,359
974,360
974,361
974,362
974,363
974,364
974,365
974,366
974,367
974,368
974,369
974,370
974,371
974,372
974,373
974,374
974,375
974,376
974,377
974,378
974,379
974,380
974,381
974,382
974,383
974,384
974,385
974,386
974,387
974,388
974,389
974,390
974,391
974,392
974,393
974,394
974,395
974,396
974,397
974,398
974,399
974,400
974,401
974,402
974,403
974,404
974,405
974,406
974,407
974,408
974,409
974,410
974,411
974,412
974,413
974,414
974,415
974,416
974,417
974,418
974,419
974,420
974,421
974,422
974,423
974,424
974,425
974,426
974,427
974,428
974,429
974,430
974,431
974,432
974,433
974,434
974,435
974,436
974,437
974,438
974,439
974,440
974,441
974,442
974,443
974,444
974,445
974,446
974,447
974,448
974,449
974,450
974,451
974,452
974,453
974,454
974,455
974,456
974,457
974,458
974,459
974,460
974,461
974,462
974,463
974,464
974,465
974,466
974,467
974,468
974,469
974,470
974,471
974,472
974,473
974,474
974,475
974,476
974,477
974,478
974,479
974,480
974,481
974,482
974,483
974,484
974,485
974,486
974,487
974,488
974,489
974,490
974,491
974,492
974,493
974,494
974,495
974,496
974,497
974,498
974,499
974,500
974,501
974,502
974,503
974,504
974,505
974,506
974,507
974,508
974,509
974,510
974,511
974,512
974,513
974,514
974,515
974,516
974,517
974,518
974,519
974,520
974,521
974,522
974,523
974,524
974,525
974,526
974,527
974,528
974,529
974,530
974,531
974,532
974,533
974,534
974,535
974,536
974,537
974,538
974,539
974,540
974,541
974,542
974,543
974,544
974,545
974,546
974,547
974,548
974,549
974,550
974,551
974,552
974,553
974,554
974,555
974,556
974,557
974,558
974,559
974,560
974,561
974,562
974,563
974,564
974,565
974,566
974,567
974,568
974,569
974,570
974,571
974,572
974,573
974,574
974,575
974,576
974,577
974,578
974,579
974,580
974,581
974,582
974,583
974,584
974,585
974,586
974,587
974,588
974,589
974,590
974,591
974,592
974,593
974,594
974,595
974,596
974,597
974,598
974,599
974,600
974,601
974,602
974,603
974,604
974,605
974,606
974,607
974,608
974,609
974,610
974,611
974,612
974,613
974,614
974,615
974,616
974,617
974,618
974,619
974,620
974,621
974,622
974,623
974,624
974,625
974,626
974,627
974,628
974,629
974,630
974,631
974,632
974,633
974,634
974,635
974,636
974,637
974,638
974,639
974,640
974,641
974,642
974,643
974,644
974,645
974,646
974,647
974,648
974,649
974,650
974,651
974,652
974,653
974,654
974,655
974,656
974,657
974,658
974,659
974,660
974,661
974,662
974,663
974,664
974,665
974,666
974,667
974,668
974,669
974,670
974,671
974,672
974,673
974,674
974,675
974,676
974,677
974,678
974,679
974,680
974,681
974,682
974,683
974,684
974,685
974,686
974,687
974,688
974,689
974,690
974,691
974,692
974,693
974,694
974,695
974,696
974,697
974,698
974,699
974,700
974,701
974,702
974,703
974,704
974,705
974,706
974,707
974,708
974,709
974,710
974,711
974,712
974,713
974,714
974,715
974,716
974,717
974,718
974,719
974,720
974,721
974,722
974,723
974,724
974,725
974,726
974,727
974,728
974,729
974,730
974,731
974,732
974,733
974,734
974,735
974,736
974,737
974,738
974,739
974,740
974,741
974,742
974,743
974,744
974,745
974,746
974,747
974,748
974,749
974,750
974,751
974,752
974,753
974,754
974,755
974,756
974,757
974,758
974,759
974,760
974,761
974,762
974,763
974,764
974,765
974,766
974,767
974,768
974,769
974,770
974,771
974,772
974,773
974,774
974,775
974,776
974,777
974,778
974,779
974,780
974,781
974,782
974,783
974,784
974,785
974,786
974,787
974,788
974,789
974,790
974,791
974,792
974,793
974,794
974,795
974,796
974,797
974,798
974,799
974,800
974,801
974,802
974,803
974,804
974,805
974,806
974,807
974,808
974,809
974,810
974,811
974,812
974,813
974,814
974,815
974,816
974,817
974,818
974,819
974,820
974,821
974,822
974,823
974,824
974,825
974,826
974,827
974,828
974,829
974,830
974,831
974,832
974,833
974,834
974,835
974,836
974,837
974,838
974,839
974,840
974,841
974,842
974,843
974,844
974,845
974,846
974,847
974,848
974,849
974,850
974,851
974,852
974,853
974,854
974,855
974,856
974,857
974,858
974,859
974,860
974,861
974,862
974,863
974,864
974,865
974,866
974,867
974,868
974,869
974,870
974,871
974,872
974,873
974,874
974,875
974,876
974,877
974,878
974,879
974,880
974,881
974,882
974,883
974,884
974,885
974,886
974,887
974,888
974,889
974,890
974,891
974,892
974,893
974,894
974,895
974,896
974,897
974,898
974,899
974,900
974,901
974,902
974,903
974,904
974,905
974,906
974,907
974,908
974,909
974,910
974,911
974,912
974,913
974,914
974,915
974,916
974,917
974,918
974,919
974,920
974,921
974,922
974,923
974,924
974,925
974,926
974,927
974,928
974,929
974,930
974,931
974,932
974,933
974,934
974,935
974,936
974,937
974,938
974,939
974,940
974,941
974,942
974,943
974,944
974,945
974,946
974,947
974,948
974,949
974,950
974,951
974,952
974,953
974,954
974,955
974,956
974,957
974,958
974,959
974,960
974,961
974,962
974,963
974,964
974,965
974,966
974,967
974,968
974,969
974,970
974,971
974,972
974,973
974,974
974,975
974,976
974,977
974,978
974,979
974,980
974,981
974,982
974,983
974,984
974,985
974,986
974,987
974,988
974,989
974,990
974,991
974,992
974,993
974,994
974,995
974,996
974,997
974,998
973,998
972,998
971,998
970,998
969,998
968,998
967,998
966,998
965,998
964,998
963,998
962,998
961,998
960,998
959,998
958,998
957,998
956,998
955,998
954,998
953,998
952,998
951,998
950,998
949,998
948,998
947,998
946,998
945,998
944,998
943,998
942,998
941,998
940,998
939,998
938,998
937,998
936,998
935,998
934,998
933,998
932,998
931,998
930,998
929,998
928,998
927,998
926,998
925,998
924,998
923,998
922,998
921,998
920,998
919,998
918,998
917,998
916,998
915,998
914,998
913,998
912,998
911,998
910,998
909,998
908,998
907,998
906,998
905,998
904,998
903,998
902,998
901,998
900,998
899,998
898,998
897,998
896,998
895,998
894,998
893,998
892,998
891,998
890,998
889,998
888,998
887,998
886,998
885,998
884,998
883,998
882,998
881,998
880,998
879,998
878,998
877,998
876,998
875,998
874,998
873,998
872,998
871,998
870,998
869,998
868,998
867,998
866,998
865,998
864,998
863,998
862,998
861,998
860,998
859,998
858,998
857,998
856,998
855,998
854,998
853,998
852,998
851,998
850,998
849,998
848,998
847,998
846,998
845,998
844,998
843,998
842,998
841,998
840,998
839,998
838,998
837,998
836,998
835,998
834,998
833,998
832,998
831,998
830,998
829,998
828,998
827,998
826,998
825,998
824,998
823,998
822,998
821,998
820,998
819,998
818,998
817,998
816,998
815,998
814,998
813,998
812,998
811,998
810,998
809,998
808,998
807,998
806,998
805,998
804,998
803,998
802,998
801,998
800,998
799,998
798,998
797,998
796,998
795,998
794,998
793,998
792,998
791,998
790,998
789,998
788,998
787,998
786,998
785,998
784,998
783,998
782,998
781,998
780,998
779,998
778,998
777,998
776,998
775,998
774,998
773,998
772,998
771,998
770,998
769,998
768,998
767,998
766,998
765,998
764,998
763,998
762,998
761,998
760,998
759,998
758,998
757,998
756,998
755,998
754,998
753,998
752,998
751,998
750,998
749,998
748,998
747,998
746,998
745,998
744,998
743,998
742,998
741,998
740,998
739,998
738,998
737,998
736,998
735,998
734,998
733,998
732,998
731,998
730,998
729,998
728,998
727,998
726,998
725,998
724,998
723,998
722,998
721,998
720,998
719,998
718,998
717,998
716,998
715,998
714,998
713,998
712,998
711,998
710,998
709,998
708,998
707,998
706,998
705,998
704,998
703,998
702,998
701,998
700,998
699,998
698,998
697,998
696,998
695,998
694,998
693,998
692,998
691,998
690,998
689,998
688,998
687,998
686,998
685,998
684,998
683,998
682,998
681,998
680,998
679,998
678,998
677,998
676,998
675,998
674,998
673,998
672,998
671,998
670,998
669,998
668,998
667,998
666,998
665,998
664,998
663,998
662,998
661,998
660,998
659,998
658,998
657,998
656,998
655,998
654,998
653,998
652,998
651,998
650,998
649,998
648,998
647,998
646,998
645,998
644,998
643,998
642,998
641,998
640,998
639,998
638,998
637,998
636,998
635,998
634,998
633,998
632,998
631,998
630,998
629,998
628,998
627,998
626,998
625,998
624,998
623,998
622,998
621,998
620,998
619,998
618,998
617,998
616,998
615,998
614,998
613,998
612,998
611,998
610,998
609,998
608,998
607,998
606,998
605,998
604,998
603,998
602,998
601,998
600,998
599,998
598,998
597,998
596,998
595,998
594,998
593,998
592,998
591,998
590,998
589,998
588,998
587,998
586,998
585,998
584,998
583,998
582,998
581,998
580,998
579,998
578,998
577,998
576,998
575,998
574,998
573,998
572,998
571,998
570,998
569,998
568,998
567,998
566,998
565,998
564,998
563,998
562,998
561,998
560,998
559,998
558,998
557,998
556,998
555,998
554,998
553,998
552,998
551,998
550,998
549,998
548,998
547,998
546,998
545,998
544,998
543,998
542,998
541,998
540,998
539,998
538,998
537,998
536,998
535,998
534,998
533,998
532,998
531,998
530,998
529,998
528,998
527,998
526,998
525,998
524,998
523,998
522,998
521,998
520,998
519,998
518,998
517,998
516,998
515,998
514,998
513,998
512,998
511,998
510,998
509,998
508,998
507,998
506,998
505,998
504,998
503,998
502,998
501,998
500,998
499,998
498,998
497,998
496,998
495,998
494,998
493,998
492,998
491,998
490,998
489,998
488,998
487,998
486,998
485,998
484,998
483,998
482,998
481,998
480,998
479,998
478,998
477,998
476,998
475,998
474,998
473,998
472,998
471,998
470,998
469,998
468,998
467,998
466,998
465,998
464,998
463,998
462,998
461,998
460,998
459,998
458,998
457,998
456,998
455,998
454,998
453,998
452,998
451,998
450,998
449,998
448,998
447,998
446,998
445,998
444,998
443,998
442,998
441,998
440,998
439,998
438,998
437,998
436,998
435,998
434,998
433,998
432,998
431,998
430,998
429,998
428,998
427,998
426,998
425,998
424,998
423,998
422,998
421,998
420,998
419,998
418,998
417,998
416,998
415,998
414,998
413,998
412,998
411,998
410,998
409,998
408,998
407,998
406,998
405,998
404,998
403,998
402,998
401,998
400,998
399,998
398,998
397,998
396,998
395,998
394,998
393,998
392,998
391,998
390,998
389,998
388,998
387,998
386,998
385,998
384,998
383,998
382,998
381,998
380,998
379,998
378,998
377,998
376,998
375,998
374,998
373,998
372,998
371,998
370,998
369,998
368,998
367,998
366,998
365,998
364,998
363,998
362,998
361,998
360,998
359,998
358,998
357,998
356,998
355,998
354,998
353,998
352,998
351,998
350,998
349,998
348,998
347,998
346,998
345,998
344,998
343,998
342,998
341,998
340,998
339,998
338,998
337,998
336,998
335,998
334,998
333,998
332,998
331,998
330,998
329,998
328,998
327,998
326,998
325,998
324,998
323,998
322,998
321,998
320,998
319,998
318,998
317,998
316,998
315,998
314,998
313,998
312,998
311,998
310,998
309,998
308,998
307,998
306,998
305,998
304,998
303,998
302,998
301,998
300,998
299,998
298,998
297,998
296,998
295,998
294,998
293,998
292,998
291,998
290,998
289,998
288,998
287,998
286,998
285,998
284,998
283,998
282,998
281,998
280,998
279,998
278,998
277,998
276,998
275,998
274,998
273,998
272,998
271,998
270,998
269,998
268,998
267,998
266,998
265,998
264,998
263,998
262,998
261,998
260,998
259,998
258,998
257,998
256,998
255,998
254,998
253,998
252,998
251,998
250,998
249,998
248,998
247,998
246,998
245,998
244,998
243,998
242,998
241,998
240,998
239,998
238,998
237,998
236,998
235,998
234,998
233,998
232,998
231,998
230,998
229,998
228,998
227,998
226,998
225,998
224,998
223,998
222,998
221,998
220,998
219,998
218,998
217,998
216,998
215,998
214,998
213,998
212,998
211,998
210,998
209,998
208,998
207,998
206,998
205,998
204,998
203,998
202,998
201,998
200,998
199,998
198,998
197,998
196,998
195,998
194,998
193,998
192,998
191,998
190,998
189,998
188,998
187,998
186,998
185,998
184,998
183,998
182,998
181,998
180,998
179,998
178,998
177,998
176,998
175,998
174,998
173,998
172,998
171,998
170,998
169,998
168,998
167,998
166,998
165,998
164,998
163,998
162,998
161,998
160,998
159,998
158,998
157,998
156,998
155,998
154,998
153,998
152,998
151,998
150,998
149,998
148,998
147,998
146,998
145,998
144,998
143,998
142,998
141,998
140,998
139,998
138,998
137,998
136,998
135,998
134,998
133,998
132,998
131,998
130,998
129,998
128,998
127,998
126,998
125,998
124,998
123,998
122,998
121,998
120,998
119,998
118,998
117,998
116,998
115,998
114,998
113,998
112,998
111,998
110,998
109,998
108,998
107,998
106,998
105,998
104,998
103,998
102,998
101,998
100,998
99,998
98,998
97,998
96,998
95,998
94,998
93,998
92,998
91,998
90,998
89,998
88,998
87,998
86,998
85,998
84,998
83,998
82,998
81,998
80,998
79,998
78,998
77,998
76,998
75,998
74,998
73,998
72,998
71,998
70,998
69,998
68,998
67,998
66,998
65,998
64,998
63,998
62,998
61,998
60,998
59,998
58,998
57,998
56,998
55,998
54,998
53,998
52,998
51,998
50,998
50,997
50,996
50,995
50,994
50,993
50,992
50,991
50,990
50,989
50,988
50,987
50,986
50,985
50,984
50,983
50,982
50,981
50,980
50,979
50,978
50,977
50,976
50,975
50,974
50,973
50,972
50,971
50,970
50,969
50,968
50,967
50,966
50,965
50,964
50,963
50,962
50,961
50,960
50,959
50,958
50,957
50,956
50,955
50,954
50,953
50,952
50,951
50,950
50,949
50,948
50,947
50,946
50,945
50,944
50,943
50,942
50,941
50,940
50,939
50,938
50,937
50,936
50,935
50,934
50,933
50,932
50,931
50,930
50,929
50,928
50,927
50,926
50,925
50,924
50,923
50,922
50,921
50,920
50,919
50,918
50,917
50,916
50,915
50,914
50,913
50,912
50,911
50,910
50,909
50,908
50,907
50,906
50,905
50,904
50,903
50,902
50,901
50,900
50,899
50,898
50,897
50,896
50,895
50,894
50,893
50,892
50,891
50,890
50,889
50,888
50,887
50,886
50,885
50,884
50,883
50,882
50,881
50,880
50,879
50,878
50,877
50,876
50,875
50,874
50,873
50,872
50,871
50,870
50,869
50,868
50,867
50,866
50,865
50,864
50,863
50,862
50,861
50,860
50,859
50,858
50,857
50,856
50,855
50,854
50,853
50,852
50,851
50,850
50,849
50,848
50,847
50,846
50,845
50,844
50,843
50,842
50,841
50,840
50,839
50,838
50,837
50,836
50,835
50,834
50,833
50,832
50,831
50,830
50,829
50,828
50,827
50,826
50,825
50,824
50,823
50,822
50,821
50,820
50,819
50,818
50,817
50,816
50,815
50,814
50,813
50,812
50,811
50,810
50,809
50,808
50,807
50,806
50,805
50,804
50,803
50,802
50,801
50,800
50,799
50,798
50,797
50,796
50,795
50,794
50,793
50,792
50,791
50,790
50,789
50,788
50,787
50,786
50,785
50,784
50,783
50,782
50,781
50,780
50,779
50,778
50,777
50,776
50,775
50,774
50,773
50,772
50,771
50,770
50,769
50,768
50,767
50,766
50,765
50,764
50,763
50,762
50,761
50,760
50,759
50,758
50,757
50,756
50,755
50,754
50,753
50,752
50,751
50,750
50,749
50,748
50,747
50,746
50,745
50,744
50,743
50,742
50,741
50,740
50,739
50,738
50,737
50,736
50,735
50,734
50,733
50,732
50,731
50,730
50,729
50,728
50,727
50,726
50,725
50,724
50,723
50,722
50,721
50,720
50,719
50,718
50,717
50,716
50,715
50,714
50,713
50,712
50,711
50,710
50,709
50,708
50,707
50,706
50,705
50,704
50,703
50,702
50,701
50,700
50,699
50,698
50,697
50,696
50,695
50,694
50,693
50,692
50,691
50,690
50,689
50,688
50,687
50,686
50,685
50,684
50,683
50,682
50,681
50,680
50,679
50,678
50,677
50,676
50,675
50,674
50,673
50,672
50,671
50,670
50,669
50,668
50,667
50,666
50,665
50,664
50,663
50,662
50,661
50,660
50,659
50,658
50,657
50,656
50,655
50,654
50,653
50,652
50,651
50,650
50,649
50,648
50,647
50,646
50,645
50,644
50,643
50,642
50,641
50,640
50,639
50,638
50,637
50,636
50,635
50,634
50,633
50,632
50,631
50,630
50,629
50,628
50,627
50,626
50,625
50,624
50,623
50,622
50,621
50,620
50,619
50,618
50,617
50,616
50,615
50,614
50,613
50,612
50,611
50,610
50,609
50,608
50,607
50,606
50,605
50,604
50,603
50,602
50,601
50,600
50,599
50,598
50,597
50,596
50,595
50,594
50,593
50,592
50,591
50,590
50,589
50,588
50,587
50,586
50,585
50,584
50,583
50,582
50,581
50,580
50,579
50,578
50,577
50,576
50,575
50,574
50,573
50,572
50,571
50,570
50,569
50,568
50,567
50,566
50,565
50,564
50,563
50,562
50,561
50,560
50,559
50,558
50,557
50,556
50,555
50,554
50,553
50,552
50,551
50,550
50,549
50,548
50,547
50,546
50,545
50,544
50,543
50,542
50,541
50,540
50,539
50,538
50,537
50,536
50,535
50,534
50,533
50,532
50,531
50,530
50,529
50,528
50,527
50,526
50,525
50,524
50,523
50,522
50,521
50,520
50,519
50,518
50,517
50,516
50,515
50,514
50,513
50,512
50,511
50,510
50,509
50,508
50,507
50,506
50,505
50,504
50,503
50,502
50,501
50,500
50,499
50,498
50,497
50,496
50,495
50,494
50,493
50,492
50,491
50,490
50,489
50,488
50,487
50,486
50,485
50,484
50,483
50,482
50,481
50,480
50,479
50,478
50,477
50,476
50,475
50,474
50,473
50,472
50,471
50,470
50,469
50,468
50,467
50,466
50,465
50,464
50,463
50,462
50,461
50,460
50,459
50,458
50,457
50,456
50,455
50,454
50,453
50,452
50,451
50,450
50,449
50,448
50,447
50,446
50,445
50,444
50,443
50,442
50,441
50,440
50,439
50,438
50,437
50,436
50,435
50,434
50,433
50,432
50,431
50,430
50,429
50,428
50,427
50,426
50,425
50,424
50,423
50,422
50,421
50,420
50,419
50,418
50,417
50,416
50,415
50,414
50,413
50,412
50,411
50,410
50,409
50,408
50,407
50,406
50,405
50,404
50,403
50,402
50,401
50,400
50,399
50,398
50,397
50,396
50,395
50,394
50,393
50,392
50,391
50,390
50,389
50,388
50,387
50,386
50,385
50,384
50,383
50,382
50,381
50,380
50,379
50,378
50,377
50,376
50,375
50,374
50,373
50,372
50,371
50,370
50,369
50,368
50,367
50,366
50,365
50,364
50,363
50,362
50,361
50,360
50,359
50,358
50,357
50,356
50,355
50,354
50,353
50,352
50,351
50,350
50,349
50,348
50,347
50,346
50,345
50,344
50,343
50,342
50,341
50,340
50,339
50,338
50,337
50,336
50,335
50,334
50,333
50,332
50,331
50,330
50,329
50,328
50,327
50,326
50,325
50,324
50,323
50,322
50,321
50,320
50,319
50,318
50,317
50,316
50,315
50,314
50,313
50,312
50,311
50,310
50,309
50,308
50,307
50,306
50,305
50,304
50,303
50,302
50,301
50,300
50,299
50,298
50,297
50,296
50,295
50,294
50,293
50,292
50,291
50,290
50,289
50,288
50,287
50,286
50,285
50,284
50,283
50,282
50,281
50,280
50,279
50,278
50,277
50,276
50,275
50,274
50,273
50,272
50,271
50,270
50,269
50,268
50,267
50,266
50,265
50,264
50,263
50,262
50,261
50,260
50,259
50,258
50,257
50,256
50,255
50,254
50,253
50,252
50,251
50,250
50,249
50,248
50,247
50,246
50,245
50,244
50,243
50,242
50,241
50,240
50,239
50,238
50,237
50,236
50,235
50,234
50,233
50,232
50,231
50,230
50,229
50,228
50,227
50,226
50,225
50,224
50,223
50,222
50,221
50,220
50,219
50,218
50,217
50,216
50,215
50,214
50,213
50,212
50,211
50,210
50,209
50,208
50,207
50,206
50,205
50,204
50,203
50,202
50,201
50,200
50,199
50,198
50,197
50,196
50,195
50,194
50,193
50,192
50,191
50,190
50,189
50,188
50,187
50,186
50,185
50,184
50,183
50,182
50,181
50,180
50,179
50,178
50,177
50,176
50,175
50,174
50,173
50,172
50,171
50,170
50,169
50,168
50,167
50,166
50,165
50,164
50,163
50,162
50,161
50,160
50,159
50,158
50,157
50,156
50,155
50,154
50,153
50,152
50,151
50,150
50,149
50,148
50,147
50,146
50,145
50,144
50,143
50,142
50,141
50,140
50,139
50,138
50,137
50,136
50,135
50,134
50,133
50,132
50,131
50,130
50,129
50,128
50,127
50,126
50,125
50,124
50,123
50,122
50,121
50,120
50,119
50,118
50,117
50,116
50,115
50,114
50,113
50,112
50,111
50,110
50,109
50,108
50,107
50,106
50,105
50,104
50,103
50,102
50,101
50,100
50,99
50,98
50,97
50,96
50,95
50,94
50,93
50,92
50,91
50,90
50,89
50,88
50,87
50,86
50,85
50,84
50,83
50,82
50,81
50,80
50,79
50,78
50,77
50,76
50,75
50,74
50,73
50,72
50,71
50,70
50,69
50,68
50,67
50,66
50,65
50,64
50,63
50,62
50,61
50,60
50,59
50,58
50,57
50,56
50,55
50,54
50,53
50,52
50,51
50,50
50,49
50,48
50,47
50,46
50,45
51,44
51,43
52,43
52,42
53,42
53,41
54,41
