0.84552,1.66584
0.842112,1.66656
0.838704,1.6674
0.835296,1.66812
0.831888,1.66896
0.828468,1.66968
0.825048,1.67052
0.821616,1.67124
0.818196,1.67208
0.814764,1.6728
0.811332,1.67364
0.807888,1.67436
0.804456,1.6752
0.801012,1.67592
0.797568,1.67676
0.794112,1.67748
0.790656,1.67832
0.7872,1.67904
0.783744,1.67988
0.780288,1.6806
0.77682,1.68144
0.773352,1.68228
0.769872,1.683
0.766404,1.68384
0.762924,1.68456
0.759444,1.6854
0.755952,1.68624
0.75246,1.68696
0.74898,1.6878
0.745476,1.68852
0.741984,1.68936
0.73848,1.6902
0.734976,1.69092
0.73146,1.69176
0.727956,1.6926
0.72444,1.69332
0.720924,1.69416
0.717396,1.695
0.713868,1.69572
0.71034,1.69656
0.706812,1.6974
0.703284,1.69812
0.699744,1.69896
0.696192,1.6998
0.692652,1.70064
0.6891,1.70136
0.685548,1.7022
0.681996,1.70304
0.678444,1.70376
0.67488,1.7046
0.671316,1.70544
0.66774,1.70628
0.664176,1.707
0.6606,1.70784
0.657012,1.70868
0.653436,1.70952
0.649848,1.71036
0.64626,1.71108
0.64266,1.71192
0.639072,1.71276
0.635472,1.7136
0.631872,1.71444
0.62826,1.71528
0.624648,1.716
0.621036,1.71684
0.617424,1.71768
0.6138,1.71852
0.610176,1.71936
0.606552,1.7202
0.602916,1.72104
0.59928,1.72176
0.595644,1.7226
0.592008,1.72344
0.58836,1.72428
0.584712,1.72512
0.581064,1.72596
0.577404,1.7268
0.573744,1.72764
0.570084,1.72848
0.566424,1.72932
0.562752,1.73016
0.55908,1.731
0.555396,1.73184
0.551724,1.73268
0.54804,1.73352
0.544356,1.73436
0.54066,1.7352
0.536964,1.73604
0.533268,1.73688
0.529572,1.73772
0.525864,1.73856
0.522156,1.7394
0.518436,1.74024
0.514728,1.74108
0.511008,1.74192
0.507288,1.74276
0.503556,1.7436
0.499824,1.74444
0.496092,1.74528
0.49236,1.74612
0.488616,1.74696
0.484872,1.7478
0.481116,1.74864
0.477372,1.74948
0.473616,1.75044
0.469848,1.75128
0.466092,1.75212
0.462324,1.75296
0.458556,1.7538
0.454776,1.75464
0.450996,1.75548
0.447216,1.75644
0.443436,1.75728
0.439644,1.75812
0.435852,1.75896
0.43206,1.7598
0.428256,1.76076
0.424452,1.7616
0.420648,1.76244
0.416832,1.76328
0.413016,1.76412
0.4092,1.76508
0.405372,1.76592
0.401556,1.76676
0.397716,1.7676
0.393888,1.76856
0.390048,1.7694
0.386208,1.77024
0.382368,1.77108
0.378516,1.77204
0.374664,1.77288
0.3708,1.77372
0.366948,1.77468
0.363084,1.77552
0.359208,1.77636
0.355344,1.77732
0.351468,1.77816
0.34758,1.779
0.343704,1.77996
0.339816,1.7808
0.335916,1.78164
0.332028,1.7826
0.328128,1.78344
0.324228,1.7844
0.320316,1.78524
0.316404,1.78608
0.312492,1.78704
0.308568,1.78788
0.304656,1.78884
0.30072,1.78968
0.296796,1.79064
0.29286,1.79148
0.288924,1.79244
0.284976,1.79328
0.281028,1.79412
0.27708,1.79508
0.273132,1.79592
0.269172,1.79688
0.265212,1.79772
0.26124,1.79868
0.25728,1.79952
0.253296,1.80048
0.249324,1.80144
0.24534,1.80228
0.241356,1.80324
0.237372,1.80408
0.233376,1.80504
0.22938,1.80588
0.225372,1.80684
0.221364,1.8078
0.217356,1.80864
0.213348,1.8096
0.209328,1.81044
0.205308,1.8114
0.201276,1.81236
0.197244,1.8132
0.193212,1.81416
0.18918,1.81512
0.185136,1.81596
0.18108,1.81692
0.177036,1.81788
0.17298,1.81872
0.168924,1.81968
0.164856,1.82064
0.160788,1.82148
0.15672,1.82244
0.15264,1.8234
0.14856,1.82424
0.14448,1.8252
0.140388,1.82616
0.136296,1.82712
0.132204,1.82796
0.1281,1.82892
0.123996,1.82988
0.1198908,1.83084
0.1157784,1.8318
0.1116612,1.83264
0.1075404,1.8336
0.1034148,1.83456
0.0992844,1.83552
0.0951504,1.83648
0.0910116,1.83744
0.0868692,1.83828
0.0827232,1.83924
0.0785724,1.8402
0.0744168,1.84116
0.0702576,1.84212
0.0660936,1.84308
0.0619248,1.84404
0.0577524,1.845
0.0535764,1.84584
0.0493956,1.8468
0.04521,1.84776
0.0410208,1.84872
0.0368268,1.84968
0.032628,1.85064
0.0284256,1.8516
0.0242184,1.85256
0.0200076,1.85352
0.015792,1.85448
0.0115716,1.85544
0.00734724,1.8564
0.00311856,1.85736
-0.001114608,1.85832
-0.00535212,1.85928
-0.009594,1.86024
-0.0138408,1.8612
-0.0180912,1.86216
-0.0223464,1.86312
-0.0266064,1.86408
-0.03087,1.86504
-0.0351384,1.86612
-0.0394116,1.86708
-0.0436884,1.86804
-0.04797,1.869
-0.0522564,1.86996
-0.0565476,1.87092
-0.0608424,1.87188
-0.065142,1.87284
-0.0694464,1.87392
-0.0737556,1.87488
-0.0780684,1.87584
-0.082386,1.8768
-0.0867084,1.87776
-0.0910344,1.87872
-0.0953664,1.8798
-0.099702,1.88076
-0.1040424,1.88172
-0.1083876,1.88268
-0.1127376,1.88376
-0.1170912,1.88472
-0.121452,1.88568
-0.125808,1.88664
-0.130176,1.88772
-0.134556,1.88868
-0.138936,1.88964
-0.143316,1.89072
-0.147696,1.89168
-0.152088,1.89264
-0.15648,1.8936
-0.160884,1.89468
-0.165288,1.89564
-0.169704,1.89672
-0.174108,1.89768
-0.178536,1.89864
-0.182952,1.89972
-0.18738,1.90068
-0.19182,1.90164
-0.19626,1.90272
-0.2007,1.90368
-0.20514,1.90476
-0.209592,1.90572
-0.214056,1.9068
-0.218508,1.90776
-0.222984,1.90872
-0.227448,1.9098
-0.231924,1.91076
-0.236412,1.91184
-0.240888,1.9128
-0.245376,1.91388
-0.249876,1.91484
-0.254376,1.91592
-0.258876,1.917
-0.263388,1.91796
-0.2679,1.91904
-0.272424,1.92
-0.276948,1.92108
-0.281472,1.92204
-0.286008,1.92312
-0.290544,1.9242
-0.295092,1.92516
-0.29964,1.92624
-0.304188,1.9272
-0.308748,1.92828
-0.313308,1.92936
-0.31788,1.93032
-0.322452,1.9314
-0.327024,1.93248
-0.331608,1.93344
-0.336192,1.93452
-0.340788,1.9356
-0.345384,1.93656
-0.349992,1.93764
-0.3546,1.93872
-0.359208,1.9398
-0.363828,1.94076
-0.368448,1.94184
-0.373068,1.94292
-0.3777,1.944
-0.382344,1.94496
-0.386988,1.94604
-0.391632,1.94712
-0.396288,1.9482
-0.400944,1.94928
-0.4056,1.95036
-0.410268,1.95132
-0.414948,1.9524
-0.419616,1.95348
-0.424308,1.95456
-0.428988,1.95564
-0.43368,1.95672
-0.438384,1.9578
-0.443088,1.95888
-0.447792,1.95984
-0.452508,1.96092
-0.457224,1.962
-0.461952,1.96308
-0.46668,1.96416
-0.47142,1.96524
-0.476148,1.96632
-0.4809,1.9674
-0.485652,1.96848
-0.490404,1.96956
-0.495168,1.97064
-0.499932,1.97172
-0.504696,1.9728
-0.509472,1.97388
-0.51426,1.97496
-0.519048,1.97604
-0.523836,1.97724
-0.528636,1.97832
-0.533436,1.9794
-0.538248,1.98048
-0.54306,1.98156
-0.547872,1.98264
-0.552696,1.98372
-0.557532,1.9848
-0.562356,1.986
-0.567204,1.98708
-0.57204,1.98816
-0.5769,1.98924
-0.581748,1.99032
-0.586608,1.99152
-0.59148,1.9926
-0.596352,1.99368
-0.601224,1.99476
-0.606108,1.99584
-0.611004,1.99704
-0.615888,1.99812
-0.620796,1.9992
-0.625692,2.0004
-0.630612,2.00148
-0.63552,2.00256
-0.64044,2.00376
-0.645372,2.00484
-0.650304,2.00592
-0.655236,2.00712
-0.66018,2.0082
-0.665136,2.00928
-0.670092,2.01048
-0.675048,2.01156
-0.680016,2.01276
-0.684984,2.01384
-0.689964,2.01492
-0.694944,2.01612
-0.699924,2.0172
-0.704928,2.0184
-0.70992,2.01948
-0.714924,2.02068
-0.71994,2.02176
-0.724956,2.02296
-0.729972,2.02404
-0.735,2.02524
-0.74004,2.02632
-0.745068,2.02752
-0.75012,2.0286
-0.755172,2.0298
-0.760224,2.03088
-0.765288,2.03208
-0.770352,2.03328
-0.775428,2.03436
-0.780504,2.03556
-0.785592,2.03676
-0.79068,2.03784
-0.79578,2.03904
-0.80088,2.04024
-0.80598,2.04132
-0.811104,2.04252
-0.816216,2.04372
-0.82134,2.0448
-0.826476,2.046
-0.831612,2.0472
-0.836748,2.0484
-0.841896,2.04948
-0.847056,2.05068
-0.852216,2.05188
-0.857388,2.05308
-0.86256,2.05416
-0.867732,2.05536
-0.872916,2.05656
-0.878112,2.05776
-0.883308,2.05896
-0.888504,2.06016
-0.893712,2.06124
-0.898932,2.06244
-0.904152,2.06364
-0.909372,2.06484
-0.914604,2.06604
-0.919848,2.06724
-0.925092,2.06844
-0.930336,2.06964
-0.935592,2.07084
-0.94086,2.07204
-0.946128,2.07324
-0.951396,2.07444
-0.956676,2.07564
-0.961968,2.07684
-0.96726,2.07804
-0.972564,2.07924
-0.977868,2.08044
-0.983172,2.08164
-0.988488,2.08284
-0.993816,2.08404
-0.999144,2.08524
-1.004484,2.08644
-1.009824,2.08764
-1.015176,2.08896
-1.020528,2.09016
-1.025892,2.09136
-1.031256,2.09256
-1.036632,2.09376
-1.042008,2.09496
-1.047396,2.09628
-1.052784,2.09748
-1.058184,2.09868
-1.063572,2.09136
-1.06896,2.08416
-1.074372,2.08536
-1.079772,2.07804
-1.079748,2.06952
-1.08516,2.0622
-1.085136,2.05368
-1.090548,2.04636
-1.090524,2.03784
-1.0905,2.02932
-1.090476,2.0208
-1.090452,2.01228
-1.090428,2.00376
-1.090416,1.99524
-1.090392,1.98672
-1.090368,1.9782
-1.090344,1.96968
-1.09032,1.96116
-1.090296,1.95264
-1.090272,1.94412
-1.090248,1.9356
-1.090224,1.92708
-1.0902,1.91856
-1.090176,1.91004
-1.090152,1.90152
-1.09014,1.893
-1.090116,1.88448
-1.090092,1.87596
-1.090068,1.86744
-1.090044,1.85892
-1.09002,1.8504
-1.089996,1.84188
-1.089972,1.83336
-1.089948,1.82484
-1.089924,1.81632
-1.0899,1.8078
-1.089876,1.79916
-1.089852,1.79064
-1.08984,1.78212
-1.089816,1.7736
-1.089792,1.76508
-1.089768,1.75656
-1.089744,1.74804
-1.08972,1.73952
-1.089696,1.731
-1.089672,1.72248
-1.089648,1.71396
-1.089624,1.70544
-1.0896,1.69692
-1.089576,1.6884
-1.089564,1.67988
-1.08954,1.67136
-1.089516,1.66284
-1.089492,1.65432
-1.089468,1.6458
-1.089444,1.63728
-1.08942,1.62876
-1.089396,1.62024
-1.089372,1.61172
-1.089348,1.6032
-1.089324,1.59456
-1.0893,1.58604
-1.089288,1.57752
-1.089264,1.569
-1.08924,1.56048
-1.089216,1.55196
-1.089192,1.54344
-1.089168,1.53492
-1.089144,1.5264
-1.08912,1.51788
-1.089096,1.50936
-1.089072,1.50084
-1.089048,1.49232
-1.089024,1.4838
-1.089,1.47528
-1.088988,1.46676
-1.088964,1.45824
-1.08894,1.44972
-1.088916,1.4412
-1.088892,1.43268
-1.088868,1.42416
-1.088844,1.41564
-1.08882,1.407
-1.088796,1.39848
-1.088772,1.38996
-1.088748,1.38144
-1.088724,1.37292
-1.088712,1.3644
-1.088688,1.35588
-1.088664,1.34736
-1.08864,1.33884
-1.088616,1.33032
-1.088592,1.3218
-1.088568,1.31328
-1.088544,1.30476
-1.08852,1.29624
-1.088496,1.28772
-1.088472,1.2792
-1.088448,1.27068
-1.088436,1.26216
-1.088412,1.25364
-1.088388,1.24512
-1.088364,1.2366
-1.08834,1.22796
-1.088316,1.21944
-1.088292,1.21092
-1.088268,1.2024
-1.088244,1.193916
-1.08822,1.185384
-1.088196,1.176852
-1.088172,1.168332
-1.088148,1.1598
-1.088136,1.15128
-1.088112,1.142748
-1.088088,1.134228
-1.088064,1.125696
-1.08804,1.117176
-1.088016,1.108644
-1.087992,1.100124
-1.087968,1.091592
-1.087944,1.083072
-1.08792,1.07454
-1.087896,1.066008
-1.087872,1.057488
-1.08786,1.048956
-1.087836,1.040436
-1.087812,1.031904
-1.087788,1.023384
-1.087764,1.014852
-1.08774,1.006332
-1.087716,0.9978
-1.087692,0.989268
-1.087668,0.980748
-1.087644,0.972216
-1.08762,0.963696
-1.087596,0.955164
-1.087572,0.946644
-1.08756,0.938112
-1.087536,0.92958
-1.087512,0.92106
-1.087488,0.912528
-1.087464,0.904008
-1.08744,0.895476
-1.087416,0.886944
-1.087392,0.878424
-1.087368,0.869892
-1.087344,0.861372
-1.08732,0.85284
-1.087296,0.844308
-1.087284,0.835788
-1.08726,0.827256
-1.087236,0.818736
-1.087212,0.810204
-1.087188,0.801672
-1.087164,0.793152
-1.08714,0.78462
-1.087116,0.7761
-1.087092,0.767568
-1.087068,0.759036
-1.087044,0.750516
-1.08702,0.741984
-1.087008,0.733452
-1.086984,0.724932
-1.08696,0.7164
-1.086936,0.70788
-1.086912,0.699348
-1.086888,0.690816
-1.086864,0.682296
-1.08684,0.673764
-1.086816,0.665232
-1.086792,0.656712
-1.086768,0.64818
-1.086744,0.639648
-1.08672,0.631128
-1.086708,0.622596
-1.086684,0.614064
-1.08666,0.605544
-1.086636,0.597012
-1.086612,0.58848
-1.086588,0.57996
-1.086564,0.571428
-1.08654,0.562896
-1.086516,0.554376
-1.086492,0.545844
-1.086468,0.537312
-1.086444,0.528792
-1.086432,0.52026
-1.086408,0.511728
-1.086384,0.503208
-1.08636,0.494676
-1.086336,0.486144
-1.086312,0.477624
-1.086288,0.469092
-1.086264,0.46056
-1.08624,0.45204
-1.086216,0.443508
-1.086192,0.434976
-1.086168,0.426456
-1.086144,0.417924
-1.086132,0.409392
-1.086108,0.40086
-1.086084,0.39234
-1.08606,0.383808
-1.086036,0.375276
-1.086012,0.366756
-1.085988,0.358224
-1.085964,0.349692
-1.08594,0.34116
-1.085916,0.33264
-1.085892,0.324108
-1.085868,0.315576
-1.085856,0.307056
-1.085832,0.298524
-1.085808,0.289992
-1.085784,0.28146
-1.08576,0.27294
-1.085736,0.264408
-1.085712,0.255876
-1.085688,0.247344
-1.085664,0.238824
-1.08564,0.230292
-1.085616,0.22176
-1.085592,0.213228
-1.085568,0.204708
-1.085556,0.196176
-1.085532,0.187644
-1.085508,0.179112
-1.085484,0.170592
-1.08546,0.16206
-1.085436,0.153528
-1.085412,0.144996
-1.085388,0.136476
-1.085364,0.127944
-1.08534,0.119412
-1.085316,0.1108824
-1.085292,0.102354
-1.08528,0.0938244
-1.085256,0.0852948
-1.085232,0.0767652
-1.085208,0.0682356
-1.085184,0.059706
-1.08516,0.0511776
-1.085136,0.042648
-1.085112,0.0341184
-1.085088,0.0255888
-1.085064,0.0170592
-1.08504,0.0085296
-1.085016,0.0
-1.084992,-0.0085296
-1.08498,-0.0170592
-1.084956,-0.0255888
-1.084932,-0.0341184
-1.084908,-0.042648
-1.084884,-0.0511776
-1.08486,-0.0597072
-1.084836,-0.068238
-1.084812,-0.0767676
-1.084788,-0.0852972
-1.084764,-0.0938268
-1.08474,-0.1023564
-1.084716,-0.1108872
-1.084704,-0.1194168
-1.08468,-0.127944
-1.084656,-0.136476
-1.084632,-0.145008
-1.084608,-0.15354
-1.084584,-0.162072
-1.08456,-0.170592
-1.084536,-0.179124
-1.084512,-0.187656
-1.084488,-0.196188
-1.084464,-0.20472
-1.08444,-0.213252
-1.084416,-0.221772
-1.084404,-0.230304
-1.08438,-0.238836
-1.084356,-0.247368
-1.084332,-0.2559
-1.084308,-0.264432
-1.084284,-0.272964
-1.08426,-0.281484
-1.084236,-0.290016
-1.084212,-0.298548
-1.084188,-0.30708
-1.084164,-0.315612
-1.08414,-0.324144
-1.084128,-0.332676
-1.084104,-0.341208
-1.08408,-0.349728
-1.084056,-0.35826
-1.084032,-0.366792
-1.084008,-0.375324
-1.083984,-0.383856
-1.08396,-0.392388
-1.083936,-0.40092
-1.083912,-0.409452
-1.083888,-0.417984
-1.083864,-0.426504
-1.08384,-0.435036
-1.083828,-0.443568
-1.083804,-0.4521
-1.08378,-0.460632
-1.083756,-0.469164
-1.083732,-0.477696
-1.083708,-0.486228
-1.083684,-0.49476
-1.08366,-0.503292
-1.083636,-0.511824
-1.083612,-0.520344
-1.083588,-0.528876
-1.083564,-0.537408
-1.08354,-0.54594
-1.083528,-0.554472
-1.083504,-0.563004
-1.08348,-0.571536
-1.083456,-0.580068
-1.083432,-0.5886
-1.083408,-0.597132
-1.083384,-0.605664
-1.08336,-0.614196
-1.083336,-0.622728
-1.083312,-0.63126
-1.083288,-0.639792
-1.083264,-0.648312
-1.083252,-0.656844
-1.083228,-0.665376
-1.083204,-0.673908
-1.08318,-0.68244
-1.083156,-0.690972
-1.083132,-0.699504
-1.083108,-0.708036
-1.083084,-0.716568
-1.08306,-0.7251
-1.083036,-0.733632
-1.083012,-0.742164
-1.082988,-0.750696
-1.082964,-0.759228
-1.082952,-0.76776
-1.082928,-0.776292
-1.082904,-0.784824
-1.08288,-0.793356
-1.082856,-0.801888
-1.082832,-0.81042
-1.082808,-0.818952
-1.082784,-0.827484
-1.08276,-0.836016
-1.082736,-0.844548
-1.082712,-0.85308
-1.082688,-0.861612
-1.082676,-0.870144
-1.082652,-0.878676
-1.082628,-0.887208
-1.082604,-0.89574
-1.08258,-0.904272
-1.082556,-0.912804
-1.082532,-0.921336
-1.082508,-0.929868
-1.082484,-0.9384
-1.08246,-0.946932
-1.082436,-0.955464
-1.082412,-0.963996
-1.082388,-0.972528
-1.082376,-0.98106
-1.082352,-0.989592
-1.082328,-0.998124
-1.082304,-1.006656
-1.08228,-1.015188
-1.082256,-1.02372
-1.082232,-1.032252
-1.082208,-1.040784
-1.082184,-1.049316
-1.08216,-1.057848
-1.082136,-1.06638
-1.082112,-1.074912
-1.082088,-1.083456
-1.082076,-1.091988
-1.082052,-1.10052
-1.082028,-1.109052
-1.082004,-1.117584
-1.08198,-1.126116
-1.081956,-1.134648
-1.081932,-1.14318
-1.081908,-1.151712
-1.081884,-1.160244
-1.08186,-1.168776
-1.081836,-1.177308
-1.081812,-1.18584
-1.0818,-1.194372
-1.081776,-1.20288
-1.081752,-1.2114
-1.081728,-1.21992
-1.081704,-1.22856
-1.08168,-1.23708
-1.081656,-1.2456
-1.081632,-1.25412
-1.081608,-1.26264
-1.081584,-1.27116
-1.08156,-1.27968
-1.081536,-1.2882
-1.081512,-1.29672
-1.0815,-1.30536
-1.081476,-1.31388
-1.081452,-1.3224
-1.081428,-1.33092
-1.081404,-1.33944
-1.08138,-1.34796
-1.081356,-1.35648
-1.081332,-1.365
-1.081308,-1.37352
-1.081284,-1.38216
-1.08126,-1.39068
-1.081236,-1.3992
-1.081224,-1.40772
-1.0812,-1.41624
-1.081176,-1.42476
-1.081152,-1.43328
-1.081128,-1.4418
-1.081104,-1.45032
-1.08108,-1.45896
-1.081056,-1.46748
-1.081032,-1.476
-1.081008,-1.48452
-1.080984,-1.49304
-1.08096,-1.50156
-1.080936,-1.51008
-1.080924,-1.5186
-1.0809,-1.52712
-1.080876,-1.53576
-1.080852,-1.54428
-1.080828,-1.5528
-1.080804,-1.56132
-1.08078,-1.56984
-1.080756,-1.57836
-1.080732,-1.58688
-1.080708,-1.5954
-1.080684,-1.60404
-1.08066,-1.61256
-1.080636,-1.62108
-1.080624,-1.6296
-1.0806,-1.63812
-1.080576,-1.64664
-1.080552,-1.65516
-1.080528,-1.66368
-1.080504,-1.6722
-1.08048,-1.68084
-1.080456,-1.68936
-1.080432,-1.69788
-1.080408,-1.7064
-1.080384,-1.71492
-1.08036,-1.72344
-1.080336,-1.73196
-1.080324,-1.74048
-1.0803,-1.74912
-1.080276,-1.75764
-1.080252,-1.76616
-1.080228,-1.77468
-1.080204,-1.7832
-1.08018,-1.79172
-1.080156,-1.80024
-1.080132,-1.80876
-1.080108,-1.8174
-1.080084,-1.82592
-1.08006,-1.83444
-1.080048,-1.84296
-1.080024,-1.85148
-1.08,-1.86
-1.079976,-1.86852
-1.079952,-1.87704
-1.079928,-1.88568
-1.079904,-1.8942
-1.07988,-1.90272
-1.079856,-1.91124
-1.079832,-1.91976
-1.079808,-1.92828
-1.079784,-1.9368
-1.07976,-1.94532
-1.079748,-1.95396
-1.079724,-1.96248
-1.074264,-1.9698
-1.07424,-1.97832
-1.074216,-1.98684
-1.068768,-1.99428
-1.068744,-2.0028
-1.063296,-2.01012
-1.05786,-2.01744
-1.052424,-2.02476
-1.047,-2.03208
-1.041588,-2.0394
-1.0362,-2.0382
-1.030788,-2.04552
-1.025412,-2.04432
-1.020048,-2.04312
-1.01466,-2.05044
-1.009296,-2.04924
-1.003944,-2.04804
-0.998604,-2.04684
-0.993264,-2.04564
-0.987924,-2.04444
-0.982596,-2.04324
-0.977304,-2.03364
-0.971988,-2.03244
-0.966684,-2.03124
-0.961404,-2.02164
-0.9561,-2.02044
-0.950844,-2.01084
-0.945576,-2.00136
-0.94032,-1.99176
-0.935076,-1.98216
-0.929832,-1.97268
-0.929856,-1.96428
-0.924624,-1.95468
-0.924636,-1.94628
-0.92466,-1.938
-0.919428,-1.9284
-0.919452,-1.92
-0.919476,-1.91172
-0.9195,-1.90332
-0.919524,-1.89492
-0.919548,-1.88652
-0.919572,-1.87812
-0.919596,-1.86972
-0.91962,-1.86132
-0.919644,-1.85292
-0.919668,-1.84452
-0.91968,-1.83612
-0.919704,-1.82784
-0.919728,-1.81944
-0.919752,-1.81104
-0.919776,-1.80264
-0.9198,-1.79424
-0.919824,-1.78584
-0.919848,-1.77744
-0.919872,-1.76904
-0.919896,-1.76064
-0.919908,-1.75236
-0.919932,-1.74396
-0.919956,-1.73556
-0.91998,-1.72716
-0.920004,-1.71876
-0.920028,-1.71036
-0.920052,-1.70196
-0.920076,-1.69356
-0.9201,-1.68516
-0.920124,-1.67688
-0.920148,-1.66848
-0.92016,-1.66008
-0.920184,-1.65168
-0.920208,-1.64328
-0.920232,-1.63488
-0.920256,-1.62648
-0.92028,-1.61808
-0.920304,-1.6098
-0.920328,-1.6014
-0.920352,-1.593
-0.920376,-1.5846
-0.9204,-1.5762
-0.920412,-1.5678
-0.920436,-1.5594
-0.92046,-1.551
-0.920484,-1.5426
-0.920508,-1.53432
-0.920532,-1.52592
-0.920556,-1.51752
-0.92058,-1.50912
-0.920604,-1.50072
-0.920628,-1.49232
-0.92064,-1.48392
-0.920664,-1.47552
-0.920688,-1.46712
-0.920712,-1.45884
-0.920736,-1.45044
-0.92076,-1.44204
-0.920784,-1.43364
-0.920808,-1.42524
-0.920832,-1.41684
-0.920856,-1.40844
-0.92088,-1.40004
-0.920892,-1.39176
-0.920916,-1.38336
-0.92094,-1.37496
-0.920964,-1.36656
-0.920988,-1.35816
-0.921012,-1.34976
-0.921036,-1.34136
-0.92106,-1.33296
-0.921084,-1.32468
-0.921108,-1.31628
-0.92112,-1.30788
-0.921144,-1.29948
-0.921168,-1.29108
-0.921192,-1.28268
-0.921216,-1.27428
-0.92124,-1.26588
-0.921264,-1.25748
-0.921288,-1.2492
-0.921312,-1.2408
-0.921336,-1.2324
-0.92136,-1.224
-0.921372,-1.2156
-0.921396,-1.2072
-0.92142,-1.198836
-0.921444,-1.19046
-0.921468,-1.182072
-0.921492,-1.173684
-0.921516,-1.165296
-0.92154,-1.15692
-0.921564,-1.148532
-0.921588,-1.140144
-0.921612,-1.131756
-0.921624,-1.12338
-0.921648,-1.114992
-0.921672,-1.106604
-0.921696,-1.098216
-0.92172,-1.08984
-0.921744,-1.081452
-0.921768,-1.073064
-0.921792,-1.064676
-0.921816,-1.0563
-0.92184,-1.047912
-0.921852,-1.039524
-0.921876,-1.031148
-0.9219,-1.02276
-0.921924,-1.014372
-0.921948,-1.005984
-0.921972,-0.997608
-0.921996,-0.98922
-0.92202,-0.980832
-0.922044,-0.972456
-0.922068,-0.964068
-0.922092,-0.95568
-0.922104,-0.947292
-0.922128,-0.938916
-0.922152,-0.930528
-0.922176,-0.92214
-0.9222,-0.913764
-0.922224,-0.905376
-0.922248,-0.896988
-0.922272,-0.888612
-0.922296,-0.880224
-0.92232,-0.871836
-0.922344,-0.863448
-0.922356,-0.855072
-0.92238,-0.846684
-0.922404,-0.838296
-0.922428,-0.82992
-0.922452,-0.821532
-0.922476,-0.813144
-0.9225,-0.804768
-0.922524,-0.79638
-0.922548,-0.787992
-0.922572,-0.779616
-0.922584,-0.771228
-0.922608,-0.76284
-0.922632,-0.754464
-0.922656,-0.746076
-0.92268,-0.737688
-0.922704,-0.729312
-0.922728,-0.720924
-0.922752,-0.712536
-0.922776,-0.70416
-0.9228,-0.695772
-0.922824,-0.687384
-0.922836,-0.679008
-0.92286,-0.67062
-0.922884,-0.662244
-0.922908,-0.653856
-0.922932,-0.645468
-0.922956,-0.637092
-0.92298,-0.628704
-0.923004,-0.620316
-0.923028,-0.61194
-0.923052,-0.603552
-0.923064,-0.595164
-0.923088,-0.586788
-0.923112,-0.5784
-0.923136,-0.570024
-0.92316,-0.561636
-0.923184,-0.553248
-0.923208,-0.544872
-0.923232,-0.536484
-0.923256,-0.528108
-0.92328,-0.51972
-0.923304,-0.511332
-0.923316,-0.502956
-0.92334,-0.494568
-0.923364,-0.486192
-0.923388,-0.477804
-0.923412,-0.469416
-0.923436,-0.46104
-0.92346,-0.452652
-0.923484,-0.444276
-0.923508,-0.435888
-0.923532,-0.4275
-0.923556,-0.419124
-0.923568,-0.410736
-0.923592,-0.40236
-0.923616,-0.393972
-0.92364,-0.385584
-0.923664,-0.377208
-0.923688,-0.36882
-0.923712,-0.360444
-0.923736,-0.352056
-0.92376,-0.34368
-0.923784,-0.335292
-0.923796,-0.326916
-0.92382,-0.318528
-0.923844,-0.31014
-0.923868,-0.301764
-0.923892,-0.293376
-0.923916,-0.285
-0.92394,-0.276612
-0.923964,-0.268236
-0.923988,-0.259848
-0.924012,-0.251472
-0.924036,-0.243084
-0.924048,-0.234696
-0.924072,-0.22632
-0.924096,-0.217932
-0.92412,-0.209556
-0.924144,-0.201168
-0.924168,-0.192792
-0.924192,-0.184404
-0.924216,-0.176028
-0.92424,-0.16764
-0.924264,-0.159264
-0.924276,-0.150876
-0.9243,-0.1425
-0.924324,-0.134112
-0.924348,-0.125736
-0.924372,-0.117348
-0.924396,-0.108966
-0.92442,-0.100584
-0.924444,-0.092202
-0.924468,-0.08382
-0.924492,-0.075438
-0.924516,-0.067056
-0.924528,-0.058674
-0.924552,-0.050292
-0.924576,-0.04191
-0.9246,-0.033528
-0.924624,-0.025146
-0.924648,-0.016764
-0.924672,-0.00838188
-0.924696,0.0
-0.92472,0.00838188
-0.924744,0.016764
-0.924756,0.025146
-0.92478,0.0335268
-0.924804,0.0419088
-0.924828,0.0502908
-0.924852,0.0586728
-0.924876,0.0670536
-0.9249,0.0754356
-0.924924,0.0838176
-0.924948,0.0921996
-0.924972,0.1005804
-0.924996,0.1089624
-0.925008,0.1173444
-0.925032,0.125724
-0.925056,0.134112
-0.92508,0.142488
-0.925104,0.150864
-0.925128,0.159252
-0.925152,0.167628
-0.925176,0.176016
-0.9252,0.184392
-0.925224,0.19278
-0.925236,0.201156
-0.92526,0.209544
-0.925284,0.21792
-0.925308,0.226296
-0.925332,0.234684
-0.925356,0.24306
-0.92538,0.251448
-0.925404,0.259824
-0.925428,0.268212
-0.925452,0.276588
-0.925476,0.284964
-0.925488,0.293352
-0.925512,0.301728
-0.925536,0.310116
-0.92556,0.318492
-0.925584,0.32688
-0.925608,0.335256
-0.925632,0.343632
-0.925656,0.35202
-0.92568,0.360396
-0.925704,0.368784
-0.925716,0.37716
-0.92574,0.385536
-0.925764,0.393924
-0.925788,0.4023
-0.925812,0.410688
-0.925836,0.419064
-0.92586,0.42744
-0.925884,0.435828
-0.925908,0.444204
-0.925932,0.452592
-0.925956,0.460968
-0.925968,0.469344
-0.925992,0.477732
-0.926016,0.486108
-0.92604,0.494484
-0.926064,0.502872
-0.926088,0.511248
-0.926112,0.519636
-0.926136,0.528012
-0.92616,0.536388
-0.926184,0.544776
-0.926196,0.553152
-0.92622,0.561528
-0.926244,0.569916
-0.926268,0.578292
-0.926292,0.58668
-0.926316,0.595056
-0.92634,0.603432
-0.926364,0.61182
-0.926388,0.620196
-0.926412,0.628572
-0.926436,0.63696
-0.926448,0.645336
-0.926472,0.653712
-0.926496,0.6621
-0.92652,0.670476
-0.926544,0.678852
-0.926568,0.68724
-0.926592,0.695616
-0.926616,0.703992
-0.92664,0.71238
-0.926664,0.720756
-0.926676,0.729132
-0.9267,0.73752
-0.926724,0.745896
-0.926748,0.754272
-0.926772,0.76266
-0.926796,0.771036
-0.92682,0.779412
-0.926844,0.787788
-0.926868,0.796176
-0.926892,0.804552
-0.926916,0.812928
-0.926928,0.821316
-0.926952,0.829692
-0.926976,0.838068
-0.927,0.846456
-0.927024,0.854832
-0.927048,0.863208
-0.927072,0.871584
-0.927096,0.879972
-0.92712,0.888348
-0.927144,0.896724
-0.927156,0.905112
-0.92718,0.913488
-0.927204,0.921864
-0.927228,0.93024
-0.927252,0.938628
-0.927276,0.947004
-0.9273,0.95538
-0.927324,0.963768
-0.927348,0.972144
-0.927372,0.98052
-0.927396,0.988896
-0.927408,0.997284
-0.927432,1.00566
-0.927456,1.014036
-0.92748,1.022412
-0.927504,1.0308
-0.927528,1.039176
-0.927552,1.047552
-0.927576,1.055928
-0.9276,1.064316
-0.927624,1.072692
-0.927636,1.081068
-0.92766,1.089444
-0.927684,1.097832
-0.927708,1.106208
-0.927732,1.114584
-0.927756,1.12296
-0.92778,1.131348
-0.927804,1.139724
-0.927828,1.1481
-0.927852,1.156476
-0.927876,1.164852
-0.927888,1.17324
-0.927912,1.181616
-0.927936,1.189992
-0.92796,1.198368
-0.927984,1.20672
-0.928008,1.21512
-0.928032,1.22352
-0.928056,1.23192
-0.92808,1.24032
-0.928104,1.2486
-0.928116,1.257
-0.92814,1.2654
-0.928164,1.2738
-0.928188,1.2822
-0.928212,1.29048
-0.928236,1.29888
-0.92826,1.30728
-0.928284,1.31568
-0.928308,1.32408
-0.928332,1.33248
-0.928356,1.34076
-0.928368,1.34916
-0.928392,1.35756
-0.928416,1.36596
-0.92844,1.37436
-0.928464,1.38264
-0.928488,1.39104
-0.928512,1.39944
-0.928536,1.40784
-0.92856,1.41624
-0.928584,1.42464
-0.928596,1.43292
-0.92862,1.44132
-0.928644,1.44972
-0.928668,1.45812
-0.928692,1.46652
-0.928716,1.4748
-0.92874,1.4832
-0.928764,1.4916
-0.928788,1.5
-0.928812,1.5084
-0.928836,1.5168
-0.928848,1.52508
-0.928872,1.53348
-0.928896,1.54188
-0.92892,1.55028
-0.928944,1.55868
-0.928968,1.56696
-0.928992,1.57536
-0.929016,1.58376
-0.92904,1.59216
-0.929064,1.60056
-0.929076,1.60884
-0.9291,1.61724
-0.929124,1.62564
-0.929148,1.63404
-0.929172,1.64244
-0.929196,1.65084
-0.92922,1.65912
-0.929244,1.66752
-0.929268,1.67592
-0.929292,1.68432
-0.929316,1.69272
-0.929328,1.701
-0.929352,1.7094
-0.929376,1.7178
-0.9294,1.7262
-0.929424,1.7346
-0.929448,1.74288
-0.929472,1.75128
-0.929496,1.75968
-0.92952,1.76808
-0.929544,1.77648
-0.929556,1.78476
-0.92958,1.79316
-0.929604,1.80156
-0.929628,1.80996
-0.929652,1.81836
-0.929676,1.82676
-0.9297,1.83504
-0.929724,1.84344
-0.929748,1.85184
-0.929772,1.86024
-0.929784,1.86864
-0.929808,1.87692
-0.929832,1.88532
-0.929856,1.89372
-0.92988,1.90212
-0.929904,1.91052
-0.924672,1.91772
-0.924696,1.92612
-0.92472,1.93452
-0.9195,1.94172
-0.919524,1.95012
-0.914304,1.95732
-0.909096,1.96452
-0.9039,1.97184
-0.898704,1.97904
-0.893508,1.98624
-0.8883,1.98504
-0.883116,1.99224
-0.87792,1.99116
-0.872736,1.98996
-0.867576,1.99716
-0.862392,1.99596
-0.85722,1.99488
-0.85206,1.99368
-0.8469,1.9926
-0.84174,1.9914
-0.836592,1.99032
-0.831432,1.98084
-0.826296,1.97976
-0.82116,1.97868
-0.816012,1.9692
-0.810888,1.96812
-0.805752,1.95876
-0.800628,1.9494
-0.795504,1.94004
-0.79038,1.93068
-0.785268,1.92132
-0.785244,1.91304
-0.780144,1.90368
-0.78012,1.89552
-0.780096,1.88724
-0.774996,1.878
-0.774972,1.86972
-0.774948,1.86144
-0.774924,1.85328
-0.7749,1.845
-0.774876,1.83684
-0.774864,1.82856
-0.77484,1.82028
-0.774816,1.81212
-0.774792,1.80384
-0.774768,1.79556
-0.774744,1.7874
-0.77472,1.77912
-0.774696,1.77096
-0.774672,1.76268
-0.77466,1.7544
-0.774636,1.74624
-0.774612,1.73796
-0.774588,1.72968
-0.774564,1.72152
-0.77454,1.71324
-0.774516,1.70508
-0.774492,1.6968
-0.774468,1.68852
-0.774456,1.68036
-0.774432,1.67208
-0.774408,1.6638
-0.774384,1.65564
-0.77436,1.64736
-0.774336,1.6392
-0.774312,1.63092
-0.774288,1.62264
-0.774264,1.61448
-0.774252,1.6062
-0.774228,1.59792
-0.774204,1.58976
-0.77418,1.58148
-0.774156,1.57332
-0.774132,1.56504
-0.774108,1.55676
-0.774084,1.5486
-0.77406,1.54032
-0.774048,1.53204
-0.774024,1.52388
-0.774,1.5156
-0.773976,1.50744
-0.773952,1.49916
-0.773928,1.49088
-0.773904,1.48272
-0.77388,1.47444
-0.773856,1.46616
-0.773844,1.458
-0.77382,1.44972
-0.773796,1.44156
-0.773772,1.43328
-0.773748,1.425
-0.773724,1.41684
-0.7737,1.40856
-0.773676,1.40028
-0.773652,1.39212
-0.77364,1.38384
-0.773616,1.37568
-0.773592,1.3674
-0.773568,1.35912
-0.773544,1.35096
-0.77352,1.34268
-0.773496,1.3344
-0.773472,1.32624
-0.773448,1.31796
-0.773436,1.3098
-0.773412,1.30152
-0.773388,1.29324
-0.773364,1.28508
-0.77334,1.2768
-0.773316,1.26852
-0.773292,1.26036
-0.773268,1.25208
-0.773244,1.2438
-0.773232,1.23564
-0.773208,1.22736
-0.773184,1.2192
-0.77316,1.21092
-0.773136,1.20264
-0.773112,1.194444
-0.773088,1.186212
-0.773064,1.177968
-0.77304,1.169736
-0.773028,1.161504
-0.773004,1.15326
-0.77298,1.145028
-0.772956,1.136796
-0.772932,1.128552
-0.772908,1.12032
-0.772884,1.112088
-0.77286,1.103844
-0.772836,1.095612
-0.772824,1.08738
-0.7728,1.079136
-0.772776,1.070904
-0.772752,1.062672
-0.772728,1.054428
-0.772704,1.046196
-0.77268,1.037952
-0.772656,1.02972
-0.772632,1.021488
-0.77262,1.013244
-0.772596,1.005012
-0.772572,0.99678
-0.772548,0.988536
-0.772524,0.980304
-0.7725,0.972072
-0.772476,0.963828
-0.772452,0.955596
-0.772428,0.947352
-0.772416,0.93912
-0.772392,0.930888
-0.772368,0.922644
-0.772344,0.914412
-0.77232,0.906168
-0.772296,0.897936
-0.772272,0.889704
-0.772248,0.88146
-0.772224,0.873228
-0.772212,0.864984
-0.772188,0.856752
-0.772164,0.84852
-0.77214,0.840276
-0.772116,0.832044
-0.772092,0.8238
-0.772068,0.815568
-0.772044,0.807336
-0.77202,0.799092
-0.772008,0.79086
-0.771984,0.782616
-0.77196,0.774384
-0.771936,0.76614
-0.771912,0.757908
-0.771888,0.749676
-0.771864,0.741432
-0.77184,0.7332
-0.771816,0.724956
-0.771792,0.716724
-0.77178,0.70848
-0.771756,0.700248
-0.771732,0.692016
-0.771708,0.683772
-0.771684,0.67554
-0.77166,0.667296
-0.771636,0.659064
-0.771612,0.65082
-0.771588,0.642588
-0.771576,0.634344
-0.771552,0.626112
-0.771528,0.61788
-0.771504,0.609636
-0.77148,0.601404
-0.771456,0.59316
-0.771432,0.584928
-0.771408,0.576684
-0.771384,0.568452
-0.771372,0.560208
-0.771348,0.551976
-0.771324,0.543732
-0.7713,0.5355
-0.771276,0.527256
-0.771252,0.519024
-0.771228,0.51078
-0.771204,0.502548
-0.77118,0.494304
-0.771168,0.486072
-0.771144,0.477828
-0.77112,0.469596
-0.771096,0.461352
-0.771072,0.45312
-0.771048,0.444888
-0.771024,0.436644
-0.771,0.428412
-0.770976,0.420168
-0.770964,0.411936
-0.77094,0.403692
-0.770916,0.395448
-0.770892,0.387216
-0.770868,0.378972
-0.770844,0.37074
-0.77082,0.362496
-0.770796,0.354264
-0.770772,0.34602
-0.77076,0.337788
-0.770736,0.329544
-0.770712,0.321312
-0.770688,0.313068
-0.770664,0.304836
-0.77064,0.296592
-0.770616,0.28836
-0.770592,0.280116
-0.770568,0.271884
-0.770556,0.26364
-0.770532,0.255408
-0.770508,0.247164
-0.770484,0.238932
-0.77046,0.230688
-0.770436,0.222444
-0.770412,0.214212
-0.770388,0.205968
-0.770364,0.197736
-0.770352,0.189492
-0.770328,0.18126
-0.770304,0.173016
-0.77028,0.164784
-0.770256,0.15654
-0.770232,0.148296
-0.770208,0.140064
-0.770184,0.13182
-0.77016,0.123588
-0.770148,0.1153464
-0.770124,0.1071072
-0.7701,0.098868
-0.770076,0.0906288
-0.770052,0.0823908
-0.770028,0.0741516
-0.770004,0.0659124
-0.76998,0.0576732
-0.769956,0.049434
-0.769944,0.041196
-0.76992,0.0329568
-0.769896,0.0247176
-0.769872,0.0164784
-0.769848,0.0082392
-0.769824,0.0
-0.7698,-0.0082392
-0.769776,-0.0164784
-0.769752,-0.0247176
-0.76974,-0.0329568
-0.769716,-0.041196
-0.769692,-0.0494352
-0.769668,-0.0576744
-0.769644,-0.0659136
-0.76962,-0.0741528
-0.769596,-0.0823932
-0.769572,-0.0906324
-0.769548,-0.0988716
-0.769536,-0.1071108
-0.769512,-0.11535
-0.769488,-0.123588
-0.769464,-0.131832
-0.76944,-0.140064
-0.769416,-0.148308
-0.769392,-0.156552
-0.769368,-0.164784
-0.769344,-0.173028
-0.76932,-0.181272
-0.769308,-0.189504
-0.769284,-0.197748
-0.76926,-0.20598
-0.769236,-0.214224
-0.769212,-0.222468
-0.769188,-0.2307
-0.769164,-0.238944
-0.76914,-0.247188
-0.769116,-0.25542
-0.769104,-0.263664
-0.76908,-0.271908
-0.769056,-0.28014
-0.769032,-0.288384
-0.769008,-0.296628
-0.768984,-0.30486
-0.76896,-0.313104
-0.768936,-0.321348
-0.768912,-0.32958
-0.7689,-0.337824
-0.768876,-0.346068
-0.768852,-0.3543
-0.768828,-0.362544
-0.768804,-0.370788
-0.76878,-0.37902
-0.768756,-0.387264
-0.768732,-0.395508
-0.768708,-0.40374
-0.768696,-0.411984
-0.768672,-0.420228
-0.768648,-0.428472
-0.768624,-0.436704
-0.7686,-0.444948
-0.768576,-0.453192
-0.768552,-0.461424
-0.768528,-0.469668
-0.768504,-0.477912
-0.768492,-0.486144
-0.768468,-0.494388
-0.768444,-0.502632
-0.76842,-0.510876
-0.768396,-0.519108
-0.768372,-0.527352
-0.768348,-0.535596
-0.768324,-0.543828
-0.7683,-0.552072
-0.768288,-0.560316
-0.768264,-0.56856
-0.76824,-0.576792
-0.768216,-0.585036
-0.768192,-0.59328
-0.768168,-0.601512
-0.768144,-0.609756
-0.76812,-0.618
-0.768096,-0.626244
-0.768084,-0.634476
-0.76806,-0.64272
-0.768036,-0.650964
-0.768012,-0.659208
-0.767988,-0.66744
-0.767964,-0.675684
-0.76794,-0.683928
-0.767916,-0.692172
-0.767892,-0.700404
-0.76788,-0.708648
-0.767856,-0.716892
-0.767832,-0.725136
-0.767808,-0.733368
-0.767784,-0.741612
-0.76776,-0.749856
-0.767736,-0.7581
-0.767712,-0.766332
-0.767688,-0.774576
-0.767664,-0.78282
-0.767652,-0.791064
-0.767628,-0.799308
-0.767604,-0.80754
-0.76758,-0.815784
-0.767556,-0.824028
-0.767532,-0.832272
-0.767508,-0.840504
-0.767484,-0.848748
-0.76746,-0.856992
-0.767448,-0.865236
-0.767424,-0.87348
-0.7674,-0.881712
-0.767376,-0.889956
-0.767352,-0.8982
-0.767328,-0.906444
-0.767304,-0.914688
-0.76728,-0.92292
-0.767256,-0.931164
-0.767244,-0.939408
-0.76722,-0.947652
-0.767196,-0.955896
-0.767172,-0.964128
-0.767148,-0.972372
-0.767124,-0.980616
-0.7671,-0.98886
-0.767076,-0.997104
-0.767052,-1.005348
-0.76704,-1.01358
-0.767016,-1.021824
-0.766992,-1.030068
-0.766968,-1.038312
-0.766944,-1.046556
-0.76692,-1.054788
-0.766896,-1.063032
-0.766872,-1.071276
-0.766848,-1.07952
-0.766836,-1.087764
-0.766812,-1.096008
-0.766788,-1.104252
-0.766764,-1.112484
-0.76674,-1.120728
-0.766716,-1.128972
-0.766692,-1.137216
-0.766668,-1.14546
-0.766644,-1.153704
-0.766632,-1.161936
-0.766608,-1.17018
-0.766584,-1.178424
-0.76656,-1.186668
-0.766536,-1.194912
-0.766512,-1.20312
-0.766488,-1.2114
-0.766464,-1.21968
-0.76644,-1.22784
-0.766428,-1.23612
-0.766404,-1.2444
-0.76638,-1.25256
-0.766356,-1.26084
-0.766332,-1.26912
-0.766308,-1.27728
-0.766284,-1.28556
-0.76626,-1.29384
-0.766236,-1.30212
-0.766212,-1.31028
-0.7662,-1.31856
-0.766176,-1.32684
-0.766152,-1.335
-0.766128,-1.34328
-0.766104,-1.35156
-0.76608,-1.35972
-0.766056,-1.368
-0.766032,-1.37628
-0.766008,-1.38444
-0.765996,-1.39272
-0.765972,-1.401
-0.765948,-1.40928
-0.765924,-1.41744
-0.7659,-1.42572
-0.765876,-1.434
-0.765852,-1.44216
-0.765828,-1.45044
-0.765804,-1.45872
-0.765792,-1.46688
-0.765768,-1.47516
-0.765744,-1.48344
-0.76572,-1.4916
-0.765696,-1.49988
-0.765672,-1.50816
-0.765648,-1.51644
-0.765624,-1.5246
-0.7656,-1.53288
-0.765588,-1.54116
-0.765564,-1.54932
-0.76554,-1.5576
-0.765516,-1.56588
-0.765492,-1.57404
-0.765468,-1.58232
-0.765444,-1.5906
-0.76542,-1.59876
-0.765396,-1.60704
-0.765384,-1.61532
-0.76536,-1.6236
-0.765336,-1.63176
-0.765312,-1.64004
-0.765288,-1.64832
-0.765264,-1.65648
-0.76524,-1.66476
-0.765216,-1.67304
-0.765192,-1.6812
-0.76518,-1.68948
-0.765156,-1.69776
-0.765132,-1.70604
-0.765108,-1.7142
-0.765084,-1.72248
-0.76506,-1.73076
-0.765036,-1.73892
-0.765012,-1.7472
-0.764988,-1.75548
-0.764964,-1.76364
-0.764952,-1.77192
-0.764928,-1.7802
-0.764904,-1.78836
-0.76488,-1.79664
-0.764856,-1.80492
-0.764832,-1.8132
-0.764808,-1.82136
-0.764784,-1.82964
-0.76476,-1.83792
-0.764748,-1.84608
-0.764724,-1.85436
-0.7647,-1.86264
-0.764676,-1.87092
-0.764652,-1.87908
-0.764628,-1.88736
-0.764604,-1.89564
-0.759516,-1.90272
-0.759492,-1.911
-0.759468,-1.91928
-0.75438,-1.92636
-0.754356,-1.93464
-0.74928,-1.94172
-0.744204,-1.94892
-0.739128,-1.956
-0.734064,-1.96308
-0.729012,-1.97016
-0.723984,-1.96908
-0.718932,-1.97616
-0.713916,-1.97508
-0.7089,-1.974
-0.703872,-1.98108
-0.698868,-1.97988
-0.693876,-1.9788
-0.688884,-1.97772
-0.683904,-1.97652
-0.678924,-1.97544
-0.673944,-1.97436
-0.669,-1.96512
-0.664032,-1.96404
-0.659076,-1.96284
-0.654156,-1.9536
-0.649212,-1.95252
-0.644292,-1.94328
-0.639372,-1.93404
-0.634464,-1.92492
-0.629568,-1.91568
-0.624672,-1.90656
-0.624696,-1.8984
-0.6198,-1.88928
-0.619824,-1.88112
-0.619848,-1.87296
-0.614964,-1.86384
-0.614988,-1.8558
-0.615012,-1.84764
-0.615036,-1.83948
-0.61506,-1.83144
-0.615072,-1.82328
-0.615096,-1.81524
-0.61512,-1.80708
-0.615144,-1.79904
-0.615168,-1.79088
-0.615192,-1.78284
-0.615216,-1.77468
-0.61524,-1.76652
-0.615264,-1.75848
-0.615276,-1.75032
-0.6153,-1.74228
-0.615324,-1.73412
-0.615348,-1.72608
-0.615372,-1.71792
-0.615396,-1.70988
-0.61542,-1.70172
-0.615444,-1.69368
-0.615456,-1.68552
-0.61548,-1.67736
-0.615504,-1.66932
-0.615528,-1.66116
-0.615552,-1.65312
-0.615576,-1.64496
-0.6156,-1.63692
-0.615624,-1.62876
-0.615636,-1.62072
-0.61566,-1.61256
-0.615684,-1.60452
-0.615708,-1.59636
-0.615732,-1.5882
-0.615756,-1.58016
-0.61578,-1.572
-0.615804,-1.56396
-0.615816,-1.5558
-0.61584,-1.54776
-0.615864,-1.5396
-0.615888,-1.53156
-0.615912,-1.5234
-0.615936,-1.51536
-0.61596,-1.5072
-0.615984,-1.49904
-0.615996,-1.491
-0.61602,-1.48284
-0.616044,-1.4748
-0.616068,-1.46664
-0.616092,-1.4586
-0.616116,-1.45044
-0.61614,-1.4424
-0.616164,-1.43424
-0.616176,-1.4262
-0.6162,-1.41804
-0.616224,-1.40988
-0.616248,-1.40184
-0.616272,-1.39368
-0.616296,-1.38564
-0.61632,-1.37748
-0.616344,-1.36944
-0.616356,-1.36128
-0.61638,-1.35324
-0.616404,-1.34508
-0.616428,-1.33704
-0.616452,-1.32888
-0.616476,-1.32084
-0.6165,-1.31268
-0.616524,-1.30452
-0.616536,-1.29648
-0.61656,-1.28832
-0.616584,-1.28028
-0.616608,-1.27212
-0.616632,-1.26408
-0.616656,-1.25592
-0.61668,-1.24788
-0.616704,-1.23972
-0.616716,-1.23168
-0.61674,-1.22352
-0.616764,-1.21548
-0.616788,-1.20732
-0.616812,-1.19922
-0.616836,-1.191108
-0.61686,-1.183008
-0.616884,-1.174908
-0.616896,-1.166796
-0.61692,-1.158696
-0.616944,-1.150596
-0.616968,-1.142484
-0.616992,-1.134384
-0.617016,-1.126284
-0.61704,-1.118172
-0.617064,-1.110072
-0.617076,-1.10196
-0.6171,-1.09386
-0.617124,-1.08576
-0.617148,-1.077648
-0.617172,-1.069548
-0.617196,-1.061448
-0.61722,-1.053336
-0.617244,-1.045236
-0.617256,-1.037136
-0.61728,-1.029024
-0.617304,-1.020924
-0.617328,-1.012824
-0.617352,-1.004712
-0.617376,-0.996612
-0.6174,-0.988512
-0.617424,-0.9804
-0.617436,-0.9723
-0.61746,-0.9642
-0.617484,-0.9561
-0.617508,-0.947988
-0.617532,-0.939888
-0.617556,-0.931788
-0.61758,-0.923676
-0.617604,-0.915576
-0.617616,-0.907476
-0.61764,-0.899364
-0.617664,-0.891264
-0.617688,-0.883164
-0.617712,-0.875052
-0.617736,-0.866952
-0.61776,-0.858852
-0.617784,-0.850752
-0.617796,-0.84264
-0.61782,-0.83454
-0.617844,-0.82644
-0.617868,-0.818328
-0.617892,-0.810228
-0.617916,-0.802128
-0.61794,-0.794028
-0.617964,-0.785916
-0.617976,-0.777816
-0.618,-0.769716
-0.618024,-0.761616
-0.618048,-0.753504
-0.618072,-0.745404
-0.618096,-0.737304
-0.61812,-0.729192
-0.618144,-0.721092
-0.618156,-0.712992
-0.61818,-0.704892
-0.618204,-0.69678
-0.618228,-0.68868
-0.618252,-0.68058
-0.618276,-0.67248
-0.6183,-0.664368
-0.618324,-0.656268
-0.618336,-0.648168
-0.61836,-0.640068
-0.618384,-0.631956
-0.618408,-0.623856
-0.618432,-0.615756
-0.618456,-0.607656
-0.61848,-0.599544
-0.618504,-0.591444
-0.618516,-0.583344
-0.61854,-0.575244
-0.618564,-0.567144
-0.618588,-0.559032
-0.618612,-0.550932
-0.618636,-0.542832
-0.61866,-0.534732
-0.618684,-0.52662
-0.618696,-0.51852
-0.61872,-0.51042
-0.618744,-0.50232
-0.618768,-0.49422
-0.618792,-0.486108
-0.618816,-0.478008
-0.61884,-0.469908
-0.618864,-0.461808
-0.618876,-0.453708
-0.6189,-0.445596
-0.618924,-0.437496
-0.618948,-0.429396
-0.618972,-0.421296
-0.618996,-0.413196
-0.61902,-0.405084
-0.619044,-0.396984
-0.619056,-0.388884
-0.61908,-0.380784
-0.619104,-0.372684
-0.619128,-0.364572
-0.619152,-0.356472
-0.619176,-0.348372
-0.6192,-0.340272
-0.619224,-0.332172
-0.619236,-0.324072
-0.61926,-0.31596
-0.619284,-0.30786
-0.619308,-0.29976
-0.619332,-0.29166
-0.619356,-0.28356
-0.61938,-0.27546
-0.619404,-0.267348
-0.619416,-0.259248
-0.61944,-0.251148
-0.619464,-0.243048
-0.619488,-0.234948
-0.619512,-0.226848
-0.619536,-0.218736
-0.61956,-0.210636
-0.619584,-0.202536
-0.619596,-0.194436
-0.61962,-0.186336
-0.619644,-0.178236
-0.619668,-0.170136
-0.619692,-0.162024
-0.619716,-0.153924
-0.61974,-0.145824
-0.619764,-0.137724
-0.619776,-0.129624
-0.6198,-0.121524
-0.619824,-0.1134192
-0.619848,-0.105318
-0.619872,-0.0972168
-0.619896,-0.0891144
-0.61992,-0.0810132
-0.619944,-0.072912
-0.619956,-0.0648108
-0.61998,-0.0567096
-0.620004,-0.0486072
-0.620028,-0.040506
-0.620052,-0.0324048
-0.620076,-0.0243036
-0.6201,-0.0162024
-0.620124,-0.0081012
-0.620136,0.0
-0.62016,0.0081012
-0.620184,0.0162024
-0.620208,0.0243036
-0.620232,0.0324048
-0.620256,0.040506
-0.62028,0.0486072
-0.620304,0.0567084
-0.620316,0.0648096
-0.62034,0.0729108
-0.620364,0.0810108
-0.620388,0.089112
-0.620412,0.0972132
-0.620436,0.1053144
-0.62046,0.1134156
-0.620484,0.121512
-0.620496,0.129612
-0.62052,0.137712
-0.620544,0.145824
-0.620568,0.153924
-0.620592,0.162024
-0.620616,0.170124
-0.62064,0.178224
-0.620664,0.186324
-0.620676,0.194424
-0.6207,0.202524
-0.620724,0.210624
-0.620748,0.218724
-0.620772,0.226824
-0.620796,0.234924
-0.62082,0.243024
-0.620844,0.251124
-0.620856,0.259224
-0.62088,0.267324
-0.620904,0.275424
-0.620928,0.283524
-0.620952,0.291636
-0.620976,0.299736
-0.621,0.307836
-0.621024,0.315936
-0.621036,0.324036
-0.62106,0.332136
-0.621084,0.340236
-0.621108,0.348336
-0.621132,0.356436
-0.621156,0.364536
-0.62118,0.372636
-0.621204,0.380736
-0.621216,0.388836
-0.62124,0.396936
-0.621264,0.405036
-0.621288,0.413136
-0.621312,0.421236
-0.621336,0.429336
-0.62136,0.437436
-0.621384,0.445536
-0.621396,0.453636
-0.62142,0.461736
-0.621444,0.469836
-0.621468,0.477936
-0.621492,0.486036
-0.621516,0.494136
-0.62154,0.502236
-0.621564,0.510336
-0.621576,0.518436
-0.6216,0.526536
-0.621624,0.534636
-0.621648,0.542736
-0.621672,0.550836
-0.621696,0.558936
-0.62172,0.567036
-0.621744,0.575136
-0.621756,0.583236
-0.62178,0.591336
-0.621804,0.599436
-0.621828,0.607536
-0.621852,0.615636
-0.621876,0.623736
-0.6219,0.631836
-0.621924,0.639936
-0.621936,0.648024
-0.62196,0.656124
-0.621984,0.664224
-0.622008,0.672324
-0.622032,0.680424
-0.622056,0.688524
-0.62208,0.696624
-0.622104,0.704724
-0.622116,0.712824
-0.62214,0.720924
-0.622164,0.729024
-0.622188,0.737124
-0.622212,0.745224
-0.622236,0.753324
-0.62226,0.761424
-0.622284,0.769524
-0.622296,0.777624
-0.62232,0.785724
-0.622344,0.793812
-0.622368,0.801912
-0.622392,0.810012
-0.622416,0.818112
-0.62244,0.826212
-0.622464,0.834312
-0.622476,0.842412
-0.6225,0.850512
-0.622524,0.858612
-0.622548,0.866712
-0.622572,0.874812
-0.622596,0.882912
-0.62262,0.891
-0.622644,0.8991
-0.622656,0.9072
-0.62268,0.9153
-0.622704,0.9234
-0.622728,0.9315
-0.622752,0.9396
-0.622776,0.9477
-0.6228,0.9558
-0.622824,0.9639
-0.622836,0.971988
-0.62286,0.980088
-0.622884,0.988188
-0.622908,0.996288
-0.622932,1.004388
-0.622956,1.012488
-0.62298,1.020588
-0.623004,1.028688
-0.623016,1.036776
-0.62304,1.044876
-0.623064,1.052976
-0.623088,1.061076
-0.623112,1.069176
-0.623136,1.077276
-0.62316,1.085376
-0.623184,1.093476
-0.623196,1.101564
-0.62322,1.109664
-0.623244,1.117764
-0.623268,1.125864
-0.623292,1.133964
-0.623316,1.142064
-0.62334,1.150164
-0.623364,1.158252
-0.623376,1.166352
-0.6234,1.174452
-0.623424,1.182552
-0.623448,1.190652
-0.623472,1.198752
-0.623496,1.20684
-0.62352,1.215
-0.623544,1.22304
-0.623556,1.23108
-0.62358,1.23924
-0.623604,1.24728
-0.623628,1.25544
-0.623652,1.26348
-0.623676,1.27164
-0.6237,1.27968
-0.623724,1.28784
-0.623736,1.29588
-0.62376,1.30404
-0.623784,1.31208
-0.623808,1.32024
-0.623832,1.32828
-0.623856,1.33644
-0.62388,1.34448
-0.623904,1.35264
-0.623916,1.36068
-0.62394,1.36884
-0.623964,1.37688
-0.623988,1.38504
-0.624012,1.39308
-0.624036,1.40124
-0.62406,1.40928
-0.624084,1.41744
-0.624096,1.42548
-0.62412,1.43364
-0.624144,1.44168
-0.624168,1.44972
-0.624192,1.45788
-0.624216,1.46592
-0.62424,1.47408
-0.624264,1.48212
-0.624276,1.49028
-0.6243,1.49832
-0.624324,1.50648
-0.624348,1.51452
-0.624372,1.52268
-0.624396,1.53072
-0.62442,1.53888
-0.624444,1.54692
-0.624456,1.55508
-0.62448,1.56312
-0.624504,1.57128
-0.624528,1.57932
-0.624552,1.58748
-0.624576,1.59552
-0.6246,1.60368
-0.624624,1.61172
-0.624636,1.61976
-0.62466,1.62792
-0.624684,1.63596
-0.624708,1.64412
-0.624732,1.65216
-0.624756,1.66032
-0.62478,1.66836
-0.624792,1.67652
-0.624816,1.68456
-0.62484,1.69272
-0.624864,1.70076
-0.624888,1.70892
-0.624912,1.71696
-0.624936,1.72512
-0.62496,1.73316
-0.624972,1.74132
-0.624996,1.74936
-0.62502,1.75752
-0.625044,1.76556
-0.625068,1.7736
-0.625092,1.78176
-0.625116,1.7898
-0.62514,1.79796
-0.625152,1.806
-0.625176,1.81416
-0.6252,1.8222
-0.625224,1.83036
-0.625248,1.8384
-0.625272,1.84656
-0.620388,1.85364
-0.620412,1.86168
-0.620436,1.86972
-0.615552,1.8768
-0.615576,1.88496
-0.610704,1.89192
-0.605844,1.899
-0.600984,1.90596
-0.596124,1.91304
-0.591276,1.92
-0.586416,1.91892
-0.581568,1.92588
-0.57672,1.9248
-0.57186,1.92372
-0.567048,1.9308
-0.5622,1.92972
-0.557364,1.92864
-0.55254,1.92756
-0.547716,1.92648
-0.542904,1.9254
-0.53808,1.92432
-0.533256,1.91532
-0.528456,1.91424
-0.523656,1.91316
-0.518844,1.90416
-0.514056,1.90308
-0.509256,1.89408
-0.504456,1.88496
-0.499656,1.87596
-0.494868,1.86696
-0.490092,1.85796
-0.490068,1.85004
-0.485292,1.84104
-0.485268,1.83312
-0.485244,1.82508
-0.48048,1.81608
-0.480456,1.80816
-0.480432,1.80024
-0.480408,1.7922
-0.480384,1.78428
-0.48036,1.77636
-0.480336,1.76832
-0.480324,1.7604
-0.4803,1.75248
-0.480276,1.74444
-0.480252,1.73652
-0.480228,1.72848
-0.480204,1.72056
-0.48018,1.71264
-0.480168,1.7046
-0.480144,1.69668
-0.48012,1.68876
-0.480096,1.68072
-0.480072,1.6728
-0.480048,1.66488
-0.480024,1.65684
-0.480012,1.64892
-0.479988,1.64088
-0.479964,1.63296
-0.47994,1.62504
-0.479916,1.617
-0.479892,1.60908
-0.479868,1.60116
-0.479844,1.59312
-0.479832,1.5852
-0.479808,1.57728
-0.479784,1.56924
-0.47976,1.56132
-0.479736,1.55328
-0.479712,1.54536
-0.479688,1.53744
-0.479676,1.5294
-0.479652,1.52148
-0.479628,1.51356
-0.479604,1.50552
-0.47958,1.4976
-0.479556,1.48968
-0.479532,1.48164
-0.47952,1.47372
-0.479496,1.46568
-0.479472,1.45776
-0.479448,1.44984
-0.479424,1.4418
-0.4794,1.43388
-0.479376,1.42596
-0.479364,1.41792
-0.47934,1.41
-0.479316,1.40196
-0.479292,1.39404
-0.479268,1.38612
-0.479244,1.37808
-0.47922,1.37016
-0.479208,1.36224
-0.479184,1.3542
-0.47916,1.34628
-0.479136,1.33836
-0.479112,1.33032
-0.479088,1.3224
-0.479064,1.31436
-0.479052,1.30644
-0.479028,1.29852
-0.479004,1.29048
-0.47898,1.28256
-0.478956,1.27464
-0.478932,1.2666
-0.478908,1.25868
-0.478896,1.25064
-0.478872,1.24272
-0.478848,1.2348
-0.478824,1.22676
-0.4788,1.21884
-0.478776,1.21092
-0.478752,1.20288
-0.47874,1.194948
-0.478716,1.18698
-0.478692,1.179012
-0.478668,1.171044
-0.478644,1.163088
-0.47862,1.15512
-0.478596,1.147152
-0.478584,1.139184
-0.47856,1.131228
-0.478536,1.12326
-0.478512,1.115292
-0.478488,1.107336
-0.478464,1.099368
-0.47844,1.0914
-0.478428,1.083432
-0.478404,1.075476
-0.47838,1.067508
-0.478356,1.05954
-0.478332,1.051572
-0.478308,1.043604
-0.478284,1.035648
-0.478272,1.02768
-0.478248,1.019712
-0.478224,1.011744
-0.4782,1.003788
-0.478176,0.99582
-0.478152,0.987852
-0.478128,0.979884
-0.478104,0.971928
-0.478092,0.96396
-0.478068,0.955992
-0.478044,0.948024
-0.47802,0.940056
-0.477996,0.9321
-0.477972,0.924132
-0.477948,0.916164
-0.477936,0.908196
-0.477912,0.90024
-0.477888,0.892272
-0.477864,0.884304
-0.47784,0.876336
-0.477816,0.868368
-0.477792,0.860412
-0.47778,0.852444
-0.477756,0.844476
-0.477732,0.836508
-0.477708,0.82854
-0.477684,0.820584
-0.47766,0.812616
-0.477636,0.804648
-0.477624,0.79668
-0.4776,0.788712
-0.477576,0.780744
-0.477552,0.772788
-0.477528,0.76482
-0.477504,0.756852
-0.47748,0.748884
-0.477468,0.740916
-0.477444,0.73296
-0.47742,0.724992
-0.477396,0.717024
-0.477372,0.709056
-0.477348,0.701088
-0.477324,0.69312
-0.477312,0.685164
-0.477288,0.677196
-0.477264,0.669228
-0.47724,0.66126
-0.477216,0.653292
-0.477192,0.645324
-0.477168,0.637356
-0.477156,0.6294
-0.477132,0.621432
-0.477108,0.613464
-0.477084,0.605496
-0.47706,0.597528
-0.477036,0.58956
-0.477012,0.581592
-0.477,0.573636
-0.476976,0.565668
-0.476952,0.5577
-0.476928,0.549732
-0.476904,0.541764
-0.47688,0.533796
-0.476856,0.525828
-0.476844,0.517872
-0.47682,0.509904
-0.476796,0.501936
-0.476772,0.493968
-0.476748,0.486
-0.476724,0.478032
-0.4767,0.470064
-0.476676,0.462096
-0.476664,0.454128
-0.47664,0.446172
-0.476616,0.438204
-0.476592,0.430236
-0.476568,0.422268
-0.476544,0.4143
-0.47652,0.406332
-0.476508,0.398364
-0.476484,0.390396
-0.47646,0.382428
-0.476436,0.37446
-0.476412,0.366504
-0.476388,0.358536
-0.476364,0.350568
-0.476352,0.3426
-0.476328,0.334632
-0.476304,0.326664
-0.47628,0.318696
-0.476256,0.310728
-0.476232,0.30276
-0.476208,0.294792
-0.476196,0.286824
-0.476172,0.278856
-0.476148,0.2709
-0.476124,0.262932
-0.4761,0.254964
-0.476076,0.246996
-0.476052,0.239028
-0.47604,0.23106
-0.476016,0.223092
-0.475992,0.215124
-0.475968,0.207156
-0.475944,0.199188
-0.47592,0.19122
-0.475896,0.183252
-0.475884,0.175284
-0.47586,0.167316
-0.475836,0.159348
-0.475812,0.15138
-0.475788,0.143412
-0.475764,0.135456
-0.47574,0.127488
-0.475728,0.1195152
-0.475704,0.1115484
-0.47568,0.1035804
-0.475656,0.0956124
-0.475632,0.0876456
-0.475608,0.0796776
-0.475584,0.0717096
-0.475572,0.0637416
-0.475548,0.0557748
-0.475524,0.0478068
-0.4755,0.0398388
-0.475476,0.0318708
-0.475452,0.023904
-0.475428,0.015936
-0.475404,0.00796788
-0.475392,0.0
-0.475368,-0.00796788
-0.475344,-0.015936
-0.47532,-0.023904
-0.475296,-0.031872
-0.475272,-0.03984
-0.475248,-0.047808
-0.475236,-0.055776
-0.475212,-0.063744
-0.475188,-0.071712
-0.475164,-0.07968
-0.47514,-0.087648
-0.475116,-0.095616
-0.475092,-0.103584
-0.47508,-0.111552
-0.475056,-0.11952
-0.475032,-0.127488
-0.475008,-0.135456
-0.474984,-0.143424
-0.47496,-0.151392
-0.474936,-0.15936
-0.474924,-0.167328
-0.4749,-0.175296
-0.474876,-0.183264
-0.474852,-0.191232
-0.474828,-0.1992
-0.474804,-0.207168
-0.47478,-0.215136
-0.474768,-0.223104
-0.474744,-0.231072
-0.47472,-0.23904
-0.474696,-0.247008
-0.474672,-0.254976
-0.474648,-0.262956
-0.474624,-0.270924
-0.474612,-0.278892
-0.474588,-0.28686
-0.474564,-0.294828
-0.47454,-0.302796
-0.474516,-0.310764
-0.474492,-0.318732
-0.474468,-0.3267
-0.474456,-0.334668
-0.474432,-0.342636
-0.474408,-0.350604
-0.474384,-0.358572
-0.47436,-0.36654
-0.474336,-0.374508
-0.474312,-0.382476
-0.4743,-0.390444
-0.474276,-0.398424
-0.474252,-0.406392
-0.474228,-0.41436
-0.474204,-0.422328
-0.47418,-0.430296
-0.474156,-0.438264
-0.474132,-0.446232
-0.47412,-0.4542
-0.474096,-0.462168
-0.474072,-0.470136
-0.474048,-0.478104
-0.474024,-0.486072
-0.474,-0.494052
-0.473976,-0.50202
-0.473964,-0.509988
-0.47394,-0.517956
-0.473916,-0.525924
-0.473892,-0.533892
-0.473868,-0.54186
-0.473844,-0.549828
-0.47382,-0.557796
-0.473808,-0.565764
-0.473784,-0.573744
-0.47376,-0.581712
-0.473736,-0.58968
-0.473712,-0.597648
-0.473688,-0.605616
-0.473664,-0.613584
-0.473652,-0.621552
-0.473628,-0.62952
-0.473604,-0.6375
-0.47358,-0.645468
-0.473556,-0.653436
-0.473532,-0.661404
-0.473508,-0.669372
-0.473496,-0.67734
-0.473472,-0.685308
-0.473448,-0.693276
-0.473424,-0.701256
-0.4734,-0.709224
-0.473376,-0.717192
-0.473352,-0.72516
-0.47334,-0.733128
-0.473316,-0.741096
-0.473292,-0.749064
-0.473268,-0.757044
-0.473244,-0.765012
-0.47322,-0.77298
-0.473196,-0.780948
-0.473172,-0.788916
-0.47316,-0.796884
-0.473136,-0.804864
-0.473112,-0.812832
-0.473088,-0.8208
-0.473064,-0.828768
-0.47304,-0.836736
-0.473016,-0.844704
-0.473004,-0.852684
-0.47298,-0.860652
-0.472956,-0.86862
-0.472932,-0.876588
-0.472908,-0.884556
-0.472884,-0.892524
-0.47286,-0.900504
-0.472848,-0.908472
-0.472824,-0.91644
-0.4728,-0.924408
-0.472776,-0.932376
-0.472752,-0.940356
-0.472728,-0.948324
-0.472704,-0.956292
-0.472692,-0.96426
-0.472668,-0.972228
-0.472644,-0.980196
-0.47262,-0.988176
-0.472596,-0.996144
-0.472572,-1.004112
-0.472548,-1.01208
-0.472536,-1.02006
-0.472512,-1.028028
-0.472488,-1.035996
-0.472464,-1.043964
-0.47244,-1.051932
-0.472416,-1.059912
-0.472392,-1.06788
-0.47238,-1.075848
-0.472356,-1.083816
-0.472332,-1.091784
-0.472308,-1.099764
-0.472284,-1.107732
-0.47226,-1.1157
-0.472236,-1.123668
-0.472224,-1.131648
-0.4722,-1.139616
-0.472176,-1.147584
-0.472152,-1.155552
-0.472128,-1.163532
-0.472104,-1.1715
-0.47208,-1.179468
-0.472056,-1.187436
-0.472044,-1.195416
-0.47202,-1.20336
-0.471996,-1.2114
-0.471972,-1.21932
-0.471948,-1.22724
-0.471924,-1.23528
-0.4719,-1.2432
-0.471888,-1.25124
-0.471864,-1.25916
-0.47184,-1.2672
-0.471816,-1.27512
-0.471792,-1.28304
-0.471768,-1.29108
-0.471744,-1.299
-0.471732,-1.30704
-0.471708,-1.31496
-0.471684,-1.323
-0.47166,-1.33092
-0.471636,-1.33884
-0.471612,-1.34688
-0.471588,-1.3548
-0.471576,-1.36284
-0.471552,-1.37076
-0.471528,-1.3788
-0.471504,-1.38672
-0.47148,-1.39464
-0.471456,-1.40268
-0.471432,-1.4106
-0.47142,-1.41864
-0.471396,-1.42656
-0.471372,-1.4346
-0.471348,-1.44252
-0.471324,-1.45044
-0.4713,-1.45848
-0.471276,-1.4664
-0.471252,-1.47444
-0.47124,-1.48236
-0.471216,-1.4904
-0.471192,-1.49832
-0.471168,-1.50624
-0.471144,-1.51428
-0.47112,-1.5222
-0.471096,-1.53024
-0.471084,-1.53816
-0.47106,-1.5462
-0.471036,-1.55412
-0.471012,-1.56204
-0.470988,-1.57008
-0.470964,-1.578
-0.47094,-1.58604
-0.470928,-1.59396
-0.470904,-1.602
-0.47088,-1.60992
-0.470856,-1.61796
-0.470832,-1.62588
-0.470808,-1.6338
-0.470784,-1.64184
-0.470772,-1.64976
-0.470748,-1.6578
-0.470724,-1.66572
-0.4707,-1.67376
-0.470676,-1.68168
-0.470652,-1.6896
-0.470628,-1.69764
-0.470616,-1.70556
-0.470592,-1.7136
-0.470568,-1.72152
-0.470544,-1.72956
-0.47052,-1.73748
-0.470496,-1.7454
-0.470472,-1.75344
-0.47046,-1.76136
-0.470436,-1.7694
-0.470412,-1.77732
-0.470388,-1.78536
-0.470364,-1.79328
-0.47034,-1.80132
-0.470316,-1.80924
-0.470292,-1.81716
-0.47028,-1.8252
-0.470256,-1.83312
-0.465492,-1.84008
-0.465468,-1.84812
-0.465444,-1.85604
-0.46068,-1.863
-0.460668,-1.87092
-0.455904,-1.87788
-0.451164,-1.88484
-0.446424,-1.8918
-0.441684,-1.89864
-0.436944,-1.9056
-0.43224,-1.90452
-0.427524,-1.91136
-0.42282,-1.9104
-0.41814,-1.90932
-0.413424,-1.91616
-0.408744,-1.9152
-0.404076,-1.91412
-0.399408,-1.91304
-0.39474,-1.91208
-0.390084,-1.911
-0.385428,-1.90992
-0.380796,-1.90104
-0.376152,-1.89996
-0.37152,-1.899
-0.3669,-1.89
-0.362268,-1.88904
-0.357672,-1.88016
-0.353076,-1.87128
-0.34848,-1.8624
-0.343896,-1.85352
-0.339312,-1.84464
-0.339336,-1.83684
-0.334764,-1.82796
-0.334776,-1.82016
-0.3348,-1.81224
-0.330228,-1.80348
-0.330252,-1.79556
-0.330276,-1.78776
-0.3303,-1.77996
-0.330324,-1.77204
-0.330336,-1.76424
-0.33036,-1.75644
-0.330384,-1.74852
-0.330408,-1.74072
-0.330432,-1.73292
-0.330456,-1.725
-0.33048,-1.7172
-0.330492,-1.70928
-0.330516,-1.70148
-0.33054,-1.69368
-0.330564,-1.68576
-0.330588,-1.67796
-0.330612,-1.67016
-0.330624,-1.66224
-0.330648,-1.65444
-0.330672,-1.64664
-0.330696,-1.63872
-0.33072,-1.63092
-0.330744,-1.623
-0.330756,-1.6152
-0.33078,-1.6074
-0.330804,-1.59948
-0.330828,-1.59168
-0.330852,-1.58388
-0.330876,-1.57596
-0.3309,-1.56816
-0.330912,-1.56036
-0.330936,-1.55244
-0.33096,-1.54464
-0.330984,-1.53684
-0.331008,-1.52892
-0.331032,-1.52112
-0.331044,-1.5132
-0.331068,-1.5054
-0.331092,-1.4976
-0.331116,-1.48968
-0.33114,-1.48188
-0.331164,-1.47408
-0.331188,-1.46616
-0.3312,-1.45836
-0.331224,-1.45056
-0.331248,-1.44264
-0.331272,-1.43484
-0.331296,-1.42704
-0.33132,-1.41912
-0.331332,-1.41132
-0.331356,-1.40352
-0.33138,-1.3956
-0.331404,-1.3878
-0.331428,-1.37988
-0.331452,-1.37208
-0.331476,-1.36428
-0.331488,-1.35636
-0.331512,-1.34856
-0.331536,-1.34076
-0.33156,-1.33284
-0.331584,-1.32504
-0.331608,-1.31724
-0.33162,-1.30932
-0.331644,-1.30152
-0.331668,-1.29372
-0.331692,-1.2858
-0.331716,-1.278
-0.33174,-1.2702
-0.331764,-1.26228
-0.331776,-1.25448
-0.3318,-1.24668
-0.331824,-1.23876
-0.331848,-1.23096
-0.331872,-1.22304
-0.331896,-1.21524
-0.331908,-1.20744
-0.331932,-1.199568
-0.331956,-1.191732
-0.33198,-1.183884
-0.332004,-1.176048
-0.332028,-1.1682
-0.332052,-1.160364
-0.332064,-1.152516
-0.332088,-1.14468
-0.332112,-1.136832
-0.332136,-1.128996
-0.33216,-1.121148
-0.332184,-1.113312
-0.332196,-1.105464
-0.33222,-1.097628
-0.332244,-1.08978
-0.332268,-1.081944
-0.332292,-1.074096
-0.332316,-1.06626
-0.33234,-1.058424
-0.332352,-1.050576
-0.332376,-1.04274
-0.3324,-1.034892
-0.332424,-1.027056
-0.332448,-1.019208
-0.332472,-1.011372
-0.332484,-1.003524
-0.332508,-0.995688
-0.332532,-0.98784
-0.332556,-0.980004
-0.33258,-0.972168
-0.332604,-0.96432
-0.332628,-0.956484
-0.33264,-0.948636
-0.332664,-0.9408
-0.332688,-0.932952
-0.332712,-0.925116
-0.332736,-0.91728
-0.33276,-0.909432
-0.332772,-0.901596
-0.332796,-0.893748
-0.33282,-0.885912
-0.332844,-0.878064
-0.332868,-0.870228
-0.332892,-0.862392
-0.332904,-0.854544
-0.332928,-0.846708
-0.332952,-0.83886
-0.332976,-0.831024
-0.333,-0.823188
-0.333024,-0.81534
-0.333048,-0.807504
-0.33306,-0.799656
-0.333084,-0.79182
-0.333108,-0.783984
-0.333132,-0.776136
-0.333156,-0.7683
-0.33318,-0.760452
-0.333192,-0.752616
-0.333216,-0.74478
-0.33324,-0.736932
-0.333264,-0.729096
-0.333288,-0.721248
-0.333312,-0.713412
-0.333336,-0.705576
-0.333348,-0.697728
-0.333372,-0.689892
-0.333396,-0.682056
-0.33342,-0.674208
-0.333444,-0.666372
-0.333468,-0.658524
-0.33348,-0.650688
-0.333504,-0.642852
-0.333528,-0.635004
-0.333552,-0.627168
-0.333576,-0.619332
-0.3336,-0.611484
-0.333624,-0.603648
-0.333636,-0.5958
-0.33366,-0.587964
-0.333684,-0.580128
-0.333708,-0.57228
-0.333732,-0.564444
-0.333756,-0.556608
-0.333768,-0.54876
-0.333792,-0.540924
-0.333816,-0.533088
-0.33384,-0.52524
-0.333864,-0.517404
-0.333888,-0.509568
-0.333912,-0.50172
-0.333924,-0.493884
-0.333948,-0.486048
-0.333972,-0.4782
-0.333996,-0.470364
-0.33402,-0.462528
-0.334044,-0.45468
-0.334056,-0.446844
-0.33408,-0.439008
-0.334104,-0.43116
-0.334128,-0.423324
-0.334152,-0.415488
-0.334176,-0.40764
-0.3342,-0.399804
-0.334212,-0.391968
-0.334236,-0.38412
-0.33426,-0.376284
-0.334284,-0.368448
-0.334308,-0.3606
-0.334332,-0.352764
-0.334344,-0.344928
-0.334368,-0.337092
-0.334392,-0.329244
-0.334416,-0.321408
-0.33444,-0.313572
-0.334464,-0.305724
-0.334476,-0.297888
-0.3345,-0.290052
-0.334524,-0.282204
-0.334548,-0.274368
-0.334572,-0.266532
-0.334596,-0.258696
-0.33462,-0.250848
-0.334632,-0.243012
-0.334656,-0.235176
-0.33468,-0.227328
-0.334704,-0.219492
-0.334728,-0.211656
-0.334752,-0.20382
-0.334764,-0.195972
-0.334788,-0.188136
-0.334812,-0.1803
-0.334836,-0.172464
-0.33486,-0.164616
-0.334884,-0.15678
-0.334908,-0.148944
-0.33492,-0.141096
-0.334944,-0.13326
-0.334968,-0.125424
-0.334992,-0.1175844
-0.335016,-0.1097448
-0.33504,-0.1019064
-0.335052,-0.0940668
-0.335076,-0.0862284
-0.3351,-0.0783888
-0.335124,-0.0705504
-0.335148,-0.0627108
-0.335172,-0.0548724
-0.335196,-0.0470328
-0.335208,-0.0391944
-0.335232,-0.0313548
-0.335256,-0.0235164
-0.33528,-0.015678
-0.335304,-0.00783876
-0.335328,0.0
-0.33534,0.00783876
-0.335364,0.015678
-0.335388,0.0235164
-0.335412,0.0313548
-0.335436,0.0391932
-0.33546,0.0470328
-0.335472,0.0548712
-0.335496,0.0627096
-0.33552,0.070548
-0.335544,0.0783864
-0.335568,0.0862248
-0.335592,0.0940644
-0.335616,0.1019028
-0.335628,0.1097412
-0.335652,0.1175796
-0.335676,0.125412
-0.3357,0.13326
-0.335724,0.141096
-0.335748,0.148932
-0.33576,0.156768
-0.335784,0.164604
-0.335808,0.172452
-0.335832,0.180288
-0.335856,0.188124
-0.33588,0.19596
-0.335904,0.203796
-0.335916,0.211644
-0.33594,0.21948
-0.335964,0.227316
-0.335988,0.235152
-0.336012,0.242988
-0.336036,0.250836
-0.336048,0.258672
-0.336072,0.266508
-0.336096,0.274344
-0.33612,0.28218
-0.336144,0.290016
-0.336168,0.297864
-0.336192,0.3057
-0.336204,0.313536
-0.336228,0.321372
-0.336252,0.329208
-0.336276,0.337044
-0.3363,0.344892
-0.336324,0.352728
-0.336336,0.360564
-0.33636,0.3684
-0.336384,0.376236
-0.336408,0.384072
-0.336432,0.39192
-0.336456,0.399756
-0.336468,0.407592
-0.336492,0.415428
-0.336516,0.423264
-0.33654,0.4311
-0.336564,0.438936
-0.336588,0.446772
-0.336612,0.45462
-0.336624,0.462456
-0.336648,0.470292
-0.336672,0.478128
-0.336696,0.485964
-0.33672,0.4938
-0.336744,0.501636
-0.336756,0.509484
-0.33678,0.51732
-0.336804,0.525156
-0.336828,0.532992
-0.336852,0.540828
-0.336876,0.548664
-0.3369,0.5565
-0.336912,0.564336
-0.336936,0.572172
-0.33696,0.58002
-0.336984,0.587856
-0.337008,0.595692
-0.337032,0.603528
-0.337044,0.611364
-0.337068,0.6192
-0.337092,0.627036
-0.337116,0.634872
-0.33714,0.642708
-0.337164,0.650544
-0.337188,0.658392
-0.3372,0.666228
-0.337224,0.674064
-0.337248,0.6819
-0.337272,0.689736
-0.337296,0.697572
-0.33732,0.705408
-0.337332,0.713244
-0.337356,0.72108
-0.33738,0.728916
-0.337404,0.736752
-0.337428,0.744588
-0.337452,0.752436
-0.337464,0.760272
-0.337488,0.768108
-0.337512,0.775944
-0.337536,0.78378
-0.33756,0.791616
-0.337584,0.799452
-0.337608,0.807288
-0.33762,0.815124
-0.337644,0.82296
-0.337668,0.830796
-0.337692,0.838632
-0.337716,0.846468
-0.33774,0.854304
-0.337752,0.86214
-0.337776,0.869976
-0.3378,0.877812
-0.337824,0.88566
-0.337848,0.893496
-0.337872,0.901332
-0.337896,0.909168
-0.337908,0.917004
-0.337932,0.92484
-0.337956,0.932676
-0.33798,0.940512
-0.338004,0.948348
-0.338028,0.956184
-0.33804,0.96402
-0.338064,0.971856
-0.338088,0.979692
-0.338112,0.987528
-0.338136,0.995364
-0.33816,1.0032
-0.338172,1.011036
-0.338196,1.018872
-0.33822,1.026708
-0.338244,1.034544
-0.338268,1.04238
-0.338292,1.050216
-0.338316,1.058052
-0.338328,1.065888
-0.338352,1.073724
-0.338376,1.08156
-0.3384,1.089396
-0.338424,1.097232
-0.338448,1.105068
-0.33846,1.112904
-0.338484,1.12074
-0.338508,1.128576
-0.338532,1.136412
-0.338556,1.144248
-0.33858,1.152084
-0.338604,1.15992
-0.338616,1.167756
-0.33864,1.175592
-0.338664,1.183428
-0.338688,1.191264
-0.338712,1.1991
-0.338736,1.20696
-0.338748,1.21476
-0.338772,1.22256
-0.338796,1.23048
-0.33882,1.23828
-0.338844,1.24608
-0.338868,1.254
-0.338892,1.2618
-0.338904,1.2696
-0.338928,1.2774
-0.338952,1.28532
-0.338976,1.29312
-0.339,1.30092
-0.339024,1.30884
-0.339036,1.31664
-0.33906,1.32444
-0.339084,1.33236
-0.339108,1.34016
-0.339132,1.34796
-0.339156,1.35576
-0.339168,1.36368
-0.339192,1.37148
-0.339216,1.37928
-0.33924,1.3872
-0.339264,1.395
-0.339288,1.4028
-0.339312,1.4106
-0.339324,1.41852
-0.339348,1.42632
-0.339372,1.43412
-0.339396,1.44204
-0.33942,1.44984
-0.339444,1.45764
-0.339456,1.46556
-0.33948,1.47336
-0.339504,1.48116
-0.339528,1.48896
-0.339552,1.49688
-0.339576,1.50468
-0.3396,1.51248
-0.339612,1.5204
-0.339636,1.5282
-0.33966,1.536
-0.339684,1.5438
-0.339708,1.55172
-0.339732,1.55952
-0.339744,1.56732
-0.339768,1.57524
-0.339792,1.58304
-0.339816,1.59084
-0.33984,1.59864
-0.339864,1.60656
-0.339876,1.61436
-0.3399,1.62216
-0.339924,1.63008
-0.339948,1.63788
-0.339972,1.64568
-0.339996,1.65348
-0.34002,1.6614
-0.340032,1.6692
-0.340056,1.677
-0.34008,1.68492
-0.340104,1.69272
-0.340128,1.70052
-0.340152,1.70832
-0.340164,1.71624
-0.340188,1.72404
-0.340212,1.73184
-0.340236,1.73976
-0.34026,1.74756
-0.340284,1.75536
-0.340296,1.76316
-0.34032,1.77108
-0.340344,1.77888
-0.340368,1.78668
-0.335796,1.79364
-0.33582,1.80144
-0.335844,1.80924
-0.331272,1.81608
-0.331296,1.82388
-0.326736,1.83072
-0.322188,1.83756
-0.31764,1.8444
-0.313092,1.85124
-0.308544,1.85808
-0.303996,1.857
-0.29946,1.86384
-0.294912,1.86288
-0.290364,1.8618
-0.285852,1.86864
-0.281316,1.86768
-0.276792,1.8666
-0.272268,1.86564
-0.267744,1.86468
-0.263232,1.8636
-0.25872,1.86264
-0.254196,1.85388
-0.249696,1.85292
-0.245208,1.85196
-0.240696,1.8432
-0.236208,1.84224
-0.231708,1.83348
-0.227208,1.82472
-0.22272,1.81608
-0.218232,1.80744
-0.213744,1.79868
-0.21372,1.791
-0.209244,1.78236
-0.20922,1.77456
-0.209196,1.76688
-0.204732,1.75824
-0.204708,1.75056
-0.204684,1.74288
-0.20466,1.73508
-0.204636,1.7274
-0.204612,1.71972
-0.2046,1.71204
-0.204576,1.70424
-0.204552,1.69656
-0.204528,1.68888
-0.204504,1.6812
-0.204492,1.6734
-0.204468,1.66572
-0.204444,1.65804
-0.20442,1.65036
-0.204396,1.64256
-0.204372,1.63488
-0.20436,1.6272
-0.204336,1.61952
-0.204312,1.61172
-0.204288,1.60404
-0.204264,1.59636
-0.20424,1.58868
-0.204228,1.58088
-0.204204,1.5732
-0.20418,1.56552
-0.204156,1.55784
-0.204132,1.55004
-0.204108,1.54236
-0.204096,1.53468
-0.204072,1.527
-0.204048,1.5192
-0.204024,1.51152
-0.204,1.50384
-0.203976,1.49616
-0.203964,1.48836
-0.20394,1.48068
-0.203916,1.473
-0.203892,1.46532
-0.203868,1.45752
-0.203844,1.44984
-0.203832,1.44216
-0.203808,1.43448
-0.203784,1.42668
-0.20376,1.419
-0.203736,1.41132
-0.203724,1.40364
-0.2037,1.39584
-0.203676,1.38816
-0.203652,1.38048
-0.203628,1.3728
-0.203604,1.365
-0.203592,1.35732
-0.203568,1.34964
-0.203544,1.34196
-0.20352,1.33416
-0.203496,1.32648
-0.203472,1.3188
-0.20346,1.31112
-0.203436,1.30332
-0.203412,1.29564
-0.203388,1.28796
-0.203364,1.28028
-0.20334,1.27248
-0.203328,1.2648
-0.203304,1.25712
-0.20328,1.24944
-0.203256,1.24164
-0.203232,1.23396
-0.203208,1.22628
-0.203196,1.2186
-0.203172,1.2108
-0.203148,1.20312
-0.203124,1.195416
-0.2031,1.1877
-0.203076,1.179984
-0.203064,1.17228
-0.20304,1.164564
-0.203016,1.15686
-0.202992,1.149144
-0.202968,1.14144
-0.202956,1.133724
-0.202932,1.126008
-0.202908,1.118304
-0.202884,1.110588
-0.20286,1.102884
-0.202836,1.095168
-0.202824,1.087452
-0.2028,1.079748
-0.202776,1.072032
-0.202752,1.064328
-0.202728,1.056612
-0.202704,1.048896
-0.202692,1.041192
-0.202668,1.033476
-0.202644,1.025772
-0.20262,1.018056
-0.202596,1.01034
-0.202572,1.002636
-0.20256,0.99492
-0.202536,0.987216
-0.202512,0.9795
-0.202488,0.971784
-0.202464,0.96408
-0.20244,0.956364
-0.202428,0.94866
-0.202404,0.940944
-0.20238,0.933228
-0.202356,0.925524
-0.202332,0.917808
-0.202308,0.910092
-0.202296,0.902388
-0.202272,0.894672
-0.202248,0.886968
-0.202224,0.879252
-0.2022,0.871536
-0.202176,0.863832
-0.202164,0.856116
-0.20214,0.8484
-0.202116,0.840696
-0.202092,0.83298
-0.202068,0.825264
-0.202056,0.81756
-0.202032,0.809844
-0.202008,0.802128
-0.201984,0.794424
-0.20196,0.786708
-0.201936,0.778992
-0.201924,0.771288
-0.2019,0.763572
-0.201876,0.755868
-0.201852,0.748152
-0.201828,0.740436
-0.201804,0.732732
-0.201792,0.725016
-0.201768,0.7173
-0.201744,0.709596
-0.20172,0.70188
-0.201696,0.694164
-0.201672,0.68646
-0.20166,0.678744
-0.201636,0.671028
-0.201612,0.663312
-0.201588,0.655608
-0.201564,0.647892
-0.20154,0.640176
-0.201528,0.632472
-0.201504,0.624756
-0.20148,0.61704
-0.201456,0.609336
-0.201432,0.60162
-0.201408,0.593904
-0.201396,0.5862
-0.201372,0.578484
-0.201348,0.570768
-0.201324,0.563064
-0.2013,0.555348
-0.201288,0.547632
-0.201264,0.539916
-0.20124,0.532212
-0.201216,0.524496
-0.201192,0.51678
-0.201168,0.509076
-0.201156,0.50136
-0.201132,0.493644
-0.201108,0.485928
-0.201084,0.478224
-0.20106,0.470508
-0.201036,0.462792
-0.201024,0.455088
-0.201,0.447372
-0.200976,0.439656
-0.200952,0.43194
-0.200928,0.424236
-0.200904,0.41652
-0.200892,0.408804
-0.200868,0.401088
-0.200844,0.393384
-0.20082,0.385668
-0.200796,0.377952
-0.200772,0.370236
-0.20076,0.362532
-0.200736,0.354816
-0.200712,0.3471
-0.200688,0.339384
-0.200664,0.33168
-0.20064,0.323964
-0.200628,0.316248
-0.200604,0.308532
-0.20058,0.300828
-0.200556,0.293112
-0.200532,0.285396
-0.200508,0.27768
-0.200496,0.269976
-0.200472,0.26226
-0.200448,0.254544
-0.200424,0.246828
-0.2004,0.239124
-0.200388,0.231408
-0.200364,0.223692
-0.20034,0.215976
-0.200316,0.208272
-0.200292,0.200556
-0.200268,0.19284
-0.200256,0.185124
-0.200232,0.177408
-0.200208,0.169704
-0.200184,0.161988
-0.20016,0.154272
-0.200136,0.146556
-0.200124,0.13884
-0.2001,0.131136
-0.200076,0.12342
-0.200052,0.1157052
-0.200028,0.1079916
-0.200004,0.100278
-0.199992,0.0925644
-0.199968,0.0848508
-0.199944,0.0771372
-0.19992,0.0694236
-0.199896,0.06171
-0.199872,0.0539964
-0.19986,0.0462828
-0.199836,0.0385692
-0.199812,0.0308556
-0.199788,0.023142
-0.199764,0.0154272
-0.19974,0.00771384
-0.199728,0.0
-0.199704,-0.00771384
-0.19968,-0.0154272
-0.199656,-0.023142
-0.199632,-0.0308556
-0.199608,-0.0385692
-0.199596,-0.0462828
-0.199572,-0.0539976
-0.199548,-0.0617112
-0.199524,-0.0694248
-0.1995,-0.0771396
-0.199488,-0.0848532
-0.199464,-0.0925668
-0.19944,-0.1002816
-0.199416,-0.1079952
-0.199392,-0.11571
-0.199368,-0.12342
-0.199356,-0.131136
-0.199332,-0.138852
-0.199308,-0.146568
-0.199284,-0.154284
-0.19926,-0.162
-0.199236,-0.169704
-0.199224,-0.17742
-0.1992,-0.185136
-0.199176,-0.192852
-0.199152,-0.200568
-0.199128,-0.208284
-0.199104,-0.216
-0.199092,-0.223704
-0.199068,-0.23142
-0.199044,-0.239136
-0.19902,-0.246852
-0.198996,-0.254568
-0.198972,-0.262284
-0.19896,-0.27
-0.198936,-0.277716
-0.198912,-0.28542
-0.198888,-0.293136
-0.198864,-0.300852
-0.19884,-0.308568
-0.198828,-0.316284
-0.198804,-0.324
-0.19878,-0.331716
-0.198756,-0.339432
-0.198732,-0.347148
-0.198708,-0.354852
-0.198696,-0.362568
-0.198672,-0.370284
-0.198648,-0.378
-0.198624,-0.385716
-0.1986,-0.393432
-0.198576,-0.401148
-0.198564,-0.408864
-0.19854,-0.41658
-0.198516,-0.424296
-0.198492,-0.432
-0.198468,-0.439716
-0.198456,-0.447432
-0.198432,-0.455148
-0.198408,-0.462864
-0.198384,-0.47058
-0.19836,-0.478296
-0.198336,-0.486012
-0.198324,-0.493728
-0.1983,-0.501444
-0.198276,-0.50916
-0.198252,-0.516876
-0.198228,-0.52458
-0.198204,-0.532296
-0.198192,-0.540012
-0.198168,-0.547728
-0.198144,-0.555444
-0.19812,-0.56316
-0.198096,-0.570876
-0.198072,-0.578592
-0.19806,-0.586308
-0.198036,-0.594024
-0.198012,-0.60174
-0.197988,-0.609456
-0.197964,-0.617172
-0.19794,-0.624888
-0.197928,-0.632604
-0.197904,-0.64032
-0.19788,-0.648036
-0.197856,-0.655752
-0.197832,-0.663456
-0.197808,-0.671172
-0.197796,-0.678888
-0.197772,-0.686604
-0.197748,-0.69432
-0.197724,-0.702036
-0.1977,-0.709752
-0.197676,-0.717468
-0.197664,-0.725184
-0.19764,-0.7329
-0.197616,-0.740616
-0.197592,-0.748332
-0.197568,-0.756048
-0.197544,-0.763764
-0.197532,-0.77148
-0.197508,-0.779196
-0.197484,-0.786912
-0.19746,-0.794628
-0.197436,-0.802344
-0.197424,-0.81006
-0.1974,-0.817776
-0.197376,-0.825492
-0.197352,-0.833208
-0.197328,-0.840924
-0.197304,-0.84864
-0.197292,-0.856356
-0.197268,-0.864072
-0.197244,-0.871788
-0.19722,-0.879504
-0.197196,-0.88722
-0.197172,-0.894936
-0.19716,-0.902652
-0.197136,-0.910368
-0.197112,-0.918084
-0.197088,-0.9258
-0.197064,-0.933516
-0.19704,-0.941232
-0.197028,-0.948948
-0.197004,-0.956664
-0.19698,-0.96438
-0.196956,-0.972096
-0.196932,-0.979812
-0.196908,-0.987528
-0.196896,-0.995244
-0.196872,-1.00296
-0.196848,-1.010676
-0.196824,-1.018392
-0.1968,-1.026108
-0.196776,-1.033824
-0.196764,-1.04154
-0.19674,-1.049256
-0.196716,-1.056972
-0.196692,-1.0647
-0.196668,-1.072416
-0.196644,-1.080132
-0.196632,-1.087848
-0.196608,-1.095564
-0.196584,-1.10328
-0.19656,-1.110996
-0.196536,-1.118712
-0.196512,-1.126428
-0.1965,-1.134144
-0.196476,-1.14186
-0.196452,-1.149576
-0.196428,-1.157292
-0.196404,-1.165008
-0.19638,-1.172724
-0.196368,-1.18044
-0.196344,-1.188156
-0.19632,-1.195872
-0.196296,-1.2036
-0.196272,-1.21128
-0.19626,-1.21908
-0.196236,-1.22676
-0.196212,-1.23444
-0.196188,-1.24212
-0.196164,-1.24992
-0.19614,-1.2576
-0.196128,-1.26528
-0.196104,-1.27308
-0.19608,-1.28076
-0.196056,-1.28844
-0.196032,-1.29624
-0.196008,-1.30392
-0.195996,-1.3116
-0.195972,-1.3194
-0.195948,-1.32708
-0.195924,-1.33476
-0.1959,-1.34256
-0.195876,-1.35024
-0.195864,-1.35792
-0.19584,-1.3656
-0.195816,-1.3734
-0.195792,-1.38108
-0.195768,-1.38876
-0.195744,-1.39656
-0.195732,-1.40424
-0.195708,-1.41192
-0.195684,-1.41972
-0.19566,-1.4274
-0.195636,-1.43508
-0.195612,-1.44288
-0.1956,-1.45056
-0.195576,-1.45824
-0.195552,-1.46592
-0.195528,-1.47372
-0.195504,-1.4814
-0.19548,-1.48908
-0.195468,-1.49688
-0.195444,-1.50456
-0.19542,-1.51224
-0.195396,-1.52004
-0.195372,-1.52772
-0.195348,-1.5354
-0.195336,-1.5432
-0.195312,-1.55088
-0.195288,-1.55856
-0.195264,-1.56636
-0.19524,-1.57404
-0.195216,-1.58172
-0.195204,-1.58952
-0.19518,-1.5972
-0.195156,-1.60488
-0.195132,-1.61256
-0.195108,-1.62036
-0.195096,-1.62804
-0.195072,-1.63572
-0.195048,-1.64352
-0.195024,-1.6512
-0.195,-1.65888
-0.194976,-1.66668
-0.194964,-1.67436
-0.19494,-1.68204
-0.194916,-1.68984
-0.194892,-1.69752
-0.194868,-1.7052
-0.194844,-1.713
-0.194832,-1.72068
-0.194808,-1.72836
-0.194784,-1.73616
-0.19476,-1.74384
-0.194736,-1.75152
-0.194712,-1.7592
-0.1947,-1.767
-0.194676,-1.77468
-0.190212,-1.78152
-0.190188,-1.7892
-0.190164,-1.79688
-0.1857,-1.8036
-0.185676,-1.8114
-0.181224,-1.81812
-0.176772,-1.82484
-0.17232,-1.83156
-0.16788,-1.83828
-0.16344,-1.845
-0.159036,-1.84404
-0.154608,-1.85076
-0.150204,-1.8498
-0.1458,-1.84884
-0.141384,-1.85544
-0.137004,-1.85448
-0.132624,-1.85352
-0.128244,-1.85256
-0.123864,-1.8516
-0.119496,-1.85064
-0.1151316,-1.84968
-0.1107924,-1.84104
-0.1064376,-1.84008
-0.1020864,-1.83912
-0.0977616,-1.83048
-0.0934188,-1.82952
-0.0891036,-1.82088
-0.084792,-1.81236
-0.0804864,-1.80384
-0.0761844,-1.7952
-0.071886,-1.78668
-0.0719076,-1.77912
-0.0676152,-1.7706
-0.0676368,-1.76292
-0.0676584,-1.75536
-0.0633696,-1.74684
-0.0633924,-1.73928
-0.063414,-1.7316
-0.0634356,-1.72404
-0.0634572,-1.71648
-0.0634788,-1.7088
-0.0635004,-1.70124
-0.0635232,-1.69368
-0.0635448,-1.68612
-0.0635664,-1.67844
-0.063588,-1.67088
-0.0636096,-1.66332
-0.0636312,-1.65564
-0.0636528,-1.64808
-0.0636756,-1.64052
-0.0636972,-1.63284
-0.0637188,-1.62528
-0.0637404,-1.61772
-0.063762,-1.61004
-0.0637836,-1.60248
-0.0638064,-1.59492
-0.063828,-1.58736
-0.0638496,-1.57968
-0.0638712,-1.57212
-0.0638928,-1.56456
-0.0639144,-1.55688
-0.063936,-1.54932
-0.0639588,-1.54176
-0.0639804,-1.53408
-0.064002,-1.52652
-0.0640236,-1.51896
-0.0640452,-1.5114
-0.0640668,-1.50372
-0.0640896,-1.49616
-0.0641112,-1.4886
-0.0641328,-1.48092
-0.0641544,-1.47336
-0.064176,-1.4658
-0.0641976,-1.45812
-0.0642192,-1.45056
-0.064242,-1.443
-0.0642636,-1.43532
-0.0642852,-1.42776
-0.0643068,-1.4202
-0.0643284,-1.41264
-0.06435,-1.40496
-0.0643716,-1.3974
-0.0643944,-1.38984
-0.064416,-1.38216
-0.0644376,-1.3746
-0.0644592,-1.36704
-0.0644808,-1.35936
-0.0645024,-1.3518
-0.0645252,-1.34424
-0.0645468,-1.33668
-0.0645684,-1.329
-0.06459,-1.32144
-0.0646116,-1.31388
-0.0646332,-1.3062
-0.0646548,-1.29864
-0.0646776,-1.29108
-0.0646992,-1.2834
-0.0647208,-1.27584
-0.0647424,-1.26828
-0.064764,-1.26072
-0.0647856,-1.25304
-0.0648084,-1.24548
-0.06483,-1.23792
-0.0648516,-1.23024
-0.0648732,-1.22268
-0.0648948,-1.21512
-0.0649164,-1.20744
-0.064938,-1.199904
-0.0649608,-1.192308
-0.0649824,-1.184712
-0.065004,-1.177116
-0.0650256,-1.16952
-0.0650472,-1.161924
-0.0650688,-1.154328
-0.0650904,-1.146732
-0.0651132,-1.139136
-0.0651348,-1.13154
-0.0651564,-1.123944
-0.065178,-1.116348
-0.0651996,-1.108752
-0.0652212,-1.101156
-0.065244,-1.09356
-0.0652656,-1.085964
-0.0652872,-1.078368
-0.0653088,-1.070772
-0.0653304,-1.063176
-0.065352,-1.05558
-0.0653736,-1.047984
-0.0653964,-1.040388
-0.065418,-1.032792
-0.0654396,-1.025196
-0.0654612,-1.0176
-0.0654828,-1.010004
-0.0655044,-1.00242
-0.065526,-0.994824
-0.0655488,-0.987228
-0.0655704,-0.979632
-0.065592,-0.972036
-0.0656136,-0.96444
-0.0656352,-0.956844
-0.0656568,-0.949248
-0.0656784,-0.941652
-0.0657012,-0.934056
-0.0657228,-0.92646
-0.0657444,-0.918864
-0.065766,-0.911268
-0.0657876,-0.903672
-0.0658092,-0.896088
-0.065832,-0.888492
-0.0658536,-0.880896
-0.0658752,-0.8733
-0.0658968,-0.865704
-0.0659184,-0.858108
-0.06594,-0.850512
-0.0659616,-0.842916
-0.0659844,-0.83532
-0.066006,-0.827724
-0.0660276,-0.820128
-0.0660492,-0.812532
-0.0660708,-0.804948
-0.0660924,-0.797352
-0.066114,-0.789756
-0.0661368,-0.78216
-0.0661584,-0.774564
-0.06618,-0.766968
-0.0662016,-0.759372
-0.0662232,-0.751776
-0.0662448,-0.74418
-0.0662664,-0.736596
-0.0662892,-0.729
-0.0663108,-0.721404
-0.0663324,-0.713808
-0.066354,-0.706212
-0.0663756,-0.698616
-0.0663972,-0.69102
-0.06642,-0.683424
-0.0664416,-0.67584
-0.0664632,-0.668244
-0.0664848,-0.660648
-0.0665064,-0.653052
-0.066528,-0.645456
-0.0665496,-0.63786
-0.0665724,-0.630264
-0.066594,-0.622668
-0.0666156,-0.615084
-0.0666372,-0.607488
-0.0666588,-0.599892
-0.0666804,-0.592296
-0.066702,-0.5847
-0.0667248,-0.577104
-0.0667464,-0.569508
-0.066768,-0.561924
-0.0667896,-0.554328
-0.0668112,-0.546732
-0.0668328,-0.539136
-0.0668544,-0.53154
-0.0668772,-0.523944
-0.0668988,-0.51636
-0.0669204,-0.508764
-0.066942,-0.501168
-0.0669636,-0.493572
-0.0669852,-0.485976
-0.0670068,-0.47838
-0.0670296,-0.470796
-0.0670512,-0.4632
-0.0670728,-0.455604
-0.0670944,-0.448008
-0.067116,-0.440412
-0.0671376,-0.432816
-0.0671592,-0.425232
-0.067182,-0.417636
-0.0672036,-0.41004
-0.0672252,-0.402444
-0.0672468,-0.394848
-0.0672684,-0.387252
-0.06729,-0.379668
-0.0673128,-0.372072
-0.0673344,-0.364476
-0.067356,-0.35688
-0.0673776,-0.349284
-0.0673992,-0.3417
-0.0674208,-0.334104
-0.0674424,-0.326508
-0.0674652,-0.318912
-0.0674868,-0.311316
-0.0675084,-0.303732
-0.06753,-0.296136
-0.0675516,-0.28854
-0.0675732,-0.280944
-0.0675948,-0.273348
-0.0676176,-0.265764
-0.0676392,-0.258168
-0.0676608,-0.250572
-0.0676824,-0.242976
-0.067704,-0.235392
-0.0677256,-0.227796
-0.0677472,-0.2202
-0.06777,-0.212604
-0.0677916,-0.205008
-0.0678132,-0.197424
-0.0678348,-0.189828
-0.0678564,-0.182232
-0.067878,-0.174636
-0.0678996,-0.167052
-0.0679224,-0.159456
-0.067944,-0.15186
-0.0679656,-0.144264
-0.0679872,-0.136668
-0.0680088,-0.129084
-0.0680304,-0.121488
-0.068052,-0.1138944
-0.0680748,-0.1063008
-0.0680964,-0.0987084
-0.068118,-0.0911148
-0.0681396,-0.0835224
-0.0681612,-0.0759288
-0.0681828,-0.0683364
-0.0682044,-0.0607428
-0.0682272,-0.0531504
-0.0682488,-0.0455568
-0.0682704,-0.0379644
-0.068292,-0.0303708
-0.0683136,-0.0227784
-0.0683352,-0.015186
-0.0683568,-0.00759276
-0.0683796,0.0
-0.0684012,0.00759276
-0.0684228,0.015186
-0.0684444,0.0227784
-0.068466,0.0303708
-0.0684876,0.0379632
-0.0685092,0.0455568
-0.068532,0.0531492
-0.0685536,0.0607416
-0.0685752,0.068334
-0.0685968,0.0759276
-0.0686184,0.08352
-0.06864,0.0911124
-0.0686616,0.0987048
-0.0686844,0.1062972
-0.068706,0.1138896
-0.0687276,0.121488
-0.0687492,0.129072
-0.0687708,0.136668
-0.0687924,0.144264
-0.068814,0.151848
-0.0688368,0.159444
-0.0688584,0.16704
-0.06888,0.174624
-0.0689016,0.18222
-0.0689232,0.189816
-0.0689448,0.197412
-0.0689664,0.204996
-0.0689892,0.212592
-0.0690108,0.220188
-0.0690324,0.227772
-0.069054,0.235368
-0.0690756,0.242964
-0.0690972,0.250548
-0.0691188,0.258144
-0.0691416,0.26574
-0.0691632,0.273324
-0.0691848,0.28092
-0.0692064,0.288516
-0.069228,0.2961
-0.0692496,0.303696
-0.0692712,0.311292
-0.069294,0.318876
-0.0693156,0.326472
-0.0693372,0.334068
-0.0693588,0.341652
-0.0693804,0.349248
-0.069402,0.356844
-0.0694236,0.364428
-0.0694464,0.372024
-0.069468,0.37962
-0.0694896,0.387204
-0.0695112,0.3948
-0.0695328,0.402396
-0.0695544,0.40998
-0.069576,0.417576
-0.0695988,0.425172
-0.0696204,0.432756
-0.069642,0.440352
-0.0696636,0.447948
-0.0696852,0.455532
-0.0697068,0.463128
-0.0697284,0.470712
-0.0697512,0.478308
-0.0697728,0.485904
-0.0697944,0.493488
-0.069816,0.501084
-0.0698376,0.50868
-0.0698592,0.516264
-0.0698808,0.52386
-0.0699024,0.531456
-0.0699252,0.53904
-0.0699468,0.546636
-0.0699684,0.55422
-0.06999,0.561816
-0.0700116,0.569412
-0.0700332,0.576996
-0.0700548,0.584592
-0.0700776,0.592176
-0.0700992,0.599772
-0.0701208,0.607368
-0.0701424,0.614952
-0.070164,0.622548
-0.0701856,0.630132
-0.0702072,0.637728
-0.07023,0.645324
-0.0702516,0.652908
-0.0702732,0.660504
-0.0702948,0.668088
-0.0703164,0.675684
-0.070338,0.68328
-0.0703596,0.690864
-0.0703824,0.69846
-0.070404,0.706044
-0.0704256,0.71364
-0.0704472,0.721236
-0.0704688,0.72882
-0.0704904,0.736416
-0.070512,0.744
-0.0705348,0.751596
-0.0705564,0.759192
-0.070578,0.766776
-0.0705996,0.774372
-0.0706212,0.781956
-0.0706428,0.789552
-0.0706644,0.797136
-0.070686,0.804732
-0.0707088,0.812328
-0.0707304,0.819912
-0.070752,0.827508
-0.0707736,0.835092
-0.0707952,0.842688
-0.0708168,0.850272
-0.0708384,0.857868
-0.0708612,0.865452
-0.0708828,0.873048
-0.0709044,0.880644
-0.070926,0.888228
-0.0709476,0.895824
-0.0709692,0.903408
-0.0709908,0.911004
-0.0710136,0.918588
-0.0710352,0.926184
-0.0710568,0.933768
-0.0710784,0.941364
-0.0711,0.948948
-0.0711216,0.956544
-0.0711432,0.96414
-0.071166,0.971724
-0.0711876,0.97932
-0.0712092,0.986904
-0.0712308,0.9945
-0.0712524,1.002084
-0.071274,1.00968
-0.0712956,1.017264
-0.0713172,1.02486
-0.07134,1.032444
-0.0713616,1.04004
-0.0713832,1.047624
-0.0714048,1.05522
-0.0714264,1.062804
-0.071448,1.0704
-0.0714696,1.077984
-0.0714924,1.08558
-0.071514,1.093164
-0.0715356,1.10076
-0.0715572,1.108344
-0.0715788,1.11594
-0.0716004,1.123524
-0.071622,1.13112
-0.0716448,1.138704
-0.0716664,1.1463
-0.071688,1.153884
-0.0717096,1.16148
-0.0717312,1.169064
-0.0717528,1.17666
-0.0717744,1.184244
-0.071796,1.19184
-0.0718188,1.199424
-0.0718404,1.20696
-0.071862,1.21464
-0.0718836,1.2222
-0.0719052,1.22976
-0.0719268,1.23732
-0.0719484,1.245
-0.0719712,1.25256
-0.0719928,1.26012
-0.0720144,1.26768
-0.072036,1.27536
-0.0720576,1.28292
-0.0720792,1.29048
-0.0721008,1.29804
-0.0721236,1.30572
-0.0721452,1.31328
-0.0721668,1.32084
-0.0721884,1.3284
-0.07221,1.33608
-0.0722316,1.34364
-0.0722532,1.3512
-0.0722748,1.35876
-0.0722976,1.36644
-0.0723192,1.374
-0.0723408,1.38156
-0.0723624,1.38912
-0.072384,1.3968
-0.0724056,1.40436
-0.0724272,1.41192
-0.07245,1.41948
-0.0724716,1.42716
-0.0724932,1.43472
-0.0725148,1.44228
-0.0725364,1.44984
-0.072558,1.45752
-0.0725796,1.46508
-0.0726012,1.47264
-0.072624,1.4802
-0.0726456,1.48788
-0.0726672,1.49544
-0.0726888,1.503
-0.0727104,1.51056
-0.072732,1.51824
-0.0727536,1.5258
-0.0727764,1.53336
-0.072798,1.54092
-0.0728196,1.5486
-0.0728412,1.55616
-0.0728628,1.56372
-0.0728844,1.57128
-0.072906,1.57884
-0.0729288,1.58652
-0.0729504,1.59408
-0.072972,1.60164
-0.0729936,1.6092
-0.0730152,1.61688
-0.0730368,1.62444
-0.0730584,1.632
-0.07308,1.63956
-0.0731028,1.64724
-0.0731244,1.6548
-0.073146,1.66236
-0.0731676,1.66992
-0.0731892,1.6776
-0.0732108,1.68516
-0.0732324,1.69272
-0.0732552,1.70028
-0.0732768,1.70796
-0.0732984,1.71552
-0.07332,1.72308
-0.0733416,1.73064
-0.0690552,1.73736
-0.0690768,1.74492
-0.0690984,1.75248
-0.0648156,1.7592
-0.0648372,1.76676
-0.0605604,1.77336
-0.056286,1.78008
-0.0520176,1.78668
-0.0477528,1.7934
-0.0434928,1.8
-0.039216,1.79904
-0.0349644,1.80564
-0.030696,1.80468
-0.0264324,1.80372
-0.022194,1.81032
-0.0179388,1.80948
-0.0136884,1.80852
-0.00944232,1.80756
-0.00520044,1.8066
-0.000963024,1.80564
0.00327012,1.8048
0.0075204,1.79628
0.01174476,1.79532
0.0159648,1.79448
0.020202,1.78596
0.0244128,1.78512
0.0286416,1.77672
0.0328656,1.76832
0.037086,1.75992
0.0413016,1.75152
0.0455124,1.74312
0.045534,1.73556
0.04974,1.72728
0.0497616,1.71972
0.0497832,1.71228
0.0539856,1.704
0.0540072,1.69644
0.0540288,1.689
0.0540504,1.68156
0.054072,1.674
0.0540936,1.66656
0.0541152,1.65912
0.0541368,1.65168
0.0541584,1.64412
0.05418,1.63668
0.0542016,1.62924
0.0542232,1.6218
0.0542448,1.61424
0.0542664,1.6068
0.054288,1.59936
0.0543096,1.59192
0.0543312,1.58436
0.0543528,1.57692
0.0543744,1.56948
0.054396,1.56204
0.0544176,1.55448
0.0544392,1.54704
0.0544608,1.5396
0.0544824,1.53204
0.054504,1.5246
0.0545256,1.51716
0.0545472,1.50972
0.0545688,1.50216
0.0545904,1.49472
0.054612,1.48728
0.0546336,1.47984
0.0546552,1.47228
0.0546768,1.46484
0.0546984,1.4574
0.05472,1.44996
0.0547416,1.4424
0.0547632,1.43496
0.0547848,1.42752
0.0548064,1.41996
0.054828,1.41252
0.0548496,1.40508
0.0548712,1.39764
0.0548928,1.39008
0.0549144,1.38264
0.054936,1.3752
0.0549576,1.36776
0.0549792,1.3602
0.0550008,1.35276
0.0550224,1.34532
0.055044,1.33788
0.0550656,1.33032
0.0550872,1.32288
0.0551088,1.31544
0.0551304,1.30788
0.055152,1.30044
0.0551736,1.293
0.0551952,1.28556
0.0552168,1.278
0.0552372,1.27056
0.0552588,1.26312
0.0552804,1.25568
0.055302,1.24812
0.0553236,1.24068
0.0553452,1.23324
0.0553668,1.22568
0.0553884,1.21824
0.05541,1.2108
0.0554316,1.20336
0.0554532,1.195848
0.0554748,1.188372
0.0554964,1.180908
0.055518,1.173432
0.0555396,1.165956
0.0555612,1.15848
0.0555828,1.151016
0.0556044,1.14354
0.055626,1.136064
0.0556476,1.1286
0.0556692,1.121124
0.0556908,1.113648
0.0557124,1.106172
0.055734,1.098708
0.0557556,1.091232
0.0557772,1.083756
0.0557988,1.07628
0.0558204,1.068816
0.055842,1.06134
0.0558636,1.053864
0.0558852,1.046388
0.0559068,1.038924
0.0559284,1.031448
0.05595,1.023972
0.0559716,1.016496
0.0559932,1.009032
0.0560148,1.001556
0.0560364,0.99408
0.056058,0.986604
0.0560796,0.97914
0.0561012,0.971664
0.0561228,0.964188
0.0561444,0.956712
0.056166,0.949248
0.0561876,0.941772
0.0562092,0.934296
0.0562308,0.92682
0.0562524,0.919356
0.056274,0.91188
0.0562956,0.904404
0.0563172,0.896928
0.0563388,0.889452
0.0563604,0.881988
0.056382,0.874512
0.0564036,0.867036
0.0564252,0.85956
0.0564468,0.852096
0.0564684,0.84462
0.05649,0.837144
0.0565116,0.829668
0.0565332,0.822192
0.0565548,0.814728
0.0565764,0.807252
0.056598,0.799776
0.0566196,0.7923
0.0566412,0.784824
0.0566628,0.77736
0.0566844,0.769884
0.056706,0.762408
0.0567276,0.754932
0.0567492,0.747456
0.0567708,0.739992
0.0567924,0.732516
0.056814,0.72504
0.0568344,0.717564
0.056856,0.710088
0.0568776,0.702612
0.0568992,0.695148
0.0569208,0.687672
0.0569424,0.680196
0.056964,0.67272
0.0569856,0.665244
0.0570072,0.65778
0.0570288,0.650304
0.0570504,0.642828
0.057072,0.635352
0.0570936,0.627876
0.0571152,0.6204
0.0571368,0.612936
0.0571584,0.60546
0.05718,0.597984
0.0572016,0.590508
0.0572232,0.583032
0.0572448,0.575556
0.0572664,0.568092
0.057288,0.560616
0.0573096,0.55314
0.0573312,0.545664
0.0573528,0.538188
0.0573744,0.530712
0.057396,0.523236
0.0574176,0.515772
0.0574392,0.508296
0.0574608,0.50082
0.0574824,0.493344
0.057504,0.485868
0.0575256,0.478392
0.0575472,0.470916
0.0575688,0.463452
0.0575904,0.455976
0.057612,0.4485
0.0576336,0.441024
0.0576552,0.433548
0.0576768,0.426072
0.0576984,0.418596
0.05772,0.41112
0.0577416,0.403656
0.0577632,0.39618
0.0577848,0.388704
0.0578064,0.381228
0.057828,0.373752
0.0578496,0.366276
0.0578712,0.3588
0.0578928,0.351324
0.0579144,0.34386
0.057936,0.336384
0.0579576,0.328908
0.0579792,0.321432
0.0580008,0.313956
0.0580224,0.30648
0.058044,0.299004
0.0580656,0.291528
0.0580872,0.284052
0.0581088,0.276576
0.0581304,0.269112
0.058152,0.261636
0.0581736,0.25416
0.0581952,0.246684
0.0582168,0.239208
0.0582384,0.231732
0.05826,0.224256
0.0582816,0.21678
0.0583032,0.209304
0.0583248,0.201828
0.0583464,0.194352
0.058368,0.186888
0.0583896,0.179412
0.0584112,0.171936
0.0584328,0.16446
0.0584544,0.156984
0.058476,0.149508
0.0584976,0.142032
0.0585192,0.134556
0.0585408,0.12708
0.0585624,0.1196064
0.058584,0.1121304
0.0586056,0.1046556
0.0586272,0.0971796
0.0586488,0.0897048
0.0586704,0.08223
0.058692,0.074754
0.0587136,0.0672792
0.0587352,0.0598032
0.0587568,0.0523284
0.0587784,0.0448524
0.0588,0.0373776
0.0588216,0.0299016
0.0588432,0.0224268
0.0588648,0.0149508
0.0588864,0.00747552
0.058908,0.0
0.0589296,-0.00747552
0.0589512,-0.0149508
0.0589728,-0.0224268
0.0589944,-0.0299028
0.059016,-0.0373776
0.0590376,-0.0448536
0.0590592,-0.0523296
0.0590796,-0.0598044
0.0591012,-0.0672804
0.0591228,-0.0747564
0.0591444,-0.0822312
0.059166,-0.0897072
0.0591876,-0.0971832
0.0592092,-0.1046592
0.0592308,-0.1121352
0.0592524,-0.11961
0.059274,-0.127092
0.0592956,-0.134568
0.0593172,-0.142044
0.0593388,-0.149508
0.0593604,-0.156984
0.059382,-0.16446
0.0594036,-0.171936
0.0594252,-0.179412
0.0594468,-0.186888
0.0594684,-0.194364
0.05949,-0.20184
0.0595116,-0.209316
0.0595332,-0.216792
0.0595548,-0.224268
0.0595764,-0.231744
0.059598,-0.23922
0.0596196,-0.246696
0.0596412,-0.254184
0.0596628,-0.26166
0.0596844,-0.269136
0.059706,-0.276612
0.0597276,-0.284088
0.0597492,-0.291564
0.0597708,-0.29904
0.0597924,-0.306516
0.059814,-0.313992
0.0598356,-0.321468
0.0598572,-0.328944
0.0598788,-0.33642
0.0599004,-0.343896
0.059922,-0.351372
0.0599436,-0.358848
0.0599652,-0.366324
0.0599868,-0.3738
0.0600084,-0.381276
0.06003,-0.388752
0.0600516,-0.396228
0.0600732,-0.403704
0.0600948,-0.41118
0.0601164,-0.418656
0.060138,-0.426132
0.0601596,-0.433608
0.0601812,-0.441084
0.0602028,-0.44856
0.0602244,-0.456036
0.060246,-0.463512
0.0602676,-0.470988
0.0602892,-0.478476
0.0603108,-0.485952
0.0603324,-0.493428
0.060354,-0.500904
0.0603756,-0.50838
0.0603972,-0.515856
0.0604188,-0.523332
0.0604404,-0.530808
0.060462,-0.538284
0.0604836,-0.54576
0.0605052,-0.553236
0.0605268,-0.560712
0.0605484,-0.568188
0.06057,-0.575664
0.0605916,-0.58314
0.0606132,-0.590628
0.0606348,-0.598104
0.0606564,-0.60558
0.060678,-0.613056
0.0606996,-0.620532
0.0607212,-0.628008
0.0607428,-0.635484
0.0607644,-0.64296
0.060786,-0.650436
0.0608076,-0.657912
0.0608292,-0.665388
0.0608508,-0.672876
0.0608724,-0.680352
0.060894,-0.687828
0.0609156,-0.695304
0.0609372,-0.70278
0.0609588,-0.710256
0.0609804,-0.717732
0.061002,-0.725208
0.0610236,-0.732684
0.0610452,-0.74016
0.0610668,-0.747648
0.0610884,-0.755124
0.06111,-0.7626
0.0611316,-0.770076
0.0611532,-0.777552
0.0611748,-0.785028
0.0611964,-0.792504
0.061218,-0.79998
0.0612396,-0.807468
0.0612612,-0.814944
0.0612828,-0.82242
0.0613044,-0.829896
0.061326,-0.837372
0.0613476,-0.844848
0.0613692,-0.852324
0.0613908,-0.8598
0.0614124,-0.867288
0.061434,-0.874764
0.0614556,-0.88224
0.0614772,-0.889716
0.0614988,-0.897192
0.0615204,-0.904668
0.061542,-0.912144
0.0615636,-0.919632
0.0615852,-0.927108
0.0616068,-0.934584
0.0616284,-0.94206
0.06165,-0.949536
0.0616716,-0.957012
0.0616932,-0.964488
0.0617148,-0.971976
0.0617364,-0.979452
0.061758,-0.986928
0.0617796,-0.994404
0.0618012,-1.00188
0.0618228,-1.009356
0.0618444,-1.016844
0.061866,-1.02432
0.0618876,-1.031796
0.0619092,-1.039272
0.0619308,-1.046748
0.0619524,-1.054224
0.061974,-1.061712
0.0619956,-1.069188
0.0620172,-1.076664
0.0620388,-1.08414
0.0620604,-1.091616
0.062082,-1.099104
0.0621036,-1.10658
0.0621252,-1.114056
0.0621468,-1.121532
0.0621684,-1.129008
0.06219,-1.136484
0.0622116,-1.143972
0.0622332,-1.151448
0.0622548,-1.158924
0.0622764,-1.1664
0.062298,-1.173876
0.0623196,-1.181364
0.0623412,-1.18884
0.0623628,-1.196316
0.0623844,-1.20384
0.062406,-1.21128
0.0624276,-1.21872
0.0624492,-1.22628
0.0624708,-1.23372
0.0624924,-1.24116
0.062514,-1.24872
0.0625356,-1.25616
0.0625572,-1.2636
0.0625788,-1.27116
0.0626004,-1.2786
0.062622,-1.28604
0.0626436,-1.29348
0.0626652,-1.30104
0.0626868,-1.30848
0.0627084,-1.31592
0.06273,-1.32348
0.0627516,-1.33092
0.0627732,-1.33836
0.0627948,-1.34592
0.0628164,-1.35336
0.062838,-1.3608
0.0628596,-1.36836
0.0628812,-1.3758
0.0629028,-1.38324
0.0629244,-1.3908
0.062946,-1.39824
0.0629676,-1.40568
0.0629892,-1.41324
0.0630108,-1.42068
0.0630324,-1.42812
0.063054,-1.43568
0.0630756,-1.44312
0.0630972,-1.45056
0.0631188,-1.45812
0.0631404,-1.46556
0.063162,-1.473
0.0631836,-1.48056
0.0632052,-1.488
0.0632268,-1.49544
0.0632484,-1.503
0.06327,-1.51044
0.0632916,-1.51788
0.0633132,-1.52544
0.0633348,-1.53288
0.0633564,-1.54032
0.063378,-1.54788
0.0633996,-1.55532
0.0634212,-1.56276
0.0634428,-1.57032
0.0634644,-1.57776
0.063486,-1.5852
0.0635076,-1.59264
0.0635292,-1.6002
0.0635508,-1.60764
0.0635724,-1.61508
0.063594,-1.62264
0.0636156,-1.63008
0.0636372,-1.63752
0.0636588,-1.64508
0.0636804,-1.65252
0.063702,-1.65996
0.0637236,-1.66752
0.0637452,-1.67496
0.0637668,-1.6824
0.0637884,-1.68996
0.06381,-1.6974
0.0638316,-1.70484
0.0638532,-1.7124
0.0638748,-1.71984
0.06807,-1.72644
0.0680916,-1.73388
0.0681132,-1.74144
0.0723048,-1.74792
0.0723264,-1.75548
0.0765132,-1.76196
0.0806952,-1.76856
0.0848736,-1.77516
0.0890472,-1.78164
0.0932172,-1.78824
0.0973608,-1.78728
0.1015224,-1.79376
0.1056576,-1.79292
0.109788,-1.79196
0.1139364,-1.79844
0.1180596,-1.7976
0.122172,-1.79664
0.126288,-1.79568
0.130404,-1.79484
0.134508,-1.79388
0.138612,-1.79304
0.14268,-1.78464
0.146784,-1.7838
0.150864,-1.78284
0.154932,-1.77456
0.159012,-1.7736
0.163068,-1.76532
0.167124,-1.75704
0.171168,-1.74876
0.175212,-1.74048
0.179244,-1.73232
0.17922,-1.72488
0.183264,-1.7166
0.18324,-1.70928
0.183216,-1.70196
0.187248,-1.69368
0.187224,-1.68636
0.1872,-1.67892
0.187188,-1.6716
0.187164,-1.66416
0.18714,-1.65684
0.187116,-1.64952
0.187092,-1.64208
0.18708,-1.63476
0.187056,-1.62744
0.187032,-1.62
0.187008,-1.61268
0.186996,-1.60524
0.186972,-1.59792
0.186948,-1.5906
0.186924,-1.58316
0.1869,-1.57584
0.186888,-1.56852
0.186864,-1.56108
0.18684,-1.55376
0.186816,-1.54632
0.186792,-1.539
0.18678,-1.53168
0.186756,-1.52424
0.186732,-1.51692
0.186708,-1.5096
0.186696,-1.50216
0.186672,-1.49484
0.186648,-1.4874
0.186624,-1.48008
0.1866,-1.47276
0.186588,-1.46532
0.186564,-1.458
0.18654,-1.45056
0.186516,-1.44324
0.186492,-1.43592
0.18648,-1.42848
0.186456,-1.42116
0.186432,-1.41384
0.186408,-1.4064
0.186396,-1.39908
0.186372,-1.39164
0.186348,-1.38432
0.186324,-1.377
0.1863,-1.36956
0.186288,-1.36224
0.186264,-1.35492
0.18624,-1.34748
0.186216,-1.34016
0.186192,-1.33272
0.18618,-1.3254
0.186156,-1.31808
0.186132,-1.31064
0.186108,-1.30332
0.186096,-1.296
0.186072,-1.28856
0.186048,-1.28124
0.186024,-1.2738
0.186,-1.26648
0.185988,-1.25916
0.185964,-1.25172
0.18594,-1.2444
0.185916,-1.23708
0.185892,-1.22964
0.18588,-1.22232
0.185856,-1.21488
0.185832,-1.20756
0.185808,-1.20024
0.185796,-1.192848
0.185772,-1.18548
0.185748,-1.178112
0.185724,-1.170744
0.1857,-1.163388
0.185688,-1.15602
0.185664,-1.148652
0.18564,-1.141296
0.185616,-1.133928
0.185592,-1.12656
0.18558,-1.119192
0.185556,-1.111836
0.185532,-1.104468
0.185508,-1.0971
0.185496,-1.089744
0.185472,-1.082376
0.185448,-1.075008
0.185424,-1.067652
0.1854,-1.060284
0.185388,-1.052916
0.185364,-1.045548
0.18534,-1.038192
0.185316,-1.030824
0.185292,-1.023456
0.18528,-1.0161
0.185256,-1.008732
0.185232,-1.001364
0.185208,-0.994008
0.185196,-0.98664
0.185172,-0.979272
0.185148,-0.971916
0.185124,-0.964548
0.1851,-0.95718
0.185088,-0.949824
0.185064,-0.942456
0.18504,-0.935088
0.185016,-0.927732
0.185004,-0.920364
0.18498,-0.912996
0.184956,-0.90564
0.184932,-0.898272
0.184908,-0.890904
0.184896,-0.883548
0.184872,-0.87618
0.184848,-0.868812
0.184824,-0.861456
0.1848,-0.854088
0.184788,-0.84672
0.184764,-0.839364
0.18474,-0.831996
0.184716,-0.824628
0.184704,-0.817272
0.18468,-0.809904
0.184656,-0.802536
0.184632,-0.79518
0.184608,-0.787812
0.184596,-0.780444
0.184572,-0.773088
0.184548,-0.76572
0.184524,-0.758364
0.1845,-0.750996
0.184488,-0.743628
0.184464,-0.736272
0.18444,-0.728904
0.184416,-0.721536
0.184404,-0.71418
0.18438,-0.706812
0.184356,-0.699456
0.184332,-0.692088
0.184308,-0.68472
0.184296,-0.677364
0.184272,-0.669996
0.184248,-0.662628
0.184224,-0.655272
0.1842,-0.647904
0.184188,-0.640548
0.184164,-0.63318
0.18414,-0.625812
0.184116,-0.618456
0.184104,-0.611088
0.18408,-0.603732
0.184056,-0.596364
0.184032,-0.588996
0.184008,-0.58164
0.183996,-0.574272
0.183972,-0.566916
0.183948,-0.559548
0.183924,-0.55218
0.1839,-0.544824
0.183888,-0.537456
0.183864,-0.5301
0.18384,-0.522732
0.183816,-0.515364
0.183804,-0.508008
0.18378,-0.50064
0.183756,-0.493284
0.183732,-0.485916
0.183708,-0.47856
0.183696,-0.471192
0.183672,-0.463824
0.183648,-0.456468
0.183624,-0.4491
0.183612,-0.441744
0.183588,-0.434376
0.183564,-0.427008
0.18354,-0.419652
0.183516,-0.412284
0.183504,-0.404928
0.18348,-0.39756
0.183456,-0.390204
0.183432,-0.382836
0.183408,-0.37548
0.183396,-0.368112
0.183372,-0.360744
0.183348,-0.353388
0.183324,-0.34602
0.183312,-0.338664
0.183288,-0.331296
0.183264,-0.32394
0.18324,-0.316572
0.183216,-0.309216
0.183204,-0.301848
0.18318,-0.29448
0.183156,-0.287124
0.183132,-0.279756
0.183108,-0.2724
0.183096,-0.265032
0.183072,-0.257676
0.183048,-0.250308
0.183024,-0.242952
0.183012,-0.235584
0.182988,-0.228228
0.182964,-0.22086
0.18294,-0.213504
0.182916,-0.206136
0.182904,-0.19878
0.18288,-0.191412
0.182856,-0.184056
0.182832,-0.176688
0.182808,-0.16932
0.182796,-0.161964
0.182772,-0.154596
0.182748,-0.14724
0.182724,-0.139872
0.182712,-0.132516
0.182688,-0.125148
0.182664,-0.1177908
0.18264,-0.1104288
0.182616,-0.1030668
0.182604,-0.0957048
0.18258,-0.0883428
0.182556,-0.0809808
0.182532,-0.0736188
0.18252,-0.0662568
0.182496,-0.0588948
0.182472,-0.0515328
0.182448,-0.0441708
0.182424,-0.0368088
0.182412,-0.0294468
0.182388,-0.022086
0.182364,-0.014724
0.18234,-0.00736176
0.182316,0.0
0.182304,0.00736176
0.18228,0.014724
0.182256,0.0220848
0.182232,0.0294468
0.18222,0.0368088
0.182196,0.0441708
0.182172,0.0515316
0.182148,0.0588936
0.182124,0.0662556
0.182112,0.0736176
0.182088,0.0809784
0.182064,0.0883404
0.18204,0.0957024
0.182016,0.1030632
0.182004,0.1104252
0.18198,0.117786
0.181956,0.125148
0.181932,0.132504
0.18192,0.139872
0.181896,0.147228
0.181872,0.154596
0.181848,0.161952
0.181824,0.16932
0.181812,0.176676
0.181788,0.184044
0.181764,0.1914
0.18174,0.198768
0.181716,0.206124
0.181704,0.21348
0.18168,0.220848
0.181656,0.228204
0.181632,0.235572
0.18162,0.242928
0.181596,0.250296
0.181572,0.257652
0.181548,0.265008
0.181524,0.272376
0.181512,0.279732
0.181488,0.2871
0.181464,0.294456
0.18144,0.301824
0.181428,0.30918
0.181404,0.316536
0.18138,0.323904
0.181356,0.33126
0.181332,0.338628
0.18132,0.345984
0.181296,0.35334
0.181272,0.360708
0.181248,0.368064
0.181224,0.375432
0.181212,0.382788
0.181188,0.390156
0.181164,0.397512
0.18114,0.404868
0.181128,0.412236
0.181104,0.419592
0.18108,0.42696
0.181056,0.434316
0.181032,0.441672
0.18102,0.44904
0.180996,0.456396
0.180972,0.463752
0.180948,0.47112
0.180924,0.478476
0.180912,0.485844
0.180888,0.4932
0.180864,0.500556
0.18084,0.507924
0.180828,0.51528
0.180804,0.522648
0.18078,0.530004
0.180756,0.53736
0.180732,0.544728
0.18072,0.552084
0.180696,0.55944
0.180672,0.566808
0.180648,0.574164
0.180636,0.581532
0.180612,0.588888
0.180588,0.596244
0.180564,0.603612
0.18054,0.610968
0.180528,0.618324
0.180504,0.625692
0.18048,0.633048
0.180456,0.640404
0.180432,0.647772
0.18042,0.655128
0.180396,0.662484
0.180372,0.669852
0.180348,0.677208
0.180336,0.684576
0.180312,0.691932
0.180288,0.699288
0.180264,0.706656
0.18024,0.714012
0.180228,0.721368
0.180204,0.728736
0.18018,0.736092
0.180156,0.743448
0.180132,0.750816
0.18012,0.758172
0.180096,0.765528
0.180072,0.772896
0.180048,0.780252
0.180036,0.787608
0.180012,0.794976
0.179988,0.802332
0.179964,0.809688
0.17994,0.817056
0.179928,0.824412
0.179904,0.831768
0.17988,0.839124
0.179856,0.846492
0.179844,0.853848
0.17982,0.861204
0.179796,0.868572
0.179772,0.875928
0.179748,0.883284
0.179736,0.890652
0.179712,0.898008
0.179688,0.905364
0.179664,0.912732
0.17964,0.920088
0.179628,0.927444
0.179604,0.9348
0.17958,0.942168
0.179556,0.949524
0.179544,0.95688
0.17952,0.964248
0.179496,0.971604
0.179472,0.97896
0.179448,0.986316
0.179436,0.993684
0.179412,1.00104
0.179388,1.008396
0.179364,1.015764
0.17934,1.02312
0.179328,1.030476
0.179304,1.037832
0.17928,1.0452
0.179256,1.052556
0.179244,1.059912
0.17922,1.06728
0.179196,1.074636
0.179172,1.081992
0.179148,1.089348
0.179136,1.096716
0.179112,1.104072
0.179088,1.111428
0.179064,1.118784
0.179052,1.126152
0.179028,1.133508
0.179004,1.140864
0.17898,1.14822
0.178956,1.155588
0.178944,1.162944
0.17892,1.1703
0.178896,1.177656
0.178872,1.185024
0.178848,1.19238
0.178836,1.199736
0.178812,1.20708
0.178788,1.2144
0.178764,1.22184
0.178752,1.22916
0.178728,1.23648
0.178704,1.24392
0.17868,1.25124
0.178656,1.25856
0.178644,1.266
0.17862,1.27332
0.178596,1.28064
0.178572,1.28808
0.178548,1.2954
0.178536,1.30272
0.178512,1.31016
0.178488,1.31748
0.178464,1.3248
0.178452,1.33224
0.178428,1.33956
0.178404,1.34688
0.17838,1.35432
0.178356,1.36164
0.178344,1.36896
0.17832,1.3764
0.178296,1.38372
0.178272,1.39104
0.17826,1.39848
0.178236,1.4058
0.178212,1.41312
0.178188,1.42044
0.178164,1.42788
0.178152,1.4352
0.178128,1.44252
0.178104,1.44996
0.17808,1.45728
0.178056,1.4646
0.178044,1.47204
0.17802,1.47936
0.177996,1.48668
0.177972,1.49412
0.17796,1.50144
0.177936,1.50876
0.177912,1.5162
0.177888,1.52352
0.177864,1.53084
0.177852,1.53828
0.177828,1.5456
0.177804,1.55292
0.17778,1.56036
0.177768,1.56768
0.177744,1.575
0.17772,1.58232
0.177696,1.58976
0.177672,1.59708
0.17766,1.6044
0.177636,1.61184
0.177612,1.61916
0.177588,1.62648
0.177564,1.63392
0.177552,1.64124
0.177528,1.64856
0.177504,1.656
0.17748,1.66332
0.177468,1.67064
0.181488,1.67712
0.181476,1.68456
0.181452,1.69188
0.185472,1.69836
0.185448,1.70568
0.189468,1.71216
0.193488,1.71864
0.197508,1.72512
0.201516,1.7316
0.205512,1.73808
0.209544,1.73724
0.21354,1.7436
0.217548,1.74276
0.221556,1.74192
0.22554,1.74828
0.229548,1.74744
0.233544,1.7466
0.23754,1.74564
0.241524,1.7448
0.245508,1.74396
0.249492,1.743
0.253488,1.73484
0.257472,1.734
0.261432,1.73316
0.265428,1.725
0.269388,1.72416
0.27336,1.716
0.277344,1.70784
0.281304,1.6998
0.285276,1.69164
0.289236,1.6836
0.28926,1.67628
0.29322,1.66824
0.293244,1.66092
0.293268,1.65372
0.297216,1.64568
0.29724,1.63836
0.297264,1.63116
0.297288,1.62396
0.2973,1.61664
0.297324,1.60944
0.297348,1.60212
0.297372,1.59492
0.297384,1.58772
0.297408,1.5804
0.297432,1.5732
0.297456,1.56588
0.297468,1.55868
0.297492,1.55148
0.297516,1.54416
0.29754,1.53696
0.297552,1.52964
0.297576,1.52244
0.2976,1.51524
0.297624,1.50792
0.297648,1.50072
0.29766,1.4934
0.297684,1.4862
0.297708,1.479
0.297732,1.47168
0.297744,1.46448
0.297768,1.45716
0.297792,1.44996
0.297816,1.44276
0.297828,1.43544
0.297852,1.42824
0.297876,1.42092
0.2979,1.41372
0.297924,1.40652
0.297936,1.3992
0.29796,1.392
0.297984,1.38468
0.298008,1.37748
0.29802,1.37028
0.298044,1.36296
0.298068,1.35576
0.298092,1.34844
0.298104,1.34124
0.298128,1.33404
0.298152,1.32672
0.298176,1.31952
0.2982,1.3122
0.298212,1.305
0.298236,1.2978
0.29826,1.29048
0.298284,1.28328
0.298296,1.27596
0.29832,1.26876
0.298344,1.26144
0.298368,1.25424
0.29838,1.24704
0.298404,1.23972
0.298428,1.23252
0.298452,1.2252
0.298476,1.218
0.298488,1.2108
0.298512,1.20348
0.298536,1.196256
0.29856,1.189008
0.298572,1.18176
0.298596,1.174512
0.29862,1.167264
0.298644,1.160016
0.298656,1.152768
0.29868,1.14552
0.298704,1.138272
0.298728,1.131024
0.298752,1.123776
0.298764,1.116528
0.298788,1.10928
0.298812,1.102032
0.298836,1.094784
0.298848,1.087524
0.298872,1.080276
0.298896,1.073028
0.29892,1.06578
0.298932,1.058532
0.298956,1.051284
0.29898,1.044036
0.299004,1.036788
0.299028,1.02954
0.29904,1.022292
0.299064,1.015044
0.299088,1.007796
0.299112,1.000536
0.299124,0.993288
0.299148,0.98604
0.299172,0.978792
0.299196,0.971544
0.299208,0.964296
0.299232,0.957048
0.299256,0.9498
0.29928,0.942552
0.299304,0.935304
0.299316,0.928044
0.29934,0.920796
0.299364,0.913548
0.299388,0.9063
0.2994,0.899052
0.299424,0.891804
0.299448,0.884556
0.299472,0.877308
0.299484,0.87006
0.299508,0.8628
0.299532,0.855552
0.299556,0.848304
0.29958,0.841056
0.299592,0.833808
0.299616,0.82656
0.29964,0.819312
0.299664,0.812064
0.299676,0.804804
0.2997,0.797556
0.299724,0.790308
0.299748,0.78306
0.29976,0.775812
0.299784,0.768564
0.299808,0.761316
0.299832,0.754056
0.299856,0.746808
0.299868,0.73956
0.299892,0.732312
0.299916,0.725064
0.29994,0.717816
0.299952,0.710568
0.299976,0.703308
0.3,0.69606
0.300024,0.688812
0.300036,0.681564
0.30006,0.674316
0.300084,0.667068
0.300108,0.659808
0.300132,0.65256
0.300144,0.645312
0.300168,0.638064
0.300192,0.630816
0.300216,0.623568
0.300228,0.616308
0.300252,0.60906
0.300276,0.601812
0.3003,0.594564
0.300312,0.587316
0.300336,0.580068
0.30036,0.572808
0.300384,0.56556
0.300396,0.558312
0.30042,0.551064
0.300444,0.543816
0.300468,0.536568
0.300492,0.529308
0.300504,0.52206
0.300528,0.514812
0.300552,0.507564
0.300576,0.500316
0.300588,0.493056
0.300612,0.485808
0.300636,0.47856
0.30066,0.471312
0.300672,0.464064
0.300696,0.456804
0.30072,0.449556
0.300744,0.442308
0.300768,0.43506
0.30078,0.427812
0.300804,0.420552
0.300828,0.413304
0.300852,0.406056
0.300864,0.398808
0.300888,0.39156
0.300912,0.3843
0.300936,0.377052
0.300948,0.369804
0.300972,0.362556
0.300996,0.355308
0.30102,0.348048
0.301044,0.3408
0.301056,0.333552
0.30108,0.326304
0.301104,0.319044
0.301128,0.311796
0.30114,0.304548
0.301164,0.2973
0.301188,0.29004
0.301212,0.282792
0.301224,0.275544
0.301248,0.268296
0.301272,0.261048
0.301296,0.253788
0.30132,0.24654
0.301332,0.239292
0.301356,0.232044
0.30138,0.224784
0.301404,0.217536
0.301416,0.210288
0.30144,0.20304
0.301464,0.19578
0.301488,0.188532
0.3015,0.181284
0.301524,0.174036
0.301548,0.166776
0.301572,0.159528
0.301596,0.15228
0.301608,0.145032
0.301632,0.137772
0.301656,0.130524
0.30168,0.123276
0.301692,0.116022
0.301716,0.1087704
0.30174,0.1015188
0.301764,0.0942684
0.301776,0.0870168
0.3018,0.0797652
0.301824,0.0725136
0.301848,0.0652632
0.301872,0.0580116
0.301884,0.05076
0.301908,0.0435084
0.301932,0.0362568
0.301956,0.0290052
0.301968,0.0217548
0.301992,0.0145032
0.302016,0.00725148
0.30204,0.0
0.302052,-0.00725148
0.302076,-0.0145032
0.3021,-0.0217548
0.302124,-0.0290064
0.302148,-0.036258
0.30216,-0.0435096
0.302184,-0.0507612
0.302208,-0.0580128
0.302232,-0.0652644
0.302244,-0.072516
0.302268,-0.0797676
0.302292,-0.0870192
0.302316,-0.0942708
0.302328,-0.1015224
0.302352,-0.108774
0.302376,-0.1160256
0.3024,-0.123276
0.302424,-0.130524
0.302436,-0.137784
0.30246,-0.145032
0.302484,-0.15228
0.302508,-0.15954
0.30252,-0.166788
0.302544,-0.174036
0.302568,-0.181296
0.302592,-0.188544
0.302604,-0.195792
0.302628,-0.203052
0.302652,-0.2103
0.302676,-0.217548
0.3027,-0.224808
0.302712,-0.232056
0.302736,-0.239304
0.30276,-0.246564
0.302784,-0.253812
0.302796,-0.26106
0.30282,-0.26832
0.302844,-0.275568
0.302868,-0.282816
0.302892,-0.290076
0.302904,-0.297324
0.302928,-0.304572
0.302952,-0.311832
0.302976,-0.31908
0.302988,-0.32634
0.303012,-0.333588
0.303036,-0.340836
0.30306,-0.348096
0.303072,-0.355344
0.303096,-0.362592
0.30312,-0.369852
0.303144,-0.3771
0.303168,-0.384348
0.30318,-0.391608
0.303204,-0.398856
0.303228,-0.406104
0.303252,-0.413364
0.303264,-0.420612
0.303288,-0.427872
0.303312,-0.43512
0.303336,-0.442368
0.303348,-0.449628
0.303372,-0.456876
0.303396,-0.464136
0.30342,-0.471384
0.303444,-0.478632
0.303456,-0.485892
0.30348,-0.49314
0.303504,-0.500388
0.303528,-0.507648
0.30354,-0.514896
0.303564,-0.522156
0.303588,-0.529404
0.303612,-0.536652
0.303624,-0.543912
0.303648,-0.55116
0.303672,-0.55842
0.303696,-0.565668
0.30372,-0.572916
0.303732,-0.580176
0.303756,-0.587424
0.30378,-0.594684
0.303804,-0.601932
0.303816,-0.60918
0.30384,-0.61644
0.303864,-0.623688
0.303888,-0.630948
0.3039,-0.638196
0.303924,-0.645456
0.303948,-0.652704
0.303972,-0.659952
0.303996,-0.667212
0.304008,-0.67446
0.304032,-0.68172
0.304056,-0.688968
0.30408,-0.696216
0.304092,-0.703476
0.304116,-0.710724
0.30414,-0.717984
0.304164,-0.725232
0.304176,-0.732492
0.3042,-0.73974
0.304224,-0.746988
0.304248,-0.754248
0.304272,-0.761496
0.304284,-0.768756
0.304308,-0.776004
0.304332,-0.783264
0.304356,-0.790512
0.304368,-0.797772
0.304392,-0.80502
0.304416,-0.812268
0.30444,-0.819528
0.304452,-0.826776
0.304476,-0.834036
0.3045,-0.841284
0.304524,-0.848544
0.304548,-0.855792
0.30456,-0.863052
0.304584,-0.8703
0.304608,-0.87756
0.304632,-0.884808
0.304644,-0.892068
0.304668,-0.899316
0.304692,-0.906564
0.304716,-0.913824
0.304728,-0.921072
0.304752,-0.928332
0.304776,-0.93558
0.3048,-0.94284
0.304824,-0.950088
0.304836,-0.957348
0.30486,-0.964596
0.304884,-0.971856
0.304908,-0.979104
0.30492,-0.986364
0.304944,-0.993612
0.304968,-1.000872
0.304992,-1.00812
0.305004,-1.01538
0.305028,-1.022628
0.305052,-1.029888
0.305076,-1.037136
0.3051,-1.044396
0.305112,-1.051644
0.305136,-1.058904
0.30516,-1.066152
0.305184,-1.073412
0.305196,-1.08066
0.30522,-1.08792
0.305244,-1.095168
0.305268,-1.102428
0.30528,-1.109676
0.305304,-1.116936
0.305328,-1.124184
0.305352,-1.131444
0.305376,-1.138692
0.305388,-1.145952
0.305412,-1.1532
0.305436,-1.16046
0.30546,-1.167708
0.305472,-1.174968
0.305496,-1.182216
0.30552,-1.189476
0.305544,-1.196724
0.305556,-1.20396
0.30558,-1.21128
0.305604,-1.21848
0.305628,-1.2258
0.305652,-1.233
0.305664,-1.2402
0.305688,-1.24752
0.305712,-1.25472
0.305736,-1.26204
0.305748,-1.26924
0.305772,-1.27656
0.305796,-1.28376
0.30582,-1.29108
0.305832,-1.29828
0.305856,-1.3056
0.30588,-1.3128
0.305904,-1.32
0.305928,-1.32732
0.30594,-1.33452
0.305964,-1.34184
0.305988,-1.34904
0.306012,-1.35636
0.306024,-1.36356
0.306048,-1.37088
0.306072,-1.37808
0.306096,-1.3854
0.30612,-1.3926
0.306132,-1.3998
0.306156,-1.40712
0.30618,-1.41432
0.306204,-1.42164
0.306216,-1.42884
0.30624,-1.43616
0.306264,-1.44336
0.306288,-1.45068
0.3063,-1.45788
0.306324,-1.4652
0.306348,-1.4724
0.306372,-1.47972
0.306396,-1.48692
0.306408,-1.49412
0.306432,-1.50144
0.306456,-1.50864
0.30648,-1.51596
0.306492,-1.52316
0.306516,-1.53048
0.30654,-1.53768
0.306564,-1.545
0.306576,-1.5522
0.3066,-1.55952
0.306624,-1.56672
0.306648,-1.57392
0.306672,-1.58124
0.306684,-1.58844
0.306708,-1.59576
0.306732,-1.60296
0.306756,-1.61028
0.306768,-1.61748
0.306792,-1.6248
0.306816,-1.632
0.30684,-1.63932
0.306852,-1.64652
0.306876,-1.65384
0.3069,-1.66104
0.306924,-1.66824
0.310872,-1.67472
0.310896,-1.68192
0.310908,-1.68924
0.314856,-1.6956
0.31488,-1.70292
0.318816,-1.70928
0.322752,-1.71564
0.326688,-1.722
0.330612,-1.72836
0.334548,-1.73484
0.338448,-1.73388
0.34236,-1.74024
0.346248,-1.7394
0.350136,-1.73856
0.354048,-1.74492
0.357924,-1.74408
0.3618,-1.74312
0.365676,-1.74228
0.369552,-1.74144
0.373416,-1.7406
0.377268,-1.73976
0.381108,-1.73172
0.38496,-1.73076
0.388812,-1.72992
0.39264,-1.72188
0.39648,-1.72104
0.400296,-1.713
0.404112,-1.70508
0.407916,-1.69704
0.411732,-1.689
0.415536,-1.68108
0.415512,-1.67388
0.419304,-1.66596
0.419292,-1.65876
0.419268,-1.65168
0.42306,-1.64364
0.423036,-1.63656
0.423024,-1.62936
0.423,-1.62216
0.422976,-1.61508
0.422952,-1.60788
0.42294,-1.6008
0.422916,-1.5936
0.422892,-1.58652
0.422868,-1.57932
0.422856,-1.57212
0.422832,-1.56504
0.422808,-1.55784
0.422784,-1.55076
0.422772,-1.54356
0.422748,-1.53648
0.422724,-1.52928
0.4227,-1.5222
0.422676,-1.515
0.422664,-1.5078
0.42264,-1.50072
0.422616,-1.49352
0.422592,-1.48644
0.42258,-1.47924
0.422556,-1.47216
0.422532,-1.46496
0.422508,-1.45776
0.422496,-1.45068
0.422472,-1.44348
0.422448,-1.4364
0.422424,-1.4292
0.422412,-1.42212
0.422388,-1.41492
0.422364,-1.40772
0.42234,-1.40064
0.422328,-1.39344
0.422304,-1.38636
0.42228,-1.37916
0.422256,-1.37208
0.422244,-1.36488
0.42222,-1.3578
0.422196,-1.3506
0.422172,-1.3434
0.42216,-1.33632
0.422136,-1.32912
0.422112,-1.32204
0.422088,-1.31484
0.422076,-1.30776
0.422052,-1.30056
0.422028,-1.29336
0.422004,-1.28628
0.421992,-1.27908
0.421968,-1.272
0.421944,-1.2648
0.42192,-1.25772
0.421908,-1.25052
0.421884,-1.24344
0.42186,-1.23624
0.421836,-1.22904
0.421824,-1.22196
0.4218,-1.21476
0.421776,-1.20768
0.421752,-1.20048
0.421728,-1.193352
0.421716,-1.1862
0.421692,-1.17906
0.421668,-1.171908
0.421644,-1.164768
0.421632,-1.157616
0.421608,-1.150464
0.421584,-1.143324
0.42156,-1.136172
0.421548,-1.129032
0.421524,-1.12188
0.4215,-1.114728
0.421476,-1.107588
0.421464,-1.100436
0.42144,-1.093296
0.421416,-1.086144
0.421392,-1.079004
0.42138,-1.071852
0.421356,-1.0647
0.421332,-1.05756
0.421308,-1.050408
0.421296,-1.043268
0.421272,-1.036116
0.421248,-1.028976
0.421224,-1.021824
0.421212,-1.014672
0.421188,-1.007532
0.421164,-1.00038
0.42114,-0.99324
0.421128,-0.986088
0.421104,-0.978948
0.42108,-0.971796
0.421056,-0.964644
0.421044,-0.957504
0.42102,-0.950352
0.420996,-0.943212
0.420972,-0.93606
0.42096,-0.92892
0.420936,-0.921768
0.420912,-0.914628
0.420888,-0.907476
0.420876,-0.900336
0.420852,-0.893184
0.420828,-0.886032
0.420804,-0.878892
0.420792,-0.87174
0.420768,-0.8646
0.420744,-0.857448
0.42072,-0.850308
0.420696,-0.843156
0.420684,-0.836016
0.42066,-0.828864
0.420636,-0.821724
0.420612,-0.814572
0.4206,-0.807432
0.420576,-0.80028
0.420552,-0.79314
0.420528,-0.785988
0.420516,-0.778836
0.420492,-0.771696
0.420468,-0.764544
0.420444,-0.757404
0.420432,-0.750252
0.420408,-0.743112
0.420384,-0.73596
0.42036,-0.72882
0.420348,-0.721668
0.420324,-0.714528
0.4203,-0.707376
0.420276,-0.700236
0.420264,-0.693084
0.42024,-0.685944
0.420216,-0.678792
0.420192,-0.671652
0.42018,-0.6645
0.420156,-0.65736
0.420132,-0.650208
0.420108,-0.643068
0.420096,-0.635916
0.420072,-0.628776
0.420048,-0.621624
0.420024,-0.614484
0.420012,-0.607332
0.419988,-0.600192
0.419964,-0.59304
0.41994,-0.5859
0.419928,-0.578748
0.419904,-0.571608
0.41988,-0.564456
0.419856,-0.557316
0.419844,-0.550176
0.41982,-0.543024
0.419796,-0.535884
0.419772,-0.528732
0.41976,-0.521592
0.419736,-0.51444
0.419712,-0.5073
0.419688,-0.500148
0.419676,-0.493008
0.419652,-0.485856
0.419628,-0.478716
0.419604,-0.471564
0.41958,-0.464424
0.419568,-0.457272
0.419544,-0.450132
0.41952,-0.442992
0.419496,-0.43584
0.419484,-0.4287
0.41946,-0.421548
0.419436,-0.414408
0.419412,-0.407256
0.4194,-0.400116
0.419376,-0.392964
0.419352,-0.385824
0.419328,-0.378684
0.419316,-0.371532
0.419292,-0.364392
0.419268,-0.35724
0.419244,-0.3501
0.419232,-0.342948
0.419208,-0.335808
0.419184,-0.328656
0.41916,-0.321516
0.419148,-0.314376
0.419124,-0.307224
0.4191,-0.300084
0.419076,-0.292932
0.419064,-0.285792
0.41904,-0.27864
0.419016,-0.2715
0.418992,-0.26436
0.41898,-0.257208
0.418956,-0.250068
0.418932,-0.242916
0.418908,-0.235776
0.418896,-0.228636
0.418872,-0.221484
0.418848,-0.214344
0.418824,-0.207192
0.418812,-0.200052
0.418788,-0.1929
0.418764,-0.18576
0.41874,-0.17862
0.418728,-0.171468
0.418704,-0.164328
0.41868,-0.157176
0.418656,-0.150036
0.418644,-0.142896
0.41862,-0.135744
0.418596,-0.128604
0.418572,-0.121452
0.41856,-0.1143132
0.418536,-0.1071684
0.418512,-0.1000236
0.418488,-0.0928788
0.418464,-0.085734
0.418452,-0.0785892
0.418428,-0.0714456
0.418404,-0.0643008
0.41838,-0.057156
0.418368,-0.0500112
0.418344,-0.0428664
0.41832,-0.0357228
0.418296,-0.028578
0.418284,-0.0214332
0.41826,-0.0142884
0.418236,-0.00714444
0.418212,0.0
0.4182,0.00714444
0.418176,0.0142884
0.418152,0.0214332
0.418128,0.028578
0.418116,0.0357216
0.418092,0.0428664
0.418068,0.05001
0.418044,0.0571548
0.418032,0.0642996
0.418008,0.0714432
0.417984,0.078588
0.41796,0.0857316
0.417948,0.0928764
0.417924,0.10002
0.4179,0.1071648
0.417876,0.1143084
0.417864,0.121452
0.41784,0.128592
0.417816,0.135744
0.417792,0.142884
0.41778,0.150024
0.417756,0.157176
0.417732,0.164316
0.417708,0.171456
0.417696,0.178608
0.417672,0.185748
0.417648,0.192888
0.417624,0.20004
0.417612,0.20718
0.417588,0.21432
0.417564,0.221472
0.41754,0.228612
0.417528,0.235752
0.417504,0.242904
0.41748,0.250044
0.417456,0.257184
0.417444,0.264336
0.41742,0.271476
0.417396,0.278616
0.417372,0.285768
0.41736,0.292908
0.417336,0.300048
0.417312,0.3072
0.417288,0.31434
0.417264,0.32148
0.417252,0.328632
0.417228,0.335772
0.417204,0.342912
0.41718,0.350052
0.417168,0.357204
0.417144,0.364344
0.41712,0.371484
0.417096,0.378636
0.417084,0.385776
0.41706,0.392916
0.417036,0.400056
0.417012,0.407208
0.417,0.414348
0.416976,0.421488
0.416952,0.42864
0.416928,0.43578
0.416916,0.44292
0.416892,0.45006
0.416868,0.457212
0.416844,0.464352
0.416832,0.471492
0.416808,0.478644
0.416784,0.485784
0.41676,0.492924
0.416748,0.500064
0.416724,0.507216
0.4167,0.514356
0.416676,0.521496
0.416664,0.528636
0.41664,0.535788
0.416616,0.542928
0.416592,0.550068
0.41658,0.55722
0.416556,0.56436
0.416532,0.5715
0.416508,0.57864
0.416496,0.585792
0.416472,0.592932
0.416448,0.600072
0.416424,0.607212
0.416412,0.614364
0.416388,0.621504
0.416364,0.628644
0.41634,0.635784
0.416328,0.642936
0.416304,0.650076
0.41628,0.657216
0.416256,0.664356
0.416244,0.671508
0.41622,0.678648
0.416196,0.685788
0.416172,0.692928
0.41616,0.700068
0.416136,0.70722
0.416112,0.71436
0.416088,0.7215
0.416076,0.72864
0.416052,0.735792
0.416028,0.742932
0.416004,0.750072
0.41598,0.757212
0.415968,0.764364
0.415944,0.771504
0.41592,0.778644
0.415896,0.785784
0.415884,0.792924
0.41586,0.800076
0.415836,0.807216
0.415812,0.814356
0.4158,0.821496
0.415776,0.828636
0.415752,0.835788
0.415728,0.842928
0.415716,0.850068
0.415692,0.857208
0.415668,0.864348
0.415644,0.8715
0.415632,0.87864
0.415608,0.88578
0.415584,0.89292
0.41556,0.90006
0.415548,0.907212
0.415524,0.914352
0.4155,0.921492
0.415476,0.928632
0.415464,0.935772
0.41544,0.942924
0.415416,0.950064
0.415392,0.957204
0.41538,0.964344
0.415356,0.971484
0.415332,0.978636
0.415308,0.985776
0.415296,0.992916
0.415272,1.000056
0.415248,1.007196
0.415224,1.014336
0.415212,1.021488
0.415188,1.028628
0.415164,1.035768
0.41514,1.042908
0.415128,1.050048
0.415104,1.057188
0.41508,1.06434
0.415056,1.07148
0.415044,1.07862
0.41502,1.08576
0.414996,1.0929
0.414972,1.10004
0.41496,1.107192
0.414936,1.114332
0.414912,1.121472
0.414888,1.128612
0.414876,1.135752
0.414852,1.142892
0.414828,1.150032
0.414804,1.157184
0.414792,1.164324
0.414768,1.171464
0.414744,1.178604
0.41472,1.185744
0.414696,1.192884
0.414684,1.2
0.41466,1.2072
0.414636,1.21428
0.414612,1.22148
0.4146,1.22856
0.414576,1.23576
0.414552,1.24284
0.414528,1.25004
0.414516,1.25712
0.414492,1.26432
0.414468,1.2714
0.414444,1.2786
0.414432,1.28568
0.414408,1.29288
0.414384,1.29996
0.41436,1.30716
0.414348,1.31424
0.414324,1.32144
0.4143,1.32852
0.414276,1.33572
0.414264,1.3428
0.41424,1.35
0.414216,1.3572
0.414192,1.36428
0.41418,1.37148
0.414156,1.37856
0.414132,1.38576
0.414108,1.39284
0.414096,1.40004
0.414072,1.40712
0.414048,1.41432
0.414024,1.4214
0.414012,1.4286
0.413988,1.43568
0.413964,1.44288
0.41394,1.44996
0.413928,1.45716
0.413904,1.46424
0.41388,1.47144
0.413856,1.47852
0.413844,1.48572
0.41382,1.4928
0.413796,1.5
0.413772,1.50708
0.41376,1.51428
0.413736,1.52136
0.413712,1.52856
0.413688,1.53564
0.413676,1.54284
0.413652,1.54992
0.413628,1.55712
0.413604,1.5642
0.413592,1.5714
0.413568,1.57848
0.413544,1.58568
0.41352,1.59276
0.413508,1.59996
0.413484,1.60704
0.41346,1.61424
0.413436,1.62132
0.413424,1.62852
0.417216,1.63488
0.417192,1.64196
0.417168,1.64916
0.42096,1.6554
0.420936,1.6626
0.424728,1.66884
0.428508,1.6752
0.432288,1.68144
0.436068,1.6878
0.439836,1.69404
0.443628,1.6932
0.447384,1.69956
0.451164,1.69872
0.454944,1.69788
0.4587,1.70412
0.462468,1.70328
0.466236,1.70244
0.470004,1.7016
0.47376,1.70076
0.477516,1.69992
0.481272,1.69908
0.48504,1.69128
0.488784,1.69044
0.492528,1.6896
0.496284,1.68168
0.500016,1.68084
0.50376,1.67304
0.507516,1.66512
0.51126,1.65732
0.514992,1.6494
0.518736,1.6416
0.51876,1.63452
0.522492,1.62672
0.522504,1.61964
0.522528,1.61268
0.52626,1.60476
0.526284,1.5978
0.526296,1.59072
0.52632,1.58364
0.526344,1.57668
0.526368,1.5696
0.52638,1.56264
0.526404,1.55556
0.526428,1.54848
0.526452,1.54152
0.526464,1.53444
0.526488,1.52736
0.526512,1.5204
0.526524,1.51332
0.526548,1.50624
0.526572,1.49928
0.526596,1.4922
0.526608,1.48524
0.526632,1.47816
0.526656,1.47108
0.52668,1.46412
0.526692,1.45704
0.526716,1.44996
0.52674,1.443
0.526764,1.43592
0.526776,1.42884
0.5268,1.42188
0.526824,1.4148
0.526848,1.40772
0.52686,1.40076
0.526884,1.39368
0.526908,1.38672
0.526932,1.37964
0.526944,1.37256
0.526968,1.3656
0.526992,1.35852
0.527004,1.35144
0.527028,1.34448
0.527052,1.3374
0.527076,1.33032
0.527088,1.32336
0.527112,1.31628
0.527136,1.3092
0.52716,1.30224
0.527172,1.29516
0.527196,1.28808
0.52722,1.28112
0.527244,1.27404
0.527256,1.26708
0.52728,1.26
0.527304,1.25292
0.527328,1.24596
0.52734,1.23888
0.527364,1.2318
0.527388,1.22484
0.527412,1.21776
0.527424,1.21068
0.527448,1.20372
0.527472,1.196652
0.527484,1.189608
0.527508,1.182576
0.527532,1.175532
0.527556,1.1685
0.527568,1.161456
0.527592,1.154424
0.527616,1.14738
0.52764,1.140348
0.527652,1.133304
0.527676,1.126272
0.5277,1.119228
0.527724,1.112196
0.527736,1.105152
0.52776,1.09812
0.527784,1.091076
0.527808,1.084044
0.52782,1.077
0.527844,1.069968
0.527868,1.062924
0.527892,1.055892
0.527904,1.048848
0.527928,1.041816
0.527952,1.034772
0.527964,1.02774
0.527988,1.020696
0.528012,1.013664
0.528036,1.00662
0.528048,0.999588
0.528072,0.992544
0.528096,0.985512
0.52812,0.978468
0.528132,0.971436
0.528156,0.964392
0.52818,0.95736
0.528204,0.950316
0.528216,0.943284
0.52824,0.93624
0.528264,0.929208
0.528288,0.922164
0.5283,0.915132
0.528324,0.908088
0.528348,0.901044
0.528372,0.894012
0.528384,0.886968
0.528408,0.879936
0.528432,0.872892
0.528444,0.86586
0.528468,0.858816
0.528492,0.851784
0.528516,0.84474
0.528528,0.837708
0.528552,0.830664
0.528576,0.823632
0.5286,0.816588
0.528612,0.809544
0.528636,0.802512
0.52866,0.795468
0.528684,0.788436
0.528696,0.781392
0.52872,0.77436
0.528744,0.767316
0.528768,0.760284
0.52878,0.75324
0.528804,0.746196
0.528828,0.739164
0.528852,0.73212
0.528864,0.725088
0.528888,0.718044
0.528912,0.711012
0.528924,0.703968
0.528948,0.696924
0.528972,0.689892
0.528996,0.682848
0.529008,0.675816
0.529032,0.668772
0.529056,0.66174
0.52908,0.654696
0.529092,0.647652
0.529116,0.64062
0.52914,0.633576
0.529164,0.626544
0.529176,0.6195
0.5292,0.612456
0.529224,0.605424
0.529248,0.59838
0.52926,0.591348
0.529284,0.584304
0.529308,0.57726
0.529332,0.570228
0.529344,0.563184
0.529368,0.556152
0.529392,0.549108
0.529404,0.542064
0.529428,0.535032
0.529452,0.527988
0.529476,0.520956
0.529488,0.513912
0.529512,0.506868
0.529536,0.499836
0.52956,0.492792
0.529572,0.48576
0.529596,0.478716
0.52962,0.471672
0.529644,0.46464
0.529656,0.457596
0.52968,0.450564
0.529704,0.44352
0.529728,0.436476
0.52974,0.429444
0.529764,0.4224
0.529788,0.415356
0.529812,0.408324
0.529824,0.40128
0.529848,0.394236
0.529872,0.387204
0.529896,0.38016
0.529908,0.373128
0.529932,0.366084
0.529956,0.35904
0.529968,0.352008
0.529992,0.344964
0.530016,0.33792
0.53004,0.330888
0.530052,0.323844
0.530076,0.3168
0.5301,0.309768
0.530124,0.302724
0.530136,0.295692
0.53016,0.288648
0.530184,0.281604
0.530208,0.274572
0.53022,0.267528
0.530244,0.260484
0.530268,0.253452
0.530292,0.246408
0.530304,0.239364
0.530328,0.232332
0.530352,0.225288
0.530376,0.218244
0.530388,0.211212
0.530412,0.204168
0.530436,0.197124
0.530448,0.190092
0.530472,0.183048
0.530496,0.176004
0.53052,0.168972
0.530532,0.161928
0.530556,0.154884
0.53058,0.147852
0.530604,0.140808
0.530616,0.133764
0.53064,0.126732
0.530664,0.1196856
0.530688,0.1126452
0.5307,0.105606
0.530724,0.0985656
0.530748,0.0915252
0.530772,0.0844848
0.530784,0.0774444
0.530808,0.070404
0.530832,0.0633636
0.530856,0.0563232
0.530868,0.0492828
0.530892,0.0422424
0.530916,0.035202
0.530928,0.0281616
0.530952,0.0211212
0.530976,0.0140808
0.531,0.00704052
0.531012,0.0
0.531036,-0.00704052
0.53106,-0.0140808
0.531084,-0.0211212
0.531096,-0.0281616
0.53112,-0.0352032
0.531144,-0.0422436
0.531168,-0.049284
0.53118,-0.0563244
0.531204,-0.0633648
0.531228,-0.0704052
0.531252,-0.0774468
0.531264,-0.0844872
0.531288,-0.0915276
0.531312,-0.098568
0.531336,-0.1056096
0.531348,-0.11265
0.531372,-0.1196904
0.531396,-0.126732
0.531408,-0.133776
0.531432,-0.140808
0.531456,-0.147852
0.53148,-0.154896
0.531492,-0.16194
0.531516,-0.168972
0.53154,-0.176016
0.531564,-0.18306
0.531576,-0.190104
0.5316,-0.197136
0.531624,-0.20418
0.531648,-0.211224
0.53166,-0.218268
0.531684,-0.2253
0.531708,-0.232344
0.531732,-0.239388
0.531744,-0.246432
0.531768,-0.253464
0.531792,-0.260508
0.531816,-0.267552
0.531828,-0.274596
0.531852,-0.281628
0.531876,-0.288672
0.5319,-0.295716
0.531912,-0.30276
0.531936,-0.309792
0.53196,-0.316836
0.531972,-0.32388
0.531996,-0.330924
0.53202,-0.337968
0.532044,-0.345
0.532056,-0.352044
0.53208,-0.359088
0.532104,-0.366132
0.532128,-0.373164
0.53214,-0.380208
0.532164,-0.387252
0.532188,-0.394296
0.532212,-0.40134
0.532224,-0.408372
0.532248,-0.415416
0.532272,-0.42246
0.532296,-0.429504
0.532308,-0.436536
0.532332,-0.44358
0.532356,-0.450624
0.53238,-0.457668
0.532392,-0.464712
0.532416,-0.471744
0.53244,-0.478788
0.532452,-0.485832
0.532476,-0.492876
0.5325,-0.49992
0.532524,-0.506952
0.532536,-0.513996
0.53256,-0.52104
0.532584,-0.528084
0.532608,-0.535128
0.53262,-0.54216
0.532644,-0.549204
0.532668,-0.556248
0.532692,-0.563292
0.532704,-0.570336
0.532728,-0.57738
0.532752,-0.584412
0.532776,-0.591456
0.532788,-0.5985
0.532812,-0.605544
0.532836,-0.612588
0.53286,-0.61962
0.532872,-0.626664
0.532896,-0.633708
0.53292,-0.640752
0.532944,-0.647796
0.532956,-0.65484
0.53298,-0.661872
0.533004,-0.668916
0.533016,-0.67596
0.53304,-0.683004
0.533064,-0.690048
0.533088,-0.697092
0.5331,-0.704124
0.533124,-0.711168
0.533148,-0.718212
0.533172,-0.725256
0.533184,-0.7323
0.533208,-0.739344
0.533232,-0.746388
0.533256,-0.75342
0.533268,-0.760464
0.533292,-0.767508
0.533316,-0.774552
0.53334,-0.781596
0.533352,-0.78864
0.533376,-0.795684
0.5334,-0.802716
0.533424,-0.80976
0.533436,-0.816804
0.53346,-0.823848
0.533484,-0.830892
0.533508,-0.837936
0.53352,-0.84498
0.533544,-0.852012
0.533568,-0.859056
0.53358,-0.8661
0.533604,-0.873144
0.533628,-0.880188
0.533652,-0.887232
0.533664,-0.894276
0.533688,-0.90132
0.533712,-0.908352
0.533736,-0.915396
0.533748,-0.92244
0.533772,-0.929484
0.533796,-0.936528
0.53382,-0.943572
0.533832,-0.950616
0.533856,-0.95766
0.53388,-0.964704
0.533904,-0.971736
0.533916,-0.97878
0.53394,-0.985824
0.533964,-0.992868
0.533988,-0.999912
0.534,-1.006956
0.534024,-1.014
0.534048,-1.021044
0.53406,-1.028088
0.534084,-1.035132
0.534108,-1.042164
0.534132,-1.049208
0.534144,-1.056252
0.534168,-1.063296
0.534192,-1.07034
0.534216,-1.077384
0.534228,-1.084428
0.534252,-1.091472
0.534276,-1.098516
0.5343,-1.10556
0.534312,-1.112604
0.534336,-1.119648
0.53436,-1.12668
0.534384,-1.133724
0.534396,-1.140768
0.53442,-1.147812
0.534444,-1.154856
0.534468,-1.1619
0.53448,-1.168944
0.534504,-1.175988
0.534528,-1.183032
0.534552,-1.190076
0.534564,-1.19712
0.534588,-1.2042
0.534612,-1.21116
0.534624,-1.21824
0.534648,-1.22532
0.534672,-1.23228
0.534696,-1.23936
0.534708,-1.24644
0.534732,-1.25352
0.534756,-1.26048
0.53478,-1.26756
0.534792,-1.27464
0.534816,-1.2816
0.53484,-1.28868
0.534864,-1.29576
0.534876,-1.30272
0.5349,-1.3098
0.534924,-1.31688
0.534948,-1.32384
0.53496,-1.33092
0.534984,-1.338
0.535008,-1.34508
0.535032,-1.35204
0.535044,-1.35912
0.535068,-1.3662
0.535092,-1.37316
0.535116,-1.38024
0.535128,-1.38732
0.535152,-1.39428
0.535176,-1.40136
0.535188,-1.40844
0.535212,-1.41552
0.535236,-1.42248
0.53526,-1.42956
0.535272,-1.43664
0.535296,-1.4436
0.53532,-1.45068
0.535344,-1.45776
0.535356,-1.46472
0.53538,-1.4718
0.535404,-1.47888
0.535428,-1.48596
0.53544,-1.49292
0.535464,-1.5
0.535488,-1.50708
0.535512,-1.51404
0.535524,-1.52112
0.535548,-1.5282
0.535572,-1.53516
0.535596,-1.54224
0.535608,-1.54932
0.535632,-1.5564
0.535656,-1.56336
0.53568,-1.57044
0.535692,-1.57752
0.535716,-1.58448
0.53574,-1.59156
0.535752,-1.59864
0.535776,-1.6056
0.5358,-1.61268
0.535824,-1.61976
0.539544,-1.626
0.539568,-1.63308
0.53958,-1.64004
0.5433,-1.64628
0.543324,-1.65336
0.547044,-1.6596
0.550752,-1.66584
0.55446,-1.67208
0.558168,-1.6782
0.561864,-1.68444
0.565548,-1.6836
0.569244,-1.68984
0.572916,-1.689
0.576576,-1.68816
0.58026,-1.6944
0.58392,-1.69356
0.58758,-1.69272
0.591228,-1.692
0.594876,-1.69116
0.598524,-1.69032
0.60216,-1.68948
0.605784,-1.68168
0.60942,-1.68096
0.613044,-1.68012
0.616656,-1.67232
0.62028,-1.67148
0.62388,-1.6638
0.62748,-1.656
0.631068,-1.64832
0.634656,-1.64052
0.638244,-1.63284
0.63822,-1.62588
0.641808,-1.61808
0.641784,-1.61112
0.64176,-1.60416
0.645348,-1.59648
0.645324,-1.58952
0.6453,-1.58268
0.645288,-1.57572
0.645264,-1.56876
0.64524,-1.5618
0.645216,-1.55484
0.645204,-1.54788
0.64518,-1.54092
0.645156,-1.53408
0.645132,-1.52712
0.64512,-1.52016
0.645096,-1.5132
0.645072,-1.50624
0.64506,-1.49928
0.645036,-1.49232
0.645012,-1.48536
0.644988,-1.47852
0.644976,-1.47156
0.644952,-1.4646
0.644928,-1.45764
0.644916,-1.45068
0.644892,-1.44372
0.644868,-1.43676
0.644844,-1.42992
0.644832,-1.42296
0.644808,-1.416
0.644784,-1.40904
0.64476,-1.40208
0.644748,-1.39512
0.644724,-1.38828
0.6447,-1.38132
0.644688,-1.37436
0.644664,-1.3674
0.64464,-1.36044
0.644616,-1.35348
0.644604,-1.34652
0.64458,-1.33968
0.644556,-1.33272
0.644532,-1.32576
0.64452,-1.3188
0.644496,-1.31184
0.644472,-1.30488
0.64446,-1.29792
0.644436,-1.29108
0.644412,-1.28412
0.644388,-1.27716
0.644376,-1.2702
0.644352,-1.26324
0.644328,-1.25628
0.644304,-1.24932
0.644292,-1.24248
0.644268,-1.23552
0.644244,-1.22856
0.644232,-1.2216
0.644208,-1.21464
0.644184,-1.20768
0.64416,-1.20072
0.644148,-1.193832
0.644124,-1.186884
0.6441,-1.179948
0.644076,-1.173
0.644064,-1.166064
0.64404,-1.159116
0.644016,-1.15218
0.644004,-1.145232
0.64398,-1.138296
0.643956,-1.131348
0.643932,-1.124412
0.64392,-1.117464
0.643896,-1.110528
0.643872,-1.10358
0.643848,-1.096644
0.643836,-1.089696
0.643812,-1.08276
0.643788,-1.075812
0.643776,-1.068876
0.643752,-1.061928
0.643728,-1.054992
0.643704,-1.048044
0.643692,-1.041108
0.643668,-1.03416
0.643644,-1.027224
0.643632,-1.020276
0.643608,-1.01334
0.643584,-1.006392
0.64356,-0.999456
0.643548,-0.992508
0.643524,-0.985572
0.6435,-0.978624
0.643476,-0.971688
0.643464,-0.964752
0.64344,-0.957804
0.643416,-0.950868
0.643404,-0.94392
0.64338,-0.936984
0.643356,-0.930036
0.643332,-0.9231
0.64332,-0.916152
0.643296,-0.909216
0.643272,-0.902268
0.643248,-0.895332
0.643236,-0.888384
0.643212,-0.881448
0.643188,-0.8745
0.643176,-0.867564
0.643152,-0.860628
0.643128,-0.85368
0.643104,-0.846744
0.643092,-0.839796
0.643068,-0.83286
0.643044,-0.825912
0.64302,-0.818976
0.643008,-0.812028
0.642984,-0.805092
0.64296,-0.798144
0.642948,-0.791208
0.642924,-0.784272
0.6429,-0.777324
0.642876,-0.770388
0.642864,-0.76344
0.64284,-0.756504
0.642816,-0.749556
0.642792,-0.74262
0.64278,-0.735684
0.642756,-0.728736
0.642732,-0.7218
0.64272,-0.714852
0.642696,-0.707916
0.642672,-0.700968
0.642648,-0.694032
0.642636,-0.687096
0.642612,-0.680148
0.642588,-0.673212
0.642564,-0.666264
0.642552,-0.659328
0.642528,-0.65238
0.642504,-0.645444
0.642492,-0.638508
0.642468,-0.63156
0.642444,-0.624624
0.64242,-0.617676
0.642408,-0.61074
0.642384,-0.603804
0.64236,-0.596856
0.642348,-0.58992
0.642324,-0.582972
0.6423,-0.576036
0.642276,-0.5691
0.642264,-0.562152
0.64224,-0.555216
0.642216,-0.548268
0.642192,-0.541332
0.64218,-0.534396
0.642156,-0.527448
0.642132,-0.520512
0.64212,-0.513564
0.642096,-0.506628
0.642072,-0.499692
0.642048,-0.492744
0.642036,-0.485808
0.642012,-0.47886
0.641988,-0.471924
0.641964,-0.464988
0.641952,-0.45804
0.641928,-0.451104
0.641904,-0.444168
0.641892,-0.43722
0.641868,-0.430284
0.641844,-0.423336
0.64182,-0.4164
0.641808,-0.409464
0.641784,-0.402516
0.64176,-0.39558
0.641736,-0.388644
0.641724,-0.381696
0.6417,-0.37476
0.641676,-0.367812
0.641664,-0.360876
0.64164,-0.35394
0.641616,-0.346992
0.641592,-0.340056
0.64158,-0.33312
0.641556,-0.326172
0.641532,-0.319236
0.641508,-0.3123
0.641496,-0.305352
0.641472,-0.298416
0.641448,-0.29148
0.641436,-0.284532
0.641412,-0.277596
0.641388,-0.270648
0.641364,-0.263712
0.641352,-0.256776
0.641328,-0.249828
0.641304,-0.242892
0.641292,-0.235956
0.641268,-0.229008
0.641244,-0.222072
0.64122,-0.215136
0.641208,-0.208188
0.641184,-0.201252
0.64116,-0.194316
0.641136,-0.187368
0.641124,-0.180432
0.6411,-0.173496
0.641076,-0.166548
0.641064,-0.159612
0.64104,-0.152676
0.641016,-0.145728
0.640992,-0.138792
0.64098,-0.131856
0.640956,-0.12492
0.640932,-0.1179744
0.640908,-0.1110348
0.640896,-0.1040952
0.640872,-0.0971544
0.640848,-0.0902148
0.640836,-0.0832752
0.640812,-0.0763356
0.640788,-0.069396
0.640764,-0.0624564
0.640752,-0.0555168
0.640728,-0.0485772
0.640704,-0.0416376
0.64068,-0.034698
0.640668,-0.0277584
0.640644,-0.0208188
0.64062,-0.0138792
0.640608,-0.00693948
0.640584,0.0
0.64056,0.00693948
0.640536,0.0138792
0.640524,0.0208188
0.6405,0.0277584
0.640476,0.034698
0.640464,0.0416364
0.64044,0.048576
0.640416,0.0555156
0.640392,0.0624552
0.64038,0.0693948
0.640356,0.0763344
0.640332,0.0832728
0.640308,0.0902124
0.640296,0.097152
0.640272,0.1040916
0.640248,0.11103
0.640236,0.1179696
0.640212,0.124908
0.640188,0.131844
0.640164,0.138792
0.640152,0.145728
0.640128,0.152664
0.640104,0.1596
0.64008,0.166548
0.640068,0.173484
0.640044,0.18042
0.64002,0.187356
0.640008,0.194304
0.639984,0.20124
0.63996,0.208176
0.639936,0.215112
0.639924,0.22206
0.6399,0.228996
0.639876,0.235932
0.639852,0.242868
0.63984,0.249816
0.639816,0.256752
0.639792,0.263688
0.63978,0.270624
0.639756,0.277572
0.639732,0.284508
0.639708,0.291444
0.639696,0.29838
0.639672,0.305328
0.639648,0.312264
0.639636,0.3192
0.639612,0.326136
0.639588,0.333084
0.639564,0.34002
0.639552,0.346956
0.639528,0.353892
0.639504,0.36084
0.63948,0.367776
0.639468,0.374712
0.639444,0.381648
0.63942,0.388584
0.639408,0.395532
0.639384,0.402468
0.63936,0.409404
0.639336,0.41634
0.639324,0.423276
0.6393,0.430224
0.639276,0.43716
0.639252,0.444096
0.63924,0.451032
0.639216,0.45798
0.639192,0.464916
0.63918,0.471852
0.639156,0.478788
0.639132,0.485724
0.639108,0.492672
0.639096,0.499608
0.639072,0.506544
0.639048,0.51348
0.639024,0.520416
0.639012,0.527364
0.638988,0.5343
0.638964,0.541236
0.638952,0.548172
0.638928,0.555108
0.638904,0.562056
0.63888,0.568992
0.638868,0.575928
0.638844,0.582864
0.63882,0.5898
0.638808,0.596736
0.638784,0.603684
0.63876,0.61062
0.638736,0.617556
0.638724,0.624492
0.6387,0.631428
0.638676,0.638376
0.638652,0.645312
0.63864,0.652248
0.638616,0.659184
0.638592,0.66612
0.63858,0.673056
0.638556,0.680004
0.638532,0.68694
0.638508,0.693876
0.638496,0.700812
0.638472,0.707748
0.638448,0.714684
0.638424,0.72162
0.638412,0.728568
0.638388,0.735504
0.638364,0.74244
0.638352,0.749376
0.638328,0.756312
0.638304,0.763248
0.63828,0.770196
0.638268,0.777132
0.638244,0.784068
0.63822,0.791004
0.638196,0.79794
0.638184,0.804876
0.63816,0.811812
0.638136,0.81876
0.638124,0.825696
0.6381,0.832632
0.638076,0.839568
0.638052,0.846504
0.63804,0.85344
0.638016,0.860376
0.637992,0.867324
0.63798,0.87426
0.637956,0.881196
0.637932,0.888132
0.637908,0.895068
0.637896,0.902004
0.637872,0.90894
0.637848,0.915876
0.637824,0.922824
0.637812,0.92976
0.637788,0.936696
0.637764,0.943632
0.637752,0.950568
0.637728,0.957504
0.637704,0.96444
0.63768,0.971376
0.637668,0.978312
0.637644,0.98526
0.63762,0.992196
0.637596,0.999132
0.637584,1.006068
0.63756,1.013004
0.637536,1.01994
0.637524,1.026876
0.6375,1.033812
0.637476,1.040748
0.637452,1.047684
0.63744,1.054632
0.637416,1.061568
0.637392,1.068504
0.63738,1.07544
0.637356,1.082376
0.637332,1.089312
0.637308,1.096248
0.637296,1.103184
0.637272,1.11012
0.637248,1.117056
0.637224,1.123992
0.637212,1.13094
0.637188,1.137876
0.637164,1.144812
0.637152,1.151748
0.637128,1.158684
0.637104,1.16562
0.63708,1.172556
0.637068,1.179492
0.637044,1.186428
0.63702,1.193364
0.636996,1.20036
0.636984,1.2072
0.63696,1.21416
0.636936,1.22112
0.636924,1.22808
0.6369,1.23504
0.636876,1.24188
0.636852,1.24884
0.63684,1.2558
0.636816,1.26276
0.636792,1.26972
0.636768,1.27656
0.636756,1.28352
0.636732,1.29048
0.636708,1.29744
0.636696,1.3044
0.636672,1.31124
0.636648,1.3182
0.636624,1.32516
0.636612,1.33212
0.636588,1.33908
0.636564,1.34592
0.636552,1.35288
0.636528,1.35984
0.636504,1.3668
0.63648,1.37376
0.636468,1.3806
0.636444,1.38756
0.63642,1.39452
0.636396,1.40148
0.636384,1.40844
0.63636,1.41528
0.636336,1.42224
0.636324,1.4292
0.6363,1.43616
0.636276,1.44312
0.636252,1.44996
0.63624,1.45692
0.636216,1.46388
0.636192,1.47084
0.636168,1.4778
0.636156,1.48464
0.636132,1.4916
0.636108,1.49856
0.636096,1.50552
0.636072,1.51248
0.636048,1.51932
0.636024,1.52628
0.636012,1.53324
0.635988,1.5402
0.635964,1.54716
0.635952,1.554
0.635928,1.56096
0.635904,1.56792
0.63588,1.57488
0.635868,1.58184
0.639444,1.58796
0.63942,1.59492
0.639396,1.60188
0.642972,1.608
0.64296,1.61496
0.646524,1.62108
0.6501,1.6272
0.653664,1.63344
0.657228,1.63956
0.66078,1.64568
0.664356,1.64484
0.667908,1.65096
0.671472,1.65024
0.675036,1.6494
0.678588,1.65552
0.68214,1.6548
0.685692,1.65396
0.689244,1.65324
0.692796,1.6524
0.696348,1.65156
0.699888,1.65084
0.70344,1.64316
0.70698,1.64244
0.710508,1.6416
0.71406,1.63404
0.717588,1.6332
0.721128,1.62564
0.724668,1.61796
0.728196,1.6104
0.731736,1.60272
0.735264,1.59516
0.735276,1.58832
0.738804,1.58076
0.738828,1.57392
0.738852,1.56708
0.742368,1.5594
0.742392,1.55256
0.742416,1.54572
0.742428,1.53888
0.742452,1.53204
0.742476,1.5252
0.742488,1.51836
0.742512,1.51164
0.742536,1.5048
0.74256,1.49796
0.742572,1.49112
0.742596,1.48428
0.74262,1.47744
0.742632,1.4706
0.742656,1.46376
0.74268,1.45692
0.742704,1.45008
0.742716,1.44324
0.74274,1.4364
0.742764,1.42956
0.742776,1.42272
0.7428,1.41588
0.742824,1.40904
0.742848,1.4022
0.74286,1.39536
0.742884,1.38852
0.742908,1.38168
0.74292,1.37484
0.742944,1.368
0.742968,1.36116
0.74298,1.35432
0.743004,1.34748
0.743028,1.34064
0.743052,1.3338
0.743064,1.32696
0.743088,1.32012
0.743112,1.31328
0.743124,1.30644
0.743148,1.2996
0.743172,1.29276
0.743196,1.28592
0.743208,1.27908
0.743232,1.27224
0.743256,1.2654
0.743268,1.25856
0.743292,1.25172
0.743316,1.24488
0.74334,1.23804
0.743352,1.2312
0.743376,1.22436
0.7434,1.21752
0.743412,1.21068
0.743436,1.20384
0.74346,1.197012
0.743484,1.190172
0.743496,1.183332
0.74352,1.176504
0.743544,1.169664
0.743556,1.162824
0.74358,1.155984
0.743604,1.149144
0.743616,1.142304
0.74364,1.135464
0.743664,1.128624
0.743688,1.121784
0.7437,1.114944
0.743724,1.108104
0.743748,1.101276
0.74376,1.094436
0.743784,1.087596
0.743808,1.080756
0.743832,1.073916
0.743844,1.067076
0.743868,1.060236
0.743892,1.053396
0.743904,1.046556
0.743928,1.039716
0.743952,1.032876
0.743976,1.026036
0.743988,1.019208
0.744012,1.012368
0.744036,1.005528
0.744048,0.998688
0.744072,0.991848
0.744096,0.985008
0.74412,0.978168
0.744132,0.971328
0.744156,0.964488
0.74418,0.957648
0.744192,0.950808
0.744216,0.943968
0.74424,0.937128
0.744252,0.930288
0.744276,0.923448
0.7443,0.916608
0.744324,0.90978
0.744336,0.90294
0.74436,0.8961
0.744384,0.88926
0.744396,0.88242
0.74442,0.87558
0.744444,0.86874
0.744468,0.8619
0.74448,0.85506
0.744504,0.84822
0.744528,0.84138
0.74454,0.83454
0.744564,0.8277
0.744588,0.82086
0.744612,0.81402
0.744624,0.80718
0.744648,0.80034
0.744672,0.7935
0.744684,0.78666
0.744708,0.77982
0.744732,0.77298
0.744756,0.76614
0.744768,0.7593
0.744792,0.75246
0.744816,0.74562
0.744828,0.73878
0.744852,0.73194
0.744876,0.7251
0.7449,0.71826
0.744912,0.71142
0.744936,0.70458
0.74496,0.69774
0.744972,0.6909
0.744996,0.68406
0.74502,0.67722
0.745032,0.670392
0.745056,0.663552
0.74508,0.656712
0.745104,0.649872
0.745116,0.643032
0.74514,0.636192
0.745164,0.629352
0.745176,0.622512
0.7452,0.615672
0.745224,0.608832
0.745248,0.601992
0.74526,0.59514
0.745284,0.5883
0.745308,0.58146
0.74532,0.57462
0.745344,0.56778
0.745368,0.56094
0.745392,0.5541
0.745404,0.54726
0.745428,0.54042
0.745452,0.53358
0.745464,0.52674
0.745488,0.5199
0.745512,0.51306
0.745536,0.50622
0.745548,0.49938
0.745572,0.49254
0.745596,0.4857
0.745608,0.47886
0.745632,0.47202
0.745656,0.46518
0.74568,0.45834
0.745692,0.4515
0.745716,0.44466
0.74574,0.43782
0.745752,0.43098
0.745776,0.42414
0.7458,0.4173
0.745812,0.41046
0.745836,0.40362
0.74586,0.39678
0.745884,0.38994
0.745896,0.3831
0.74592,0.37626
0.745944,0.36942
0.745956,0.362568
0.74598,0.355728
0.746004,0.348888
0.746028,0.342048
0.74604,0.335208
0.746064,0.328368
0.746088,0.321528
0.7461,0.314688
0.746124,0.307848
0.746148,0.301008
0.746172,0.294168
0.746184,0.287328
0.746208,0.280488
0.746232,0.273648
0.746244,0.266808
0.746268,0.259968
0.746292,0.253128
0.746316,0.246276
0.746328,0.239436
0.746352,0.232596
0.746376,0.225756
0.746388,0.218916
0.746412,0.212076
0.746436,0.205236
0.74646,0.198396
0.746472,0.191556
0.746496,0.184716
0.74652,0.177876
0.746532,0.171036
0.746556,0.164184
0.74658,0.157344
0.746592,0.150504
0.746616,0.143664
0.74664,0.136824
0.746664,0.129984
0.746676,0.123144
0.7467,0.1163016
0.746724,0.1094604
0.746736,0.1026192
0.74676,0.095778
0.746784,0.0889368
0.746808,0.0820956
0.74682,0.0752544
0.746844,0.0684132
0.746868,0.061572
0.74688,0.0547308
0.746904,0.0478896
0.746928,0.0410484
0.746952,0.0342072
0.746964,0.027366
0.746988,0.0205248
0.747012,0.0136824
0.747024,0.00684144
0.747048,0.0
0.747072,-0.00684144
0.747096,-0.0136824
0.747108,-0.0205248
0.747132,-0.027366
0.747156,-0.0342072
0.747168,-0.0410484
0.747192,-0.0478908
0.747216,-0.054732
0.74724,-0.0615732
0.747252,-0.0684144
0.747276,-0.0752568
0.7473,-0.082098
0.747312,-0.0889392
0.747336,-0.0957816
0.74736,-0.1026228
0.747372,-0.1094652
0.747396,-0.1163064
0.74742,-0.123144
0.747444,-0.129984
0.747456,-0.136836
0.74748,-0.143676
0.747504,-0.150516
0.747516,-0.157356
0.74754,-0.164196
0.747564,-0.171036
0.747588,-0.177888
0.7476,-0.184728
0.747624,-0.191568
0.747648,-0.198408
0.74766,-0.205248
0.747684,-0.212088
0.747708,-0.218928
0.747732,-0.22578
0.747744,-0.23262
0.747768,-0.23946
0.747792,-0.2463
0.747804,-0.25314
0.747828,-0.25998
0.747852,-0.266832
0.747876,-0.273672
0.747888,-0.280512
0.747912,-0.287352
0.747936,-0.294192
0.747948,-0.301032
0.747972,-0.307884
0.747996,-0.314724
0.74802,-0.321564
0.748032,-0.328404
0.748056,-0.335244
0.74808,-0.342096
0.748092,-0.348936
0.748116,-0.355776
0.74814,-0.362616
0.748164,-0.369456
0.748176,-0.376296
0.7482,-0.383148
0.748224,-0.389988
0.748236,-0.396828
0.74826,-0.403668
0.748284,-0.410508
0.748296,-0.41736
0.74832,-0.4242
0.748344,-0.43104
0.748368,-0.43788
0.74838,-0.44472
0.748404,-0.451572
0.748428,-0.458412
0.74844,-0.465252
0.748464,-0.472092
0.748488,-0.478932
0.748512,-0.485784
0.748524,-0.492624
0.748548,-0.499464
0.748572,-0.506304
0.748584,-0.513144
0.748608,-0.519996
0.748632,-0.526836
0.748656,-0.533676
0.748668,-0.540516
0.748692,-0.547368
0.748716,-0.554208
0.748728,-0.561048
0.748752,-0.567888
0.748776,-0.574728
0.7488,-0.58158
0.748812,-0.58842
0.748836,-0.59526
0.74886,-0.6021
0.748872,-0.608952
0.748896,-0.615792
0.74892,-0.622632
0.748944,-0.629472
0.748956,-0.636324
0.74898,-0.643164
0.749004,-0.650004
0.749016,-0.656844
0.74904,-0.663696
0.749064,-0.670536
0.749076,-0.677376
0.7491,-0.684216
0.749124,-0.691056
0.749148,-0.697908
0.74916,-0.704748
0.749184,-0.711588
0.749208,-0.718428
0.74922,-0.72528
0.749244,-0.73212
0.749268,-0.73896
0.749292,-0.7458
0.749304,-0.752652
0.749328,-0.759492
0.749352,-0.766332
0.749364,-0.773184
0.749388,-0.780024
0.749412,-0.786864
0.749436,-0.793704
0.749448,-0.800556
0.749472,-0.807396
0.749496,-0.814236
0.749508,-0.821076
0.749532,-0.827928
0.749556,-0.834768
0.74958,-0.841608
0.749592,-0.84846
0.749616,-0.8553
0.74964,-0.86214
0.749652,-0.86898
0.749676,-0.875832
0.7497,-0.882672
0.749724,-0.889512
0.749736,-0.896352
0.74976,-0.903204
0.749784,-0.910044
0.749796,-0.916884
0.74982,-0.923736
0.749844,-0.930576
0.749868,-0.937416
0.74988,-0.944268
0.749904,-0.951108
0.749928,-0.957948
0.74994,-0.964788
0.749964,-0.97164
0.749988,-0.97848
0.750012,-0.98532
0.750024,-0.992172
0.750048,-0.999012
0.750072,-1.005852
0.750084,-1.012704
0.750108,-1.019544
0.750132,-1.026384
0.750144,-1.033224
0.750168,-1.040076
0.750192,-1.046916
0.750216,-1.053756
0.750228,-1.060608
0.750252,-1.067448
0.750276,-1.074288
0.750288,-1.08114
0.750312,-1.08798
0.750336,-1.09482
0.75036,-1.101672
0.750372,-1.108512
0.750396,-1.115352
0.75042,-1.122204
0.750432,-1.129044
0.750456,-1.135884
0.75048,-1.142736
0.750504,-1.149576
0.750516,-1.156416
0.75054,-1.163268
0.750564,-1.170108
0.750576,-1.176948
0.7506,-1.1838
0.750624,-1.19064
0.750648,-1.19748
0.75066,-1.20432
0.750684,-1.21116
0.750708,-1.218
0.75072,-1.22484
0.750744,-1.23168
0.750768,-1.23852
0.750792,-1.24536
0.750804,-1.2522
0.750828,-1.25904
0.750852,-1.26588
0.750864,-1.27272
0.750888,-1.27956
0.750912,-1.2864
0.750936,-1.29336
0.750948,-1.3002
0.750972,-1.30704
0.750996,-1.31388
0.751008,-1.32072
0.751032,-1.32756
0.751056,-1.3344
0.751068,-1.34124
0.751092,-1.34808
0.751116,-1.35492
0.75114,-1.36176
0.751152,-1.3686
0.751176,-1.37544
0.7512,-1.38228
0.751212,-1.38912
0.751236,-1.39596
0.75126,-1.4028
0.751284,-1.40964
0.751296,-1.41648
0.75132,-1.42332
0.751344,-1.43016
0.751356,-1.437
0.75138,-1.44384
0.751404,-1.45068
0.751428,-1.45752
0.75144,-1.46436
0.751464,-1.4712
0.751488,-1.47816
0.7515,-1.485
0.751524,-1.49184
0.751548,-1.49868
0.751572,-1.50552
0.751584,-1.51236
0.751608,-1.5192
0.751632,-1.52604
0.751644,-1.53288
0.751668,-1.53972
0.751692,-1.54656
0.751716,-1.5534
0.751728,-1.56024
0.751752,-1.56708
0.751776,-1.57392
0.755292,-1.58004
0.755304,-1.58688
0.755328,-1.59372
0.758844,-1.59984
0.758868,-1.60668
0.762372,-1.61268
0.765876,-1.6188
0.76938,-1.62492
0.772884,-1.63092
0.776376,-1.63704
0.779856,-1.6362
0.783336,-1.64232
0.786804,-1.64148
0.790272,-1.64076
0.793752,-1.64676
0.797208,-1.64604
0.800664,-1.6452
0.804108,-1.64448
0.807552,-1.64364
0.810996,-1.64292
0.81444,-1.64208
0.81786,-1.63464
0.821292,-1.6338
0.824724,-1.63308
0.828132,-1.62552
0.831552,-1.6248
0.83496,-1.61724
0.838356,-1.60968
0.841752,-1.60224
0.845136,-1.59468
0.84852,-1.58724
0.848508,-1.5804
0.851892,-1.57296
0.851868,-1.56624
0.851844,-1.5594
0.855228,-1.55196
0.855216,-1.54524
0.855192,-1.53852
0.855168,-1.53168
0.855144,-1.52496
0.855132,-1.51824
0.855108,-1.51152
0.855084,-1.50468
0.855072,-1.49796
0.855048,-1.49124
0.855024,-1.48452
0.855012,-1.4778
0.854988,-1.47096
0.854964,-1.46424
0.854952,-1.45752
0.854928,-1.4508
0.854904,-1.44396
0.85488,-1.43724
0.854868,-1.43052
0.854844,-1.4238
0.85482,-1.41696
0.854808,-1.41024
0.854784,-1.40352
0.85476,-1.3968
0.854748,-1.38996
0.854724,-1.38324
0.8547,-1.37652
0.854676,-1.3698
0.854664,-1.36296
0.85464,-1.35624
0.854616,-1.34952
0.854604,-1.3428
0.85458,-1.33596
0.854556,-1.32924
0.854544,-1.32252
0.85452,-1.3158
0.854496,-1.30896
0.854472,-1.30224
0.85446,-1.29552
0.854436,-1.2888
0.854412,-1.28196
0.8544,-1.27524
0.854376,-1.26852
0.854352,-1.2618
0.85434,-1.25508
0.854316,-1.24824
0.854292,-1.24152
0.85428,-1.2348
0.854256,-1.22808
0.854232,-1.22124
0.854208,-1.21452
0.854196,-1.2078
0.854172,-1.20108
0.854148,-1.194288
0.854136,-1.187532
0.854112,-1.180788
0.854088,-1.174044
0.854076,-1.167288
0.854052,-1.160544
0.854028,-1.153788
0.854004,-1.147044
0.853992,-1.1403
0.853968,-1.133544
0.853944,-1.1268
0.853932,-1.120044
0.853908,-1.1133
0.853884,-1.106556
0.853872,-1.0998
0.853848,-1.093056
0.853824,-1.086312
0.8538,-1.079556
0.853788,-1.072812
0.853764,-1.066068
0.85374,-1.059312
0.853728,-1.052568
0.853704,-1.045812
0.85368,-1.039068
0.853668,-1.032324
0.853644,-1.025568
0.85362,-1.018824
0.853608,-1.01208
0.853584,-1.005324
0.85356,-0.99858
0.853536,-0.991836
0.853524,-0.98508
0.8535,-0.978336
0.853476,-0.97158
0.853464,-0.964836
0.85344,-0.958092
0.853416,-0.951336
0.853404,-0.944592
0.85338,-0.937848
0.853356,-0.931092
0.853332,-0.924348
0.85332,-0.917604
0.853296,-0.910848
0.853272,-0.904104
0.85326,-0.89736
0.853236,-0.890604
0.853212,-0.88386
0.8532,-0.877116
0.853176,-0.87036
0.853152,-0.863616
0.853128,-0.856872
0.853116,-0.850116
0.853092,-0.843372
0.853068,-0.836628
0.853056,-0.829872
0.853032,-0.823128
0.853008,-0.816384
0.852996,-0.809628
0.852972,-0.802884
0.852948,-0.79614
0.852936,-0.789396
0.852912,-0.78264
0.852888,-0.775896
0.852864,-0.769152
0.852852,-0.762396
0.852828,-0.755652
0.852804,-0.748908
0.852792,-0.742152
0.852768,-0.735408
0.852744,-0.728664
0.852732,-0.721908
0.852708,-0.715164
0.852684,-0.70842
0.85266,-0.701664
0.852648,-0.69492
0.852624,-0.688176
0.8526,-0.681432
0.852588,-0.674676
0.852564,-0.667932
0.85254,-0.661188
0.852528,-0.654432
0.852504,-0.647688
0.85248,-0.640944
0.852456,-0.6342
0.852444,-0.627444
0.85242,-0.6207
0.852396,-0.613956
0.852384,-0.6072
0.85236,-0.600456
0.852336,-0.593712
0.852324,-0.586968
0.8523,-0.580212
0.852276,-0.573468
0.852264,-0.566724
0.85224,-0.559968
0.852216,-0.553224
0.852192,-0.54648
0.85218,-0.539736
0.852156,-0.53298
0.852132,-0.526236
0.85212,-0.519492
0.852096,-0.512748
0.852072,-0.505992
0.85206,-0.499248
0.852036,-0.492504
0.852012,-0.48576
0.851988,-0.479004
0.851976,-0.47226
0.851952,-0.465516
0.851928,-0.458772
0.851916,-0.452016
0.851892,-0.445272
0.851868,-0.438528
0.851856,-0.431772
0.851832,-0.425028
0.851808,-0.418284
0.851796,-0.41154
0.851772,-0.404784
0.851748,-0.39804
0.851724,-0.391296
0.851712,-0.384552
0.851688,-0.377808
0.851664,-0.371052
0.851652,-0.364308
0.851628,-0.357564
0.851604,-0.35082
0.851592,-0.344064
0.851568,-0.33732
0.851544,-0.330576
0.85152,-0.323832
0.851508,-0.317076
0.851484,-0.310332
0.85146,-0.303588
0.851448,-0.296844
0.851424,-0.2901
0.8514,-0.283344
0.851388,-0.2766
0.851364,-0.269856
0.85134,-0.263112
0.851316,-0.256356
0.851304,-0.249612
0.85128,-0.242868
0.851256,-0.236124
0.851244,-0.22938
0.85122,-0.222624
0.851196,-0.21588
0.851184,-0.209136
0.85116,-0.202392
0.851136,-0.195636
0.851124,-0.188892
0.8511,-0.182148
0.851076,-0.175404
0.851052,-0.16866
0.85104,-0.161904
0.851016,-0.15516
0.850992,-0.148416
0.85098,-0.141672
0.850956,-0.134928
0.850932,-0.128172
0.85092,-0.121428
0.850896,-0.1146852
0.850872,-0.1079388
0.850848,-0.1011924
0.850836,-0.094446
0.850812,-0.0876996
0.850788,-0.0809532
0.850776,-0.074208
0.850752,-0.0674616
0.850728,-0.0607152
0.850716,-0.0539688
0.850692,-0.0472224
0.850668,-0.040476
0.850656,-0.0337308
0.850632,-0.0269844
0.850608,-0.020238
0.850584,-0.0134916
0.850572,-0.00674604
0.850548,0.0
0.850524,0.00674604
0.850512,0.0134916
0.850488,0.020238
0.850464,0.0269844
0.850452,0.0337296
0.850428,0.040476
0.850404,0.0472224
0.85038,0.0539676
0.850368,0.060714
0.850344,0.0674592
0.85032,0.0742056
0.850308,0.080952
0.850284,0.0876972
0.85026,0.0944436
0.850248,0.1011888
0.850224,0.1079352
0.8502,0.1146804
0.850176,0.121428
0.850164,0.128172
0.85014,0.134916
0.850116,0.14166
0.850104,0.148404
0.85008,0.15516
0.850056,0.161904
0.850044,0.168648
0.85002,0.175392
0.849996,0.182136
0.849984,0.18888
0.84996,0.195624
0.849936,0.20238
0.849912,0.209124
0.8499,0.215868
0.849876,0.222612
0.849852,0.229356
0.84984,0.2361
0.849816,0.242844
0.849792,0.249588
0.84978,0.256344
0.849756,0.263088
0.849732,0.269832
0.849708,0.276576
0.849696,0.28332
0.849672,0.290064
0.849648,0.296808
0.849636,0.303552
0.849612,0.310308
0.849588,0.317052
0.849576,0.323796
0.849552,0.33054
0.849528,0.337284
0.849516,0.344028
0.849492,0.350772
0.849468,0.357516
0.849444,0.36426
0.849432,0.371016
0.849408,0.37776
0.849384,0.384504
0.849372,0.391248
0.849348,0.397992
0.849324,0.404736
0.849312,0.41148
0.849288,0.418224
0.849264,0.424968
0.84924,0.431712
0.849228,0.438468
0.849204,0.445212
0.84918,0.451956
0.849168,0.4587
0.849144,0.465444
0.84912,0.472188
0.849108,0.478932
0.849084,0.485676
0.84906,0.49242
0.849048,0.499164
0.849024,0.505908
0.849,0.512652
0.848976,0.519408
0.848964,0.526152
0.84894,0.532896
0.848916,0.53964
0.848904,0.546384
0.84888,0.553128
0.848856,0.559872
0.848844,0.566616
0.84882,0.57336
0.848796,0.580104
0.848772,0.586848
0.84876,0.593592
0.848736,0.600336
0.848712,0.60708
0.8487,0.613824
0.848676,0.62058
0.848652,0.627324
0.84864,0.634068
0.848616,0.640812
0.848592,0.647556
0.848568,0.6543
0.848556,0.661044
0.848532,0.667788
0.848508,0.674532
0.848496,0.681276
0.848472,0.68802
0.848448,0.694764
0.848436,0.701508
0.848412,0.708252
0.848388,0.714996
0.848376,0.72174
0.848352,0.728484
0.848328,0.735228
0.848304,0.741972
0.848292,0.748716
0.848268,0.75546
0.848244,0.762204
0.848232,0.768948
0.848208,0.775692
0.848184,0.782448
0.848172,0.789192
0.848148,0.795936
0.848124,0.80268
0.8481,0.809424
0.848088,0.816168
0.848064,0.822912
0.84804,0.829656
0.848028,0.8364
0.848004,0.843144
0.84798,0.849888
0.847968,0.856632
0.847944,0.863376
0.84792,0.87012
0.847908,0.876864
0.847884,0.883608
0.84786,0.890352
0.847836,0.897096
0.847824,0.90384
0.8478,0.910584
0.847776,0.917328
0.847764,0.924072
0.84774,0.930816
0.847716,0.93756
0.847704,0.944304
0.84768,0.951048
0.847656,0.957792
0.847632,0.964536
0.84762,0.97128
0.847596,0.978024
0.847572,0.984768
0.84756,0.991512
0.847536,0.998256
0.847512,1.005
0.8475,1.011744
0.847476,1.018488
0.847452,1.025232
0.84744,1.031976
0.847416,1.03872
0.847392,1.045464
0.847368,1.052208
0.847356,1.058952
0.847332,1.065696
0.847308,1.07244
0.847296,1.079184
0.847272,1.085916
0.847248,1.09266
0.847236,1.099404
0.847212,1.106148
0.847188,1.112892
0.847164,1.119636
0.847152,1.12638
0.847128,1.133124
0.847104,1.139868
0.847092,1.146612
0.847068,1.153356
0.847044,1.1601
0.847032,1.166844
0.847008,1.173588
0.846984,1.180332
0.846972,1.187076
0.846948,1.19382
0.846924,1.2006
0.8469,1.20732
0.846888,1.21404
0.846864,1.22076
0.84684,1.22748
0.846828,1.23432
0.846804,1.24104
0.84678,1.24776
0.846768,1.25448
0.846744,1.2612
0.84672,1.26804
0.846696,1.27476
0.846684,1.28148
0.84666,1.2882
0.846636,1.29492
0.846624,1.30176
0.8466,1.30848
0.846576,1.3152
0.846564,1.32192
0.84654,1.32864
0.846516,1.33548
0.846504,1.3422
0.84648,1.34892
0.846456,1.35564
0.846432,1.36236
0.84642,1.3692
0.846396,1.37592
0.846372,1.38264
0.84636,1.38936
0.846336,1.39608
0.846312,1.4028
0.8463,1.40964
0.846276,1.41636
0.846252,1.42308
0.846228,1.4298
0.846216,1.43652
0.846192,1.44336
0.846168,1.45008
0.846156,1.4568
0.846132,1.46352
0.846108,1.47024
0.846096,1.47708
0.846072,1.4838
0.846048,1.49052
0.846036,1.49724
0.846012,1.50396
0.845988,1.5108
0.845964,1.51752
0.845952,1.52424
0.845928,1.53096
0.845904,1.53768
0.845892,1.5444
0.845868,1.55124
0.845844,1.55796
0.845832,1.56468
0.845808,1.5714
0.845784,1.57812
0.84576,1.58496
0.845748,1.59168
0.845724,1.5984
0.8457,1.60512
0.845688,1.61184
0.845664,1.61868
0.84564,1.6254
0.845628,1.63212
0.845604,1.63884
0.84558,1.64556
0.845568,1.65228
0.845544,1.65912
