n,t_s,x,y,pixel_clk,pixel_index,line_clk,line_index,frame_clk,pixel_valid_gate
0,0.0,0.84552,1.66584,0,-1,0,-1,1,0
1,0.001,0.842112,1.66656,0,-1,0,-1,0,0
2,0.002,0.838704,1.6674,0,-1,0,-1,0,0
3,0.003,0.835296,1.66812,0,-1,0,-1,0,0
4,0.004,0.831888,1.66896,0,-1,0,-1,0,0
5,0.005,0.828468,1.66968,0,-1,0,-1,0,0
6,0.006,0.825048,1.67052,0,-1,0,-1,0,0
7,0.007,0.821616,1.67124,0,-1,0,-1,0,0
8,0.008,0.818196,1.67208,0,-1,0,-1,0,0
9,0.009,0.814764,1.6728,0,-1,0,-1,0,0
10,0.01,0.811332,1.67364,0,-1,0,-1,0,0
11,0.011,0.807888,1.67436,0,-1,0,-1,0,0
12,0.012,0.804456,1.6752,0,-1,0,-1,0,0
13,0.013,0.801012,1.67592,0,-1,0,-1,0,0
14,0.014,0.797568,1.67676,0,-1,0,-1,0,0
15,0.015,0.794112,1.67748,0,-1,0,-1,0,0
16,0.016,0.790656,1.67832,0,-1,0,-1,0,0
17,0.017,0.7872,1.67904,0,-1,0,-1,0,0
18,0.018,0.783744,1.67988,0,-1,0,-1,0,0
19,0.019,0.780288,1.6806,0,-1,0,-1,0,0
20,0.02,0.77682,1.68144,0,-1,0,-1,0,0
21,0.021,0.773352,1.68228,0,-1,0,-1,0,0
22,0.022,0.769872,1.683,0,-1,0,-1,0,0
23,0.023,0.766404,1.68384,0,-1,0,-1,0,0
24,0.024,0.762924,1.68456,0,-1,0,-1,0,0
25,0.025,0.759444,1.6854,0,-1,0,-1,0,0
26,0.026,0.755952,1.68624,0,-1,0,-1,0,0
27,0.027,0.75246,1.68696,0,-1,0,-1,0,0
28,0.028,0.74898,1.6878,0,-1,0,-1,0,0
29,0.029,0.745476,1.68852,0,-1,0,-1,0,0
30,0.03,0.741984,1.68936,0,-1,0,-1,0,0
31,0.031,0.73848,1.6902,0,-1,0,-1,0,0
32,0.032,0.734976,1.69092,0,-1,0,-1,0,0
33,0.033,0.73146,1.69176,0,-1,0,-1,0,0
34,0.034,0.727956,1.6926,0,-1,0,-1,0,0
35,0.035,0.72444,1.69332,0,-1,0,-1,0,0
36,0.036,0.720924,1.69416,0,-1,0,-1,0,0
37,0.037,0.717396,1.695,0,-1,0,-1,0,0
38,0.038,0.713868,1.69572,0,-1,0,-1,0,0
39,0.039,0.71034,1.69656,0,-1,0,-1,0,0
40,0.04,0.706812,1.6974,0,-1,0,-1,0,0
41,0.041,0.703284,1.69812,0,-1,0,-1,0,0
42,0.042,0.699744,1.69896,0,-1,0,-1,0,0
43,0.043,0.696192,1.6998,0,-1,0,-1,0,0
44,0.044,0.692652,1.70064,0,-1,0,-1,0,0
45,0.045,0.6891,1.70136,0,-1,0,-1,0,0
46,0.046,0.685548,1.7022,0,-1,0,-1,0,0
47,0.047,0.681996,1.70304,0,-1,0,-1,0,0
48,0.048,0.678444,1.70376,0,-1,0,-1,0,0
49,0.049,0.67488,1.7046,0,-1,0,-1,0,0
50,0.05,0.671316,1.70544,0,-1,0,-1,0,0
51,0.051,0.66774,1.70628,0,-1,0,-1,0,0
52,0.052,0.664176,1.707,0,-1,0,-1,0,0
53,0.053,0.6606,1.70784,0,-1,0,-1,0,0
54,0.054,0.657012,1.70868,0,-1,0,-1,0,0
55,0.055,0.653436,1.70952,0,-1,0,-1,0,0
56,0.056,0.649848,1.71036,0,-1,0,-1,0,0
57,0.057,0.64626,1.71108,0,-1,0,-1,0,0
58,0.058,0.64266,1.71192,0,-1,0,-1,0,0
59,0.059,0.639072,1.71276,0,-1,0,-1,0,0
60,0.06,0.635472,1.7136,0,-1,0,-1,0,0
61,0.061,0.631872,1.71444,0,-1,0,-1,0,0
62,0.062,0.62826,1.71528,0,-1,0,-1,0,0
63,0.063,0.624648,1.716,0,-1,0,-1,0,0
64,0.064,0.621036,1.71684,0,-1,0,-1,0,0
65,0.065,0.617424,1.71768,0,-1,0,-1,0,0
66,0.066,0.6138,1.71852,0,-1,0,-1,0,0
67,0.067,0.610176,1.71936,0,-1,0,-1,0,0
68,0.068,0.606552,1.7202,0,-1,0,-1,0,0
69,0.069,0.602916,1.72104,0,-1,0,-1,0,0
70,0.07,0.59928,1.72176,0,-1,0,-1,0,0
71,0.071,0.595644,1.7226,0,-1,0,-1,0,0
72,0.072,0.592008,1.72344,0,-1,0,-1,0,0
73,0.073,0.58836,1.72428,0,-1,0,-1,0,0
74,0.074,0.584712,1.72512,0,-1,0,-1,0,0
75,0.075,0.581064,1.72596,0,-1,0,-1,0,0
76,0.076,0.577404,1.7268,0,-1,0,-1,0,0
77,0.077,0.573744,1.72764,0,-1,0,-1,0,0
78,0.078,0.570084,1.72848,0,-1,0,-1,0,0
79,0.079,0.566424,1.72932,0,-1,0,-1,0,0
80,0.08,0.562752,1.73016,0,-1,0,-1,0,0
81,0.081,0.55908,1.731,0,-1,0,-1,0,0
82,0.082,0.555396,1.73184,0,-1,0,-1,0,0
83,0.083,0.551724,1.73268,0,-1,0,-1,0,0
84,0.084,0.54804,1.73352,0,-1,0,-1,0,0
85,0.085,0.544356,1.73436,0,-1,0,-1,0,0
86,0.086,0.54066,1.7352,0,-1,0,-1,0,0
87,0.087,0.536964,1.73604,0,-1,0,-1,0,0
88,0.088,0.533268,1.73688,0,-1,0,-1,0,0
89,0.089,0.529572,1.73772,0,-1,0,-1,0,0
90,0.09,0.525864,1.73856,0,-1,0,-1,0,0
91,0.091,0.522156,1.7394,0,-1,0,-1,0,0
92,0.092,0.518436,1.74024,0,-1,0,-1,0,0
93,0.093,0.514728,1.74108,0,-1,0,-1,0,0
94,0.094,0.511008,1.74192,0,-1,0,-1,0,0
95,0.095,0.507288,1.74276,0,-1,0,-1,0,0
96,0.096,0.503556,1.7436,0,-1,0,-1,0,0
97,0.097,0.499824,1.74444,0,-1,0,-1,0,0
98,0.098,0.496092,1.74528,0,-1,0,-1,0,0
99,0.099,0.49236,1.74612,0,-1,0,-1,0,0
100,0.1,0.488616,1.74696,0,-1,0,-1,0,0
101,0.101,0.484872,1.7478,0,-1,0,-1,0,0
102,0.102,0.481116,1.74864,0,-1,0,-1,0,0
103,0.103,0.477372,1.74948,0,-1,0,-1,0,0
104,0.104,0.473616,1.75044,0,-1,0,-1,0,0
105,0.105,0.469848,1.75128,0,-1,0,-1,0,0
106,0.106,0.466092,1.75212,0,-1,0,-1,0,0
107,0.107,0.462324,1.75296,0,-1,0,-1,0,0
108,0.108,0.458556,1.7538,0,-1,0,-1,0,0
109,0.109,0.454776,1.75464,0,-1,0,-1,0,0
110,0.11,0.450996,1.75548,0,-1,0,-1,0,0
111,0.111,0.447216,1.75644,0,-1,0,-1,0,0
112,0.112,0.443436,1.75728,0,-1,0,-1,0,0
113,0.113,0.439644,1.75812,0,-1,0,-1,0,0
114,0.114,0.435852,1.75896,0,-1,0,-1,0,0
115,0.115,0.43206,1.7598,0,-1,0,-1,0,0
116,0.116,0.428256,1.76076,0,-1,0,-1,0,0
117,0.117,0.424452,1.7616,0,-1,0,-1,0,0
118,0.118,0.420648,1.76244,0,-1,0,-1,0,0
119,0.119,0.416832,1.76328,0,-1,0,-1,0,0
120,0.12,0.413016,1.76412,0,-1,0,-1,0,0
121,0.121,0.4092,1.76508,0,-1,0,-1,0,0
122,0.122,0.405372,1.76592,0,-1,0,-1,0,0
123,0.123,0.401556,1.76676,0,-1,0,-1,0,0
124,0.124,0.397716,1.7676,0,-1,0,-1,0,0
125,0.125,0.393888,1.76856,0,-1,0,-1,0,0
126,0.126,0.390048,1.7694,0,-1,0,-1,0,0
127,0.127,0.386208,1.77024,0,-1,0,-1,0,0
128,0.128,0.382368,1.77108,0,-1,0,-1,0,0
129,0.129,0.378516,1.77204,0,-1,0,-1,0,0
130,0.13,0.374664,1.77288,0,-1,0,-1,0,0
131,0.131,0.3708,1.77372,0,-1,0,-1,0,0
132,0.132,0.366948,1.77468,0,-1,0,-1,0,0
133,0.133,0.363084,1.77552,0,-1,0,-1,0,0
134,0.134,0.359208,1.77636,0,-1,0,-1,0,0
135,0.135,0.355344,1.77732,0,-1,0,-1,0,0
136,0.136,0.351468,1.77816,0,-1,0,-1,0,0
137,0.137,0.34758,1.779,0,-1,0,-1,0,0
138,0.138,0.343704,1.77996,0,-1,0,-1,0,0
139,0.139,0.339816,1.7808,0,-1,0,-1,0,0
140,0.14,0.335916,1.78164,0,-1,0,-1,0,0
141,0.141,0.332028,1.7826,0,-1,0,-1,0,0
142,0.142,0.328128,1.78344,0,-1,0,-1,0,0
143,0.143,0.324228,1.7844,0,-1,0,-1,0,0
144,0.144,0.320316,1.78524,0,-1,0,-1,0,0
145,0.145,0.316404,1.78608,0,-1,0,-1,0,0
146,0.146,0.312492,1.78704,0,-1,0,-1,0,0
147,0.147,0.308568,1.78788,0,-1,0,-1,0,0
148,0.148,0.304656,1.78884,0,-1,0,-1,0,0
149,0.149,0.30072,1.78968,0,-1,0,-1,0,0
150,0.15,0.296796,1.79064,0,-1,0,-1,0,0
151,0.151,0.29286,1.79148,0,-1,0,-1,0,0
152,0.152,0.288924,1.79244,0,-1,0,-1,0,0
153,0.153,0.284976,1.79328,0,-1,0,-1,0,0
154,0.154,0.281028,1.79412,0,-1,0,-1,0,0
155,0.155,0.27708,1.79508,0,-1,0,-1,0,0
156,0.156,0.273132,1.79592,0,-1,0,-1,0,0
157,0.157,0.269172,1.79688,0,-1,0,-1,0,0
158,0.158,0.265212,1.79772,0,-1,0,-1,0,0
159,0.159,0.26124,1.79868,0,-1,0,-1,0,0
160,0.16,0.25728,1.79952,0,-1,0,-1,0,0
161,0.161,0.253296,1.80048,0,-1,0,-1,0,0
162,0.162,0.249324,1.80144,0,-1,0,-1,0,0
163,0.163,0.24534,1.80228,0,-1,0,-1,0,0
164,0.164,0.241356,1.80324,0,-1,0,-1,0,0
165,0.165,0.237372,1.80408,0,-1,0,-1,0,0
166,0.166,0.233376,1.80504,0,-1,0,-1,0,0
167,0.167,0.22938,1.80588,0,-1,0,-1,0,0
168,0.168,0.225372,1.80684,0,-1,0,-1,0,0
169,0.169,0.221364,1.8078,0,-1,0,-1,0,0
170,0.17,0.217356,1.80864,0,-1,0,-1,0,0
171,0.171,0.213348,1.8096,0,-1,0,-1,0,0
172,0.172,0.209328,1.81044,0,-1,0,-1,0,0
173,0.173,0.205308,1.8114,0,-1,0,-1,0,0
174,0.174,0.201276,1.81236,0,-1,0,-1,0,0
175,0.175,0.197244,1.8132,0,-1,0,-1,0,0
176,0.176,0.193212,1.81416,0,-1,0,-1,0,0
177,0.177,0.18918,1.81512,0,-1,0,-1,0,0
178,0.178,0.185136,1.81596,0,-1,0,-1,0,0
179,0.179,0.18108,1.81692,0,-1,0,-1,0,0
180,0.18,0.177036,1.81788,0,-1,0,-1,0,0
181,0.181,0.17298,1.81872,0,-1,0,-1,0,0
182,0.182,0.168924,1.81968,0,-1,0,-1,0,0
183,0.183,0.164856,1.82064,0,-1,0,-1,0,0
184,0.184,0.160788,1.82148,0,-1,0,-1,0,0
185,0.185,0.15672,1.82244,0,-1,0,-1,0,0
186,0.186,0.15264,1.8234,0,-1,0,-1,0,0
187,0.187,0.14856,1.82424,0,-1,0,-1,0,0
188,0.188,0.14448,1.8252,0,-1,0,-1,0,0
189,0.189,0.140388,1.82616,0,-1,0,-1,0,0
190,0.19,0.136296,1.82712,0,-1,0,-1,0,0
191,0.191,0.132204,1.82796,0,-1,0,-1,0,0
192,0.192,0.1281,1.82892,0,-1,0,-1,0,0
193,0.193,0.123996,1.82988,0,-1,0,-1,0,0
194,0.194,0.1198908,1.83084,0,-1,0,-1,0,0
195,0.195,0.1157784,1.8318,0,-1,0,-1,0,0
196,0.196,0.1116612,1.83264,0,-1,0,-1,0,0
197,0.197,0.1075404,1.8336,0,-1,0,-1,0,0
198,0.198,0.1034148,1.83456,0,-1,0,-1,0,0
199,0.199,0.0992844,1.83552,0,-1,0,-1,0,0
200,0.2,0.0951504,1.83648,0,-1,0,-1,0,0
201,0.201,0.0910116,1.83744,0,-1,0,-1,0,0
202,0.202,0.0868692,1.83828,0,-1,0,-1,0,0
203,0.203,0.0827232,1.83924,0,-1,0,-1,0,0
204,0.204,0.0785724,1.8402,0,-1,0,-1,0,0
205,0.205,0.0744168,1.84116,0,-1,0,-1,0,0
206,0.206,0.0702576,1.84212,0,-1,0,-1,0,0
207,0.207,0.0660936,1.84308,0,-1,0,-1,0,0
208,0.208,0.0619248,1.84404,0,-1,0,-1,0,0
209,0.209,0.0577524,1.845,0,-1,0,-1,0,0
210,0.21,0.0535764,1.84584,0,-1,0,-1,0,0
211,0.211,0.0493956,1.8468,0,-1,0,-1,0,0
212,0.212,0.04521,1.84776,0,-1,0,-1,0,0
213,0.213,0.0410208,1.84872,0,-1,0,-1,0,0
214,0.214,0.0368268,1.84968,0,-1,0,-1,0,0
215,0.215,0.032628,1.85064,0,-1,0,-1,0,0
216,0.216,0.0284256,1.8516,0,-1,0,-1,0,0
217,0.217,0.0242184,1.85256,0,-1,0,-1,0,0
218,0.218,0.0200076,1.85352,0,-1,0,-1,0,0
219,0.219,0.015792,1.85448,0,-1,0,-1,0,0
220,0.22,0.0115716,1.85544,0,-1,0,-1,0,0
221,0.221,0.00734724,1.8564,0,-1,0,-1,0,0
222,0.222,0.00311856,1.85736,0,-1,0,-1,0,0
223,0.223,-0.001114608,1.85832,0,-1,0,-1,0,0
224,0.224,-0.00535212,1.85928,0,-1,0,-1,0,0
225,0.225,-0.009594,1.86024,0,-1,0,-1,0,0
226,0.226,-0.0138408,1.8612,0,-1,0,-1,0,0
227,0.227,-0.0180912,1.86216,0,-1,0,-1,0,0
228,0.228,-0.0223464,1.86312,0,-1,0,-1,0,0
229,0.229,-0.0266064,1.86408,0,-1,0,-1,0,0
230,0.23,-0.03087,1.86504,0,-1,0,-1,0,0
231,0.231,-0.0351384,1.86612,0,-1,0,-1,0,0
232,0.232,-0.0394116,1.86708,0,-1,0,-1,0,0
233,0.233,-0.0436884,1.86804,0,-1,0,-1,0,0
234,0.234,-0.04797,1.869,0,-1,0,-1,0,0
235,0.235,-0.0522564,1.86996,0,-1,0,-1,0,0
236,0.236,-0.0565476,1.87092,0,-1,0,-1,0,0
237,0.237,-0.0608424,1.87188,0,-1,0,-1,0,0
238,0.238,-0.065142,1.87284,0,-1,0,-1,0,0
239,0.239,-0.0694464,1.87392,0,-1,0,-1,0,0
240,0.24,-0.0737556,1.87488,0,-1,0,-1,0,0
241,0.241,-0.0780684,1.87584,0,-1,0,-1,0,0
242,0.242,-0.082386,1.8768,0,-1,0,-1,0,0
243,0.243,-0.0867084,1.87776,0,-1,0,-1,0,0
244,0.244,-0.0910344,1.87872,0,-1,0,-1,0,0
245,0.245,-0.0953664,1.8798,0,-1,0,-1,0,0
246,0.246,-0.099702,1.88076,0,-1,0,-1,0,0
247,0.247,-0.1040424,1.88172,0,-1,0,-1,0,0
248,0.248,-0.1083876,1.88268,0,-1,0,-1,0,0
249,0.249,-0.1127376,1.88376,0,-1,0,-1,0,0
250,0.25,-0.1170912,1.88472,0,-1,0,-1,0,0
251,0.251,-0.121452,1.88568,0,-1,0,-1,0,0
252,0.252,-0.125808,1.88664,0,-1,0,-1,0,0
253,0.253,-0.130176,1.88772,0,-1,0,-1,0,0
254,0.254,-0.134556,1.88868,0,-1,0,-1,0,0
255,0.255,-0.138936,1.88964,0,-1,0,-1,0,0
256,0.256,-0.143316,1.89072,0,-1,0,-1,0,0
257,0.257,-0.147696,1.89168,0,-1,0,-1,0,0
258,0.258,-0.152088,1.89264,0,-1,0,-1,0,0
259,0.259,-0.15648,1.8936,0,-1,0,-1,0,0
260,0.26,-0.160884,1.89468,0,-1,0,-1,0,0
261,0.261,-0.165288,1.89564,0,-1,0,-1,0,0
262,0.262,-0.169704,1.89672,0,-1,0,-1,0,0
263,0.263,-0.174108,1.89768,0,-1,0,-1,0,0
264,0.264,-0.178536,1.89864,0,-1,0,-1,0,0
265,0.265,-0.182952,1.89972,0,-1,0,-1,0,0
266,0.266,-0.18738,1.90068,0,-1,0,-1,0,0
267,0.267,-0.19182,1.90164,0,-1,0,-1,0,0
268,0.268,-0.19626,1.90272,0,-1,0,-1,0,0
269,0.269,-0.2007,1.90368,0,-1,0,-1,0,0
270,0.27,-0.20514,1.90476,0,-1,0,-1,0,0
271,0.271,-0.209592,1.90572,0,-1,0,-1,0,0
272,0.272,-0.214056,1.9068,0,-1,0,-1,0,0
273,0.273,-0.218508,1.90776,0,-1,0,-1,0,0
274,0.274,-0.222984,1.90872,0,-1,0,-1,0,0
275,0.275,-0.227448,1.9098,0,-1,0,-1,0,0
276,0.276,-0.231924,1.91076,0,-1,0,-1,0,0
277,0.277,-0.236412,1.91184,0,-1,0,-1,0,0
278,0.278,-0.240888,1.9128,0,-1,0,-1,0,0
279,0.279,-0.245376,1.91388,0,-1,0,-1,0,0
280,0.28,-0.249876,1.91484,0,-1,0,-1,0,0
281,0.281,-0.254376,1.91592,0,-1,0,-1,0,0
282,0.282,-0.258876,1.917,0,-1,0,-1,0,0
283,0.283,-0.263388,1.91796,0,-1,0,-1,0,0
284,0.284,-0.2679,1.91904,0,-1,0,-1,0,0
285,0.285,-0.272424,1.92,0,-1,0,-1,0,0
286,0.286,-0.276948,1.92108,0,-1,0,-1,0,0
287,0.287,-0.281472,1.92204,0,-1,0,-1,0,0
288,0.288,-0.286008,1.92312,0,-1,0,-1,0,0
289,0.289,-0.290544,1.9242,0,-1,0,-1,0,0
290,0.29,-0.295092,1.92516,0,-1,0,-1,0,0
291,0.291,-0.29964,1.92624,0,-1,0,-1,0,0
292,0.292,-0.304188,1.9272,0,-1,0,-1,0,0
293,0.293,-0.308748,1.92828,0,-1,0,-1,0,0
294,0.294,-0.313308,1.92936,0,-1,0,-1,0,0
295,0.295,-0.31788,1.93032,0,-1,0,-1,0,0
296,0.296,-0.322452,1.9314,0,-1,0,-1,0,0
297,0.297,-0.327024,1.93248,0,-1,0,-1,0,0
298,0.298,-0.331608,1.93344,0,-1,0,-1,0,0
299,0.299,-0.336192,1.93452,0,-1,0,-1,0,0
300,0.3,-0.340788,1.9356,0,-1,0,-1,0,0
301,0.301,-0.345384,1.93656,0,-1,0,-1,0,0
302,0.302,-0.349992,1.93764,0,-1,0,-1,0,0
303,0.303,-0.3546,1.93872,0,-1,0,-1,0,0
304,0.304,-0.359208,1.9398,0,-1,0,-1,0,0
305,0.305,-0.363828,1.94076,0,-1,0,-1,0,0
306,0.306,-0.368448,1.94184,0,-1,0,-1,0,0
307,0.307,-0.373068,1.94292,0,-1,0,-1,0,0
308,0.308,-0.3777,1.944,0,-1,0,-1,0,0
309,0.309,-0.382344,1.94496,0,-1,0,-1,0,0
310,0.31,-0.386988,1.94604,0,-1,0,-1,0,0
311,0.311,-0.391632,1.94712,0,-1,0,-1,0,0
312,0.312,-0.396288,1.9482,0,-1,0,-1,0,0
313,0.313,-0.400944,1.94928,0,-1,0,-1,0,0
314,0.314,-0.4056,1.95036,0,-1,0,-1,0,0
315,0.315,-0.410268,1.95132,0,-1,0,-1,0,0
316,0.316,-0.414948,1.9524,0,-1,0,-1,0,0
317,0.317,-0.419616,1.95348,0,-1,0,-1,0,0
318,0.318,-0.424308,1.95456,0,-1,0,-1,0,0
319,0.319,-0.428988,1.95564,0,-1,0,-1,0,0
320,0.32,-0.43368,1.95672,0,-1,0,-1,0,0
321,0.321,-0.438384,1.9578,0,-1,0,-1,0,0
322,0.322,-0.443088,1.95888,0,-1,0,-1,0,0
323,0.323,-0.447792,1.95984,0,-1,0,-1,0,0
324,0.324,-0.452508,1.96092,0,-1,0,-1,0,0
325,0.325,-0.457224,1.962,0,-1,0,-1,0,0
326,0.326,-0.461952,1.96308,0,-1,0,-1,0,0
327,0.327,-0.46668,1.96416,0,-1,0,-1,0,0
328,0.328,-0.47142,1.96524,0,-1,0,-1,0,0
329,0.329,-0.476148,1.96632,0,-1,0,-1,0,0
330,0.33,-0.4809,1.9674,0,-1,0,-1,0,0
331,0.331,-0.485652,1.96848,0,-1,0,-1,0,0
332,0.332,-0.490404,1.96956,0,-1,0,-1,0,0
333,0.333,-0.495168,1.97064,0,-1,0,-1,0,0
334,0.334,-0.499932,1.97172,0,-1,0,-1,0,0
335,0.335,-0.504696,1.9728,0,-1,0,-1,0,0
336,0.336,-0.509472,1.97388,0,-1,0,-1,0,0
337,0.337,-0.51426,1.97496,0,-1,0,-1,0,0
338,0.338,-0.519048,1.97604,0,-1,0,-1,0,0
339,0.339,-0.523836,1.97724,0,-1,0,-1,0,0
340,0.34,-0.528636,1.97832,0,-1,0,-1,0,0
341,0.341,-0.533436,1.9794,0,-1,0,-1,0,0
342,0.342,-0.538248,1.98048,0,-1,0,-1,0,0
343,0.343,-0.54306,1.98156,0,-1,0,-1,0,0
344,0.344,-0.547872,1.98264,0,-1,0,-1,0,0
345,0.345,-0.552696,1.98372,0,-1,0,-1,0,0
346,0.346,-0.557532,1.9848,0,-1,0,-1,0,0
347,0.347,-0.562356,1.986,0,-1,0,-1,0,0
348,0.348,-0.567204,1.98708,0,-1,0,-1,0,0
349,0.349,-0.57204,1.98816,0,-1,0,-1,0,0
350,0.35,-0.5769,1.98924,0,-1,0,-1,0,0
351,0.351,-0.581748,1.99032,0,-1,0,-1,0,0
352,0.352,-0.586608,1.99152,0,-1,0,-1,0,0
353,0.353,-0.59148,1.9926,0,-1,0,-1,0,0
354,0.354,-0.596352,1.99368,0,-1,0,-1,0,0
355,0.355,-0.601224,1.99476,0,-1,0,-1,0,0
356,0.356,-0.606108,1.99584,0,-1,0,-1,0,0
357,0.357,-0.611004,1.99704,0,-1,0,-1,0,0
358,0.358,-0.615888,1.99812,0,-1,0,-1,0,0
359,0.359,-0.620796,1.9992,0,-1,0,-1,0,0
360,0.36,-0.625692,2.0004,0,-1,0,-1,0,0
361,0.361,-0.630612,2.00148,0,-1,0,-1,0,0
362,0.362,-0.63552,2.00256,0,-1,0,-1,0,0
363,0.363,-0.64044,2.00376,0,-1,0,-1,0,0
364,0.364,-0.645372,2.00484,0,-1,0,-1,0,0
365,0.365,-0.650304,2.00592,0,-1,0,-1,0,0
366,0.366,-0.655236,2.00712,0,-1,0,-1,0,0
367,0.367,-0.66018,2.0082,0,-1,0,-1,0,0
368,0.368,-0.665136,2.00928,0,-1,0,-1,0,0
369,0.369,-0.670092,2.01048,0,-1,0,-1,0,0
370,0.37,-0.675048,2.01156,0,-1,0,-1,0,0
371,0.371,-0.680016,2.01276,0,-1,0,-1,0,0
372,0.372,-0.684984,2.01384,0,-1,0,-1,0,0
373,0.373,-0.689964,2.01492,0,-1,0,-1,0,0
374,0.374,-0.694944,2.01612,0,-1,0,-1,0,0
375,0.375,-0.699924,2.0172,0,-1,0,-1,0,0
376,0.376,-0.704928,2.0184,0,-1,0,-1,0,0
377,0.377,-0.70992,2.01948,0,-1,0,-1,0,0
378,0.378,-0.714924,2.02068,0,-1,0,-1,0,0
379,0.379,-0.71994,2.02176,0,-1,0,-1,0,0
380,0.38,-0.724956,2.02296,0,-1,0,-1,0,0
381,0.381,-0.729972,2.02404,0,-1,0,-1,0,0
382,0.382,-0.735,2.02524,0,-1,0,-1,0,0
383,0.383,-0.74004,2.02632,0,-1,0,-1,0,0
384,0.384,-0.745068,2.02752,0,-1,0,-1,0,0
385,0.385,-0.75012,2.0286,0,-1,0,-1,0,0
386,0.386,-0.755172,2.0298,0,-1,0,-1,0,0
387,0.387,-0.760224,2.03088,0,-1,0,-1,0,0
388,0.388,-0.765288,2.03208,0,-1,0,-1,0,0
389,0.389,-0.770352,2.03328,0,-1,0,-1,0,0
390,0.39,-0.775428,2.03436,0,-1,0,-1,0,0
391,0.391,-0.780504,2.03556,0,-1,0,-1,0,0
392,0.392,-0.785592,2.03676,0,-1,0,-1,0,0
393,0.393,-0.79068,2.03784,0,-1,0,-1,0,0
394,0.394,-0.79578,2.03904,0,-1,0,-1,0,0
395,0.395,-0.80088,2.04024,0,-1,0,-1,0,0
396,0.396,-0.80598,2.04132,0,-1,0,-1,0,0
397,0.397,-0.811104,2.04252,0,-1,0,-1,0,0
398,0.398,-0.816216,2.04372,0,-1,0,-1,0,0
399,0.399,-0.82134,2.0448,0,-1,0,-1,0,0
400,0.4,-0.826476,2.046,0,-1,0,-1,0,0
401,0.401,-0.831612,2.0472,0,-1,0,-1,0,0
402,0.402,-0.836748,2.0484,0,-1,0,-1,0,0
403,0.403,-0.841896,2.04948,0,-1,0,-1,0,0
404,0.404,-0.847056,2.05068,0,-1,0,-1,0,0
405,0.405,-0.852216,2.05188,0,-1,0,-1,0,0
406,0.406,-0.857388,2.05308,0,-1,0,-1,0,0
407,0.407,-0.86256,2.05416,0,-1,0,-1,0,0
408,0.408,-0.867732,2.05536,0,-1,0,-1,0,0
409,0.409,-0.872916,2.05656,0,-1,0,-1,0,0
410,0.41,-0.878112,2.05776,0,-1,0,-1,0,0
411,0.411,-0.883308,2.05896,0,-1,0,-1,0,0
412,0.412,-0.888504,2.06016,0,-1,0,-1,0,0
413,0.413,-0.893712,2.06124,0,-1,0,-1,0,0
414,0.414,-0.898932,2.06244,0,-1,0,-1,0,0
415,0.415,-0.904152,2.06364,0,-1,0,-1,0,0
416,0.416,-0.909372,2.06484,0,-1,0,-1,0,0
417,0.417,-0.914604,2.06604,0,-1,0,-1,0,0
418,0.418,-0.919848,2.06724,0,-1,0,-1,0,0
419,0.419,-0.925092,2.06844,0,-1,0,-1,0,0
420,0.42,-0.930336,2.06964,0,-1,0,-1,0,0
421,0.421,-0.935592,2.07084,0,-1,0,-1,0,0
422,0.422,-0.94086,2.07204,0,-1,0,-1,0,0
423,0.423,-0.946128,2.07324,0,-1,0,-1,0,0
424,0.424,-0.951396,2.07444,0,-1,0,-1,0,0
425,0.425,-0.956676,2.07564,0,-1,0,-1,0,0
426,0.426,-0.961968,2.07684,0,-1,0,-1,0,0
427,0.427,-0.96726,2.07804,0,-1,0,-1,0,0
428,0.428,-0.972564,2.07924,0,-1,0,-1,0,0
429,0.429,-0.977868,2.08044,0,-1,0,-1,0,0
430,0.43,-0.983172,2.08164,0,-1,0,-1,0,0
431,0.431,-0.988488,2.08284,0,-1,0,-1,0,0
432,0.432,-0.993816,2.08404,0,-1,0,-1,0,0
433,0.433,-0.999144,2.08524,0,-1,0,-1,0,0
434,0.434,-1.004484,2.08644,0,-1,0,-1,0,0
435,0.435,-1.009824,2.08764,0,-1,0,-1,0,0
436,0.436,-1.015176,2.08896,0,-1,0,-1,0,0
437,0.437,-1.020528,2.09016,0,-1,0,-1,0,0
438,0.438,-1.025892,2.09136,0,-1,0,-1,0,0
439,0.439,-1.031256,2.09256,0,-1,0,-1,0,0
440,0.44,-1.036632,2.09376,0,-1,0,-1,0,0
441,0.441,-1.042008,2.09496,0,-1,0,-1,0,0
442,0.442,-1.047396,2.09628,0,-1,0,-1,0,0
443,0.443,-1.052784,2.09748,0,-1,0,-1,0,0
444,0.444,-1.058184,2.09868,0,-1,0,-1,0,0
445,0.445,-1.063572,2.09136,0,-1,0,-1,0,0
446,0.446,-1.06896,2.08416,0,-1,0,-1,0,0
447,0.447,-1.074372,2.08536,0,-1,0,-1,0,0
448,0.448,-1.079772,2.07804,0,-1,0,-1,0,0
449,0.449,-1.079748,2.06952,0,-1,0,-1,0,0
450,0.45,-1.08516,2.0622,0,-1,0,-1,0,0
451,0.451,-1.085136,2.05368,0,-1,0,-1,0,0
452,0.452,-1.090548,2.04636,0,-1,0,-1,0,0
453,0.453,-1.090524,2.03784,0,-1,0,-1,0,0
454,0.454,-1.0905,2.02932,0,-1,0,-1,0,0
455,0.455,-1.090476,2.0208,0,-1,0,-1,0,0
456,0.456,-1.090452,2.01228,0,-1,0,-1,0,0
457,0.457,-1.090428,2.00376,0,-1,0,-1,0,0
458,0.458,-1.090416,1.99524,0,-1,0,-1,0,0
459,0.459,-1.090392,1.98672,0,-1,0,-1,0,0
460,0.46,-1.090368,1.9782,0,-1,0,-1,0,0
461,0.461,-1.090344,1.96968,0,-1,0,-1,0,0
462,0.462,-1.09032,1.96116,0,-1,0,-1,0,0
463,0.463,-1.090296,1.95264,0,-1,0,-1,0,0
464,0.464,-1.090272,1.94412,0,-1,0,-1,0,0
465,0.465,-1.090248,1.9356,0,-1,0,-1,0,0
466,0.466,-1.090224,1.92708,0,-1,0,-1,0,0
467,0.467,-1.0902,1.91856,0,-1,0,-1,0,0
468,0.468,-1.090176,1.91004,1,0,1,0,0,0
469,0.469,-1.090152,1.90152,0,-1,0,-1,0,0
470,0.47,-1.09014,1.893,0,-1,0,-1,0,0
471,0.471,-1.090116,1.88448,0,-1,0,-1,0,0
472,0.472,-1.090092,1.87596,0,-1,0,-1,0,0
473,0.473,-1.090068,1.86744,0,-1,0,-1,0,0
474,0.474,-1.090044,1.85892,0,-1,0,-1,0,0
475,0.475,-1.09002,1.8504,0,-1,0,-1,0,0
476,0.476,-1.089996,1.84188,0,-1,0,-1,0,0
477,0.477,-1.089972,1.83336,0,-1,0,-1,0,0
478,0.478,-1.089948,1.82484,0,-1,0,-1,0,0
479,0.479,-1.089924,1.81632,0,-1,0,-1,0,0
480,0.48,-1.0899,1.8078,0,-1,0,-1,0,0
481,0.481,-1.089876,1.79916,0,-1,0,-1,0,0
482,0.482,-1.089852,1.79064,0,-1,0,-1,0,0
483,0.483,-1.08984,1.78212,0,-1,0,-1,0,0
484,0.484,-1.089816,1.7736,0,-1,0,-1,0,0
485,0.485,-1.089792,1.76508,0,-1,0,-1,0,0
486,0.486,-1.089768,1.75656,0,-1,0,-1,0,0
487,0.487,-1.089744,1.74804,0,-1,0,-1,0,0
488,0.488,-1.08972,1.73952,0,-1,0,-1,0,0
489,0.489,-1.089696,1.731,0,-1,0,-1,0,0
490,0.49,-1.089672,1.72248,0,-1,0,-1,0,0
491,0.491,-1.089648,1.71396,0,-1,0,-1,0,0
492,0.492,-1.089624,1.70544,0,-1,0,-1,0,0
493,0.493,-1.0896,1.69692,0,-1,0,-1,0,0
494,0.494,-1.089576,1.6884,0,-1,0,-1,0,0
495,0.495,-1.089564,1.67988,0,-1,0,-1,0,0
496,0.496,-1.08954,1.67136,0,-1,0,-1,0,0
497,0.497,-1.089516,1.66284,0,-1,0,-1,0,0
498,0.498,-1.089492,1.65432,1,1,0,0,0,1
499,0.499,-1.089468,1.6458,0,-1,0,-1,0,1
500,0.5,-1.089444,1.63728,0,-1,0,-1,0,1
501,0.501,-1.08942,1.62876,0,-1,0,-1,0,1
502,0.502,-1.089396,1.62024,0,-1,0,-1,0,1
503,0.503,-1.089372,1.61172,0,-1,0,-1,0,1
504,0.504,-1.089348,1.6032,0,-1,0,-1,0,1
505,0.505,-1.089324,1.59456,0,-1,0,-1,0,1
506,0.506,-1.0893,1.58604,0,-1,0,-1,0,1
507,0.507,-1.089288,1.57752,0,-1,0,-1,0,1
508,0.508,-1.089264,1.569,0,-1,0,-1,0,1
509,0.509,-1.08924,1.56048,0,-1,0,-1,0,1
510,0.51,-1.089216,1.55196,0,-1,0,-1,0,1
511,0.511,-1.089192,1.54344,0,-1,0,-1,0,1
512,0.512,-1.089168,1.53492,0,-1,0,-1,0,1
513,0.513,-1.089144,1.5264,0,-1,0,-1,0,1
514,0.514,-1.08912,1.51788,0,-1,0,-1,0,1
515,0.515,-1.089096,1.50936,0,-1,0,-1,0,1
516,0.516,-1.089072,1.50084,0,-1,0,-1,0,1
517,0.517,-1.089048,1.49232,0,-1,0,-1,0,1
518,0.518,-1.089024,1.4838,0,-1,0,-1,0,1
519,0.519,-1.089,1.47528,0,-1,0,-1,0,1
520,0.52,-1.088988,1.46676,0,-1,0,-1,0,1
521,0.521,-1.088964,1.45824,0,-1,0,-1,0,1
522,0.522,-1.08894,1.44972,0,-1,0,-1,0,1
523,0.523,-1.088916,1.4412,0,-1,0,-1,0,1
524,0.524,-1.088892,1.43268,0,-1,0,-1,0,1
525,0.525,-1.088868,1.42416,0,-1,0,-1,0,1
526,0.526,-1.088844,1.41564,0,-1,0,-1,0,1
527,0.527,-1.08882,1.407,0,-1,0,-1,0,1
528,0.528,-1.088796,1.39848,1,2,0,0,0,2
529,0.529,-1.088772,1.38996,0,-1,0,-1,0,2
530,0.53,-1.088748,1.38144,0,-1,0,-1,0,2
531,0.531,-1.088724,1.37292,0,-1,0,-1,0,2
532,0.532,-1.088712,1.3644,0,-1,0,-1,0,2
533,0.533,-1.088688,1.35588,0,-1,0,-1,0,2
534,0.534,-1.088664,1.34736,0,-1,0,-1,0,2
535,0.535,-1.08864,1.33884,0,-1,0,-1,0,2
536,0.536,-1.088616,1.33032,0,-1,0,-1,0,2
537,0.537,-1.088592,1.3218,0,-1,0,-1,0,2
538,0.538,-1.088568,1.31328,0,-1,0,-1,0,2
539,0.539,-1.088544,1.30476,0,-1,0,-1,0,2
540,0.54,-1.08852,1.29624,0,-1,0,-1,0,2
541,0.541,-1.088496,1.28772,0,-1,0,-1,0,2
542,0.542,-1.088472,1.2792,0,-1,0,-1,0,2
543,0.543,-1.088448,1.27068,0,-1,0,-1,0,2
544,0.544,-1.088436,1.26216,0,-1,0,-1,0,2
545,0.545,-1.088412,1.25364,0,-1,0,-1,0,2
546,0.546,-1.088388,1.24512,0,-1,0,-1,0,2
547,0.547,-1.088364,1.2366,0,-1,0,-1,0,2
548,0.548,-1.08834,1.22796,0,-1,0,-1,0,2
549,0.549,-1.088316,1.21944,0,-1,0,-1,0,2
550,0.55,-1.088292,1.21092,0,-1,0,-1,0,2
551,0.551,-1.088268,1.2024,0,-1,0,-1,0,2
552,0.552,-1.088244,1.193916,0,-1,0,-1,0,2
553,0.553,-1.08822,1.185384,0,-1,0,-1,0,2
554,0.554,-1.088196,1.176852,0,-1,0,-1,0,2
555,0.555,-1.088172,1.168332,0,-1,0,-1,0,2
556,0.556,-1.088148,1.1598,0,-1,0,-1,0,2
557,0.557,-1.088136,1.15128,0,-1,0,-1,0,2
558,0.558,-1.088112,1.142748,1,3,0,0,0,3
559,0.559,-1.088088,1.134228,0,-1,0,-1,0,3
560,0.56,-1.088064,1.125696,0,-1,0,-1,0,3
561,0.561,-1.08804,1.117176,0,-1,0,-1,0,3
562,0.562,-1.088016,1.108644,0,-1,0,-1,0,3
563,0.563,-1.087992,1.100124,0,-1,0,-1,0,3
564,0.564,-1.087968,1.091592,0,-1,0,-1,0,3
565,0.565,-1.087944,1.083072,0,-1,0,-1,0,3
566,0.566,-1.08792,1.07454,0,-1,0,-1,0,3
567,0.567,-1.087896,1.066008,0,-1,0,-1,0,3
568,0.568,-1.087872,1.057488,0,-1,0,-1,0,3
569,0.569,-1.08786,1.048956,0,-1,0,-1,0,3
570,0.57,-1.087836,1.040436,0,-1,0,-1,0,3
571,0.571,-1.087812,1.031904,0,-1,0,-1,0,3
572,0.572,-1.087788,1.023384,0,-1,0,-1,0,3
573,0.573,-1.087764,1.014852,0,-1,0,-1,0,3
574,0.574,-1.08774,1.006332,0,-1,0,-1,0,3
575,0.575,-1.087716,0.9978,0,-1,0,-1,0,3
576,0.576,-1.087692,0.989268,0,-1,0,-1,0,3
577,0.577,-1.087668,0.980748,0,-1,0,-1,0,3
578,0.578,-1.087644,0.972216,0,-1,0,-1,0,3
579,0.579,-1.08762,0.963696,0,-1,0,-1,0,3
580,0.58,-1.087596,0.955164,0,-1,0,-1,0,3
581,0.581,-1.087572,0.946644,0,-1,0,-1,0,3
582,0.582,-1.08756,0.938112,0,-1,0,-1,0,3
583,0.583,-1.087536,0.92958,0,-1,0,-1,0,3
584,0.584,-1.087512,0.92106,0,-1,0,-1,0,3
585,0.585,-1.087488,0.912528,0,-1,0,-1,0,3
586,0.586,-1.087464,0.904008,0,-1,0,-1,0,3
587,0.587,-1.08744,0.895476,0,-1,0,-1,0,3
588,0.588,-1.087416,0.886944,1,4,0,0,0,4
589,0.589,-1.087392,0.878424,0,-1,0,-1,0,4
590,0.59,-1.087368,0.869892,0,-1,0,-1,0,4
591,0.591,-1.087344,0.861372,0,-1,0,-1,0,4
592,0.592,-1.08732,0.85284,0,-1,0,-1,0,4
593,0.593,-1.087296,0.844308,0,-1,0,-1,0,4
594,0.594,-1.087284,0.835788,0,-1,0,-1,0,4
595,0.595,-1.08726,0.827256,0,-1,0,-1,0,4
596,0.596,-1.087236,0.818736,0,-1,0,-1,0,4
597,0.597,-1.087212,0.810204,0,-1,0,-1,0,4
598,0.598,-1.087188,0.801672,0,-1,0,-1,0,4
599,0.599,-1.087164,0.793152,0,-1,0,-1,0,4
600,0.6,-1.08714,0.78462,0,-1,0,-1,0,4
601,0.601,-1.087116,0.7761,0,-1,0,-1,0,4
602,0.602,-1.087092,0.767568,0,-1,0,-1,0,4
603,0.603,-1.087068,0.759036,0,-1,0,-1,0,4
604,0.604,-1.087044,0.750516,0,-1,0,-1,0,4
605,0.605,-1.08702,0.741984,0,-1,0,-1,0,4
606,0.606,-1.087008,0.733452,0,-1,0,-1,0,4
607,0.607,-1.086984,0.724932,0,-1,0,-1,0,4
608,0.608,-1.08696,0.7164,0,-1,0,-1,0,4
609,0.609,-1.086936,0.70788,0,-1,0,-1,0,4
610,0.61,-1.086912,0.699348,0,-1,0,-1,0,4
611,0.611,-1.086888,0.690816,0,-1,0,-1,0,4
612,0.612,-1.086864,0.682296,0,-1,0,-1,0,4
613,0.613,-1.08684,0.673764,0,-1,0,-1,0,4
614,0.614,-1.086816,0.665232,0,-1,0,-1,0,4
615,0.615,-1.086792,0.656712,0,-1,0,-1,0,4
616,0.616,-1.086768,0.64818,0,-1,0,-1,0,4
617,0.617,-1.086744,0.639648,0,-1,0,-1,0,4
618,0.618,-1.08672,0.631128,1,5,0,0,0,5
619,0.619,-1.086708,0.622596,0,-1,0,-1,0,5
620,0.62,-1.086684,0.614064,0,-1,0,-1,0,5
621,0.621,-1.08666,0.605544,0,-1,0,-1,0,5
622,0.622,-1.086636,0.597012,0,-1,0,-1,0,5
623,0.623,-1.086612,0.58848,0,-1,0,-1,0,5
624,0.624,-1.086588,0.57996,0,-1,0,-1,0,5
625,0.625,-1.086564,0.571428,0,-1,0,-1,0,5
626,0.626,-1.08654,0.562896,0,-1,0,-1,0,5
627,0.627,-1.086516,0.554376,0,-1,0,-1,0,5
628,0.628,-1.086492,0.545844,0,-1,0,-1,0,5
629,0.629,-1.086468,0.537312,0,-1,0,-1,0,5
630,0.63,-1.086444,0.528792,0,-1,0,-1,0,5
631,0.631,-1.086432,0.52026,0,-1,0,-1,0,5
632,0.632,-1.086408,0.511728,0,-1,0,-1,0,5
633,0.633,-1.086384,0.503208,0,-1,0,-1,0,5
634,0.634,-1.08636,0.494676,0,-1,0,-1,0,5
635,0.635,-1.086336,0.486144,0,-1,0,-1,0,5
636,0.636,-1.086312,0.477624,0,-1,0,-1,0,5
637,0.637,-1.086288,0.469092,0,-1,0,-1,0,5
638,0.638,-1.086264,0.46056,0,-1,0,-1,0,5
639,0.639,-1.08624,0.45204,0,-1,0,-1,0,5
640,0.64,-1.086216,0.443508,0,-1,0,-1,0,5
641,0.641,-1.086192,0.434976,0,-1,0,-1,0,5
642,0.642,-1.086168,0.426456,0,-1,0,-1,0,5
643,0.643,-1.086144,0.417924,0,-1,0,-1,0,5
644,0.644,-1.086132,0.409392,0,-1,0,-1,0,5
645,0.645,-1.086108,0.40086,0,-1,0,-1,0,5
646,0.646,-1.086084,0.39234,0,-1,0,-1,0,5
647,0.647,-1.08606,0.383808,0,-1,0,-1,0,5
648,0.648,-1.086036,0.375276,1,6,0,0,0,6
649,0.649,-1.086012,0.366756,0,-1,0,-1,0,6
650,0.65,-1.085988,0.358224,0,-1,0,-1,0,6
651,0.651,-1.085964,0.349692,0,-1,0,-1,0,6
652,0.652,-1.08594,0.34116,0,-1,0,-1,0,6
653,0.653,-1.085916,0.33264,0,-1,0,-1,0,6
654,0.654,-1.085892,0.324108,0,-1,0,-1,0,6
655,0.655,-1.085868,0.315576,0,-1,0,-1,0,6
656,0.656,-1.085856,0.307056,0,-1,0,-1,0,6
657,0.657,-1.085832,0.298524,0,-1,0,-1,0,6
658,0.658,-1.085808,0.289992,0,-1,0,-1,0,6
659,0.659,-1.085784,0.28146,0,-1,0,-1,0,6
660,0.66,-1.08576,0.27294,0,-1,0,-1,0,6
661,0.661,-1.085736,0.264408,0,-1,0,-1,0,6
662,0.662,-1.085712,0.255876,0,-1,0,-1,0,6
663,0.663,-1.085688,0.247344,0,-1,0,-1,0,6
664,0.664,-1.085664,0.238824,0,-1,0,-1,0,6
665,0.665,-1.08564,0.230292,0,-1,0,-1,0,6
666,0.666,-1.085616,0.22176,0,-1,0,-1,0,6
667,0.667,-1.085592,0.213228,0,-1,0,-1,0,6
668,0.668,-1.085568,0.204708,0,-1,0,-1,0,6
669,0.669,-1.085556,0.196176,0,-1,0,-1,0,6
670,0.67,-1.085532,0.187644,0,-1,0,-1,0,6
671,0.671,-1.085508,0.179112,0,-1,0,-1,0,6
672,0.672,-1.085484,0.170592,0,-1,0,-1,0,6
673,0.673,-1.08546,0.16206,0,-1,0,-1,0,6
674,0.674,-1.085436,0.153528,0,-1,0,-1,0,6
675,0.675,-1.085412,0.144996,0,-1,0,-1,0,6
676,0.676,-1.085388,0.136476,0,-1,0,-1,0,6
677,0.677,-1.085364,0.127944,0,-1,0,-1,0,6
678,0.678,-1.08534,0.119412,1,7,0,0,0,7
679,0.679,-1.085316,0.1108824,0,-1,0,-1,0,7
680,0.68,-1.085292,0.102354,0,-1,0,-1,0,7
681,0.681,-1.08528,0.0938244,0,-1,0,-1,0,7
682,0.682,-1.085256,0.0852948,0,-1,0,-1,0,7
683,0.683,-1.085232,0.0767652,0,-1,0,-1,0,7
684,0.684,-1.085208,0.0682356,0,-1,0,-1,0,7
685,0.685,-1.085184,0.059706,0,-1,0,-1,0,7
686,0.686,-1.08516,0.0511776,0,-1,0,-1,0,7
687,0.687,-1.085136,0.042648,0,-1,0,-1,0,7
688,0.688,-1.085112,0.0341184,0,-1,0,-1,0,7
689,0.689,-1.085088,0.0255888,0,-1,0,-1,0,7
690,0.69,-1.085064,0.0170592,0,-1,0,-1,0,7
691,0.691,-1.08504,0.0085296,0,-1,0,-1,0,7
692,0.692,-1.085016,0.0,0,-1,0,-1,0,7
693,0.693,-1.084992,-0.0085296,0,-1,0,-1,0,7
694,0.694,-1.08498,-0.0170592,0,-1,0,-1,0,7
695,0.695,-1.084956,-0.0255888,0,-1,0,-1,0,7
696,0.696,-1.084932,-0.0341184,0,-1,0,-1,0,7
697,0.697,-1.084908,-0.042648,0,-1,0,-1,0,7
698,0.698,-1.084884,-0.0511776,0,-1,0,-1,0,7
699,0.699,-1.08486,-0.0597072,0,-1,0,-1,0,7
700,0.7,-1.084836,-0.068238,0,-1,0,-1,0,7
701,0.701,-1.084812,-0.0767676,0,-1,0,-1,0,7
702,0.702,-1.084788,-0.0852972,0,-1,0,-1,0,7
703,0.703,-1.084764,-0.0938268,0,-1,0,-1,0,7
704,0.704,-1.08474,-0.1023564,0,-1,0,-1,0,7
705,0.705,-1.084716,-0.1108872,0,-1,0,-1,0,7
706,0.706,-1.084704,-0.1194168,0,-1,0,-1,0,7
707,0.707,-1.08468,-0.127944,0,-1,0,-1,0,7
708,0.708,-1.084656,-0.136476,1,8,0,0,0,8
709,0.709,-1.084632,-0.145008,0,-1,0,-1,0,8
710,0.71,-1.084608,-0.15354,0,-1,0,-1,0,8
711,0.711,-1.084584,-0.162072,0,-1,0,-1,0,8
712,0.712,-1.08456,-0.170592,0,-1,0,-1,0,8
713,0.713,-1.084536,-0.179124,0,-1,0,-1,0,8
714,0.714,-1.084512,-0.187656,0,-1,0,-1,0,8
715,0.715,-1.084488,-0.196188,0,-1,0,-1,0,8
716,0.716,-1.084464,-0.20472,0,-1,0,-1,0,8
717,0.717,-1.08444,-0.213252,0,-1,0,-1,0,8
718,0.718,-1.084416,-0.221772,0,-1,0,-1,0,8
719,0.719,-1.084404,-0.230304,0,-1,0,-1,0,8
720,0.72,-1.08438,-0.238836,0,-1,0,-1,0,8
721,0.721,-1.084356,-0.247368,0,-1,0,-1,0,8
722,0.722,-1.084332,-0.2559,0,-1,0,-1,0,8
723,0.723,-1.084308,-0.264432,0,-1,0,-1,0,8
724,0.724,-1.084284,-0.272964,0,-1,0,-1,0,8
725,0.725,-1.08426,-0.281484,0,-1,0,-1,0,8
726,0.726,-1.084236,-0.290016,0,-1,0,-1,0,8
727,0.727,-1.084212,-0.298548,0,-1,0,-1,0,8
728,0.728,-1.084188,-0.30708,0,-1,0,-1,0,8
729,0.729,-1.084164,-0.315612,0,-1,0,-1,0,8
730,0.73,-1.08414,-0.324144,0,-1,0,-1,0,8
731,0.731,-1.084128,-0.332676,0,-1,0,-1,0,8
732,0.732,-1.084104,-0.341208,0,-1,0,-1,0,8
733,0.733,-1.08408,-0.349728,0,-1,0,-1,0,8
734,0.734,-1.084056,-0.35826,0,-1,0,-1,0,8
735,0.735,-1.084032,-0.366792,0,-1,0,-1,0,8
736,0.736,-1.084008,-0.375324,0,-1,0,-1,0,8
737,0.737,-1.083984,-0.383856,0,-1,0,-1,0,8
738,0.738,-1.08396,-0.392388,1,9,0,0,0,9
739,0.739,-1.083936,-0.40092,0,-1,0,-1,0,9
740,0.74,-1.083912,-0.409452,0,-1,0,-1,0,9
741,0.741,-1.083888,-0.417984,0,-1,0,-1,0,9
742,0.742,-1.083864,-0.426504,0,-1,0,-1,0,9
743,0.743,-1.08384,-0.435036,0,-1,0,-1,0,9
744,0.744,-1.083828,-0.443568,0,-1,0,-1,0,9
745,0.745,-1.083804,-0.4521,0,-1,0,-1,0,9
746,0.746,-1.08378,-0.460632,0,-1,0,-1,0,9
747,0.747,-1.083756,-0.469164,0,-1,0,-1,0,9
748,0.748,-1.083732,-0.477696,0,-1,0,-1,0,9
749,0.749,-1.083708,-0.486228,0,-1,0,-1,0,9
750,0.75,-1.083684,-0.49476,0,-1,0,-1,0,9
751,0.751,-1.08366,-0.503292,0,-1,0,-1,0,9
752,0.752,-1.083636,-0.511824,0,-1,0,-1,0,9
753,0.753,-1.083612,-0.520344,0,-1,0,-1,0,9
754,0.754,-1.083588,-0.528876,0,-1,0,-1,0,9
755,0.755,-1.083564,-0.537408,0,-1,0,-1,0,9
756,0.756,-1.08354,-0.54594,0,-1,0,-1,0,9
757,0.757,-1.083528,-0.554472,0,-1,0,-1,0,9
758,0.758,-1.083504,-0.563004,0,-1,0,-1,0,9
759,0.759,-1.08348,-0.571536,0,-1,0,-1,0,9
760,0.76,-1.083456,-0.580068,0,-1,0,-1,0,9
761,0.761,-1.083432,-0.5886,0,-1,0,-1,0,9
762,0.762,-1.083408,-0.597132,0,-1,0,-1,0,9
763,0.763,-1.083384,-0.605664,0,-1,0,-1,0,9
764,0.764,-1.08336,-0.614196,0,-1,0,-1,0,9
765,0.765,-1.083336,-0.622728,0,-1,0,-1,0,9
766,0.766,-1.083312,-0.63126,0,-1,0,-1,0,9
767,0.767,-1.083288,-0.639792,0,-1,0,-1,0,9
768,0.768,-1.083264,-0.648312,1,10,0,0,0,10
769,0.769,-1.083252,-0.656844,0,-1,0,-1,0,10
770,0.77,-1.083228,-0.665376,0,-1,0,-1,0,10
771,0.771,-1.083204,-0.673908,0,-1,0,-1,0,10
772,0.772,-1.08318,-0.68244,0,-1,0,-1,0,10
773,0.773,-1.083156,-0.690972,0,-1,0,-1,0,10
774,0.774,-1.083132,-0.699504,0,-1,0,-1,0,10
775,0.775,-1.083108,-0.708036,0,-1,0,-1,0,10
776,0.776,-1.083084,-0.716568,0,-1,0,-1,0,10
777,0.777,-1.08306,-0.7251,0,-1,0,-1,0,10
778,0.778,-1.083036,-0.733632,0,-1,0,-1,0,10
779,0.779,-1.083012,-0.742164,0,-1,0,-1,0,10
780,0.78,-1.082988,-0.750696,0,-1,0,-1,0,10
781,0.781,-1.082964,-0.759228,0,-1,0,-1,0,10
782,0.782,-1.082952,-0.76776,0,-1,0,-1,0,10
783,0.783,-1.082928,-0.776292,0,-1,0,-1,0,10
784,0.784,-1.082904,-0.784824,0,-1,0,-1,0,10
785,0.785,-1.08288,-0.793356,0,-1,0,-1,0,10
786,0.786,-1.082856,-0.801888,0,-1,0,-1,0,10
787,0.787,-1.082832,-0.81042,0,-1,0,-1,0,10
788,0.788,-1.082808,-0.818952,0,-1,0,-1,0,10
789,0.789,-1.082784,-0.827484,0,-1,0,-1,0,10
790,0.79,-1.08276,-0.836016,0,-1,0,-1,0,10
791,0.791,-1.082736,-0.844548,0,-1,0,-1,0,10
792,0.792,-1.082712,-0.85308,0,-1,0,-1,0,10
793,0.793,-1.082688,-0.861612,0,-1,0,-1,0,10
794,0.794,-1.082676,-0.870144,0,-1,0,-1,0,10
795,0.795,-1.082652,-0.878676,0,-1,0,-1,0,10
796,0.796,-1.082628,-0.887208,0,-1,0,-1,0,10
797,0.797,-1.082604,-0.89574,0,-1,0,-1,0,10
798,0.798,-1.08258,-0.904272,1,11,0,0,0,11
799,0.799,-1.082556,-0.912804,0,-1,0,-1,0,11
800,0.8,-1.082532,-0.921336,0,-1,0,-1,0,11
801,0.801,-1.082508,-0.929868,0,-1,0,-1,0,11
802,0.802,-1.082484,-0.9384,0,-1,0,-1,0,11
803,0.803,-1.08246,-0.946932,0,-1,0,-1,0,11
804,0.804,-1.082436,-0.955464,0,-1,0,-1,0,11
805,0.805,-1.082412,-0.963996,0,-1,0,-1,0,11
806,0.806,-1.082388,-0.972528,0,-1,0,-1,0,11
807,0.807,-1.082376,-0.98106,0,-1,0,-1,0,11
808,0.808,-1.082352,-0.989592,0,-1,0,-1,0,11
809,0.809,-1.082328,-0.998124,0,-1,0,-1,0,11
810,0.81,-1.082304,-1.006656,0,-1,0,-1,0,11
811,0.811,-1.08228,-1.015188,0,-1,0,-1,0,11
812,0.812,-1.082256,-1.02372,0,-1,0,-1,0,11
813,0.813,-1.082232,-1.032252,0,-1,0,-1,0,11
814,0.814,-1.082208,-1.040784,0,-1,0,-1,0,11
815,0.815,-1.082184,-1.049316,0,-1,0,-1,0,11
816,0.816,-1.08216,-1.057848,0,-1,0,-1,0,11
817,0.817,-1.082136,-1.06638,0,-1,0,-1,0,11
818,0.818,-1.082112,-1.074912,0,-1,0,-1,0,11
819,0.819,-1.082088,-1.083456,0,-1,0,-1,0,11
820,0.82,-1.082076,-1.091988,0,-1,0,-1,0,11
821,0.821,-1.082052,-1.10052,0,-1,0,-1,0,11
822,0.822,-1.082028,-1.109052,0,-1,0,-1,0,11
823,0.823,-1.082004,-1.117584,0,-1,0,-1,0,11
824,0.824,-1.08198,-1.126116,0,-1,0,-1,0,11
825,0.825,-1.081956,-1.134648,0,-1,0,-1,0,11
826,0.826,-1.081932,-1.14318,0,-1,0,-1,0,11
827,0.827,-1.081908,-1.151712,0,-1,0,-1,0,11
828,0.828,-1.081884,-1.160244,1,12,0,0,0,12
829,0.829,-1.08186,-1.168776,0,-1,0,-1,0,12
830,0.83,-1.081836,-1.177308,0,-1,0,-1,0,12
831,0.831,-1.081812,-1.18584,0,-1,0,-1,0,12
832,0.832,-1.0818,-1.194372,0,-1,0,-1,0,12
833,0.833,-1.081776,-1.20288,0,-1,0,-1,0,12
834,0.834,-1.081752,-1.2114,0,-1,0,-1,0,12
835,0.835,-1.081728,-1.21992,0,-1,0,-1,0,12
836,0.836,-1.081704,-1.22856,0,-1,0,-1,0,12
837,0.837,-1.08168,-1.23708,0,-1,0,-1,0,12
838,0.838,-1.081656,-1.2456,0,-1,0,-1,0,12
839,0.839,-1.081632,-1.25412,0,-1,0,-1,0,12
840,0.84,-1.081608,-1.26264,0,-1,0,-1,0,12
841,0.841,-1.081584,-1.27116,0,-1,0,-1,0,12
842,0.842,-1.08156,-1.27968,0,-1,0,-1,0,12
843,0.843,-1.081536,-1.2882,0,-1,0,-1,0,12
844,0.844,-1.081512,-1.29672,0,-1,0,-1,0,12
845,0.845,-1.0815,-1.30536,0,-1,0,-1,0,12
846,0.846,-1.081476,-1.31388,0,-1,0,-1,0,12
847,0.847,-1.081452,-1.3224,0,-1,0,-1,0,12
848,0.848,-1.081428,-1.33092,0,-1,0,-1,0,12
849,0.849,-1.081404,-1.33944,0,-1,0,-1,0,12
850,0.85,-1.08138,-1.34796,0,-1,0,-1,0,12
851,0.851,-1.081356,-1.35648,0,-1,0,-1,0,12
852,0.852,-1.081332,-1.365,0,-1,0,-1,0,12
853,0.853,-1.081308,-1.37352,0,-1,0,-1,0,12
854,0.854,-1.081284,-1.38216,0,-1,0,-1,0,12
855,0.855,-1.08126,-1.39068,0,-1,0,-1,0,12
856,0.856,-1.081236,-1.3992,0,-1,0,-1,0,12
857,0.857,-1.081224,-1.40772,0,-1,0,-1,0,12
858,0.858,-1.0812,-1.41624,1,13,0,0,0,13
859,0.859,-1.081176,-1.42476,0,-1,0,-1,0,13
860,0.86,-1.081152,-1.43328,0,-1,0,-1,0,13
861,0.861,-1.081128,-1.4418,0,-1,0,-1,0,13
862,0.862,-1.081104,-1.45032,0,-1,0,-1,0,13
863,0.863,-1.08108,-1.45896,0,-1,0,-1,0,13
864,0.864,-1.081056,-1.46748,0,-1,0,-1,0,13
865,0.865,-1.081032,-1.476,0,-1,0,-1,0,13
866,0.866,-1.081008,-1.48452,0,-1,0,-1,0,13
867,0.867,-1.080984,-1.49304,0,-1,0,-1,0,13
868,0.868,-1.08096,-1.50156,0,-1,0,-1,0,13
869,0.869,-1.080936,-1.51008,0,-1,0,-1,0,13
870,0.87,-1.080924,-1.5186,0,-1,0,-1,0,13
871,0.871,-1.0809,-1.52712,0,-1,0,-1,0,13
872,0.872,-1.080876,-1.53576,0,-1,0,-1,0,13
873,0.873,-1.080852,-1.54428,0,-1,0,-1,0,13
874,0.874,-1.080828,-1.5528,0,-1,0,-1,0,13
875,0.875,-1.080804,-1.56132,0,-1,0,-1,0,13
876,0.876,-1.08078,-1.56984,0,-1,0,-1,0,13
877,0.877,-1.080756,-1.57836,0,-1,0,-1,0,13
878,0.878,-1.080732,-1.58688,0,-1,0,-1,0,13
879,0.879,-1.080708,-1.5954,0,-1,0,-1,0,13
880,0.88,-1.080684,-1.60404,0,-1,0,-1,0,13
881,0.881,-1.08066,-1.61256,0,-1,0,-1,0,13
882,0.882,-1.080636,-1.62108,0,-1,0,-1,0,13
883,0.883,-1.080624,-1.6296,0,-1,0,-1,0,13
884,0.884,-1.0806,-1.63812,0,-1,0,-1,0,13
885,0.885,-1.080576,-1.64664,0,-1,0,-1,0,13
886,0.886,-1.080552,-1.65516,0,-1,0,-1,0,13
887,0.887,-1.080528,-1.66368,0,-1,0,-1,0,13
888,0.888,-1.080504,-1.6722,1,14,0,0,0,14
889,0.889,-1.08048,-1.68084,0,-1,0,-1,0,14
890,0.89,-1.080456,-1.68936,0,-1,0,-1,0,14
891,0.891,-1.080432,-1.69788,0,-1,0,-1,0,14
892,0.892,-1.080408,-1.7064,0,-1,0,-1,0,14
893,0.893,-1.080384,-1.71492,0,-1,0,-1,0,14
894,0.894,-1.08036,-1.72344,0,-1,0,-1,0,14
895,0.895,-1.080336,-1.73196,0,-1,0,-1,0,14
896,0.896,-1.080324,-1.74048,0,-1,0,-1,0,14
897,0.897,-1.0803,-1.74912,0,-1,0,-1,0,14
898,0.898,-1.080276,-1.75764,0,-1,0,-1,0,14
899,0.899,-1.080252,-1.76616,0,-1,0,-1,0,14
900,0.9,-1.080228,-1.77468,0,-1,0,-1,0,14
901,0.901,-1.080204,-1.7832,0,-1,0,-1,0,14
902,0.902,-1.08018,-1.79172,0,-1,0,-1,0,14
903,0.903,-1.080156,-1.80024,0,-1,0,-1,0,14
904,0.904,-1.080132,-1.80876,0,-1,0,-1,0,14
905,0.905,-1.080108,-1.8174,0,-1,0,-1,0,14
906,0.906,-1.080084,-1.82592,0,-1,0,-1,0,14
907,0.907,-1.08006,-1.83444,0,-1,0,-1,0,14
908,0.908,-1.080048,-1.84296,0,-1,0,-1,0,14
909,0.909,-1.080024,-1.85148,0,-1,0,-1,0,14
910,0.91,-1.08,-1.86,0,-1,0,-1,0,14
911,0.911,-1.079976,-1.86852,0,-1,0,-1,0,14
912,0.912,-1.079952,-1.87704,0,-1,0,-1,0,14
913,0.913,-1.079928,-1.88568,0,-1,0,-1,0,14
914,0.914,-1.079904,-1.8942,0,-1,0,-1,0,14
915,0.915,-1.07988,-1.90272,0,-1,0,-1,0,14
916,0.916,-1.079856,-1.91124,0,-1,0,-1,0,14
917,0.917,-1.079832,-1.91976,0,-1,0,-1,0,14
918,0.918,-1.079808,-1.92828,1,15,0,0,0,15
919,0.919,-1.079784,-1.9368,0,-1,0,-1,0,15
920,0.92,-1.07976,-1.94532,0,-1,0,-1,0,15
921,0.921,-1.079748,-1.95396,0,-1,0,-1,0,15
922,0.922,-1.079724,-1.96248,0,-1,0,-1,0,15
923,0.923,-1.074264,-1.9698,0,-1,0,-1,0,15
924,0.924,-1.07424,-1.97832,0,-1,0,-1,0,15
925,0.925,-1.074216,-1.98684,0,-1,0,-1,0,15
926,0.926,-1.068768,-1.99428,0,-1,0,-1,0,15
927,0.927,-1.068744,-2.0028,0,-1,0,-1,0,15
928,0.928,-1.063296,-2.01012,0,-1,0,-1,0,15
929,0.929,-1.05786,-2.01744,0,-1,0,-1,0,15
930,0.93,-1.052424,-2.02476,0,-1,0,-1,0,15
931,0.931,-1.047,-2.03208,0,-1,0,-1,0,15
932,0.932,-1.041588,-2.0394,0,-1,0,-1,0,15
933,0.933,-1.0362,-2.0382,0,-1,0,-1,0,15
934,0.934,-1.030788,-2.04552,0,-1,0,-1,0,15
935,0.935,-1.025412,-2.04432,0,-1,0,-1,0,15
936,0.936,-1.020048,-2.04312,0,-1,0,-1,0,15
937,0.937,-1.01466,-2.05044,0,-1,0,-1,0,15
938,0.938,-1.009296,-2.04924,0,-1,0,-1,0,15
939,0.939,-1.003944,-2.04804,0,-1,0,-1,0,15
940,0.94,-0.998604,-2.04684,0,-1,0,-1,0,15
941,0.941,-0.993264,-2.04564,0,-1,0,-1,0,15
942,0.942,-0.987924,-2.04444,0,-1,0,-1,0,15
943,0.943,-0.982596,-2.04324,0,-1,0,-1,0,15
944,0.944,-0.977304,-2.03364,0,-1,0,-1,0,15
945,0.945,-0.971988,-2.03244,0,-1,0,-1,0,15
946,0.946,-0.966684,-2.03124,0,-1,0,-1,0,15
947,0.947,-0.961404,-2.02164,0,-1,0,-1,0,15
948,0.948,-0.9561,-2.02044,0,-1,0,-1,0,15
949,0.949,-0.950844,-2.01084,0,-1,0,-1,0,15
950,0.95,-0.945576,-2.00136,0,-1,0,-1,0,15
951,0.951,-0.94032,-1.99176,0,-1,0,-1,0,15
952,0.952,-0.935076,-1.98216,0,-1,0,-1,0,15
953,0.953,-0.929832,-1.97268,0,-1,0,-1,0,15
954,0.954,-0.929856,-1.96428,0,-1,0,-1,0,15
955,0.955,-0.924624,-1.95468,0,-1,0,-1,0,15
956,0.956,-0.924636,-1.94628,0,-1,0,-1,0,15
957,0.957,-0.92466,-1.938,0,-1,0,-1,0,15
958,0.958,-0.919428,-1.9284,0,-1,0,-1,0,15
959,0.959,-0.919452,-1.92,0,-1,0,-1,0,15
960,0.96,-0.919476,-1.91172,0,-1,0,-1,0,15
961,0.961,-0.9195,-1.90332,0,-1,0,-1,0,15
962,0.962,-0.919524,-1.89492,1,16,1,1,0,16
963,0.963,-0.919548,-1.88652,0,-1,0,-1,0,16
964,0.964,-0.919572,-1.87812,0,-1,0,-1,0,16
965,0.965,-0.919596,-1.86972,0,-1,0,-1,0,16
966,0.966,-0.91962,-1.86132,0,-1,0,-1,0,16
967,0.967,-0.919644,-1.85292,0,-1,0,-1,0,16
968,0.968,-0.919668,-1.84452,0,-1,0,-1,0,16
969,0.969,-0.91968,-1.83612,0,-1,0,-1,0,16
970,0.97,-0.919704,-1.82784,0,-1,0,-1,0,16
971,0.971,-0.919728,-1.81944,0,-1,0,-1,0,16
972,0.972,-0.919752,-1.81104,0,-1,0,-1,0,16
973,0.973,-0.919776,-1.80264,0,-1,0,-1,0,16
974,0.974,-0.9198,-1.79424,0,-1,0,-1,0,16
975,0.975,-0.919824,-1.78584,0,-1,0,-1,0,16
976,0.976,-0.919848,-1.77744,0,-1,0,-1,0,16
977,0.977,-0.919872,-1.76904,0,-1,0,-1,0,16
978,0.978,-0.919896,-1.76064,0,-1,0,-1,0,16
979,0.979,-0.919908,-1.75236,0,-1,0,-1,0,16
980,0.98,-0.919932,-1.74396,0,-1,0,-1,0,16
981,0.981,-0.919956,-1.73556,0,-1,0,-1,0,16
982,0.982,-0.91998,-1.72716,0,-1,0,-1,0,16
983,0.983,-0.920004,-1.71876,0,-1,0,-1,0,16
984,0.984,-0.920028,-1.71036,0,-1,0,-1,0,16
985,0.985,-0.920052,-1.70196,0,-1,0,-1,0,16
986,0.986,-0.920076,-1.69356,0,-1,0,-1,0,16
987,0.987,-0.9201,-1.68516,0,-1,0,-1,0,16
988,0.988,-0.920124,-1.67688,0,-1,0,-1,0,16
989,0.989,-0.920148,-1.66848,0,-1,0,-1,0,16
990,0.99,-0.92016,-1.66008,0,-1,0,-1,0,16
991,0.991,-0.920184,-1.65168,1,17,0,1,0,17
992,0.992,-0.920208,-1.64328,0,-1,0,-1,0,17
993,0.993,-0.920232,-1.63488,0,-1,0,-1,0,17
994,0.994,-0.920256,-1.62648,0,-1,0,-1,0,17
995,0.995,-0.92028,-1.61808,0,-1,0,-1,0,17
996,0.996,-0.920304,-1.6098,0,-1,0,-1,0,17
997,0.997,-0.920328,-1.6014,0,-1,0,-1,0,17
998,0.998,-0.920352,-1.593,0,-1,0,-1,0,17
999,0.999,-0.920376,-1.5846,0,-1,0,-1,0,17
1000,1.0,-0.9204,-1.5762,0,-1,0,-1,0,17
1001,1.001,-0.920412,-1.5678,0,-1,0,-1,0,17
1002,1.002,-0.920436,-1.5594,0,-1,0,-1,0,17
1003,1.003,-0.92046,-1.551,0,-1,0,-1,0,17
1004,1.004,-0.920484,-1.5426,0,-1,0,-1,0,17
1005,1.005,-0.920508,-1.53432,0,-1,0,-1,0,17
1006,1.006,-0.920532,-1.52592,0,-1,0,-1,0,17
1007,1.007,-0.920556,-1.51752,0,-1,0,-1,0,17
1008,1.008,-0.92058,-1.50912,0,-1,0,-1,0,17
1009,1.009,-0.920604,-1.50072,0,-1,0,-1,0,17
1010,1.01,-0.920628,-1.49232,0,-1,0,-1,0,17
1011,1.011,-0.92064,-1.48392,0,-1,0,-1,0,17
1012,1.012,-0.920664,-1.47552,0,-1,0,-1,0,17
1013,1.013,-0.920688,-1.46712,0,-1,0,-1,0,17
1014,1.014,-0.920712,-1.45884,0,-1,0,-1,0,17
1015,1.015,-0.920736,-1.45044,0,-1,0,-1,0,17
1016,1.016,-0.92076,-1.44204,0,-1,0,-1,0,17
1017,1.017,-0.920784,-1.43364,0,-1,0,-1,0,17
1018,1.018,-0.920808,-1.42524,0,-1,0,-1,0,17
1019,1.019,-0.920832,-1.41684,0,-1,0,-1,0,17
1020,1.02,-0.920856,-1.40844,1,18,0,1,0,18
1021,1.021,-0.92088,-1.40004,0,-1,0,-1,0,18
1022,1.022,-0.920892,-1.39176,0,-1,0,-1,0,18
1023,1.023,-0.920916,-1.38336,0,-1,0,-1,0,18
1024,1.024,-0.92094,-1.37496,0,-1,0,-1,0,18
1025,1.025,-0.920964,-1.36656,0,-1,0,-1,0,18
1026,1.026,-0.920988,-1.35816,0,-1,0,-1,0,18
1027,1.027,-0.921012,-1.34976,0,-1,0,-1,0,18
1028,1.028,-0.921036,-1.34136,0,-1,0,-1,0,18
1029,1.029,-0.92106,-1.33296,0,-1,0,-1,0,18
1030,1.03,-0.921084,-1.32468,0,-1,0,-1,0,18
1031,1.031,-0.921108,-1.31628,0,-1,0,-1,0,18
1032,1.032,-0.92112,-1.30788,0,-1,0,-1,0,18
1033,1.033,-0.921144,-1.29948,0,-1,0,-1,0,18
1034,1.034,-0.921168,-1.29108,0,-1,0,-1,0,18
1035,1.035,-0.921192,-1.28268,0,-1,0,-1,0,18
1036,1.036,-0.921216,-1.27428,0,-1,0,-1,0,18
1037,1.037,-0.92124,-1.26588,0,-1,0,-1,0,18
1038,1.038,-0.921264,-1.25748,0,-1,0,-1,0,18
1039,1.039,-0.921288,-1.2492,0,-1,0,-1,0,18
1040,1.04,-0.921312,-1.2408,0,-1,0,-1,0,18
1041,1.041,-0.921336,-1.2324,0,-1,0,-1,0,18
1042,1.042,-0.92136,-1.224,0,-1,0,-1,0,18
1043,1.043,-0.921372,-1.2156,0,-1,0,-1,0,18
1044,1.044,-0.921396,-1.2072,0,-1,0,-1,0,18
1045,1.045,-0.92142,-1.198836,0,-1,0,-1,0,18
1046,1.046,-0.921444,-1.19046,0,-1,0,-1,0,18
1047,1.047,-0.921468,-1.182072,0,-1,0,-1,0,18
1048,1.048,-0.921492,-1.173684,0,-1,0,-1,0,18
1049,1.049,-0.921516,-1.165296,1,19,0,1,0,19
1050,1.05,-0.92154,-1.15692,0,-1,0,-1,0,19
1051,1.051,-0.921564,-1.148532,0,-1,0,-1,0,19
1052,1.052,-0.921588,-1.140144,0,-1,0,-1,0,19
1053,1.053,-0.921612,-1.131756,0,-1,0,-1,0,19
1054,1.054,-0.921624,-1.12338,0,-1,0,-1,0,19
1055,1.055,-0.921648,-1.114992,0,-1,0,-1,0,19
1056,1.056,-0.921672,-1.106604,0,-1,0,-1,0,19
1057,1.057,-0.921696,-1.098216,0,-1,0,-1,0,19
1058,1.058,-0.92172,-1.08984,0,-1,0,-1,0,19
1059,1.059,-0.921744,-1.081452,0,-1,0,-1,0,19
1060,1.06,-0.921768,-1.073064,0,-1,0,-1,0,19
1061,1.061,-0.921792,-1.064676,0,-1,0,-1,0,19
1062,1.062,-0.921816,-1.0563,0,-1,0,-1,0,19
1063,1.063,-0.92184,-1.047912,0,-1,0,-1,0,19
1064,1.064,-0.921852,-1.039524,0,-1,0,-1,0,19
1065,1.065,-0.921876,-1.031148,0,-1,0,-1,0,19
1066,1.066,-0.9219,-1.02276,0,-1,0,-1,0,19
1067,1.067,-0.921924,-1.014372,0,-1,0,-1,0,19
1068,1.068,-0.921948,-1.005984,0,-1,0,-1,0,19
1069,1.069,-0.921972,-0.997608,0,-1,0,-1,0,19
1070,1.07,-0.921996,-0.98922,0,-1,0,-1,0,19
1071,1.071,-0.92202,-0.980832,0,-1,0,-1,0,19
1072,1.072,-0.922044,-0.972456,0,-1,0,-1,0,19
1073,1.073,-0.922068,-0.964068,0,-1,0,-1,0,19
1074,1.074,-0.922092,-0.95568,0,-1,0,-1,0,19
1075,1.075,-0.922104,-0.947292,0,-1,0,-1,0,19
1076,1.076,-0.922128,-0.938916,0,-1,0,-1,0,19
1077,1.077,-0.922152,-0.930528,0,-1,0,-1,0,19
1078,1.078,-0.922176,-0.92214,1,20,0,1,0,20
1079,1.079,-0.9222,-0.913764,0,-1,0,-1,0,20
1080,1.08,-0.922224,-0.905376,0,-1,0,-1,0,20
1081,1.081,-0.922248,-0.896988,0,-1,0,-1,0,20
1082,1.082,-0.922272,-0.888612,0,-1,0,-1,0,20
1083,1.083,-0.922296,-0.880224,0,-1,0,-1,0,20
1084,1.084,-0.92232,-0.871836,0,-1,0,-1,0,20
1085,1.085,-0.922344,-0.863448,0,-1,0,-1,0,20
1086,1.086,-0.922356,-0.855072,0,-1,0,-1,0,20
1087,1.087,-0.92238,-0.846684,0,-1,0,-1,0,20
1088,1.088,-0.922404,-0.838296,0,-1,0,-1,0,20
1089,1.089,-0.922428,-0.82992,0,-1,0,-1,0,20
1090,1.09,-0.922452,-0.821532,0,-1,0,-1,0,20
1091,1.091,-0.922476,-0.813144,0,-1,0,-1,0,20
1092,1.092,-0.9225,-0.804768,0,-1,0,-1,0,20
1093,1.093,-0.922524,-0.79638,0,-1,0,-1,0,20
1094,1.094,-0.922548,-0.787992,0,-1,0,-1,0,20
1095,1.095,-0.922572,-0.779616,0,-1,0,-1,0,20
1096,1.096,-0.922584,-0.771228,0,-1,0,-1,0,20
1097,1.097,-0.922608,-0.76284,0,-1,0,-1,0,20
1098,1.098,-0.922632,-0.754464,0,-1,0,-1,0,20
1099,1.099,-0.922656,-0.746076,0,-1,0,-1,0,20
1100,1.1,-0.92268,-0.737688,0,-1,0,-1,0,20
1101,1.101,-0.922704,-0.729312,0,-1,0,-1,0,20
1102,1.102,-0.922728,-0.720924,0,-1,0,-1,0,20
1103,1.103,-0.922752,-0.712536,0,-1,0,-1,0,20
1104,1.104,-0.922776,-0.70416,0,-1,0,-1,0,20
1105,1.105,-0.9228,-0.695772,0,-1,0,-1,0,20
1106,1.106,-0.922824,-0.687384,0,-1,0,-1,0,20
1107,1.107,-0.922836,-0.679008,1,21,0,1,0,21
1108,1.108,-0.92286,-0.67062,0,-1,0,-1,0,21
1109,1.109,-0.922884,-0.662244,0,-1,0,-1,0,21
1110,1.11,-0.922908,-0.653856,0,-1,0,-1,0,21
1111,1.111,-0.922932,-0.645468,0,-1,0,-1,0,21
1112,1.112,-0.922956,-0.637092,0,-1,0,-1,0,21
1113,1.113,-0.92298,-0.628704,0,-1,0,-1,0,21
1114,1.114,-0.923004,-0.620316,0,-1,0,-1,0,21
1115,1.115,-0.923028,-0.61194,0,-1,0,-1,0,21
1116,1.116,-0.923052,-0.603552,0,-1,0,-1,0,21
1117,1.117,-0.923064,-0.595164,0,-1,0,-1,0,21
1118,1.118,-0.923088,-0.586788,0,-1,0,-1,0,21
1119,1.119,-0.923112,-0.5784,0,-1,0,-1,0,21
1120,1.12,-0.923136,-0.570024,0,-1,0,-1,0,21
1121,1.121,-0.92316,-0.561636,0,-1,0,-1,0,21
1122,1.122,-0.923184,-0.553248,0,-1,0,-1,0,21
1123,1.123,-0.923208,-0.544872,0,-1,0,-1,0,21
1124,1.124,-0.923232,-0.536484,0,-1,0,-1,0,21
1125,1.125,-0.923256,-0.528108,0,-1,0,-1,0,21
1126,1.126,-0.92328,-0.51972,0,-1,0,-1,0,21
1127,1.127,-0.923304,-0.511332,0,-1,0,-1,0,21
1128,1.128,-0.923316,-0.502956,0,-1,0,-1,0,21
1129,1.129,-0.92334,-0.494568,0,-1,0,-1,0,21
1130,1.13,-0.923364,-0.486192,0,-1,0,-1,0,21
1131,1.131,-0.923388,-0.477804,0,-1,0,-1,0,21
1132,1.132,-0.923412,-0.469416,0,-1,0,-1,0,21
1133,1.133,-0.923436,-0.46104,0,-1,0,-1,0,21
1134,1.134,-0.92346,-0.452652,0,-1,0,-1,0,21
1135,1.135,-0.923484,-0.444276,0,-1,0,-1,0,21
1136,1.136,-0.923508,-0.435888,1,22,0,1,0,22
1137,1.137,-0.923532,-0.4275,0,-1,0,-1,0,22
1138,1.138,-0.923556,-0.419124,0,-1,0,-1,0,22
1139,1.139,-0.923568,-0.410736,0,-1,0,-1,0,22
1140,1.14,-0.923592,-0.40236,0,-1,0,-1,0,22
1141,1.141,-0.923616,-0.393972,0,-1,0,-1,0,22
1142,1.142,-0.92364,-0.385584,0,-1,0,-1,0,22
1143,1.143,-0.923664,-0.377208,0,-1,0,-1,0,22
1144,1.144,-0.923688,-0.36882,0,-1,0,-1,0,22
1145,1.145,-0.923712,-0.360444,0,-1,0,-1,0,22
1146,1.146,-0.923736,-0.352056,0,-1,0,-1,0,22
1147,1.147,-0.92376,-0.34368,0,-1,0,-1,0,22
1148,1.148,-0.923784,-0.335292,0,-1,0,-1,0,22
1149,1.149,-0.923796,-0.326916,0,-1,0,-1,0,22
1150,1.15,-0.92382,-0.318528,0,-1,0,-1,0,22
1151,1.151,-0.923844,-0.31014,0,-1,0,-1,0,22
1152,1.152,-0.923868,-0.301764,0,-1,0,-1,0,22
1153,1.153,-0.923892,-0.293376,0,-1,0,-1,0,22
1154,1.154,-0.923916,-0.285,0,-1,0,-1,0,22
1155,1.155,-0.92394,-0.276612,0,-1,0,-1,0,22
1156,1.156,-0.923964,-0.268236,0,-1,0,-1,0,22
1157,1.157,-0.923988,-0.259848,0,-1,0,-1,0,22
1158,1.158,-0.924012,-0.251472,0,-1,0,-1,0,22
1159,1.159,-0.924036,-0.243084,0,-1,0,-1,0,22
1160,1.16,-0.924048,-0.234696,0,-1,0,-1,0,22
1161,1.161,-0.924072,-0.22632,0,-1,0,-1,0,22
1162,1.162,-0.924096,-0.217932,0,-1,0,-1,0,22
1163,1.163,-0.92412,-0.209556,0,-1,0,-1,0,22
1164,1.164,-0.924144,-0.201168,0,-1,0,-1,0,22
1165,1.165,-0.924168,-0.192792,1,23,0,1,0,23
1166,1.166,-0.924192,-0.184404,0,-1,0,-1,0,23
1167,1.167,-0.924216,-0.176028,0,-1,0,-1,0,23
1168,1.168,-0.92424,-0.16764,0,-1,0,-1,0,23
1169,1.169,-0.924264,-0.159264,0,-1,0,-1,0,23
1170,1.17,-0.924276,-0.150876,0,-1,0,-1,0,23
1171,1.171,-0.9243,-0.1425,0,-1,0,-1,0,23
1172,1.172,-0.924324,-0.134112,0,-1,0,-1,0,23
1173,1.173,-0.924348,-0.125736,0,-1,0,-1,0,23
1174,1.174,-0.924372,-0.117348,0,-1,0,-1,0,23
1175,1.175,-0.924396,-0.108966,0,-1,0,-1,0,23
1176,1.176,-0.92442,-0.100584,0,-1,0,-1,0,23
1177,1.177,-0.924444,-0.092202,0,-1,0,-1,0,23
1178,1.178,-0.924468,-0.08382,0,-1,0,-1,0,23
1179,1.179,-0.924492,-0.075438,0,-1,0,-1,0,23
1180,1.18,-0.924516,-0.067056,0,-1,0,-1,0,23
1181,1.181,-0.924528,-0.058674,0,-1,0,-1,0,23
1182,1.182,-0.924552,-0.050292,0,-1,0,-1,0,23
1183,1.183,-0.924576,-0.04191,0,-1,0,-1,0,23
1184,1.184,-0.9246,-0.033528,0,-1,0,-1,0,23
1185,1.185,-0.924624,-0.025146,0,-1,0,-1,0,23
1186,1.186,-0.924648,-0.016764,0,-1,0,-1,0,23
1187,1.187,-0.924672,-0.00838188,0,-1,0,-1,0,23
1188,1.188,-0.924696,0.0,0,-1,0,-1,0,23
1189,1.189,-0.92472,0.00838188,0,-1,0,-1,0,23
1190,1.19,-0.924744,0.016764,0,-1,0,-1,0,23
1191,1.191,-0.924756,0.025146,0,-1,0,-1,0,23
1192,1.192,-0.92478,0.0335268,0,-1,0,-1,0,23
1193,1.193,-0.924804,0.0419088,0,-1,0,-1,0,23
1194,1.194,-0.924828,0.0502908,1,24,0,1,0,24
1195,1.195,-0.924852,0.0586728,0,-1,0,-1,0,24
1196,1.196,-0.924876,0.0670536,0,-1,0,-1,0,24
1197,1.197,-0.9249,0.0754356,0,-1,0,-1,0,24
1198,1.198,-0.924924,0.0838176,0,-1,0,-1,0,24
1199,1.199,-0.924948,0.0921996,0,-1,0,-1,0,24
1200,1.2,-0.924972,0.1005804,0,-1,0,-1,0,24
1201,1.201,-0.924996,0.1089624,0,-1,0,-1,0,24
1202,1.202,-0.925008,0.1173444,0,-1,0,-1,0,24
1203,1.203,-0.925032,0.125724,0,-1,0,-1,0,24
1204,1.204,-0.925056,0.134112,0,-1,0,-1,0,24
1205,1.205,-0.92508,0.142488,0,-1,0,-1,0,24
1206,1.206,-0.925104,0.150864,0,-1,0,-1,0,24
1207,1.207,-0.925128,0.159252,0,-1,0,-1,0,24
1208,1.208,-0.925152,0.167628,0,-1,0,-1,0,24
1209,1.209,-0.925176,0.176016,0,-1,0,-1,0,24
1210,1.21,-0.9252,0.184392,0,-1,0,-1,0,24
1211,1.211,-0.925224,0.19278,0,-1,0,-1,0,24
1212,1.212,-0.925236,0.201156,0,-1,0,-1,0,24
1213,1.213,-0.92526,0.209544,0,-1,0,-1,0,24
1214,1.214,-0.925284,0.21792,0,-1,0,-1,0,24
1215,1.215,-0.925308,0.226296,0,-1,0,-1,0,24
1216,1.216,-0.925332,0.234684,0,-1,0,-1,0,24
1217,1.217,-0.925356,0.24306,0,-1,0,-1,0,24
1218,1.218,-0.92538,0.251448,0,-1,0,-1,0,24
1219,1.219,-0.925404,0.259824,0,-1,0,-1,0,24
1220,1.22,-0.925428,0.268212,0,-1,0,-1,0,24
1221,1.221,-0.925452,0.276588,0,-1,0,-1,0,24
1222,1.222,-0.925476,0.284964,0,-1,0,-1,0,24
1223,1.223,-0.925488,0.293352,1,25,0,1,0,25
1224,1.224,-0.925512,0.301728,0,-1,0,-1,0,25
1225,1.225,-0.925536,0.310116,0,-1,0,-1,0,25
1226,1.226,-0.92556,0.318492,0,-1,0,-1,0,25
1227,1.227,-0.925584,0.32688,0,-1,0,-1,0,25
1228,1.228,-0.925608,0.335256,0,-1,0,-1,0,25
1229,1.229,-0.925632,0.343632,0,-1,0,-1,0,25
1230,1.23,-0.925656,0.35202,0,-1,0,-1,0,25
1231,1.231,-0.92568,0.360396,0,-1,0,-1,0,25
1232,1.232,-0.925704,0.368784,0,-1,0,-1,0,25
1233,1.233,-0.925716,0.37716,0,-1,0,-1,0,25
1234,1.234,-0.92574,0.385536,0,-1,0,-1,0,25
1235,1.235,-0.925764,0.393924,0,-1,0,-1,0,25
1236,1.236,-0.925788,0.4023,0,-1,0,-1,0,25
1237,1.237,-0.925812,0.410688,0,-1,0,-1,0,25
1238,1.238,-0.925836,0.419064,0,-1,0,-1,0,25
1239,1.239,-0.92586,0.42744,0,-1,0,-1,0,25
1240,1.24,-0.925884,0.435828,0,-1,0,-1,0,25
1241,1.241,-0.925908,0.444204,0,-1,0,-1,0,25
1242,1.242,-0.925932,0.452592,0,-1,0,-1,0,25
1243,1.243,-0.925956,0.460968,0,-1,0,-1,0,25
1244,1.244,-0.925968,0.469344,0,-1,0,-1,0,25
1245,1.245,-0.925992,0.477732,0,-1,0,-1,0,25
1246,1.246,-0.926016,0.486108,0,-1,0,-1,0,25
1247,1.247,-0.92604,0.494484,0,-1,0,-1,0,25
1248,1.248,-0.926064,0.502872,0,-1,0,-1,0,25
1249,1.249,-0.926088,0.511248,0,-1,0,-1,0,25
1250,1.25,-0.926112,0.519636,0,-1,0,-1,0,25
1251,1.251,-0.926136,0.528012,0,-1,0,-1,0,25
1252,1.252,-0.92616,0.536388,1,26,0,1,0,26
1253,1.253,-0.926184,0.544776,0,-1,0,-1,0,26
1254,1.254,-0.926196,0.553152,0,-1,0,-1,0,26
1255,1.255,-0.92622,0.561528,0,-1,0,-1,0,26
1256,1.256,-0.926244,0.569916,0,-1,0,-1,0,26
1257,1.257,-0.926268,0.578292,0,-1,0,-1,0,26
1258,1.258,-0.926292,0.58668,0,-1,0,-1,0,26
1259,1.259,-0.926316,0.595056,0,-1,0,-1,0,26
1260,1.26,-0.92634,0.603432,0,-1,0,-1,0,26
1261,1.261,-0.926364,0.61182,0,-1,0,-1,0,26
1262,1.262,-0.926388,0.620196,0,-1,0,-1,0,26
1263,1.263,-0.926412,0.628572,0,-1,0,-1,0,26
1264,1.264,-0.926436,0.63696,0,-1,0,-1,0,26
1265,1.265,-0.926448,0.645336,0,-1,0,-1,0,26
1266,1.266,-0.926472,0.653712,0,-1,0,-1,0,26
1267,1.267,-0.926496,0.6621,0,-1,0,-1,0,26
1268,1.268,-0.92652,0.670476,0,-1,0,-1,0,26
1269,1.269,-0.926544,0.678852,0,-1,0,-1,0,26
1270,1.27,-0.926568,0.68724,0,-1,0,-1,0,26
1271,1.271,-0.926592,0.695616,0,-1,0,-1,0,26
1272,1.272,-0.926616,0.703992,0,-1,0,-1,0,26
1273,1.273,-0.92664,0.71238,0,-1,0,-1,0,26
1274,1.274,-0.926664,0.720756,0,-1,0,-1,0,26
1275,1.275,-0.926676,0.729132,0,-1,0,-1,0,26
1276,1.276,-0.9267,0.73752,0,-1,0,-1,0,26
1277,1.277,-0.926724,0.745896,0,-1,0,-1,0,26
1278,1.278,-0.926748,0.754272,0,-1,0,-1,0,26
1279,1.279,-0.926772,0.76266,0,-1,0,-1,0,26
1280,1.28,-0.926796,0.771036,0,-1,0,-1,0,26
1281,1.281,-0.92682,0.779412,1,27,0,1,0,27
1282,1.282,-0.926844,0.787788,0,-1,0,-1,0,27
1283,1.283,-0.926868,0.796176,0,-1,0,-1,0,27
1284,1.284,-0.926892,0.804552,0,-1,0,-1,0,27
1285,1.285,-0.926916,0.812928,0,-1,0,-1,0,27
1286,1.286,-0.926928,0.821316,0,-1,0,-1,0,27
1287,1.287,-0.926952,0.829692,0,-1,0,-1,0,27
1288,1.288,-0.926976,0.838068,0,-1,0,-1,0,27
1289,1.289,-0.927,0.846456,0,-1,0,-1,0,27
1290,1.29,-0.927024,0.854832,0,-1,0,-1,0,27
1291,1.291,-0.927048,0.863208,0,-1,0,-1,0,27
1292,1.292,-0.927072,0.871584,0,-1,0,-1,0,27
1293,1.293,-0.927096,0.879972,0,-1,0,-1,0,27
1294,1.294,-0.92712,0.888348,0,-1,0,-1,0,27
1295,1.295,-0.927144,0.896724,0,-1,0,-1,0,27
1296,1.296,-0.927156,0.905112,0,-1,0,-1,0,27
1297,1.297,-0.92718,0.913488,0,-1,0,-1,0,27
1298,1.298,-0.927204,0.921864,0,-1,0,-1,0,27
1299,1.299,-0.927228,0.93024,0,-1,0,-1,0,27
1300,1.3,-0.927252,0.938628,0,-1,0,-1,0,27
1301,1.301,-0.927276,0.947004,0,-1,0,-1,0,27
1302,1.302,-0.9273,0.95538,0,-1,0,-1,0,27
1303,1.303,-0.927324,0.963768,0,-1,0,-1,0,27
1304,1.304,-0.927348,0.972144,0,-1,0,-1,0,27
1305,1.305,-0.927372,0.98052,0,-1,0,-1,0,27
1306,1.306,-0.927396,0.988896,0,-1,0,-1,0,27
1307,1.307,-0.927408,0.997284,0,-1,0,-1,0,27
1308,1.308,-0.927432,1.00566,0,-1,0,-1,0,27
1309,1.309,-0.927456,1.014036,0,-1,0,-1,0,27
1310,1.31,-0.92748,1.022412,1,28,0,1,0,28
1311,1.311,-0.927504,1.0308,0,-1,0,-1,0,28
1312,1.312,-0.927528,1.039176,0,-1,0,-1,0,28
1313,1.313,-0.927552,1.047552,0,-1,0,-1,0,28
1314,1.314,-0.927576,1.055928,0,-1,0,-1,0,28
1315,1.315,-0.9276,1.064316,0,-1,0,-1,0,28
1316,1.316,-0.927624,1.072692,0,-1,0,-1,0,28
1317,1.317,-0.927636,1.081068,0,-1,0,-1,0,28
1318,1.318,-0.92766,1.089444,0,-1,0,-1,0,28
1319,1.319,-0.927684,1.097832,0,-1,0,-1,0,28
1320,1.32,-0.927708,1.106208,0,-1,0,-1,0,28
1321,1.321,-0.927732,1.114584,0,-1,0,-1,0,28
1322,1.322,-0.927756,1.12296,0,-1,0,-1,0,28
1323,1.323,-0.92778,1.131348,0,-1,0,-1,0,28
1324,1.324,-0.927804,1.139724,0,-1,0,-1,0,28
1325,1.325,-0.927828,1.1481,0,-1,0,-1,0,28
1326,1.326,-0.927852,1.156476,0,-1,0,-1,0,28
1327,1.327,-0.927876,1.164852,0,-1,0,-1,0,28
1328,1.328,-0.927888,1.17324,0,-1,0,-1,0,28
1329,1.329,-0.927912,1.181616,0,-1,0,-1,0,28
1330,1.33,-0.927936,1.189992,0,-1,0,-1,0,28
1331,1.331,-0.92796,1.198368,0,-1,0,-1,0,28
1332,1.332,-0.927984,1.20672,0,-1,0,-1,0,28
1333,1.333,-0.928008,1.21512,0,-1,0,-1,0,28
1334,1.334,-0.928032,1.22352,0,-1,0,-1,0,28
1335,1.335,-0.928056,1.23192,0,-1,0,-1,0,28
1336,1.336,-0.92808,1.24032,0,-1,0,-1,0,28
1337,1.337,-0.928104,1.2486,0,-1,0,-1,0,28
1338,1.338,-0.928116,1.257,0,-1,0,-1,0,28
1339,1.339,-0.92814,1.2654,1,29,0,1,0,29
1340,1.34,-0.928164,1.2738,0,-1,0,-1,0,29
1341,1.341,-0.928188,1.2822,0,-1,0,-1,0,29
1342,1.342,-0.928212,1.29048,0,-1,0,-1,0,29
1343,1.343,-0.928236,1.29888,0,-1,0,-1,0,29
1344,1.344,-0.92826,1.30728,0,-1,0,-1,0,29
1345,1.345,-0.928284,1.31568,0,-1,0,-1,0,29
1346,1.346,-0.928308,1.32408,0,-1,0,-1,0,29
1347,1.347,-0.928332,1.33248,0,-1,0,-1,0,29
1348,1.348,-0.928356,1.34076,0,-1,0,-1,0,29
1349,1.349,-0.928368,1.34916,0,-1,0,-1,0,29
1350,1.35,-0.928392,1.35756,0,-1,0,-1,0,29
1351,1.351,-0.928416,1.36596,0,-1,0,-1,0,29
1352,1.352,-0.92844,1.37436,0,-1,0,-1,0,29
1353,1.353,-0.928464,1.38264,0,-1,0,-1,0,29
1354,1.354,-0.928488,1.39104,0,-1,0,-1,0,29
1355,1.355,-0.928512,1.39944,0,-1,0,-1,0,29
1356,1.356,-0.928536,1.40784,0,-1,0,-1,0,29
1357,1.357,-0.92856,1.41624,0,-1,0,-1,0,29
1358,1.358,-0.928584,1.42464,0,-1,0,-1,0,29
1359,1.359,-0.928596,1.43292,0,-1,0,-1,0,29
1360,1.36,-0.92862,1.44132,0,-1,0,-1,0,29
1361,1.361,-0.928644,1.44972,0,-1,0,-1,0,29
1362,1.362,-0.928668,1.45812,0,-1,0,-1,0,29
1363,1.363,-0.928692,1.46652,0,-1,0,-1,0,29
1364,1.364,-0.928716,1.4748,0,-1,0,-1,0,29
1365,1.365,-0.92874,1.4832,0,-1,0,-1,0,29
1366,1.366,-0.928764,1.4916,0,-1,0,-1,0,29
1367,1.367,-0.928788,1.5,0,-1,0,-1,0,29
1368,1.368,-0.928812,1.5084,1,30,0,1,0,30
1369,1.369,-0.928836,1.5168,0,-1,0,-1,0,30
1370,1.37,-0.928848,1.52508,0,-1,0,-1,0,30
1371,1.371,-0.928872,1.53348,0,-1,0,-1,0,30
1372,1.372,-0.928896,1.54188,0,-1,0,-1,0,30
1373,1.373,-0.92892,1.55028,0,-1,0,-1,0,30
1374,1.374,-0.928944,1.55868,0,-1,0,-1,0,30
1375,1.375,-0.928968,1.56696,0,-1,0,-1,0,30
1376,1.376,-0.928992,1.57536,0,-1,0,-1,0,30
1377,1.377,-0.929016,1.58376,0,-1,0,-1,0,30
1378,1.378,-0.92904,1.59216,0,-1,0,-1,0,30
1379,1.379,-0.929064,1.60056,0,-1,0,-1,0,30
1380,1.38,-0.929076,1.60884,0,-1,0,-1,0,30
1381,1.381,-0.9291,1.61724,0,-1,0,-1,0,30
1382,1.382,-0.929124,1.62564,0,-1,0,-1,0,30
1383,1.383,-0.929148,1.63404,0,-1,0,-1,0,30
1384,1.384,-0.929172,1.64244,0,-1,0,-1,0,30
1385,1.385,-0.929196,1.65084,0,-1,0,-1,0,30
1386,1.386,-0.92922,1.65912,0,-1,0,-1,0,30
1387,1.387,-0.929244,1.66752,0,-1,0,-1,0,30
1388,1.388,-0.929268,1.67592,0,-1,0,-1,0,30
1389,1.389,-0.929292,1.68432,0,-1,0,-1,0,30
1390,1.39,-0.929316,1.69272,0,-1,0,-1,0,30
1391,1.391,-0.929328,1.701,0,-1,0,-1,0,30
1392,1.392,-0.929352,1.7094,0,-1,0,-1,0,30
1393,1.393,-0.929376,1.7178,0,-1,0,-1,0,30
1394,1.394,-0.9294,1.7262,0,-1,0,-1,0,30
1395,1.395,-0.929424,1.7346,0,-1,0,-1,0,30
1396,1.396,-0.929448,1.74288,0,-1,0,-1,0,30
1397,1.397,-0.929472,1.75128,1,31,0,1,0,31
1398,1.398,-0.929496,1.75968,0,-1,0,-1,0,31
1399,1.399,-0.92952,1.76808,0,-1,0,-1,0,31
1400,1.4,-0.929544,1.77648,0,-1,0,-1,0,31
1401,1.401,-0.929556,1.78476,0,-1,0,-1,0,31
1402,1.402,-0.92958,1.79316,0,-1,0,-1,0,31
1403,1.403,-0.929604,1.80156,0,-1,0,-1,0,31
1404,1.404,-0.929628,1.80996,0,-1,0,-1,0,31
1405,1.405,-0.929652,1.81836,0,-1,0,-1,0,31
1406,1.406,-0.929676,1.82676,0,-1,0,-1,0,31
1407,1.407,-0.9297,1.83504,0,-1,0,-1,0,31
1408,1.408,-0.929724,1.84344,0,-1,0,-1,0,31
1409,1.409,-0.929748,1.85184,0,-1,0,-1,0,31
1410,1.41,-0.929772,1.86024,0,-1,0,-1,0,31
1411,1.411,-0.929784,1.86864,0,-1,0,-1,0,31
1412,1.412,-0.929808,1.87692,0,-1,0,-1,0,31
1413,1.413,-0.929832,1.88532,0,-1,0,-1,0,31
1414,1.414,-0.929856,1.89372,0,-1,0,-1,0,31
1415,1.415,-0.92988,1.90212,0,-1,0,-1,0,31
1416,1.416,-0.929904,1.91052,0,-1,0,-1,0,31
1417,1.417,-0.924672,1.91772,0,-1,0,-1,0,31
1418,1.418,-0.924696,1.92612,0,-1,0,-1,0,31
1419,1.419,-0.92472,1.93452,0,-1,0,-1,0,31
1420,1.42,-0.9195,1.94172,0,-1,0,-1,0,31
1421,1.421,-0.919524,1.95012,0,-1,0,-1,0,31
1422,1.422,-0.914304,1.95732,0,-1,0,-1,0,31
1423,1.423,-0.909096,1.96452,0,-1,0,-1,0,31
1424,1.424,-0.9039,1.97184,0,-1,0,-1,0,31
1425,1.425,-0.898704,1.97904,0,-1,0,-1,0,31
1426,1.426,-0.893508,1.98624,0,-1,0,-1,0,31
1427,1.427,-0.8883,1.98504,0,-1,0,-1,0,31
1428,1.428,-0.883116,1.99224,0,-1,0,-1,0,31
1429,1.429,-0.87792,1.99116,0,-1,0,-1,0,31
1430,1.43,-0.872736,1.98996,0,-1,0,-1,0,31
1431,1.431,-0.867576,1.99716,0,-1,0,-1,0,31
1432,1.432,-0.862392,1.99596,0,-1,0,-1,0,31
1433,1.433,-0.85722,1.99488,0,-1,0,-1,0,31
1434,1.434,-0.85206,1.99368,0,-1,0,-1,0,31
1435,1.435,-0.8469,1.9926,0,-1,0,-1,0,31
1436,1.436,-0.84174,1.9914,0,-1,0,-1,0,31
1437,1.437,-0.836592,1.99032,0,-1,0,-1,0,31
1438,1.438,-0.831432,1.98084,0,-1,0,-1,0,31
1439,1.439,-0.826296,1.97976,0,-1,0,-1,0,31
1440,1.44,-0.82116,1.97868,0,-1,0,-1,0,31
1441,1.441,-0.816012,1.9692,0,-1,0,-1,0,31
1442,1.442,-0.810888,1.96812,0,-1,0,-1,0,31
1443,1.443,-0.805752,1.95876,0,-1,0,-1,0,31
1444,1.444,-0.800628,1.9494,0,-1,0,-1,0,31
1445,1.445,-0.795504,1.94004,0,-1,0,-1,0,31
1446,1.446,-0.79038,1.93068,0,-1,0,-1,0,31
1447,1.447,-0.785268,1.92132,0,-1,0,-1,0,31
1448,1.448,-0.785244,1.91304,0,-1,0,-1,0,31
1449,1.449,-0.780144,1.90368,0,-1,0,-1,0,31
1450,1.45,-0.78012,1.89552,0,-1,0,-1,0,31
1451,1.451,-0.780096,1.88724,0,-1,0,-1,0,31
1452,1.452,-0.774996,1.878,0,-1,0,-1,0,31
1453,1.453,-0.774972,1.86972,0,-1,0,-1,0,31
1454,1.454,-0.774948,1.86144,0,-1,0,-1,0,31
1455,1.455,-0.774924,1.85328,0,-1,0,-1,0,31
1456,1.456,-0.7749,1.845,1,32,1,2,0,32
1457,1.457,-0.774876,1.83684,0,-1,0,-1,0,32
1458,1.458,-0.774864,1.82856,0,-1,0,-1,0,32
1459,1.459,-0.77484,1.82028,0,-1,0,-1,0,32
1460,1.46,-0.774816,1.81212,0,-1,0,-1,0,32
1461,1.461,-0.774792,1.80384,0,-1,0,-1,0,32
1462,1.462,-0.774768,1.79556,0,-1,0,-1,0,32
1463,1.463,-0.774744,1.7874,0,-1,0,-1,0,32
1464,1.464,-0.77472,1.77912,0,-1,0,-1,0,32
1465,1.465,-0.774696,1.77096,0,-1,0,-1,0,32
1466,1.466,-0.774672,1.76268,0,-1,0,-1,0,32
1467,1.467,-0.77466,1.7544,0,-1,0,-1,0,32
1468,1.468,-0.774636,1.74624,0,-1,0,-1,0,32
1469,1.469,-0.774612,1.73796,0,-1,0,-1,0,32
1470,1.47,-0.774588,1.72968,0,-1,0,-1,0,32
1471,1.471,-0.774564,1.72152,0,-1,0,-1,0,32
1472,1.472,-0.77454,1.71324,0,-1,0,-1,0,32
1473,1.473,-0.774516,1.70508,0,-1,0,-1,0,32
1474,1.474,-0.774492,1.6968,0,-1,0,-1,0,32
1475,1.475,-0.774468,1.68852,0,-1,0,-1,0,32
1476,1.476,-0.774456,1.68036,0,-1,0,-1,0,32
1477,1.477,-0.774432,1.67208,0,-1,0,-1,0,32
1478,1.478,-0.774408,1.6638,0,-1,0,-1,0,32
1479,1.479,-0.774384,1.65564,0,-1,0,-1,0,32
1480,1.48,-0.77436,1.64736,0,-1,0,-1,0,32
1481,1.481,-0.774336,1.6392,0,-1,0,-1,0,32
1482,1.482,-0.774312,1.63092,0,-1,0,-1,0,32
1483,1.483,-0.774288,1.62264,0,-1,0,-1,0,32
1484,1.484,-0.774264,1.61448,1,33,0,2,0,33
1485,1.485,-0.774252,1.6062,0,-1,0,-1,0,33
1486,1.486,-0.774228,1.59792,0,-1,0,-1,0,33
1487,1.487,-0.774204,1.58976,0,-1,0,-1,0,33
1488,1.488,-0.77418,1.58148,0,-1,0,-1,0,33
1489,1.489,-0.774156,1.57332,0,-1,0,-1,0,33
1490,1.49,-0.774132,1.56504,0,-1,0,-1,0,33
1491,1.491,-0.774108,1.55676,0,-1,0,-1,0,33
1492,1.492,-0.774084,1.5486,0,-1,0,-1,0,33
1493,1.493,-0.77406,1.54032,0,-1,0,-1,0,33
1494,1.494,-0.774048,1.53204,0,-1,0,-1,0,33
1495,1.495,-0.774024,1.52388,0,-1,0,-1,0,33
1496,1.496,-0.774,1.5156,0,-1,0,-1,0,33
1497,1.497,-0.773976,1.50744,0,-1,0,-1,0,33
1498,1.498,-0.773952,1.49916,0,-1,0,-1,0,33
1499,1.499,-0.773928,1.49088,0,-1,0,-1,0,33
1500,1.5,-0.773904,1.48272,0,-1,0,-1,0,33
1501,1.501,-0.77388,1.47444,0,-1,0,-1,0,33
1502,1.502,-0.773856,1.46616,0,-1,0,-1,0,33
1503,1.503,-0.773844,1.458,0,-1,0,-1,0,33
1504,1.504,-0.77382,1.44972,0,-1,0,-1,0,33
1505,1.505,-0.773796,1.44156,0,-1,0,-1,0,33
1506,1.506,-0.773772,1.43328,0,-1,0,-1,0,33
1507,1.507,-0.773748,1.425,0,-1,0,-1,0,33
1508,1.508,-0.773724,1.41684,0,-1,0,-1,0,33
1509,1.509,-0.7737,1.40856,0,-1,0,-1,0,33
1510,1.51,-0.773676,1.40028,0,-1,0,-1,0,33
1511,1.511,-0.773652,1.39212,0,-1,0,-1,0,33
1512,1.512,-0.77364,1.38384,1,34,0,2,0,34
1513,1.513,-0.773616,1.37568,0,-1,0,-1,0,34
1514,1.514,-0.773592,1.3674,0,-1,0,-1,0,34
1515,1.515,-0.773568,1.35912,0,-1,0,-1,0,34
1516,1.516,-0.773544,1.35096,0,-1,0,-1,0,34
1517,1.517,-0.77352,1.34268,0,-1,0,-1,0,34
1518,1.518,-0.773496,1.3344,0,-1,0,-1,0,34
1519,1.519,-0.773472,1.32624,0,-1,0,-1,0,34
1520,1.52,-0.773448,1.31796,0,-1,0,-1,0,34
1521,1.521,-0.773436,1.3098,0,-1,0,-1,0,34
1522,1.522,-0.773412,1.30152,0,-1,0,-1,0,34
1523,1.523,-0.773388,1.29324,0,-1,0,-1,0,34
1524,1.524,-0.773364,1.28508,0,-1,0,-1,0,34
1525,1.525,-0.77334,1.2768,0,-1,0,-1,0,34
1526,1.526,-0.773316,1.26852,0,-1,0,-1,0,34
1527,1.527,-0.773292,1.26036,0,-1,0,-1,0,34
1528,1.528,-0.773268,1.25208,0,-1,0,-1,0,34
1529,1.529,-0.773244,1.2438,0,-1,0,-1,0,34
1530,1.53,-0.773232,1.23564,0,-1,0,-1,0,34
1531,1.531,-0.773208,1.22736,0,-1,0,-1,0,34
1532,1.532,-0.773184,1.2192,0,-1,0,-1,0,34
1533,1.533,-0.77316,1.21092,0,-1,0,-1,0,34
1534,1.534,-0.773136,1.20264,0,-1,0,-1,0,34
1535,1.535,-0.773112,1.194444,0,-1,0,-1,0,34
1536,1.536,-0.773088,1.186212,0,-1,0,-1,0,34
1537,1.537,-0.773064,1.177968,0,-1,0,-1,0,34
1538,1.538,-0.77304,1.169736,0,-1,0,-1,0,34
1539,1.539,-0.773028,1.161504,0,-1,0,-1,0,34
1540,1.54,-0.773004,1.15326,1,35,0,2,0,35
1541,1.541,-0.77298,1.145028,0,-1,0,-1,0,35
1542,1.542,-0.772956,1.136796,0,-1,0,-1,0,35
1543,1.543,-0.772932,1.128552,0,-1,0,-1,0,35
1544,1.544,-0.772908,1.12032,0,-1,0,-1,0,35
1545,1.545,-0.772884,1.112088,0,-1,0,-1,0,35
1546,1.546,-0.77286,1.103844,0,-1,0,-1,0,35
1547,1.547,-0.772836,1.095612,0,-1,0,-1,0,35
1548,1.548,-0.772824,1.08738,0,-1,0,-1,0,35
1549,1.549,-0.7728,1.079136,0,-1,0,-1,0,35
1550,1.55,-0.772776,1.070904,0,-1,0,-1,0,35
1551,1.551,-0.772752,1.062672,0,-1,0,-1,0,35
1552,1.552,-0.772728,1.054428,0,-1,0,-1,0,35
1553,1.553,-0.772704,1.046196,0,-1,0,-1,0,35
1554,1.554,-0.77268,1.037952,0,-1,0,-1,0,35
1555,1.555,-0.772656,1.02972,0,-1,0,-1,0,35
1556,1.556,-0.772632,1.021488,0,-1,0,-1,0,35
1557,1.557,-0.77262,1.013244,0,-1,0,-1,0,35
1558,1.558,-0.772596,1.005012,0,-1,0,-1,0,35
1559,1.559,-0.772572,0.99678,0,-1,0,-1,0,35
1560,1.56,-0.772548,0.988536,0,-1,0,-1,0,35
1561,1.561,-0.772524,0.980304,0,-1,0,-1,0,35
1562,1.562,-0.7725,0.972072,0,-1,0,-1,0,35
1563,1.563,-0.772476,0.963828,0,-1,0,-1,0,35
1564,1.564,-0.772452,0.955596,0,-1,0,-1,0,35
1565,1.565,-0.772428,0.947352,0,-1,0,-1,0,35
1566,1.566,-0.772416,0.93912,0,-1,0,-1,0,35
1567,1.567,-0.772392,0.930888,0,-1,0,-1,0,35
1568,1.568,-0.772368,0.922644,1,36,0,2,0,36
1569,1.569,-0.772344,0.914412,0,-1,0,-1,0,36
1570,1.57,-0.77232,0.906168,0,-1,0,-1,0,36
1571,1.571,-0.772296,0.897936,0,-1,0,-1,0,36
1572,1.572,-0.772272,0.889704,0,-1,0,-1,0,36
1573,1.573,-0.772248,0.88146,0,-1,0,-1,0,36
1574,1.574,-0.772224,0.873228,0,-1,0,-1,0,36
1575,1.575,-0.772212,0.864984,0,-1,0,-1,0,36
1576,1.576,-0.772188,0.856752,0,-1,0,-1,0,36
1577,1.577,-0.772164,0.84852,0,-1,0,-1,0,36
1578,1.578,-0.77214,0.840276,0,-1,0,-1,0,36
1579,1.579,-0.772116,0.832044,0,-1,0,-1,0,36
1580,1.58,-0.772092,0.8238,0,-1,0,-1,0,36
1581,1.581,-0.772068,0.815568,0,-1,0,-1,0,36
1582,1.582,-0.772044,0.807336,0,-1,0,-1,0,36
1583,1.583,-0.77202,0.799092,0,-1,0,-1,0,36
1584,1.584,-0.772008,0.79086,0,-1,0,-1,0,36
1585,1.585,-0.771984,0.782616,0,-1,0,-1,0,36
1586,1.586,-0.77196,0.774384,0,-1,0,-1,0,36
1587,1.587,-0.771936,0.76614,0,-1,0,-1,0,36
1588,1.588,-0.771912,0.757908,0,-1,0,-1,0,36
1589,1.589,-0.771888,0.749676,0,-1,0,-1,0,36
1590,1.59,-0.771864,0.741432,0,-1,0,-1,0,36
1591,1.591,-0.77184,0.7332,0,-1,0,-1,0,36
1592,1.592,-0.771816,0.724956,0,-1,0,-1,0,36
1593,1.593,-0.771792,0.716724,0,-1,0,-1,0,36
1594,1.594,-0.77178,0.70848,0,-1,0,-1,0,36
1595,1.595,-0.771756,0.700248,0,-1,0,-1,0,36
1596,1.596,-0.771732,0.692016,1,37,0,2,0,37
1597,1.597,-0.771708,0.683772,0,-1,0,-1,0,37
1598,1.598,-0.771684,0.67554,0,-1,0,-1,0,37
1599,1.599,-0.77166,0.667296,0,-1,0,-1,0,37
1600,1.6,-0.771636,0.659064,0,-1,0,-1,0,37
1601,1.601,-0.771612,0.65082,0,-1,0,-1,0,37
1602,1.602,-0.771588,0.642588,0,-1,0,-1,0,37
1603,1.603,-0.771576,0.634344,0,-1,0,-1,0,37
1604,1.604,-0.771552,0.626112,0,-1,0,-1,0,37
1605,1.605,-0.771528,0.61788,0,-1,0,-1,0,37
1606,1.606,-0.771504,0.609636,0,-1,0,-1,0,37
1607,1.607,-0.77148,0.601404,0,-1,0,-1,0,37
1608,1.608,-0.771456,0.59316,0,-1,0,-1,0,37
1609,1.609,-0.771432,0.584928,0,-1,0,-1,0,37
1610,1.61,-0.771408,0.576684,0,-1,0,-1,0,37
1611,1.611,-0.771384,0.568452,0,-1,0,-1,0,37
1612,1.612,-0.771372,0.560208,0,-1,0,-1,0,37
1613,1.613,-0.771348,0.551976,0,-1,0,-1,0,37
1614,1.614,-0.771324,0.543732,0,-1,0,-1,0,37
1615,1.615,-0.7713,0.5355,0,-1,0,-1,0,37
1616,1.616,-0.771276,0.527256,0,-1,0,-1,0,37
1617,1.617,-0.771252,0.519024,0,-1,0,-1,0,37
1618,1.618,-0.771228,0.51078,0,-1,0,-1,0,37
1619,1.619,-0.771204,0.502548,0,-1,0,-1,0,37
1620,1.62,-0.77118,0.494304,0,-1,0,-1,0,37
1621,1.621,-0.771168,0.486072,0,-1,0,-1,0,37
1622,1.622,-0.771144,0.477828,0,-1,0,-1,0,37
1623,1.623,-0.77112,0.469596,0,-1,0,-1,0,37
1624,1.624,-0.771096,0.461352,1,38,0,2,0,38
1625,1.625,-0.771072,0.45312,0,-1,0,-1,0,38
1626,1.626,-0.771048,0.444888,0,-1,0,-1,0,38
1627,1.627,-0.771024,0.436644,0,-1,0,-1,0,38
1628,1.628,-0.771,0.428412,0,-1,0,-1,0,38
1629,1.629,-0.770976,0.420168,0,-1,0,-1,0,38
1630,1.63,-0.770964,0.411936,0,-1,0,-1,0,38
1631,1.631,-0.77094,0.403692,0,-1,0,-1,0,38
1632,1.632,-0.770916,0.395448,0,-1,0,-1,0,38
1633,1.633,-0.770892,0.387216,0,-1,0,-1,0,38
1634,1.634,-0.770868,0.378972,0,-1,0,-1,0,38
1635,1.635,-0.770844,0.37074,0,-1,0,-1,0,38
1636,1.636,-0.77082,0.362496,0,-1,0,-1,0,38
1637,1.637,-0.770796,0.354264,0,-1,0,-1,0,38
1638,1.638,-0.770772,0.34602,0,-1,0,-1,0,38
1639,1.639,-0.77076,0.337788,0,-1,0,-1,0,38
1640,1.64,-0.770736,0.329544,0,-1,0,-1,0,38
1641,1.641,-0.770712,0.321312,0,-1,0,-1,0,38
1642,1.642,-0.770688,0.313068,0,-1,0,-1,0,38
1643,1.643,-0.770664,0.304836,0,-1,0,-1,0,38
1644,1.644,-0.77064,0.296592,0,-1,0,-1,0,38
1645,1.645,-0.770616,0.28836,0,-1,0,-1,0,38
1646,1.646,-0.770592,0.280116,0,-1,0,-1,0,38
1647,1.647,-0.770568,0.271884,0,-1,0,-1,0,38
1648,1.648,-0.770556,0.26364,0,-1,0,-1,0,38
1649,1.649,-0.770532,0.255408,0,-1,0,-1,0,38
1650,1.65,-0.770508,0.247164,0,-1,0,-1,0,38
1651,1.651,-0.770484,0.238932,0,-1,0,-1,0,38
1652,1.652,-0.77046,0.230688,1,39,0,2,0,39
1653,1.653,-0.770436,0.222444,0,-1,0,-1,0,39
1654,1.654,-0.770412,0.214212,0,-1,0,-1,0,39
1655,1.655,-0.770388,0.205968,0,-1,0,-1,0,39
1656,1.656,-0.770364,0.197736,0,-1,0,-1,0,39
1657,1.657,-0.770352,0.189492,0,-1,0,-1,0,39
1658,1.658,-0.770328,0.18126,0,-1,0,-1,0,39
1659,1.659,-0.770304,0.173016,0,-1,0,-1,0,39
1660,1.66,-0.77028,0.164784,0,-1,0,-1,0,39
1661,1.661,-0.770256,0.15654,0,-1,0,-1,0,39
1662,1.662,-0.770232,0.148296,0,-1,0,-1,0,39
1663,1.663,-0.770208,0.140064,0,-1,0,-1,0,39
1664,1.664,-0.770184,0.13182,0,-1,0,-1,0,39
1665,1.665,-0.77016,0.123588,0,-1,0,-1,0,39
1666,1.666,-0.770148,0.1153464,0,-1,0,-1,0,39
1667,1.667,-0.770124,0.1071072,0,-1,0,-1,0,39
1668,1.668,-0.7701,0.098868,0,-1,0,-1,0,39
1669,1.669,-0.770076,0.0906288,0,-1,0,-1,0,39
1670,1.67,-0.770052,0.0823908,0,-1,0,-1,0,39
1671,1.671,-0.770028,0.0741516,0,-1,0,-1,0,39
1672,1.672,-0.770004,0.0659124,0,-1,0,-1,0,39
1673,1.673,-0.76998,0.0576732,0,-1,0,-1,0,39
1674,1.674,-0.769956,0.049434,0,-1,0,-1,0,39
1675,1.675,-0.769944,0.041196,0,-1,0,-1,0,39
1676,1.676,-0.76992,0.0329568,0,-1,0,-1,0,39
1677,1.677,-0.769896,0.0247176,0,-1,0,-1,0,39
1678,1.678,-0.769872,0.0164784,0,-1,0,-1,0,39
1679,1.679,-0.769848,0.0082392,0,-1,0,-1,0,39
1680,1.68,-0.769824,0.0,1,40,0,2,0,40
1681,1.681,-0.7698,-0.0082392,0,-1,0,-1,0,40
1682,1.682,-0.769776,-0.0164784,0,-1,0,-1,0,40
1683,1.683,-0.769752,-0.0247176,0,-1,0,-1,0,40
1684,1.684,-0.76974,-0.0329568,0,-1,0,-1,0,40
1685,1.685,-0.769716,-0.041196,0,-1,0,-1,0,40
1686,1.686,-0.769692,-0.0494352,0,-1,0,-1,0,40
1687,1.687,-0.769668,-0.0576744,0,-1,0,-1,0,40
1688,1.688,-0.769644,-0.0659136,0,-1,0,-1,0,40
1689,1.689,-0.76962,-0.0741528,0,-1,0,-1,0,40
1690,1.69,-0.769596,-0.0823932,0,-1,0,-1,0,40
1691,1.691,-0.769572,-0.0906324,0,-1,0,-1,0,40
1692,1.692,-0.769548,-0.0988716,0,-1,0,-1,0,40
1693,1.693,-0.769536,-0.1071108,0,-1,0,-1,0,40
1694,1.694,-0.769512,-0.11535,0,-1,0,-1,0,40
1695,1.695,-0.769488,-0.123588,0,-1,0,-1,0,40
1696,1.696,-0.769464,-0.131832,0,-1,0,-1,0,40
1697,1.697,-0.76944,-0.140064,0,-1,0,-1,0,40
1698,1.698,-0.769416,-0.148308,0,-1,0,-1,0,40
1699,1.699,-0.769392,-0.156552,0,-1,0,-1,0,40
1700,1.7,-0.769368,-0.164784,0,-1,0,-1,0,40
1701,1.701,-0.769344,-0.173028,0,-1,0,-1,0,40
1702,1.702,-0.76932,-0.181272,0,-1,0,-1,0,40
1703,1.703,-0.769308,-0.189504,0,-1,0,-1,0,40
1704,1.704,-0.769284,-0.197748,0,-1,0,-1,0,40
1705,1.705,-0.76926,-0.20598,0,-1,0,-1,0,40
1706,1.706,-0.769236,-0.214224,0,-1,0,-1,0,40
1707,1.707,-0.769212,-0.222468,0,-1,0,-1,0,40
1708,1.708,-0.769188,-0.2307,1,41,0,2,0,41
1709,1.709,-0.769164,-0.238944,0,-1,0,-1,0,41
1710,1.71,-0.76914,-0.247188,0,-1,0,-1,0,41
1711,1.711,-0.769116,-0.25542,0,-1,0,-1,0,41
1712,1.712,-0.769104,-0.263664,0,-1,0,-1,0,41
1713,1.713,-0.76908,-0.271908,0,-1,0,-1,0,41
1714,1.714,-0.769056,-0.28014,0,-1,0,-1,0,41
1715,1.715,-0.769032,-0.288384,0,-1,0,-1,0,41
1716,1.716,-0.769008,-0.296628,0,-1,0,-1,0,41
1717,1.717,-0.768984,-0.30486,0,-1,0,-1,0,41
1718,1.718,-0.76896,-0.313104,0,-1,0,-1,0,41
1719,1.719,-0.768936,-0.321348,0,-1,0,-1,0,41
1720,1.72,-0.768912,-0.32958,0,-1,0,-1,0,41
1721,1.721,-0.7689,-0.337824,0,-1,0,-1,0,41
1722,1.722,-0.768876,-0.346068,0,-1,0,-1,0,41
1723,1.723,-0.768852,-0.3543,0,-1,0,-1,0,41
1724,1.724,-0.768828,-0.362544,0,-1,0,-1,0,41
1725,1.725,-0.768804,-0.370788,0,-1,0,-1,0,41
1726,1.726,-0.76878,-0.37902,0,-1,0,-1,0,41
1727,1.727,-0.768756,-0.387264,0,-1,0,-1,0,41
1728,1.728,-0.768732,-0.395508,0,-1,0,-1,0,41
1729,1.729,-0.768708,-0.40374,0,-1,0,-1,0,41
1730,1.73,-0.768696,-0.411984,0,-1,0,-1,0,41
1731,1.731,-0.768672,-0.420228,0,-1,0,-1,0,41
1732,1.732,-0.768648,-0.428472,0,-1,0,-1,0,41
1733,1.733,-0.768624,-0.436704,0,-1,0,-1,0,41
1734,1.734,-0.7686,-0.444948,0,-1,0,-1,0,41
1735,1.735,-0.768576,-0.453192,0,-1,0,-1,0,41
1736,1.736,-0.768552,-0.461424,1,42,0,2,0,42
1737,1.737,-0.768528,-0.469668,0,-1,0,-1,0,42
1738,1.738,-0.768504,-0.477912,0,-1,0,-1,0,42
1739,1.739,-0.768492,-0.486144,0,-1,0,-1,0,42
1740,1.74,-0.768468,-0.494388,0,-1,0,-1,0,42
1741,1.741,-0.768444,-0.502632,0,-1,0,-1,0,42
1742,1.742,-0.76842,-0.510876,0,-1,0,-1,0,42
1743,1.743,-0.768396,-0.519108,0,-1,0,-1,0,42
1744,1.744,-0.768372,-0.527352,0,-1,0,-1,0,42
1745,1.745,-0.768348,-0.535596,0,-1,0,-1,0,42
1746,1.746,-0.768324,-0.543828,0,-1,0,-1,0,42
1747,1.747,-0.7683,-0.552072,0,-1,0,-1,0,42
1748,1.748,-0.768288,-0.560316,0,-1,0,-1,0,42
1749,1.749,-0.768264,-0.56856,0,-1,0,-1,0,42
1750,1.75,-0.76824,-0.576792,0,-1,0,-1,0,42
1751,1.751,-0.768216,-0.585036,0,-1,0,-1,0,42
1752,1.752,-0.768192,-0.59328,0,-1,0,-1,0,42
1753,1.753,-0.768168,-0.601512,0,-1,0,-1,0,42
1754,1.754,-0.768144,-0.609756,0,-1,0,-1,0,42
1755,1.755,-0.76812,-0.618,0,-1,0,-1,0,42
1756,1.756,-0.768096,-0.626244,0,-1,0,-1,0,42
1757,1.757,-0.768084,-0.634476,0,-1,0,-1,0,42
1758,1.758,-0.76806,-0.64272,0,-1,0,-1,0,42
1759,1.759,-0.768036,-0.650964,0,-1,0,-1,0,42
1760,1.76,-0.768012,-0.659208,0,-1,0,-1,0,42
1761,1.761,-0.767988,-0.66744,0,-1,0,-1,0,42
1762,1.762,-0.767964,-0.675684,0,-1,0,-1,0,42
1763,1.763,-0.76794,-0.683928,0,-1,0,-1,0,42
1764,1.764,-0.767916,-0.692172,1,43,0,2,0,43
1765,1.765,-0.767892,-0.700404,0,-1,0,-1,0,43
1766,1.766,-0.76788,-0.708648,0,-1,0,-1,0,43
1767,1.767,-0.767856,-0.716892,0,-1,0,-1,0,43
1768,1.768,-0.767832,-0.725136,0,-1,0,-1,0,43
1769,1.769,-0.767808,-0.733368,0,-1,0,-1,0,43
1770,1.77,-0.767784,-0.741612,0,-1,0,-1,0,43
1771,1.771,-0.76776,-0.749856,0,-1,0,-1,0,43
1772,1.772,-0.767736,-0.7581,0,-1,0,-1,0,43
1773,1.773,-0.767712,-0.766332,0,-1,0,-1,0,43
1774,1.774,-0.767688,-0.774576,0,-1,0,-1,0,43
1775,1.775,-0.767664,-0.78282,0,-1,0,-1,0,43
1776,1.776,-0.767652,-0.791064,0,-1,0,-1,0,43
1777,1.777,-0.767628,-0.799308,0,-1,0,-1,0,43
1778,1.778,-0.767604,-0.80754,0,-1,0,-1,0,43
1779,1.779,-0.76758,-0.815784,0,-1,0,-1,0,43
1780,1.78,-0.767556,-0.824028,0,-1,0,-1,0,43
1781,1.781,-0.767532,-0.832272,0,-1,0,-1,0,43
1782,1.782,-0.767508,-0.840504,0,-1,0,-1,0,43
1783,1.783,-0.767484,-0.848748,0,-1,0,-1,0,43
1784,1.784,-0.76746,-0.856992,0,-1,0,-1,0,43
1785,1.785,-0.767448,-0.865236,0,-1,0,-1,0,43
1786,1.786,-0.767424,-0.87348,0,-1,0,-1,0,43
1787,1.787,-0.7674,-0.881712,0,-1,0,-1,0,43
1788,1.788,-0.767376,-0.889956,0,-1,0,-1,0,43
1789,1.789,-0.767352,-0.8982,0,-1,0,-1,0,43
1790,1.79,-0.767328,-0.906444,0,-1,0,-1,0,43
1791,1.791,-0.767304,-0.914688,0,-1,0,-1,0,43
1792,1.792,-0.76728,-0.92292,1,44,0,2,0,44
1793,1.793,-0.767256,-0.931164,0,-1,0,-1,0,44
1794,1.794,-0.767244,-0.939408,0,-1,0,-1,0,44
1795,1.795,-0.76722,-0.947652,0,-1,0,-1,0,44
1796,1.796,-0.767196,-0.955896,0,-1,0,-1,0,44
1797,1.797,-0.767172,-0.964128,0,-1,0,-1,0,44
1798,1.798,-0.767148,-0.972372,0,-1,0,-1,0,44
1799,1.799,-0.767124,-0.980616,0,-1,0,-1,0,44
1800,1.8,-0.7671,-0.98886,0,-1,0,-1,0,44
1801,1.801,-0.767076,-0.997104,0,-1,0,-1,0,44
1802,1.802,-0.767052,-1.005348,0,-1,0,-1,0,44
1803,1.803,-0.76704,-1.01358,0,-1,0,-1,0,44
1804,1.804,-0.767016,-1.021824,0,-1,0,-1,0,44
1805,1.805,-0.766992,-1.030068,0,-1,0,-1,0,44
1806,1.806,-0.766968,-1.038312,0,-1,0,-1,0,44
1807,1.807,-0.766944,-1.046556,0,-1,0,-1,0,44
1808,1.808,-0.76692,-1.054788,0,-1,0,-1,0,44
1809,1.809,-0.766896,-1.063032,0,-1,0,-1,0,44
1810,1.81,-0.766872,-1.071276,0,-1,0,-1,0,44
1811,1.811,-0.766848,-1.07952,0,-1,0,-1,0,44
1812,1.812,-0.766836,-1.087764,0,-1,0,-1,0,44
1813,1.813,-0.766812,-1.096008,0,-1,0,-1,0,44
1814,1.814,-0.766788,-1.104252,0,-1,0,-1,0,44
1815,1.815,-0.766764,-1.112484,0,-1,0,-1,0,44
1816,1.816,-0.76674,-1.120728,0,-1,0,-1,0,44
1817,1.817,-0.766716,-1.128972,0,-1,0,-1,0,44
1818,1.818,-0.766692,-1.137216,0,-1,0,-1,0,44
1819,1.819,-0.766668,-1.14546,0,-1,0,-1,0,44
1820,1.82,-0.766644,-1.153704,1,45,0,2,0,45
1821,1.821,-0.766632,-1.161936,0,-1,0,-1,0,45
1822,1.822,-0.766608,-1.17018,0,-1,0,-1,0,45
1823,1.823,-0.766584,-1.178424,0,-1,0,-1,0,45
1824,1.824,-0.76656,-1.186668,0,-1,0,-1,0,45
1825,1.825,-0.766536,-1.194912,0,-1,0,-1,0,45
1826,1.826,-0.766512,-1.20312,0,-1,0,-1,0,45
1827,1.827,-0.766488,-1.2114,0,-1,0,-1,0,45
1828,1.828,-0.766464,-1.21968,0,-1,0,-1,0,45
1829,1.829,-0.76644,-1.22784,0,-1,0,-1,0,45
1830,1.83,-0.766428,-1.23612,0,-1,0,-1,0,45
1831,1.831,-0.766404,-1.2444,0,-1,0,-1,0,45
1832,1.832,-0.76638,-1.25256,0,-1,0,-1,0,45
1833,1.833,-0.766356,-1.26084,0,-1,0,-1,0,45
1834,1.834,-0.766332,-1.26912,0,-1,0,-1,0,45
1835,1.835,-0.766308,-1.27728,0,-1,0,-1,0,45
1836,1.836,-0.766284,-1.28556,0,-1,0,-1,0,45
1837,1.837,-0.76626,-1.29384,0,-1,0,-1,0,45
1838,1.838,-0.766236,-1.30212,0,-1,0,-1,0,45
1839,1.839,-0.766212,-1.31028,0,-1,0,-1,0,45
1840,1.84,-0.7662,-1.31856,0,-1,0,-1,0,45
1841,1.841,-0.766176,-1.32684,0,-1,0,-1,0,45
1842,1.842,-0.766152,-1.335,0,-1,0,-1,0,45
1843,1.843,-0.766128,-1.34328,0,-1,0,-1,0,45
1844,1.844,-0.766104,-1.35156,0,-1,0,-1,0,45
1845,1.845,-0.76608,-1.35972,0,-1,0,-1,0,45
1846,1.846,-0.766056,-1.368,0,-1,0,-1,0,45
1847,1.847,-0.766032,-1.37628,0,-1,0,-1,0,45
1848,1.848,-0.766008,-1.38444,1,46,0,2,0,46
1849,1.849,-0.765996,-1.39272,0,-1,0,-1,0,46
1850,1.85,-0.765972,-1.401,0,-1,0,-1,0,46
1851,1.851,-0.765948,-1.40928,0,-1,0,-1,0,46
1852,1.852,-0.765924,-1.41744,0,-1,0,-1,0,46
1853,1.853,-0.7659,-1.42572,0,-1,0,-1,0,46
1854,1.854,-0.765876,-1.434,0,-1,0,-1,0,46
1855,1.855,-0.765852,-1.44216,0,-1,0,-1,0,46
1856,1.856,-0.765828,-1.45044,0,-1,0,-1,0,46
1857,1.857,-0.765804,-1.45872,0,-1,0,-1,0,46
1858,1.858,-0.765792,-1.46688,0,-1,0,-1,0,46
1859,1.859,-0.765768,-1.47516,0,-1,0,-1,0,46
1860,1.86,-0.765744,-1.48344,0,-1,0,-1,0,46
1861,1.861,-0.76572,-1.4916,0,-1,0,-1,0,46
1862,1.862,-0.765696,-1.49988,0,-1,0,-1,0,46
1863,1.863,-0.765672,-1.50816,0,-1,0,-1,0,46
1864,1.864,-0.765648,-1.51644,0,-1,0,-1,0,46
1865,1.865,-0.765624,-1.5246,0,-1,0,-1,0,46
1866,1.866,-0.7656,-1.53288,0,-1,0,-1,0,46
1867,1.867,-0.765588,-1.54116,0,-1,0,-1,0,46
1868,1.868,-0.765564,-1.54932,0,-1,0,-1,0,46
1869,1.869,-0.76554,-1.5576,0,-1,0,-1,0,46
1870,1.87,-0.765516,-1.56588,0,-1,0,-1,0,46
1871,1.871,-0.765492,-1.57404,0,-1,0,-1,0,46
1872,1.872,-0.765468,-1.58232,0,-1,0,-1,0,46
1873,1.873,-0.765444,-1.5906,0,-1,0,-1,0,46
1874,1.874,-0.76542,-1.59876,0,-1,0,-1,0,46
1875,1.875,-0.765396,-1.60704,0,-1,0,-1,0,46
1876,1.876,-0.765384,-1.61532,1,47,0,2,0,47
1877,1.877,-0.76536,-1.6236,0,-1,0,-1,0,47
1878,1.878,-0.765336,-1.63176,0,-1,0,-1,0,47
1879,1.879,-0.765312,-1.64004,0,-1,0,-1,0,47
1880,1.88,-0.765288,-1.64832,0,-1,0,-1,0,47
1881,1.881,-0.765264,-1.65648,0,-1,0,-1,0,47
1882,1.882,-0.76524,-1.66476,0,-1,0,-1,0,47
1883,1.883,-0.765216,-1.67304,0,-1,0,-1,0,47
1884,1.884,-0.765192,-1.6812,0,-1,0,-1,0,47
1885,1.885,-0.76518,-1.68948,0,-1,0,-1,0,47
1886,1.886,-0.765156,-1.69776,0,-1,0,-1,0,47
1887,1.887,-0.765132,-1.70604,0,-1,0,-1,0,47
1888,1.888,-0.765108,-1.7142,0,-1,0,-1,0,47
1889,1.889,-0.765084,-1.72248,0,-1,0,-1,0,47
1890,1.89,-0.76506,-1.73076,0,-1,0,-1,0,47
1891,1.891,-0.765036,-1.73892,0,-1,0,-1,0,47
1892,1.892,-0.765012,-1.7472,0,-1,0,-1,0,47
1893,1.893,-0.764988,-1.75548,0,-1,0,-1,0,47
1894,1.894,-0.764964,-1.76364,0,-1,0,-1,0,47
1895,1.895,-0.764952,-1.77192,0,-1,0,-1,0,47
1896,1.896,-0.764928,-1.7802,0,-1,0,-1,0,47
1897,1.897,-0.764904,-1.78836,0,-1,0,-1,0,47
1898,1.898,-0.76488,-1.79664,0,-1,0,-1,0,47
1899,1.899,-0.764856,-1.80492,0,-1,0,-1,0,47
1900,1.9,-0.764832,-1.8132,0,-1,0,-1,0,47
1901,1.901,-0.764808,-1.82136,0,-1,0,-1,0,47
1902,1.902,-0.764784,-1.82964,0,-1,0,-1,0,47
1903,1.903,-0.76476,-1.83792,0,-1,0,-1,0,47
1904,1.904,-0.764748,-1.84608,0,-1,0,-1,0,47
1905,1.905,-0.764724,-1.85436,0,-1,0,-1,0,47
1906,1.906,-0.7647,-1.86264,0,-1,0,-1,0,47
1907,1.907,-0.764676,-1.87092,0,-1,0,-1,0,47
1908,1.908,-0.764652,-1.87908,0,-1,0,-1,0,47
1909,1.909,-0.764628,-1.88736,0,-1,0,-1,0,47
1910,1.91,-0.764604,-1.89564,0,-1,0,-1,0,47
1911,1.911,-0.759516,-1.90272,0,-1,0,-1,0,47
1912,1.912,-0.759492,-1.911,0,-1,0,-1,0,47
1913,1.913,-0.759468,-1.91928,0,-1,0,-1,0,47
1914,1.914,-0.75438,-1.92636,0,-1,0,-1,0,47
1915,1.915,-0.754356,-1.93464,0,-1,0,-1,0,47
1916,1.916,-0.74928,-1.94172,0,-1,0,-1,0,47
1917,1.917,-0.744204,-1.94892,0,-1,0,-1,0,47
1918,1.918,-0.739128,-1.956,0,-1,0,-1,0,47
1919,1.919,-0.734064,-1.96308,0,-1,0,-1,0,47
1920,1.92,-0.729012,-1.97016,0,-1,0,-1,0,47
1921,1.921,-0.723984,-1.96908,0,-1,0,-1,0,47
1922,1.922,-0.718932,-1.97616,0,-1,0,-1,0,47
1923,1.923,-0.713916,-1.97508,0,-1,0,-1,0,47
1924,1.924,-0.7089,-1.974,0,-1,0,-1,0,47
1925,1.925,-0.703872,-1.98108,0,-1,0,-1,0,47
1926,1.926,-0.698868,-1.97988,0,-1,0,-1,0,47
1927,1.927,-0.693876,-1.9788,0,-1,0,-1,0,47
1928,1.928,-0.688884,-1.97772,0,-1,0,-1,0,47
1929,1.929,-0.683904,-1.97652,0,-1,0,-1,0,47
1930,1.93,-0.678924,-1.97544,0,-1,0,-1,0,47
1931,1.931,-0.673944,-1.97436,0,-1,0,-1,0,47
1932,1.932,-0.669,-1.96512,0,-1,0,-1,0,47
1933,1.933,-0.664032,-1.96404,0,-1,0,-1,0,47
1934,1.934,-0.659076,-1.96284,0,-1,0,-1,0,47
1935,1.935,-0.654156,-1.9536,0,-1,0,-1,0,47
1936,1.936,-0.649212,-1.95252,0,-1,0,-1,0,47
1937,1.937,-0.644292,-1.94328,0,-1,0,-1,0,47
1938,1.938,-0.639372,-1.93404,0,-1,0,-1,0,47
1939,1.939,-0.634464,-1.92492,0,-1,0,-1,0,47
1940,1.94,-0.629568,-1.91568,0,-1,0,-1,0,47
1941,1.941,-0.624672,-1.90656,0,-1,0,-1,0,47
1942,1.942,-0.624696,-1.8984,0,-1,0,-1,0,47
1943,1.943,-0.6198,-1.88928,0,-1,0,-1,0,47
1944,1.944,-0.619824,-1.88112,0,-1,0,-1,0,47
1945,1.945,-0.619848,-1.87296,0,-1,0,-1,0,47
1946,1.946,-0.614964,-1.86384,0,-1,0,-1,0,47
1947,1.947,-0.614988,-1.8558,0,-1,0,-1,0,47
1948,1.948,-0.615012,-1.84764,0,-1,0,-1,0,47
1949,1.949,-0.615036,-1.83948,0,-1,0,-1,0,47
1950,1.95,-0.61506,-1.83144,1,48,1,3,0,48
1951,1.951,-0.615072,-1.82328,0,-1,0,-1,0,48
1952,1.952,-0.615096,-1.81524,0,-1,0,-1,0,48
1953,1.953,-0.61512,-1.80708,0,-1,0,-1,0,48
1954,1.954,-0.615144,-1.79904,0,-1,0,-1,0,48
1955,1.955,-0.615168,-1.79088,0,-1,0,-1,0,48
1956,1.956,-0.615192,-1.78284,0,-1,0,-1,0,48
1957,1.957,-0.615216,-1.77468,0,-1,0,-1,0,48
1958,1.958,-0.61524,-1.76652,0,-1,0,-1,0,48
1959,1.959,-0.615264,-1.75848,0,-1,0,-1,0,48
1960,1.96,-0.615276,-1.75032,0,-1,0,-1,0,48
1961,1.961,-0.6153,-1.74228,0,-1,0,-1,0,48
1962,1.962,-0.615324,-1.73412,0,-1,0,-1,0,48
1963,1.963,-0.615348,-1.72608,0,-1,0,-1,0,48
1964,1.964,-0.615372,-1.71792,0,-1,0,-1,0,48
1965,1.965,-0.615396,-1.70988,0,-1,0,-1,0,48
1966,1.966,-0.61542,-1.70172,0,-1,0,-1,0,48
1967,1.967,-0.615444,-1.69368,0,-1,0,-1,0,48
1968,1.968,-0.615456,-1.68552,0,-1,0,-1,0,48
1969,1.969,-0.61548,-1.67736,0,-1,0,-1,0,48
1970,1.97,-0.615504,-1.66932,0,-1,0,-1,0,48
1971,1.971,-0.615528,-1.66116,0,-1,0,-1,0,48
1972,1.972,-0.615552,-1.65312,0,-1,0,-1,0,48
1973,1.973,-0.615576,-1.64496,0,-1,0,-1,0,48
1974,1.974,-0.6156,-1.63692,0,-1,0,-1,0,48
1975,1.975,-0.615624,-1.62876,0,-1,0,-1,0,48
1976,1.976,-0.615636,-1.62072,0,-1,0,-1,0,48
1977,1.977,-0.61566,-1.61256,1,49,0,3,0,49
1978,1.978,-0.615684,-1.60452,0,-1,0,-1,0,49
1979,1.979,-0.615708,-1.59636,0,-1,0,-1,0,49
1980,1.98,-0.615732,-1.5882,0,-1,0,-1,0,49
1981,1.981,-0.615756,-1.58016,0,-1,0,-1,0,49
1982,1.982,-0.61578,-1.572,0,-1,0,-1,0,49
1983,1.983,-0.615804,-1.56396,0,-1,0,-1,0,49
1984,1.984,-0.615816,-1.5558,0,-1,0,-1,0,49
1985,1.985,-0.61584,-1.54776,0,-1,0,-1,0,49
1986,1.986,-0.615864,-1.5396,0,-1,0,-1,0,49
1987,1.987,-0.615888,-1.53156,0,-1,0,-1,0,49
1988,1.988,-0.615912,-1.5234,0,-1,0,-1,0,49
1989,1.989,-0.615936,-1.51536,0,-1,0,-1,0,49
1990,1.99,-0.61596,-1.5072,0,-1,0,-1,0,49
1991,1.991,-0.615984,-1.49904,0,-1,0,-1,0,49
1992,1.992,-0.615996,-1.491,0,-1,0,-1,0,49
1993,1.993,-0.61602,-1.48284,0,-1,0,-1,0,49
1994,1.994,-0.616044,-1.4748,0,-1,0,-1,0,49
1995,1.995,-0.616068,-1.46664,0,-1,0,-1,0,49
1996,1.996,-0.616092,-1.4586,0,-1,0,-1,0,49
1997,1.997,-0.616116,-1.45044,0,-1,0,-1,0,49
1998,1.998,-0.61614,-1.4424,0,-1,0,-1,0,49
1999,1.999,-0.616164,-1.43424,0,-1,0,-1,0,49
2000,2.0,-0.616176,-1.4262,0,-1,0,-1,0,49
2001,2.001,-0.6162,-1.41804,0,-1,0,-1,0,49
2002,2.002,-0.616224,-1.40988,0,-1,0,-1,0,49
2003,2.003,-0.616248,-1.40184,0,-1,0,-1,0,49
2004,2.004,-0.616272,-1.39368,1,50,0,3,0,50
2005,2.005,-0.616296,-1.38564,0,-1,0,-1,0,50
2006,2.006,-0.61632,-1.37748,0,-1,0,-1,0,50
2007,2.007,-0.616344,-1.36944,0,-1,0,-1,0,50
2008,2.008,-0.616356,-1.36128,0,-1,0,-1,0,50
2009,2.009,-0.61638,-1.35324,0,-1,0,-1,0,50
2010,2.01,-0.616404,-1.34508,0,-1,0,-1,0,50
2011,2.011,-0.616428,-1.33704,0,-1,0,-1,0,50
2012,2.012,-0.616452,-1.32888,0,-1,0,-1,0,50
2013,2.013,-0.616476,-1.32084,0,-1,0,-1,0,50
2014,2.014,-0.6165,-1.31268,0,-1,0,-1,0,50
2015,2.015,-0.616524,-1.30452,0,-1,0,-1,0,50
2016,2.016,-0.616536,-1.29648,0,-1,0,-1,0,50
2017,2.017,-0.61656,-1.28832,0,-1,0,-1,0,50
2018,2.018,-0.616584,-1.28028,0,-1,0,-1,0,50
2019,2.019,-0.616608,-1.27212,0,-1,0,-1,0,50
2020,2.02,-0.616632,-1.26408,0,-1,0,-1,0,50
2021,2.021,-0.616656,-1.25592,0,-1,0,-1,0,50
2022,2.022,-0.61668,-1.24788,0,-1,0,-1,0,50
2023,2.023,-0.616704,-1.23972,0,-1,0,-1,0,50
2024,2.024,-0.616716,-1.23168,0,-1,0,-1,0,50
2025,2.025,-0.61674,-1.22352,0,-1,0,-1,0,50
2026,2.026,-0.616764,-1.21548,0,-1,0,-1,0,50
2027,2.027,-0.616788,-1.20732,0,-1,0,-1,0,50
2028,2.028,-0.616812,-1.19922,0,-1,0,-1,0,50
2029,2.029,-0.616836,-1.191108,0,-1,0,-1,0,50
2030,2.03,-0.61686,-1.183008,0,-1,0,-1,0,50
2031,2.031,-0.616884,-1.174908,1,51,0,3,0,51
2032,2.032,-0.616896,-1.166796,0,-1,0,-1,0,51
2033,2.033,-0.61692,-1.158696,0,-1,0,-1,0,51
2034,2.034,-0.616944,-1.150596,0,-1,0,-1,0,51
2035,2.035,-0.616968,-1.142484,0,-1,0,-1,0,51
2036,2.036,-0.616992,-1.134384,0,-1,0,-1,0,51
2037,2.037,-0.617016,-1.126284,0,-1,0,-1,0,51
2038,2.038,-0.61704,-1.118172,0,-1,0,-1,0,51
2039,2.039,-0.617064,-1.110072,0,-1,0,-1,0,51
2040,2.04,-0.617076,-1.10196,0,-1,0,-1,0,51
2041,2.041,-0.6171,-1.09386,0,-1,0,-1,0,51
2042,2.042,-0.617124,-1.08576,0,-1,0,-1,0,51
2043,2.043,-0.617148,-1.077648,0,-1,0,-1,0,51
2044,2.044,-0.617172,-1.069548,0,-1,0,-1,0,51
2045,2.045,-0.617196,-1.061448,0,-1,0,-1,0,51
2046,2.046,-0.61722,-1.053336,0,-1,0,-1,0,51
2047,2.047,-0.617244,-1.045236,0,-1,0,-1,0,51
2048,2.048,-0.617256,-1.037136,0,-1,0,-1,0,51
2049,2.049,-0.61728,-1.029024,0,-1,0,-1,0,51
2050,2.05,-0.617304,-1.020924,0,-1,0,-1,0,51
2051,2.051,-0.617328,-1.012824,0,-1,0,-1,0,51
2052,2.052,-0.617352,-1.004712,0,-1,0,-1,0,51
2053,2.053,-0.617376,-0.996612,0,-1,0,-1,0,51
2054,2.054,-0.6174,-0.988512,0,-1,0,-1,0,51
2055,2.055,-0.617424,-0.9804,0,-1,0,-1,0,51
2056,2.056,-0.617436,-0.9723,0,-1,0,-1,0,51
2057,2.057,-0.61746,-0.9642,0,-1,0,-1,0,51
2058,2.058,-0.617484,-0.9561,1,52,0,3,0,52
2059,2.059,-0.617508,-0.947988,0,-1,0,-1,0,52
2060,2.06,-0.617532,-0.939888,0,-1,0,-1,0,52
2061,2.061,-0.617556,-0.931788,0,-1,0,-1,0,52
2062,2.062,-0.61758,-0.923676,0,-1,0,-1,0,52
2063,2.063,-0.617604,-0.915576,0,-1,0,-1,0,52
2064,2.064,-0.617616,-0.907476,0,-1,0,-1,0,52
2065,2.065,-0.61764,-0.899364,0,-1,0,-1,0,52
2066,2.066,-0.617664,-0.891264,0,-1,0,-1,0,52
2067,2.067,-0.617688,-0.883164,0,-1,0,-1,0,52
2068,2.068,-0.617712,-0.875052,0,-1,0,-1,0,52
2069,2.069,-0.617736,-0.866952,0,-1,0,-1,0,52
2070,2.07,-0.61776,-0.858852,0,-1,0,-1,0,52
2071,2.071,-0.617784,-0.850752,0,-1,0,-1,0,52
2072,2.072,-0.617796,-0.84264,0,-1,0,-1,0,52
2073,2.073,-0.61782,-0.83454,0,-1,0,-1,0,52
2074,2.074,-0.617844,-0.82644,0,-1,0,-1,0,52
2075,2.075,-0.617868,-0.818328,0,-1,0,-1,0,52
2076,2.076,-0.617892,-0.810228,0,-1,0,-1,0,52
2077,2.077,-0.617916,-0.802128,0,-1,0,-1,0,52
2078,2.078,-0.61794,-0.794028,0,-1,0,-1,0,52
2079,2.079,-0.617964,-0.785916,0,-1,0,-1,0,52
2080,2.08,-0.617976,-0.777816,0,-1,0,-1,0,52
2081,2.081,-0.618,-0.769716,0,-1,0,-1,0,52
2082,2.082,-0.618024,-0.761616,0,-1,0,-1,0,52
2083,2.083,-0.618048,-0.753504,0,-1,0,-1,0,52
2084,2.084,-0.618072,-0.745404,0,-1,0,-1,0,52
2085,2.085,-0.618096,-0.737304,1,53,0,3,0,53
2086,2.086,-0.61812,-0.729192,0,-1,0,-1,0,53
2087,2.087,-0.618144,-0.721092,0,-1,0,-1,0,53
2088,2.088,-0.618156,-0.712992,0,-1,0,-1,0,53
2089,2.089,-0.61818,-0.704892,0,-1,0,-1,0,53
2090,2.09,-0.618204,-0.69678,0,-1,0,-1,0,53
2091,2.091,-0.618228,-0.68868,0,-1,0,-1,0,53
2092,2.092,-0.618252,-0.68058,0,-1,0,-1,0,53
2093,2.093,-0.618276,-0.67248,0,-1,0,-1,0,53
2094,2.094,-0.6183,-0.664368,0,-1,0,-1,0,53
2095,2.095,-0.618324,-0.656268,0,-1,0,-1,0,53
2096,2.096,-0.618336,-0.648168,0,-1,0,-1,0,53
2097,2.097,-0.61836,-0.640068,0,-1,0,-1,0,53
2098,2.098,-0.618384,-0.631956,0,-1,0,-1,0,53
2099,2.099,-0.618408,-0.623856,0,-1,0,-1,0,53
2100,2.1,-0.618432,-0.615756,0,-1,0,-1,0,53
2101,2.101,-0.618456,-0.607656,0,-1,0,-1,0,53
2102,2.102,-0.61848,-0.599544,0,-1,0,-1,0,53
2103,2.103,-0.618504,-0.591444,0,-1,0,-1,0,53
2104,2.104,-0.618516,-0.583344,0,-1,0,-1,0,53
2105,2.105,-0.61854,-0.575244,0,-1,0,-1,0,53
2106,2.106,-0.618564,-0.567144,0,-1,0,-1,0,53
2107,2.107,-0.618588,-0.559032,0,-1,0,-1,0,53
2108,2.108,-0.618612,-0.550932,0,-1,0,-1,0,53
2109,2.109,-0.618636,-0.542832,0,-1,0,-1,0,53
2110,2.11,-0.61866,-0.534732,0,-1,0,-1,0,53
2111,2.111,-0.618684,-0.52662,0,-1,0,-1,0,53
2112,2.112,-0.618696,-0.51852,1,54,0,3,0,54
2113,2.113,-0.61872,-0.51042,0,-1,0,-1,0,54
2114,2.114,-0.618744,-0.50232,0,-1,0,-1,0,54
2115,2.115,-0.618768,-0.49422,0,-1,0,-1,0,54
2116,2.116,-0.618792,-0.486108,0,-1,0,-1,0,54
2117,2.117,-0.618816,-0.478008,0,-1,0,-1,0,54
2118,2.118,-0.61884,-0.469908,0,-1,0,-1,0,54
2119,2.119,-0.618864,-0.461808,0,-1,0,-1,0,54
2120,2.12,-0.618876,-0.453708,0,-1,0,-1,0,54
2121,2.121,-0.6189,-0.445596,0,-1,0,-1,0,54
2122,2.122,-0.618924,-0.437496,0,-1,0,-1,0,54
2123,2.123,-0.618948,-0.429396,0,-1,0,-1,0,54
2124,2.124,-0.618972,-0.421296,0,-1,0,-1,0,54
2125,2.125,-0.618996,-0.413196,0,-1,0,-1,0,54
2126,2.126,-0.61902,-0.405084,0,-1,0,-1,0,54
2127,2.127,-0.619044,-0.396984,0,-1,0,-1,0,54
2128,2.128,-0.619056,-0.388884,0,-1,0,-1,0,54
2129,2.129,-0.61908,-0.380784,0,-1,0,-1,0,54
2130,2.13,-0.619104,-0.372684,0,-1,0,-1,0,54
2131,2.131,-0.619128,-0.364572,0,-1,0,-1,0,54
2132,2.132,-0.619152,-0.356472,0,-1,0,-1,0,54
2133,2.133,-0.619176,-0.348372,0,-1,0,-1,0,54
2134,2.134,-0.6192,-0.340272,0,-1,0,-1,0,54
2135,2.135,-0.619224,-0.332172,0,-1,0,-1,0,54
2136,2.136,-0.619236,-0.324072,0,-1,0,-1,0,54
2137,2.137,-0.61926,-0.31596,0,-1,0,-1,0,54
2138,2.138,-0.619284,-0.30786,0,-1,0,-1,0,54
2139,2.139,-0.619308,-0.29976,1,55,0,3,0,55
2140,2.14,-0.619332,-0.29166,0,-1,0,-1,0,55
2141,2.141,-0.619356,-0.28356,0,-1,0,-1,0,55
2142,2.142,-0.61938,-0.27546,0,-1,0,-1,0,55
2143,2.143,-0.619404,-0.267348,0,-1,0,-1,0,55
2144,2.144,-0.619416,-0.259248,0,-1,0,-1,0,55
2145,2.145,-0.61944,-0.251148,0,-1,0,-1,0,55
2146,2.146,-0.619464,-0.243048,0,-1,0,-1,0,55
2147,2.147,-0.619488,-0.234948,0,-1,0,-1,0,55
2148,2.148,-0.619512,-0.226848,0,-1,0,-1,0,55
2149,2.149,-0.619536,-0.218736,0,-1,0,-1,0,55
2150,2.15,-0.61956,-0.210636,0,-1,0,-1,0,55
2151,2.151,-0.619584,-0.202536,0,-1,0,-1,0,55
2152,2.152,-0.619596,-0.194436,0,-1,0,-1,0,55
2153,2.153,-0.61962,-0.186336,0,-1,0,-1,0,55
2154,2.154,-0.619644,-0.178236,0,-1,0,-1,0,55
2155,2.155,-0.619668,-0.170136,0,-1,0,-1,0,55
2156,2.156,-0.619692,-0.162024,0,-1,0,-1,0,55
2157,2.157,-0.619716,-0.153924,0,-1,0,-1,0,55
2158,2.158,-0.61974,-0.145824,0,-1,0,-1,0,55
2159,2.159,-0.619764,-0.137724,0,-1,0,-1,0,55
2160,2.16,-0.619776,-0.129624,0,-1,0,-1,0,55
2161,2.161,-0.6198,-0.121524,0,-1,0,-1,0,55
2162,2.162,-0.619824,-0.1134192,0,-1,0,-1,0,55
2163,2.163,-0.619848,-0.105318,0,-1,0,-1,0,55
2164,2.164,-0.619872,-0.0972168,0,-1,0,-1,0,55
2165,2.165,-0.619896,-0.0891144,0,-1,0,-1,0,55
2166,2.166,-0.61992,-0.0810132,1,56,0,3,0,56
2167,2.167,-0.619944,-0.072912,0,-1,0,-1,0,56
2168,2.168,-0.619956,-0.0648108,0,-1,0,-1,0,56
2169,2.169,-0.61998,-0.0567096,0,-1,0,-1,0,56
2170,2.17,-0.620004,-0.0486072,0,-1,0,-1,0,56
2171,2.171,-0.620028,-0.040506,0,-1,0,-1,0,56
2172,2.172,-0.620052,-0.0324048,0,-1,0,-1,0,56
2173,2.173,-0.620076,-0.0243036,0,-1,0,-1,0,56
2174,2.174,-0.6201,-0.0162024,0,-1,0,-1,0,56
2175,2.175,-0.620124,-0.0081012,0,-1,0,-1,0,56
2176,2.176,-0.620136,0.0,0,-1,0,-1,0,56
2177,2.177,-0.62016,0.0081012,0,-1,0,-1,0,56
2178,2.178,-0.620184,0.0162024,0,-1,0,-1,0,56
2179,2.179,-0.620208,0.0243036,0,-1,0,-1,0,56
2180,2.18,-0.620232,0.0324048,0,-1,0,-1,0,56
2181,2.181,-0.620256,0.040506,0,-1,0,-1,0,56
2182,2.182,-0.62028,0.0486072,0,-1,0,-1,0,56
2183,2.183,-0.620304,0.0567084,0,-1,0,-1,0,56
2184,2.184,-0.620316,0.0648096,0,-1,0,-1,0,56
2185,2.185,-0.62034,0.0729108,0,-1,0,-1,0,56
2186,2.186,-0.620364,0.0810108,0,-1,0,-1,0,56
2187,2.187,-0.620388,0.089112,0,-1,0,-1,0,56
2188,2.188,-0.620412,0.0972132,0,-1,0,-1,0,56
2189,2.189,-0.620436,0.1053144,0,-1,0,-1,0,56
2190,2.19,-0.62046,0.1134156,0,-1,0,-1,0,56
2191,2.191,-0.620484,0.121512,0,-1,0,-1,0,56
2192,2.192,-0.620496,0.129612,0,-1,0,-1,0,56
2193,2.193,-0.62052,0.137712,1,57,0,3,0,57
2194,2.194,-0.620544,0.145824,0,-1,0,-1,0,57
2195,2.195,-0.620568,0.153924,0,-1,0,-1,0,57
2196,2.196,-0.620592,0.162024,0,-1,0,-1,0,57
2197,2.197,-0.620616,0.170124,0,-1,0,-1,0,57
2198,2.198,-0.62064,0.178224,0,-1,0,-1,0,57
2199,2.199,-0.620664,0.186324,0,-1,0,-1,0,57
2200,2.2,-0.620676,0.194424,0,-1,0,-1,0,57
2201,2.201,-0.6207,0.202524,0,-1,0,-1,0,57
2202,2.202,-0.620724,0.210624,0,-1,0,-1,0,57
2203,2.203,-0.620748,0.218724,0,-1,0,-1,0,57
2204,2.204,-0.620772,0.226824,0,-1,0,-1,0,57
2205,2.205,-0.620796,0.234924,0,-1,0,-1,0,57
2206,2.206,-0.62082,0.243024,0,-1,0,-1,0,57
2207,2.207,-0.620844,0.251124,0,-1,0,-1,0,57
2208,2.208,-0.620856,0.259224,0,-1,0,-1,0,57
2209,2.209,-0.62088,0.267324,0,-1,0,-1,0,57
2210,2.21,-0.620904,0.275424,0,-1,0,-1,0,57
2211,2.211,-0.620928,0.283524,0,-1,0,-1,0,57
2212,2.212,-0.620952,0.291636,0,-1,0,-1,0,57
2213,2.213,-0.620976,0.299736,0,-1,0,-1,0,57
2214,2.214,-0.621,0.307836,0,-1,0,-1,0,57
2215,2.215,-0.621024,0.315936,0,-1,0,-1,0,57
2216,2.216,-0.621036,0.324036,0,-1,0,-1,0,57
2217,2.217,-0.62106,0.332136,0,-1,0,-1,0,57
2218,2.218,-0.621084,0.340236,0,-1,0,-1,0,57
2219,2.219,-0.621108,0.348336,0,-1,0,-1,0,57
2220,2.22,-0.621132,0.356436,1,58,0,3,0,58
2221,2.221,-0.621156,0.364536,0,-1,0,-1,0,58
2222,2.222,-0.62118,0.372636,0,-1,0,-1,0,58
2223,2.223,-0.621204,0.380736,0,-1,0,-1,0,58
2224,2.224,-0.621216,0.388836,0,-1,0,-1,0,58
2225,2.225,-0.62124,0.396936,0,-1,0,-1,0,58
2226,2.226,-0.621264,0.405036,0,-1,0,-1,0,58
2227,2.227,-0.621288,0.413136,0,-1,0,-1,0,58
2228,2.228,-0.621312,0.421236,0,-1,0,-1,0,58
2229,2.229,-0.621336,0.429336,0,-1,0,-1,0,58
2230,2.23,-0.62136,0.437436,0,-1,0,-1,0,58
2231,2.231,-0.621384,0.445536,0,-1,0,-1,0,58
2232,2.232,-0.621396,0.453636,0,-1,0,-1,0,58
2233,2.233,-0.62142,0.461736,0,-1,0,-1,0,58
2234,2.234,-0.621444,0.469836,0,-1,0,-1,0,58
2235,2.235,-0.621468,0.477936,0,-1,0,-1,0,58
2236,2.236,-0.621492,0.486036,0,-1,0,-1,0,58
2237,2.237,-0.621516,0.494136,0,-1,0,-1,0,58
2238,2.238,-0.62154,0.502236,0,-1,0,-1,0,58
2239,2.239,-0.621564,0.510336,0,-1,0,-1,0,58
2240,2.24,-0.621576,0.518436,0,-1,0,-1,0,58
2241,2.241,-0.6216,0.526536,0,-1,0,-1,0,58
2242,2.242,-0.621624,0.534636,0,-1,0,-1,0,58
2243,2.243,-0.621648,0.542736,0,-1,0,-1,0,58
2244,2.244,-0.621672,0.550836,0,-1,0,-1,0,58
2245,2.245,-0.621696,0.558936,0,-1,0,-1,0,58
2246,2.246,-0.62172,0.567036,0,-1,0,-1,0,58
2247,2.247,-0.621744,0.575136,1,59,0,3,0,59
2248,2.248,-0.621756,0.583236,0,-1,0,-1,0,59
2249,2.249,-0.62178,0.591336,0,-1,0,-1,0,59
2250,2.25,-0.621804,0.599436,0,-1,0,-1,0,59
2251,2.251,-0.621828,0.607536,0,-1,0,-1,0,59
2252,2.252,-0.621852,0.615636,0,-1,0,-1,0,59
2253,2.253,-0.621876,0.623736,0,-1,0,-1,0,59
2254,2.254,-0.6219,0.631836,0,-1,0,-1,0,59
2255,2.255,-0.621924,0.639936,0,-1,0,-1,0,59
2256,2.256,-0.621936,0.648024,0,-1,0,-1,0,59
2257,2.257,-0.62196,0.656124,0,-1,0,-1,0,59
2258,2.258,-0.621984,0.664224,0,-1,0,-1,0,59
2259,2.259,-0.622008,0.672324,0,-1,0,-1,0,59
2260,2.26,-0.622032,0.680424,0,-1,0,-1,0,59
2261,2.261,-0.622056,0.688524,0,-1,0,-1,0,59
2262,2.262,-0.62208,0.696624,0,-1,0,-1,0,59
2263,2.263,-0.622104,0.704724,0,-1,0,-1,0,59
2264,2.264,-0.622116,0.712824,0,-1,0,-1,0,59
2265,2.265,-0.62214,0.720924,0,-1,0,-1,0,59
2266,2.266,-0.622164,0.729024,0,-1,0,-1,0,59
2267,2.267,-0.622188,0.737124,0,-1,0,-1,0,59
2268,2.268,-0.622212,0.745224,0,-1,0,-1,0,59
2269,2.269,-0.622236,0.753324,0,-1,0,-1,0,59
2270,2.27,-0.62226,0.761424,0,-1,0,-1,0,59
2271,2.271,-0.622284,0.769524,0,-1,0,-1,0,59
2272,2.272,-0.622296,0.777624,0,-1,0,-1,0,59
2273,2.273,-0.62232,0.785724,0,-1,0,-1,0,59
2274,2.274,-0.622344,0.793812,1,60,0,3,0,60
2275,2.275,-0.622368,0.801912,0,-1,0,-1,0,60
2276,2.276,-0.622392,0.810012,0,-1,0,-1,0,60
2277,2.277,-0.622416,0.818112,0,-1,0,-1,0,60
2278,2.278,-0.62244,0.826212,0,-1,0,-1,0,60
2279,2.279,-0.622464,0.834312,0,-1,0,-1,0,60
2280,2.28,-0.622476,0.842412,0,-1,0,-1,0,60
2281,2.281,-0.6225,0.850512,0,-1,0,-1,0,60
2282,2.282,-0.622524,0.858612,0,-1,0,-1,0,60
2283,2.283,-0.622548,0.866712,0,-1,0,-1,0,60
2284,2.284,-0.622572,0.874812,0,-1,0,-1,0,60
2285,2.285,-0.622596,0.882912,0,-1,0,-1,0,60
2286,2.286,-0.62262,0.891,0,-1,0,-1,0,60
2287,2.287,-0.622644,0.8991,0,-1,0,-1,0,60
2288,2.288,-0.622656,0.9072,0,-1,0,-1,0,60
2289,2.289,-0.62268,0.9153,0,-1,0,-1,0,60
2290,2.29,-0.622704,0.9234,0,-1,0,-1,0,60
2291,2.291,-0.622728,0.9315,0,-1,0,-1,0,60
2292,2.292,-0.622752,0.9396,0,-1,0,-1,0,60
2293,2.293,-0.622776,0.9477,0,-1,0,-1,0,60
2294,2.294,-0.6228,0.9558,0,-1,0,-1,0,60
2295,2.295,-0.622824,0.9639,0,-1,0,-1,0,60
2296,2.296,-0.622836,0.971988,0,-1,0,-1,0,60
2297,2.297,-0.62286,0.980088,0,-1,0,-1,0,60
2298,2.298,-0.622884,0.988188,0,-1,0,-1,0,60
2299,2.299,-0.622908,0.996288,0,-1,0,-1,0,60
2300,2.3,-0.622932,1.004388,0,-1,0,-1,0,60
2301,2.301,-0.622956,1.012488,1,61,0,3,0,61
2302,2.302,-0.62298,1.020588,0,-1,0,-1,0,61
2303,2.303,-0.623004,1.028688,0,-1,0,-1,0,61
2304,2.304,-0.623016,1.036776,0,-1,0,-1,0,61
2305,2.305,-0.62304,1.044876,0,-1,0,-1,0,61
2306,2.306,-0.623064,1.052976,0,-1,0,-1,0,61
2307,2.307,-0.623088,1.061076,0,-1,0,-1,0,61
2308,2.308,-0.623112,1.069176,0,-1,0,-1,0,61
2309,2.309,-0.623136,1.077276,0,-1,0,-1,0,61
2310,2.31,-0.62316,1.085376,0,-1,0,-1,0,61
2311,2.311,-0.623184,1.093476,0,-1,0,-1,0,61
2312,2.312,-0.623196,1.101564,0,-1,0,-1,0,61
2313,2.313,-0.62322,1.109664,0,-1,0,-1,0,61
2314,2.314,-0.623244,1.117764,0,-1,0,-1,0,61
2315,2.315,-0.623268,1.125864,0,-1,0,-1,0,61
2316,2.316,-0.623292,1.133964,0,-1,0,-1,0,61
2317,2.317,-0.623316,1.142064,0,-1,0,-1,0,61
2318,2.318,-0.62334,1.150164,0,-1,0,-1,0,61
2319,2.319,-0.623364,1.158252,0,-1,0,-1,0,61
2320,2.32,-0.623376,1.166352,0,-1,0,-1,0,61
2321,2.321,-0.6234,1.174452,0,-1,0,-1,0,61
2322,2.322,-0.623424,1.182552,0,-1,0,-1,0,61
2323,2.323,-0.623448,1.190652,0,-1,0,-1,0,61
2324,2.324,-0.623472,1.198752,0,-1,0,-1,0,61
2325,2.325,-0.623496,1.20684,0,-1,0,-1,0,61
2326,2.326,-0.62352,1.215,0,-1,0,-1,0,61
2327,2.327,-0.623544,1.22304,0,-1,0,-1,0,61
2328,2.328,-0.623556,1.23108,1,62,0,3,0,62
2329,2.329,-0.62358,1.23924,0,-1,0,-1,0,62
2330,2.33,-0.623604,1.24728,0,-1,0,-1,0,62
2331,2.331,-0.623628,1.25544,0,-1,0,-1,0,62
2332,2.332,-0.623652,1.26348,0,-1,0,-1,0,62
2333,2.333,-0.623676,1.27164,0,-1,0,-1,0,62
2334,2.334,-0.6237,1.27968,0,-1,0,-1,0,62
2335,2.335,-0.623724,1.28784,0,-1,0,-1,0,62
2336,2.336,-0.623736,1.29588,0,-1,0,-1,0,62
2337,2.337,-0.62376,1.30404,0,-1,0,-1,0,62
2338,2.338,-0.623784,1.31208,0,-1,0,-1,0,62
2339,2.339,-0.623808,1.32024,0,-1,0,-1,0,62
2340,2.34,-0.623832,1.32828,0,-1,0,-1,0,62
2341,2.341,-0.623856,1.33644,0,-1,0,-1,0,62
2342,2.342,-0.62388,1.34448,0,-1,0,-1,0,62
2343,2.343,-0.623904,1.35264,0,-1,0,-1,0,62
2344,2.344,-0.623916,1.36068,0,-1,0,-1,0,62
2345,2.345,-0.62394,1.36884,0,-1,0,-1,0,62
2346,2.346,-0.623964,1.37688,0,-1,0,-1,0,62
2347,2.347,-0.623988,1.38504,0,-1,0,-1,0,62
2348,2.348,-0.624012,1.39308,0,-1,0,-1,0,62
2349,2.349,-0.624036,1.40124,0,-1,0,-1,0,62
2350,2.35,-0.62406,1.40928,0,-1,0,-1,0,62
2351,2.351,-0.624084,1.41744,0,-1,0,-1,0,62
2352,2.352,-0.624096,1.42548,0,-1,0,-1,0,62
2353,2.353,-0.62412,1.43364,0,-1,0,-1,0,62
2354,2.354,-0.624144,1.44168,0,-1,0,-1,0,62
2355,2.355,-0.624168,1.44972,1,63,0,3,0,63
2356,2.356,-0.624192,1.45788,0,-1,0,-1,0,63
2357,2.357,-0.624216,1.46592,0,-1,0,-1,0,63
2358,2.358,-0.62424,1.47408,0,-1,0,-1,0,63
2359,2.359,-0.624264,1.48212,0,-1,0,-1,0,63
2360,2.36,-0.624276,1.49028,0,-1,0,-1,0,63
2361,2.361,-0.6243,1.49832,0,-1,0,-1,0,63
2362,2.362,-0.624324,1.50648,0,-1,0,-1,0,63
2363,2.363,-0.624348,1.51452,0,-1,0,-1,0,63
2364,2.364,-0.624372,1.52268,0,-1,0,-1,0,63
2365,2.365,-0.624396,1.53072,0,-1,0,-1,0,63
2366,2.366,-0.62442,1.53888,0,-1,0,-1,0,63
2367,2.367,-0.624444,1.54692,0,-1,0,-1,0,63
2368,2.368,-0.624456,1.55508,0,-1,0,-1,0,63
2369,2.369,-0.62448,1.56312,0,-1,0,-1,0,63
2370,2.37,-0.624504,1.57128,0,-1,0,-1,0,63
2371,2.371,-0.624528,1.57932,0,-1,0,-1,0,63
2372,2.372,-0.624552,1.58748,0,-1,0,-1,0,63
2373,2.373,-0.624576,1.59552,0,-1,0,-1,0,63
2374,2.374,-0.6246,1.60368,0,-1,0,-1,0,63
2375,2.375,-0.624624,1.61172,0,-1,0,-1,0,63
2376,2.376,-0.624636,1.61976,0,-1,0,-1,0,63
2377,2.377,-0.62466,1.62792,0,-1,0,-1,0,63
2378,2.378,-0.624684,1.63596,0,-1,0,-1,0,63
2379,2.379,-0.624708,1.64412,0,-1,0,-1,0,63
2380,2.38,-0.624732,1.65216,0,-1,0,-1,0,63
2381,2.381,-0.624756,1.66032,0,-1,0,-1,0,63
2382,2.382,-0.62478,1.66836,0,-1,0,-1,0,63
2383,2.383,-0.624792,1.67652,0,-1,0,-1,0,63
2384,2.384,-0.624816,1.68456,0,-1,0,-1,0,63
2385,2.385,-0.62484,1.69272,0,-1,0,-1,0,63
2386,2.386,-0.624864,1.70076,0,-1,0,-1,0,63
2387,2.387,-0.624888,1.70892,0,-1,0,-1,0,63
2388,2.388,-0.624912,1.71696,0,-1,0,-1,0,63
2389,2.389,-0.624936,1.72512,0,-1,0,-1,0,63
2390,2.39,-0.62496,1.73316,0,-1,0,-1,0,63
2391,2.391,-0.624972,1.74132,0,-1,0,-1,0,63
2392,2.392,-0.624996,1.74936,0,-1,0,-1,0,63
2393,2.393,-0.62502,1.75752,0,-1,0,-1,0,63
2394,2.394,-0.625044,1.76556,0,-1,0,-1,0,63
2395,2.395,-0.625068,1.7736,0,-1,0,-1,0,63
2396,2.396,-0.625092,1.78176,0,-1,0,-1,0,63
2397,2.397,-0.625116,1.7898,0,-1,0,-1,0,63
2398,2.398,-0.62514,1.79796,0,-1,0,-1,0,63
2399,2.399,-0.625152,1.806,0,-1,0,-1,0,63
2400,2.4,-0.625176,1.81416,0,-1,0,-1,0,63
2401,2.401,-0.6252,1.8222,0,-1,0,-1,0,63
2402,2.402,-0.625224,1.83036,0,-1,0,-1,0,63
2403,2.403,-0.625248,1.8384,0,-1,0,-1,0,63
2404,2.404,-0.625272,1.84656,0,-1,0,-1,0,63
2405,2.405,-0.620388,1.85364,0,-1,0,-1,0,63
2406,2.406,-0.620412,1.86168,0,-1,0,-1,0,63
2407,2.407,-0.620436,1.86972,0,-1,0,-1,0,63
2408,2.408,-0.615552,1.8768,0,-1,0,-1,0,63
2409,2.409,-0.615576,1.88496,0,-1,0,-1,0,63
2410,2.41,-0.610704,1.89192,0,-1,0,-1,0,63
2411,2.411,-0.605844,1.899,0,-1,0,-1,0,63
2412,2.412,-0.600984,1.90596,0,-1,0,-1,0,63
2413,2.413,-0.596124,1.91304,0,-1,0,-1,0,63
2414,2.414,-0.591276,1.92,0,-1,0,-1,0,63
2415,2.415,-0.586416,1.91892,0,-1,0,-1,0,63
2416,2.416,-0.581568,1.92588,0,-1,0,-1,0,63
2417,2.417,-0.57672,1.9248,0,-1,0,-1,0,63
2418,2.418,-0.57186,1.92372,0,-1,0,-1,0,63
2419,2.419,-0.567048,1.9308,0,-1,0,-1,0,63
2420,2.42,-0.5622,1.92972,0,-1,0,-1,0,63
2421,2.421,-0.557364,1.92864,0,-1,0,-1,0,63
2422,2.422,-0.55254,1.92756,0,-1,0,-1,0,63
2423,2.423,-0.547716,1.92648,0,-1,0,-1,0,63
2424,2.424,-0.542904,1.9254,0,-1,0,-1,0,63
2425,2.425,-0.53808,1.92432,0,-1,0,-1,0,63
2426,2.426,-0.533256,1.91532,0,-1,0,-1,0,63
2427,2.427,-0.528456,1.91424,0,-1,0,-1,0,63
2428,2.428,-0.523656,1.91316,0,-1,0,-1,0,63
2429,2.429,-0.518844,1.90416,0,-1,0,-1,0,63
2430,2.43,-0.514056,1.90308,0,-1,0,-1,0,63
2431,2.431,-0.509256,1.89408,0,-1,0,-1,0,63
2432,2.432,-0.504456,1.88496,0,-1,0,-1,0,63
2433,2.433,-0.499656,1.87596,0,-1,0,-1,0,63
2434,2.434,-0.494868,1.86696,0,-1,0,-1,0,63
2435,2.435,-0.490092,1.85796,0,-1,0,-1,0,63
2436,2.436,-0.490068,1.85004,0,-1,0,-1,0,63
2437,2.437,-0.485292,1.84104,0,-1,0,-1,0,63
2438,2.438,-0.485268,1.83312,0,-1,0,-1,0,63
2439,2.439,-0.485244,1.82508,0,-1,0,-1,0,63
2440,2.44,-0.48048,1.81608,0,-1,0,-1,0,63
2441,2.441,-0.480456,1.80816,0,-1,0,-1,0,63
2442,2.442,-0.480432,1.80024,0,-1,0,-1,0,63
2443,2.443,-0.480408,1.7922,0,-1,0,-1,0,63
2444,2.444,-0.480384,1.78428,1,64,1,4,0,64
2445,2.445,-0.48036,1.77636,0,-1,0,-1,0,64
2446,2.446,-0.480336,1.76832,0,-1,0,-1,0,64
2447,2.447,-0.480324,1.7604,0,-1,0,-1,0,64
2448,2.448,-0.4803,1.75248,0,-1,0,-1,0,64
2449,2.449,-0.480276,1.74444,0,-1,0,-1,0,64
2450,2.45,-0.480252,1.73652,0,-1,0,-1,0,64
2451,2.451,-0.480228,1.72848,0,-1,0,-1,0,64
2452,2.452,-0.480204,1.72056,0,-1,0,-1,0,64
2453,2.453,-0.48018,1.71264,0,-1,0,-1,0,64
2454,2.454,-0.480168,1.7046,0,-1,0,-1,0,64
2455,2.455,-0.480144,1.69668,0,-1,0,-1,0,64
2456,2.456,-0.48012,1.68876,0,-1,0,-1,0,64
2457,2.457,-0.480096,1.68072,0,-1,0,-1,0,64
2458,2.458,-0.480072,1.6728,0,-1,0,-1,0,64
2459,2.459,-0.480048,1.66488,0,-1,0,-1,0,64
2460,2.46,-0.480024,1.65684,0,-1,0,-1,0,64
2461,2.461,-0.480012,1.64892,0,-1,0,-1,0,64
2462,2.462,-0.479988,1.64088,0,-1,0,-1,0,64
2463,2.463,-0.479964,1.63296,0,-1,0,-1,0,64
2464,2.464,-0.47994,1.62504,0,-1,0,-1,0,64
2465,2.465,-0.479916,1.617,0,-1,0,-1,0,64
2466,2.466,-0.479892,1.60908,0,-1,0,-1,0,64
2467,2.467,-0.479868,1.60116,0,-1,0,-1,0,64
2468,2.468,-0.479844,1.59312,0,-1,0,-1,0,64
2469,2.469,-0.479832,1.5852,0,-1,0,-1,0,64
2470,2.47,-0.479808,1.57728,1,65,0,4,0,65
2471,2.471,-0.479784,1.56924,0,-1,0,-1,0,65
2472,2.472,-0.47976,1.56132,0,-1,0,-1,0,65
2473,2.473,-0.479736,1.55328,0,-1,0,-1,0,65
2474,2.474,-0.479712,1.54536,0,-1,0,-1,0,65
2475,2.475,-0.479688,1.53744,0,-1,0,-1,0,65
2476,2.476,-0.479676,1.5294,0,-1,0,-1,0,65
2477,2.477,-0.479652,1.52148,0,-1,0,-1,0,65
2478,2.478,-0.479628,1.51356,0,-1,0,-1,0,65
2479,2.479,-0.479604,1.50552,0,-1,0,-1,0,65
2480,2.48,-0.47958,1.4976,0,-1,0,-1,0,65
2481,2.481,-0.479556,1.48968,0,-1,0,-1,0,65
2482,2.482,-0.479532,1.48164,0,-1,0,-1,0,65
2483,2.483,-0.47952,1.47372,0,-1,0,-1,0,65
2484,2.484,-0.479496,1.46568,0,-1,0,-1,0,65
2485,2.485,-0.479472,1.45776,0,-1,0,-1,0,65
2486,2.486,-0.479448,1.44984,0,-1,0,-1,0,65
2487,2.487,-0.479424,1.4418,0,-1,0,-1,0,65
2488,2.488,-0.4794,1.43388,0,-1,0,-1,0,65
2489,2.489,-0.479376,1.42596,0,-1,0,-1,0,65
2490,2.49,-0.479364,1.41792,0,-1,0,-1,0,65
2491,2.491,-0.47934,1.41,0,-1,0,-1,0,65
2492,2.492,-0.479316,1.40196,0,-1,0,-1,0,65
2493,2.493,-0.479292,1.39404,0,-1,0,-1,0,65
2494,2.494,-0.479268,1.38612,0,-1,0,-1,0,65
2495,2.495,-0.479244,1.37808,0,-1,0,-1,0,65
2496,2.496,-0.47922,1.37016,1,66,0,4,0,66
2497,2.497,-0.479208,1.36224,0,-1,0,-1,0,66
2498,2.498,-0.479184,1.3542,0,-1,0,-1,0,66
2499,2.499,-0.47916,1.34628,0,-1,0,-1,0,66
2500,2.5,-0.479136,1.33836,0,-1,0,-1,0,66
2501,2.501,-0.479112,1.33032,0,-1,0,-1,0,66
2502,2.502,-0.479088,1.3224,0,-1,0,-1,0,66
2503,2.503,-0.479064,1.31436,0,-1,0,-1,0,66
2504,2.504,-0.479052,1.30644,0,-1,0,-1,0,66
2505,2.505,-0.479028,1.29852,0,-1,0,-1,0,66
2506,2.506,-0.479004,1.29048,0,-1,0,-1,0,66
2507,2.507,-0.47898,1.28256,0,-1,0,-1,0,66
2508,2.508,-0.478956,1.27464,0,-1,0,-1,0,66
2509,2.509,-0.478932,1.2666,0,-1,0,-1,0,66
2510,2.51,-0.478908,1.25868,0,-1,0,-1,0,66
2511,2.511,-0.478896,1.25064,0,-1,0,-1,0,66
2512,2.512,-0.478872,1.24272,0,-1,0,-1,0,66
2513,2.513,-0.478848,1.2348,0,-1,0,-1,0,66
2514,2.514,-0.478824,1.22676,0,-1,0,-1,0,66
2515,2.515,-0.4788,1.21884,0,-1,0,-1,0,66
2516,2.516,-0.478776,1.21092,0,-1,0,-1,0,66
2517,2.517,-0.478752,1.20288,0,-1,0,-1,0,66
2518,2.518,-0.47874,1.194948,0,-1,0,-1,0,66
2519,2.519,-0.478716,1.18698,0,-1,0,-1,0,66
2520,2.52,-0.478692,1.179012,0,-1,0,-1,0,66
2521,2.521,-0.478668,1.171044,0,-1,0,-1,0,66
2522,2.522,-0.478644,1.163088,1,67,0,4,0,67
2523,2.523,-0.47862,1.15512,0,-1,0,-1,0,67
2524,2.524,-0.478596,1.147152,0,-1,0,-1,0,67
2525,2.525,-0.478584,1.139184,0,-1,0,-1,0,67
2526,2.526,-0.47856,1.131228,0,-1,0,-1,0,67
2527,2.527,-0.478536,1.12326,0,-1,0,-1,0,67
2528,2.528,-0.478512,1.115292,0,-1,0,-1,0,67
2529,2.529,-0.478488,1.107336,0,-1,0,-1,0,67
2530,2.53,-0.478464,1.099368,0,-1,0,-1,0,67
2531,2.531,-0.47844,1.0914,0,-1,0,-1,0,67
2532,2.532,-0.478428,1.083432,0,-1,0,-1,0,67
2533,2.533,-0.478404,1.075476,0,-1,0,-1,0,67
2534,2.534,-0.47838,1.067508,0,-1,0,-1,0,67
2535,2.535,-0.478356,1.05954,0,-1,0,-1,0,67
2536,2.536,-0.478332,1.051572,0,-1,0,-1,0,67
2537,2.537,-0.478308,1.043604,0,-1,0,-1,0,67
2538,2.538,-0.478284,1.035648,0,-1,0,-1,0,67
2539,2.539,-0.478272,1.02768,0,-1,0,-1,0,67
2540,2.54,-0.478248,1.019712,0,-1,0,-1,0,67
2541,2.541,-0.478224,1.011744,0,-1,0,-1,0,67
2542,2.542,-0.4782,1.003788,0,-1,0,-1,0,67
2543,2.543,-0.478176,0.99582,0,-1,0,-1,0,67
2544,2.544,-0.478152,0.987852,0,-1,0,-1,0,67
2545,2.545,-0.478128,0.979884,0,-1,0,-1,0,67
2546,2.546,-0.478104,0.971928,0,-1,0,-1,0,67
2547,2.547,-0.478092,0.96396,0,-1,0,-1,0,67
2548,2.548,-0.478068,0.955992,1,68,0,4,0,68
2549,2.549,-0.478044,0.948024,0,-1,0,-1,0,68
2550,2.55,-0.47802,0.940056,0,-1,0,-1,0,68
2551,2.551,-0.477996,0.9321,0,-1,0,-1,0,68
2552,2.552,-0.477972,0.924132,0,-1,0,-1,0,68
2553,2.553,-0.477948,0.916164,0,-1,0,-1,0,68
2554,2.554,-0.477936,0.908196,0,-1,0,-1,0,68
2555,2.555,-0.477912,0.90024,0,-1,0,-1,0,68
2556,2.556,-0.477888,0.892272,0,-1,0,-1,0,68
2557,2.557,-0.477864,0.884304,0,-1,0,-1,0,68
2558,2.558,-0.47784,0.876336,0,-1,0,-1,0,68
2559,2.559,-0.477816,0.868368,0,-1,0,-1,0,68
2560,2.56,-0.477792,0.860412,0,-1,0,-1,0,68
2561,2.561,-0.47778,0.852444,0,-1,0,-1,0,68
2562,2.562,-0.477756,0.844476,0,-1,0,-1,0,68
2563,2.563,-0.477732,0.836508,0,-1,0,-1,0,68
2564,2.564,-0.477708,0.82854,0,-1,0,-1,0,68
2565,2.565,-0.477684,0.820584,0,-1,0,-1,0,68
2566,2.566,-0.47766,0.812616,0,-1,0,-1,0,68
2567,2.567,-0.477636,0.804648,0,-1,0,-1,0,68
2568,2.568,-0.477624,0.79668,0,-1,0,-1,0,68
2569,2.569,-0.4776,0.788712,0,-1,0,-1,0,68
2570,2.57,-0.477576,0.780744,0,-1,0,-1,0,68
2571,2.571,-0.477552,0.772788,0,-1,0,-1,0,68
2572,2.572,-0.477528,0.76482,0,-1,0,-1,0,68
2573,2.573,-0.477504,0.756852,0,-1,0,-1,0,68
2574,2.574,-0.47748,0.748884,1,69,0,4,0,69
2575,2.575,-0.477468,0.740916,0,-1,0,-1,0,69
2576,2.576,-0.477444,0.73296,0,-1,0,-1,0,69
2577,2.577,-0.47742,0.724992,0,-1,0,-1,0,69
2578,2.578,-0.477396,0.717024,0,-1,0,-1,0,69
2579,2.579,-0.477372,0.709056,0,-1,0,-1,0,69
2580,2.58,-0.477348,0.701088,0,-1,0,-1,0,69
2581,2.581,-0.477324,0.69312,0,-1,0,-1,0,69
2582,2.582,-0.477312,0.685164,0,-1,0,-1,0,69
2583,2.583,-0.477288,0.677196,0,-1,0,-1,0,69
2584,2.584,-0.477264,0.669228,0,-1,0,-1,0,69
2585,2.585,-0.47724,0.66126,0,-1,0,-1,0,69
2586,2.586,-0.477216,0.653292,0,-1,0,-1,0,69
2587,2.587,-0.477192,0.645324,0,-1,0,-1,0,69
2588,2.588,-0.477168,0.637356,0,-1,0,-1,0,69
2589,2.589,-0.477156,0.6294,0,-1,0,-1,0,69
2590,2.59,-0.477132,0.621432,0,-1,0,-1,0,69
2591,2.591,-0.477108,0.613464,0,-1,0,-1,0,69
2592,2.592,-0.477084,0.605496,0,-1,0,-1,0,69
2593,2.593,-0.47706,0.597528,0,-1,0,-1,0,69
2594,2.594,-0.477036,0.58956,0,-1,0,-1,0,69
2595,2.595,-0.477012,0.581592,0,-1,0,-1,0,69
2596,2.596,-0.477,0.573636,0,-1,0,-1,0,69
2597,2.597,-0.476976,0.565668,0,-1,0,-1,0,69
2598,2.598,-0.476952,0.5577,0,-1,0,-1,0,69
2599,2.599,-0.476928,0.549732,0,-1,0,-1,0,69
2600,2.6,-0.476904,0.541764,1,70,0,4,0,70
2601,2.601,-0.47688,0.533796,0,-1,0,-1,0,70
2602,2.602,-0.476856,0.525828,0,-1,0,-1,0,70
2603,2.603,-0.476844,0.517872,0,-1,0,-1,0,70
2604,2.604,-0.47682,0.509904,0,-1,0,-1,0,70
2605,2.605,-0.476796,0.501936,0,-1,0,-1,0,70
2606,2.606,-0.476772,0.493968,0,-1,0,-1,0,70
2607,2.607,-0.476748,0.486,0,-1,0,-1,0,70
2608,2.608,-0.476724,0.478032,0,-1,0,-1,0,70
2609,2.609,-0.4767,0.470064,0,-1,0,-1,0,70
2610,2.61,-0.476676,0.462096,0,-1,0,-1,0,70
2611,2.611,-0.476664,0.454128,0,-1,0,-1,0,70
2612,2.612,-0.47664,0.446172,0,-1,0,-1,0,70
2613,2.613,-0.476616,0.438204,0,-1,0,-1,0,70
2614,2.614,-0.476592,0.430236,0,-1,0,-1,0,70
2615,2.615,-0.476568,0.422268,0,-1,0,-1,0,70
2616,2.616,-0.476544,0.4143,0,-1,0,-1,0,70
2617,2.617,-0.47652,0.406332,0,-1,0,-1,0,70
2618,2.618,-0.476508,0.398364,0,-1,0,-1,0,70
2619,2.619,-0.476484,0.390396,0,-1,0,-1,0,70
2620,2.62,-0.47646,0.382428,0,-1,0,-1,0,70
2621,2.621,-0.476436,0.37446,0,-1,0,-1,0,70
2622,2.622,-0.476412,0.366504,0,-1,0,-1,0,70
2623,2.623,-0.476388,0.358536,0,-1,0,-1,0,70
2624,2.624,-0.476364,0.350568,0,-1,0,-1,0,70
2625,2.625,-0.476352,0.3426,0,-1,0,-1,0,70
2626,2.626,-0.476328,0.334632,1,71,0,4,0,71
2627,2.627,-0.476304,0.326664,0,-1,0,-1,0,71
2628,2.628,-0.47628,0.318696,0,-1,0,-1,0,71
2629,2.629,-0.476256,0.310728,0,-1,0,-1,0,71
2630,2.63,-0.476232,0.30276,0,-1,0,-1,0,71
2631,2.631,-0.476208,0.294792,0,-1,0,-1,0,71
2632,2.632,-0.476196,0.286824,0,-1,0,-1,0,71
2633,2.633,-0.476172,0.278856,0,-1,0,-1,0,71
2634,2.634,-0.476148,0.2709,0,-1,0,-1,0,71
2635,2.635,-0.476124,0.262932,0,-1,0,-1,0,71
2636,2.636,-0.4761,0.254964,0,-1,0,-1,0,71
2637,2.637,-0.476076,0.246996,0,-1,0,-1,0,71
2638,2.638,-0.476052,0.239028,0,-1,0,-1,0,71
2639,2.639,-0.47604,0.23106,0,-1,0,-1,0,71
2640,2.64,-0.476016,0.223092,0,-1,0,-1,0,71
2641,2.641,-0.475992,0.215124,0,-1,0,-1,0,71
2642,2.642,-0.475968,0.207156,0,-1,0,-1,0,71
2643,2.643,-0.475944,0.199188,0,-1,0,-1,0,71
2644,2.644,-0.47592,0.19122,0,-1,0,-1,0,71
2645,2.645,-0.475896,0.183252,0,-1,0,-1,0,71
2646,2.646,-0.475884,0.175284,0,-1,0,-1,0,71
2647,2.647,-0.47586,0.167316,0,-1,0,-1,0,71
2648,2.648,-0.475836,0.159348,0,-1,0,-1,0,71
2649,2.649,-0.475812,0.15138,0,-1,0,-1,0,71
2650,2.65,-0.475788,0.143412,0,-1,0,-1,0,71
2651,2.651,-0.475764,0.135456,0,-1,0,-1,0,71
2652,2.652,-0.47574,0.127488,1,72,0,4,0,72
2653,2.653,-0.475728,0.1195152,0,-1,0,-1,0,72
2654,2.654,-0.475704,0.1115484,0,-1,0,-1,0,72
2655,2.655,-0.47568,0.1035804,0,-1,0,-1,0,72
2656,2.656,-0.475656,0.0956124,0,-1,0,-1,0,72
2657,2.657,-0.475632,0.0876456,0,-1,0,-1,0,72
2658,2.658,-0.475608,0.0796776,0,-1,0,-1,0,72
2659,2.659,-0.475584,0.0717096,0,-1,0,-1,0,72
2660,2.66,-0.475572,0.0637416,0,-1,0,-1,0,72
2661,2.661,-0.475548,0.0557748,0,-1,0,-1,0,72
2662,2.662,-0.475524,0.0478068,0,-1,0,-1,0,72
2663,2.663,-0.4755,0.0398388,0,-1,0,-1,0,72
2664,2.664,-0.475476,0.0318708,0,-1,0,-1,0,72
2665,2.665,-0.475452,0.023904,0,-1,0,-1,0,72
2666,2.666,-0.475428,0.015936,0,-1,0,-1,0,72
2667,2.667,-0.475404,0.00796788,0,-1,0,-1,0,72
2668,2.668,-0.475392,0.0,0,-1,0,-1,0,72
2669,2.669,-0.475368,-0.00796788,0,-1,0,-1,0,72
2670,2.67,-0.475344,-0.015936,0,-1,0,-1,0,72
2671,2.671,-0.47532,-0.023904,0,-1,0,-1,0,72
2672,2.672,-0.475296,-0.031872,0,-1,0,-1,0,72
2673,2.673,-0.475272,-0.03984,0,-1,0,-1,0,72
2674,2.674,-0.475248,-0.047808,0,-1,0,-1,0,72
2675,2.675,-0.475236,-0.055776,0,-1,0,-1,0,72
2676,2.676,-0.475212,-0.063744,0,-1,0,-1,0,72
2677,2.677,-0.475188,-0.071712,0,-1,0,-1,0,72
2678,2.678,-0.475164,-0.07968,1,73,0,4,0,73
2679,2.679,-0.47514,-0.087648,0,-1,0,-1,0,73
2680,2.68,-0.475116,-0.095616,0,-1,0,-1,0,73
2681,2.681,-0.475092,-0.103584,0,-1,0,-1,0,73
2682,2.682,-0.47508,-0.111552,0,-1,0,-1,0,73
2683,2.683,-0.475056,-0.11952,0,-1,0,-1,0,73
2684,2.684,-0.475032,-0.127488,0,-1,0,-1,0,73
2685,2.685,-0.475008,-0.135456,0,-1,0,-1,0,73
2686,2.686,-0.474984,-0.143424,0,-1,0,-1,0,73
2687,2.687,-0.47496,-0.151392,0,-1,0,-1,0,73
2688,2.688,-0.474936,-0.15936,0,-1,0,-1,0,73
2689,2.689,-0.474924,-0.167328,0,-1,0,-1,0,73
2690,2.69,-0.4749,-0.175296,0,-1,0,-1,0,73
2691,2.691,-0.474876,-0.183264,0,-1,0,-1,0,73
2692,2.692,-0.474852,-0.191232,0,-1,0,-1,0,73
2693,2.693,-0.474828,-0.1992,0,-1,0,-1,0,73
2694,2.694,-0.474804,-0.207168,0,-1,0,-1,0,73
2695,2.695,-0.47478,-0.215136,0,-1,0,-1,0,73
2696,2.696,-0.474768,-0.223104,0,-1,0,-1,0,73
2697,2.697,-0.474744,-0.231072,0,-1,0,-1,0,73
2698,2.698,-0.47472,-0.23904,0,-1,0,-1,0,73
2699,2.699,-0.474696,-0.247008,0,-1,0,-1,0,73
2700,2.7,-0.474672,-0.254976,0,-1,0,-1,0,73
2701,2.701,-0.474648,-0.262956,0,-1,0,-1,0,73
2702,2.702,-0.474624,-0.270924,0,-1,0,-1,0,73
2703,2.703,-0.474612,-0.278892,0,-1,0,-1,0,73
2704,2.704,-0.474588,-0.28686,1,74,0,4,0,74
2705,2.705,-0.474564,-0.294828,0,-1,0,-1,0,74
2706,2.706,-0.47454,-0.302796,0,-1,0,-1,0,74
2707,2.707,-0.474516,-0.310764,0,-1,0,-1,0,74
2708,2.708,-0.474492,-0.318732,0,-1,0,-1,0,74
2709,2.709,-0.474468,-0.3267,0,-1,0,-1,0,74
2710,2.71,-0.474456,-0.334668,0,-1,0,-1,0,74
2711,2.711,-0.474432,-0.342636,0,-1,0,-1,0,74
2712,2.712,-0.474408,-0.350604,0,-1,0,-1,0,74
2713,2.713,-0.474384,-0.358572,0,-1,0,-1,0,74
2714,2.714,-0.47436,-0.36654,0,-1,0,-1,0,74
2715,2.715,-0.474336,-0.374508,0,-1,0,-1,0,74
2716,2.716,-0.474312,-0.382476,0,-1,0,-1,0,74
2717,2.717,-0.4743,-0.390444,0,-1,0,-1,0,74
2718,2.718,-0.474276,-0.398424,0,-1,0,-1,0,74
2719,2.719,-0.474252,-0.406392,0,-1,0,-1,0,74
2720,2.72,-0.474228,-0.41436,0,-1,0,-1,0,74
2721,2.721,-0.474204,-0.422328,0,-1,0,-1,0,74
2722,2.722,-0.47418,-0.430296,0,-1,0,-1,0,74
2723,2.723,-0.474156,-0.438264,0,-1,0,-1,0,74
2724,2.724,-0.474132,-0.446232,0,-1,0,-1,0,74
2725,2.725,-0.47412,-0.4542,0,-1,0,-1,0,74
2726,2.726,-0.474096,-0.462168,0,-1,0,-1,0,74
2727,2.727,-0.474072,-0.470136,0,-1,0,-1,0,74
2728,2.728,-0.474048,-0.478104,0,-1,0,-1,0,74
2729,2.729,-0.474024,-0.486072,0,-1,0,-1,0,74
2730,2.73,-0.474,-0.494052,1,75,0,4,0,75
2731,2.731,-0.473976,-0.50202,0,-1,0,-1,0,75
2732,2.732,-0.473964,-0.509988,0,-1,0,-1,0,75
2733,2.733,-0.47394,-0.517956,0,-1,0,-1,0,75
2734,2.734,-0.473916,-0.525924,0,-1,0,-1,0,75
2735,2.735,-0.473892,-0.533892,0,-1,0,-1,0,75
2736,2.736,-0.473868,-0.54186,0,-1,0,-1,0,75
2737,2.737,-0.473844,-0.549828,0,-1,0,-1,0,75
2738,2.738,-0.47382,-0.557796,0,-1,0,-1,0,75
2739,2.739,-0.473808,-0.565764,0,-1,0,-1,0,75
2740,2.74,-0.473784,-0.573744,0,-1,0,-1,0,75
2741,2.741,-0.47376,-0.581712,0,-1,0,-1,0,75
2742,2.742,-0.473736,-0.58968,0,-1,0,-1,0,75
2743,2.743,-0.473712,-0.597648,0,-1,0,-1,0,75
2744,2.744,-0.473688,-0.605616,0,-1,0,-1,0,75
2745,2.745,-0.473664,-0.613584,0,-1,0,-1,0,75
2746,2.746,-0.473652,-0.621552,0,-1,0,-1,0,75
2747,2.747,-0.473628,-0.62952,0,-1,0,-1,0,75
2748,2.748,-0.473604,-0.6375,0,-1,0,-1,0,75
2749,2.749,-0.47358,-0.645468,0,-1,0,-1,0,75
2750,2.75,-0.473556,-0.653436,0,-1,0,-1,0,75
2751,2.751,-0.473532,-0.661404,0,-1,0,-1,0,75
2752,2.752,-0.473508,-0.669372,0,-1,0,-1,0,75
2753,2.753,-0.473496,-0.67734,0,-1,0,-1,0,75
2754,2.754,-0.473472,-0.685308,0,-1,0,-1,0,75
2755,2.755,-0.473448,-0.693276,0,-1,0,-1,0,75
2756,2.756,-0.473424,-0.701256,1,76,0,4,0,76
2757,2.757,-0.4734,-0.709224,0,-1,0,-1,0,76
2758,2.758,-0.473376,-0.717192,0,-1,0,-1,0,76
2759,2.759,-0.473352,-0.72516,0,-1,0,-1,0,76
2760,2.76,-0.47334,-0.733128,0,-1,0,-1,0,76
2761,2.761,-0.473316,-0.741096,0,-1,0,-1,0,76
2762,2.762,-0.473292,-0.749064,0,-1,0,-1,0,76
2763,2.763,-0.473268,-0.757044,0,-1,0,-1,0,76
2764,2.764,-0.473244,-0.765012,0,-1,0,-1,0,76
2765,2.765,-0.47322,-0.77298,0,-1,0,-1,0,76
2766,2.766,-0.473196,-0.780948,0,-1,0,-1,0,76
2767,2.767,-0.473172,-0.788916,0,-1,0,-1,0,76
2768,2.768,-0.47316,-0.796884,0,-1,0,-1,0,76
2769,2.769,-0.473136,-0.804864,0,-1,0,-1,0,76
2770,2.77,-0.473112,-0.812832,0,-1,0,-1,0,76
2771,2.771,-0.473088,-0.8208,0,-1,0,-1,0,76
2772,2.772,-0.473064,-0.828768,0,-1,0,-1,0,76
2773,2.773,-0.47304,-0.836736,0,-1,0,-1,0,76
2774,2.774,-0.473016,-0.844704,0,-1,0,-1,0,76
2775,2.775,-0.473004,-0.852684,0,-1,0,-1,0,76
2776,2.776,-0.47298,-0.860652,0,-1,0,-1,0,76
2777,2.777,-0.472956,-0.86862,0,-1,0,-1,0,76
2778,2.778,-0.472932,-0.876588,0,-1,0,-1,0,76
2779,2.779,-0.472908,-0.884556,0,-1,0,-1,0,76
2780,2.78,-0.472884,-0.892524,0,-1,0,-1,0,76
2781,2.781,-0.47286,-0.900504,0,-1,0,-1,0,76
2782,2.782,-0.472848,-0.908472,1,77,0,4,0,77
2783,2.783,-0.472824,-0.91644,0,-1,0,-1,0,77
2784,2.784,-0.4728,-0.924408,0,-1,0,-1,0,77
2785,2.785,-0.472776,-0.932376,0,-1,0,-1,0,77
2786,2.786,-0.472752,-0.940356,0,-1,0,-1,0,77
2787,2.787,-0.472728,-0.948324,0,-1,0,-1,0,77
2788,2.788,-0.472704,-0.956292,0,-1,0,-1,0,77
2789,2.789,-0.472692,-0.96426,0,-1,0,-1,0,77
2790,2.79,-0.472668,-0.972228,0,-1,0,-1,0,77
2791,2.791,-0.472644,-0.980196,0,-1,0,-1,0,77
2792,2.792,-0.47262,-0.988176,0,-1,0,-1,0,77
2793,2.793,-0.472596,-0.996144,0,-1,0,-1,0,77
2794,2.794,-0.472572,-1.004112,0,-1,0,-1,0,77
2795,2.795,-0.472548,-1.01208,0,-1,0,-1,0,77
2796,2.796,-0.472536,-1.02006,0,-1,0,-1,0,77
2797,2.797,-0.472512,-1.028028,0,-1,0,-1,0,77
2798,2.798,-0.472488,-1.035996,0,-1,0,-1,0,77
2799,2.799,-0.472464,-1.043964,0,-1,0,-1,0,77
2800,2.8,-0.47244,-1.051932,0,-1,0,-1,0,77
2801,2.801,-0.472416,-1.059912,0,-1,0,-1,0,77
2802,2.802,-0.472392,-1.06788,0,-1,0,-1,0,77
2803,2.803,-0.47238,-1.075848,0,-1,0,-1,0,77
2804,2.804,-0.472356,-1.083816,0,-1,0,-1,0,77
2805,2.805,-0.472332,-1.091784,0,-1,0,-1,0,77
2806,2.806,-0.472308,-1.099764,0,-1,0,-1,0,77
2807,2.807,-0.472284,-1.107732,0,-1,0,-1,0,77
2808,2.808,-0.47226,-1.1157,1,78,0,4,0,78
2809,2.809,-0.472236,-1.123668,0,-1,0,-1,0,78
2810,2.81,-0.472224,-1.131648,0,-1,0,-1,0,78
2811,2.811,-0.4722,-1.139616,0,-1,0,-1,0,78
2812,2.812,-0.472176,-1.147584,0,-1,0,-1,0,78
2813,2.813,-0.472152,-1.155552,0,-1,0,-1,0,78
2814,2.814,-0.472128,-1.163532,0,-1,0,-1,0,78
2815,2.815,-0.472104,-1.1715,0,-1,0,-1,0,78
2816,2.816,-0.47208,-1.179468,0,-1,0,-1,0,78
2817,2.817,-0.472056,-1.187436,0,-1,0,-1,0,78
2818,2.818,-0.472044,-1.195416,0,-1,0,-1,0,78
2819,2.819,-0.47202,-1.20336,0,-1,0,-1,0,78
2820,2.82,-0.471996,-1.2114,0,-1,0,-1,0,78
2821,2.821,-0.471972,-1.21932,0,-1,0,-1,0,78
2822,2.822,-0.471948,-1.22724,0,-1,0,-1,0,78
2823,2.823,-0.471924,-1.23528,0,-1,0,-1,0,78
2824,2.824,-0.4719,-1.2432,0,-1,0,-1,0,78
2825,2.825,-0.471888,-1.25124,0,-1,0,-1,0,78
2826,2.826,-0.471864,-1.25916,0,-1,0,-1,0,78
2827,2.827,-0.47184,-1.2672,0,-1,0,-1,0,78
2828,2.828,-0.471816,-1.27512,0,-1,0,-1,0,78
2829,2.829,-0.471792,-1.28304,0,-1,0,-1,0,78
2830,2.83,-0.471768,-1.29108,0,-1,0,-1,0,78
2831,2.831,-0.471744,-1.299,0,-1,0,-1,0,78
2832,2.832,-0.471732,-1.30704,0,-1,0,-1,0,78
2833,2.833,-0.471708,-1.31496,0,-1,0,-1,0,78
2834,2.834,-0.471684,-1.323,1,79,0,4,0,79
2835,2.835,-0.47166,-1.33092,0,-1,0,-1,0,79
2836,2.836,-0.471636,-1.33884,0,-1,0,-1,0,79
2837,2.837,-0.471612,-1.34688,0,-1,0,-1,0,79
2838,2.838,-0.471588,-1.3548,0,-1,0,-1,0,79
2839,2.839,-0.471576,-1.36284,0,-1,0,-1,0,79
2840,2.84,-0.471552,-1.37076,0,-1,0,-1,0,79
2841,2.841,-0.471528,-1.3788,0,-1,0,-1,0,79
2842,2.842,-0.471504,-1.38672,0,-1,0,-1,0,79
2843,2.843,-0.47148,-1.39464,0,-1,0,-1,0,79
2844,2.844,-0.471456,-1.40268,0,-1,0,-1,0,79
2845,2.845,-0.471432,-1.4106,0,-1,0,-1,0,79
2846,2.846,-0.47142,-1.41864,0,-1,0,-1,0,79
2847,2.847,-0.471396,-1.42656,0,-1,0,-1,0,79
2848,2.848,-0.471372,-1.4346,0,-1,0,-1,0,79
2849,2.849,-0.471348,-1.44252,0,-1,0,-1,0,79
2850,2.85,-0.471324,-1.45044,0,-1,0,-1,0,79
2851,2.851,-0.4713,-1.45848,0,-1,0,-1,0,79
2852,2.852,-0.471276,-1.4664,0,-1,0,-1,0,79
2853,2.853,-0.471252,-1.47444,0,-1,0,-1,0,79
2854,2.854,-0.47124,-1.48236,0,-1,0,-1,0,79
2855,2.855,-0.471216,-1.4904,0,-1,0,-1,0,79
2856,2.856,-0.471192,-1.49832,0,-1,0,-1,0,79
2857,2.857,-0.471168,-1.50624,0,-1,0,-1,0,79
2858,2.858,-0.471144,-1.51428,0,-1,0,-1,0,79
2859,2.859,-0.47112,-1.5222,0,-1,0,-1,0,79
2860,2.86,-0.471096,-1.53024,0,-1,0,-1,0,79
2861,2.861,-0.471084,-1.53816,0,-1,0,-1,0,79
2862,2.862,-0.47106,-1.5462,0,-1,0,-1,0,79
2863,2.863,-0.471036,-1.55412,0,-1,0,-1,0,79
2864,2.864,-0.471012,-1.56204,0,-1,0,-1,0,79
2865,2.865,-0.470988,-1.57008,0,-1,0,-1,0,79
2866,2.866,-0.470964,-1.578,0,-1,0,-1,0,79
2867,2.867,-0.47094,-1.58604,0,-1,0,-1,0,79
2868,2.868,-0.470928,-1.59396,0,-1,0,-1,0,79
2869,2.869,-0.470904,-1.602,0,-1,0,-1,0,79
2870,2.87,-0.47088,-1.60992,0,-1,0,-1,0,79
2871,2.871,-0.470856,-1.61796,0,-1,0,-1,0,79
2872,2.872,-0.470832,-1.62588,0,-1,0,-1,0,79
2873,2.873,-0.470808,-1.6338,0,-1,0,-1,0,79
2874,2.874,-0.470784,-1.64184,0,-1,0,-1,0,79
2875,2.875,-0.470772,-1.64976,0,-1,0,-1,0,79
2876,2.876,-0.470748,-1.6578,0,-1,0,-1,0,79
2877,2.877,-0.470724,-1.66572,0,-1,0,-1,0,79
2878,2.878,-0.4707,-1.67376,0,-1,0,-1,0,79
2879,2.879,-0.470676,-1.68168,0,-1,0,-1,0,79
2880,2.88,-0.470652,-1.6896,0,-1,0,-1,0,79
2881,2.881,-0.470628,-1.69764,0,-1,0,-1,0,79
2882,2.882,-0.470616,-1.70556,0,-1,0,-1,0,79
2883,2.883,-0.470592,-1.7136,0,-1,0,-1,0,79
2884,2.884,-0.470568,-1.72152,0,-1,0,-1,0,79
2885,2.885,-0.470544,-1.72956,0,-1,0,-1,0,79
2886,2.886,-0.47052,-1.73748,0,-1,0,-1,0,79
2887,2.887,-0.470496,-1.7454,0,-1,0,-1,0,79
2888,2.888,-0.470472,-1.75344,0,-1,0,-1,0,79
2889,2.889,-0.47046,-1.76136,0,-1,0,-1,0,79
2890,2.89,-0.470436,-1.7694,0,-1,0,-1,0,79
2891,2.891,-0.470412,-1.77732,0,-1,0,-1,0,79
2892,2.892,-0.470388,-1.78536,0,-1,0,-1,0,79
2893,2.893,-0.470364,-1.79328,0,-1,0,-1,0,79
2894,2.894,-0.47034,-1.80132,0,-1,0,-1,0,79
2895,2.895,-0.470316,-1.80924,0,-1,0,-1,0,79
2896,2.896,-0.470292,-1.81716,0,-1,0,-1,0,79
2897,2.897,-0.47028,-1.8252,0,-1,0,-1,0,79
2898,2.898,-0.470256,-1.83312,0,-1,0,-1,0,79
2899,2.899,-0.465492,-1.84008,0,-1,0,-1,0,79
2900,2.9,-0.465468,-1.84812,0,-1,0,-1,0,79
2901,2.901,-0.465444,-1.85604,0,-1,0,-1,0,79
2902,2.902,-0.46068,-1.863,0,-1,0,-1,0,79
2903,2.903,-0.460668,-1.87092,0,-1,0,-1,0,79
2904,2.904,-0.455904,-1.87788,0,-1,0,-1,0,79
2905,2.905,-0.451164,-1.88484,0,-1,0,-1,0,79
2906,2.906,-0.446424,-1.8918,0,-1,0,-1,0,79
2907,2.907,-0.441684,-1.89864,0,-1,0,-1,0,79
2908,2.908,-0.436944,-1.9056,0,-1,0,-1,0,79
2909,2.909,-0.43224,-1.90452,0,-1,0,-1,0,79
2910,2.91,-0.427524,-1.91136,0,-1,0,-1,0,79
2911,2.911,-0.42282,-1.9104,0,-1,0,-1,0,79
2912,2.912,-0.41814,-1.90932,0,-1,0,-1,0,79
2913,2.913,-0.413424,-1.91616,0,-1,0,-1,0,79
2914,2.914,-0.408744,-1.9152,0,-1,0,-1,0,79
2915,2.915,-0.404076,-1.91412,0,-1,0,-1,0,79
2916,2.916,-0.399408,-1.91304,0,-1,0,-1,0,79
2917,2.917,-0.39474,-1.91208,0,-1,0,-1,0,79
2918,2.918,-0.390084,-1.911,0,-1,0,-1,0,79
2919,2.919,-0.385428,-1.90992,0,-1,0,-1,0,79
2920,2.92,-0.380796,-1.90104,0,-1,0,-1,0,79
2921,2.921,-0.376152,-1.89996,0,-1,0,-1,0,79
2922,2.922,-0.37152,-1.899,0,-1,0,-1,0,79
2923,2.923,-0.3669,-1.89,0,-1,0,-1,0,79
2924,2.924,-0.362268,-1.88904,0,-1,0,-1,0,79
2925,2.925,-0.357672,-1.88016,0,-1,0,-1,0,79
2926,2.926,-0.353076,-1.87128,0,-1,0,-1,0,79
2927,2.927,-0.34848,-1.8624,0,-1,0,-1,0,79
2928,2.928,-0.343896,-1.85352,0,-1,0,-1,0,79
2929,2.929,-0.339312,-1.84464,0,-1,0,-1,0,79
2930,2.93,-0.339336,-1.83684,0,-1,0,-1,0,79
2931,2.931,-0.334764,-1.82796,0,-1,0,-1,0,79
2932,2.932,-0.334776,-1.82016,0,-1,0,-1,0,79
2933,2.933,-0.3348,-1.81224,0,-1,0,-1,0,79
2934,2.934,-0.330228,-1.80348,0,-1,0,-1,0,79
2935,2.935,-0.330252,-1.79556,0,-1,0,-1,0,79
2936,2.936,-0.330276,-1.78776,0,-1,0,-1,0,79
2937,2.937,-0.3303,-1.77996,0,-1,0,-1,0,79
2938,2.938,-0.330324,-1.77204,1,80,1,5,0,80
2939,2.939,-0.330336,-1.76424,0,-1,0,-1,0,80
2940,2.94,-0.33036,-1.75644,0,-1,0,-1,0,80
2941,2.941,-0.330384,-1.74852,0,-1,0,-1,0,80
2942,2.942,-0.330408,-1.74072,0,-1,0,-1,0,80
2943,2.943,-0.330432,-1.73292,0,-1,0,-1,0,80
2944,2.944,-0.330456,-1.725,0,-1,0,-1,0,80
2945,2.945,-0.33048,-1.7172,0,-1,0,-1,0,80
2946,2.946,-0.330492,-1.70928,0,-1,0,-1,0,80
2947,2.947,-0.330516,-1.70148,0,-1,0,-1,0,80
2948,2.948,-0.33054,-1.69368,0,-1,0,-1,0,80
2949,2.949,-0.330564,-1.68576,0,-1,0,-1,0,80
2950,2.95,-0.330588,-1.67796,0,-1,0,-1,0,80
2951,2.951,-0.330612,-1.67016,0,-1,0,-1,0,80
2952,2.952,-0.330624,-1.66224,0,-1,0,-1,0,80
2953,2.953,-0.330648,-1.65444,0,-1,0,-1,0,80
2954,2.954,-0.330672,-1.64664,0,-1,0,-1,0,80
2955,2.955,-0.330696,-1.63872,0,-1,0,-1,0,80
2956,2.956,-0.33072,-1.63092,0,-1,0,-1,0,80
2957,2.957,-0.330744,-1.623,0,-1,0,-1,0,80
2958,2.958,-0.330756,-1.6152,0,-1,0,-1,0,80
2959,2.959,-0.33078,-1.6074,0,-1,0,-1,0,80
2960,2.96,-0.330804,-1.59948,0,-1,0,-1,0,80
2961,2.961,-0.330828,-1.59168,0,-1,0,-1,0,80
2962,2.962,-0.330852,-1.58388,0,-1,0,-1,0,80
2963,2.963,-0.330876,-1.57596,1,81,0,5,0,81
2964,2.964,-0.3309,-1.56816,0,-1,0,-1,0,81
2965,2.965,-0.330912,-1.56036,0,-1,0,-1,0,81
2966,2.966,-0.330936,-1.55244,0,-1,0,-1,0,81
2967,2.967,-0.33096,-1.54464,0,-1,0,-1,0,81
2968,2.968,-0.330984,-1.53684,0,-1,0,-1,0,81
2969,2.969,-0.331008,-1.52892,0,-1,0,-1,0,81
2970,2.97,-0.331032,-1.52112,0,-1,0,-1,0,81
2971,2.971,-0.331044,-1.5132,0,-1,0,-1,0,81
2972,2.972,-0.331068,-1.5054,0,-1,0,-1,0,81
2973,2.973,-0.331092,-1.4976,0,-1,0,-1,0,81
2974,2.974,-0.331116,-1.48968,0,-1,0,-1,0,81
2975,2.975,-0.33114,-1.48188,0,-1,0,-1,0,81
2976,2.976,-0.331164,-1.47408,0,-1,0,-1,0,81
2977,2.977,-0.331188,-1.46616,0,-1,0,-1,0,81
2978,2.978,-0.3312,-1.45836,0,-1,0,-1,0,81
2979,2.979,-0.331224,-1.45056,0,-1,0,-1,0,81
2980,2.98,-0.331248,-1.44264,0,-1,0,-1,0,81
2981,2.981,-0.331272,-1.43484,0,-1,0,-1,0,81
2982,2.982,-0.331296,-1.42704,0,-1,0,-1,0,81
2983,2.983,-0.33132,-1.41912,0,-1,0,-1,0,81
2984,2.984,-0.331332,-1.41132,0,-1,0,-1,0,81
2985,2.985,-0.331356,-1.40352,0,-1,0,-1,0,81
2986,2.986,-0.33138,-1.3956,0,-1,0,-1,0,81
2987,2.987,-0.331404,-1.3878,0,-1,0,-1,0,81
2988,2.988,-0.331428,-1.37988,1,82,0,5,0,82
2989,2.989,-0.331452,-1.37208,0,-1,0,-1,0,82
2990,2.99,-0.331476,-1.36428,0,-1,0,-1,0,82
2991,2.991,-0.331488,-1.35636,0,-1,0,-1,0,82
2992,2.992,-0.331512,-1.34856,0,-1,0,-1,0,82
2993,2.993,-0.331536,-1.34076,0,-1,0,-1,0,82
2994,2.994,-0.33156,-1.33284,0,-1,0,-1,0,82
2995,2.995,-0.331584,-1.32504,0,-1,0,-1,0,82
2996,2.996,-0.331608,-1.31724,0,-1,0,-1,0,82
2997,2.997,-0.33162,-1.30932,0,-1,0,-1,0,82
2998,2.998,-0.331644,-1.30152,0,-1,0,-1,0,82
2999,2.999,-0.331668,-1.29372,0,-1,0,-1,0,82
3000,3.0,-0.331692,-1.2858,0,-1,0,-1,0,82
3001,3.001,-0.331716,-1.278,0,-1,0,-1,0,82
3002,3.002,-0.33174,-1.2702,0,-1,0,-1,0,82
3003,3.003,-0.331764,-1.26228,0,-1,0,-1,0,82
3004,3.004,-0.331776,-1.25448,0,-1,0,-1,0,82
3005,3.005,-0.3318,-1.24668,0,-1,0,-1,0,82
3006,3.006,-0.331824,-1.23876,0,-1,0,-1,0,82
3007,3.007,-0.331848,-1.23096,0,-1,0,-1,0,82
3008,3.008,-0.331872,-1.22304,0,-1,0,-1,0,82
3009,3.009,-0.331896,-1.21524,0,-1,0,-1,0,82
3010,3.01,-0.331908,-1.20744,0,-1,0,-1,0,82
3011,3.011,-0.331932,-1.199568,0,-1,0,-1,0,82
3012,3.012,-0.331956,-1.191732,0,-1,0,-1,0,82
3013,3.013,-0.33198,-1.183884,1,83,0,5,0,83
3014,3.014,-0.332004,-1.176048,0,-1,0,-1,0,83
3015,3.015,-0.332028,-1.1682,0,-1,0,-1,0,83
3016,3.016,-0.332052,-1.160364,0,-1,0,-1,0,83
3017,3.017,-0.332064,-1.152516,0,-1,0,-1,0,83
3018,3.018,-0.332088,-1.14468,0,-1,0,-1,0,83
3019,3.019,-0.332112,-1.136832,0,-1,0,-1,0,83
3020,3.02,-0.332136,-1.128996,0,-1,0,-1,0,83
3021,3.021,-0.33216,-1.121148,0,-1,0,-1,0,83
3022,3.022,-0.332184,-1.113312,0,-1,0,-1,0,83
3023,3.023,-0.332196,-1.105464,0,-1,0,-1,0,83
3024,3.024,-0.33222,-1.097628,0,-1,0,-1,0,83
3025,3.025,-0.332244,-1.08978,0,-1,0,-1,0,83
3026,3.026,-0.332268,-1.081944,0,-1,0,-1,0,83
3027,3.027,-0.332292,-1.074096,0,-1,0,-1,0,83
3028,3.028,-0.332316,-1.06626,0,-1,0,-1,0,83
3029,3.029,-0.33234,-1.058424,0,-1,0,-1,0,83
3030,3.03,-0.332352,-1.050576,0,-1,0,-1,0,83
3031,3.031,-0.332376,-1.04274,0,-1,0,-1,0,83
3032,3.032,-0.3324,-1.034892,0,-1,0,-1,0,83
3033,3.033,-0.332424,-1.027056,0,-1,0,-1,0,83
3034,3.034,-0.332448,-1.019208,0,-1,0,-1,0,83
3035,3.035,-0.332472,-1.011372,0,-1,0,-1,0,83
3036,3.036,-0.332484,-1.003524,0,-1,0,-1,0,83
3037,3.037,-0.332508,-0.995688,0,-1,0,-1,0,83
3038,3.038,-0.332532,-0.98784,1,84,0,5,0,84
3039,3.039,-0.332556,-0.980004,0,-1,0,-1,0,84
3040,3.04,-0.33258,-0.972168,0,-1,0,-1,0,84
3041,3.041,-0.332604,-0.96432,0,-1,0,-1,0,84
3042,3.042,-0.332628,-0.956484,0,-1,0,-1,0,84
3043,3.043,-0.33264,-0.948636,0,-1,0,-1,0,84
3044,3.044,-0.332664,-0.9408,0,-1,0,-1,0,84
3045,3.045,-0.332688,-0.932952,0,-1,0,-1,0,84
3046,3.046,-0.332712,-0.925116,0,-1,0,-1,0,84
3047,3.047,-0.332736,-0.91728,0,-1,0,-1,0,84
3048,3.048,-0.33276,-0.909432,0,-1,0,-1,0,84
3049,3.049,-0.332772,-0.901596,0,-1,0,-1,0,84
3050,3.05,-0.332796,-0.893748,0,-1,0,-1,0,84
3051,3.051,-0.33282,-0.885912,0,-1,0,-1,0,84
3052,3.052,-0.332844,-0.878064,0,-1,0,-1,0,84
3053,3.053,-0.332868,-0.870228,0,-1,0,-1,0,84
3054,3.054,-0.332892,-0.862392,0,-1,0,-1,0,84
3055,3.055,-0.332904,-0.854544,0,-1,0,-1,0,84
3056,3.056,-0.332928,-0.846708,0,-1,0,-1,0,84
3057,3.057,-0.332952,-0.83886,0,-1,0,-1,0,84
3058,3.058,-0.332976,-0.831024,0,-1,0,-1,0,84
3059,3.059,-0.333,-0.823188,0,-1,0,-1,0,84
3060,3.06,-0.333024,-0.81534,0,-1,0,-1,0,84
3061,3.061,-0.333048,-0.807504,0,-1,0,-1,0,84
3062,3.062,-0.33306,-0.799656,0,-1,0,-1,0,84
3063,3.063,-0.333084,-0.79182,1,85,0,5,0,85
3064,3.064,-0.333108,-0.783984,0,-1,0,-1,0,85
3065,3.065,-0.333132,-0.776136,0,-1,0,-1,0,85
3066,3.066,-0.333156,-0.7683,0,-1,0,-1,0,85
3067,3.067,-0.33318,-0.760452,0,-1,0,-1,0,85
3068,3.068,-0.333192,-0.752616,0,-1,0,-1,0,85
3069,3.069,-0.333216,-0.74478,0,-1,0,-1,0,85
3070,3.07,-0.33324,-0.736932,0,-1,0,-1,0,85
3071,3.071,-0.333264,-0.729096,0,-1,0,-1,0,85
3072,3.072,-0.333288,-0.721248,0,-1,0,-1,0,85
3073,3.073,-0.333312,-0.713412,0,-1,0,-1,0,85
3074,3.074,-0.333336,-0.705576,0,-1,0,-1,0,85
3075,3.075,-0.333348,-0.697728,0,-1,0,-1,0,85
3076,3.076,-0.333372,-0.689892,0,-1,0,-1,0,85
3077,3.077,-0.333396,-0.682056,0,-1,0,-1,0,85
3078,3.078,-0.33342,-0.674208,0,-1,0,-1,0,85
3079,3.079,-0.333444,-0.666372,0,-1,0,-1,0,85
3080,3.08,-0.333468,-0.658524,0,-1,0,-1,0,85
3081,3.081,-0.33348,-0.650688,0,-1,0,-1,0,85
3082,3.082,-0.333504,-0.642852,0,-1,0,-1,0,85
3083,3.083,-0.333528,-0.635004,0,-1,0,-1,0,85
3084,3.084,-0.333552,-0.627168,0,-1,0,-1,0,85
3085,3.085,-0.333576,-0.619332,0,-1,0,-1,0,85
3086,3.086,-0.3336,-0.611484,0,-1,0,-1,0,85
3087,3.087,-0.333624,-0.603648,0,-1,0,-1,0,85
3088,3.088,-0.333636,-0.5958,1,86,0,5,0,86
3089,3.089,-0.33366,-0.587964,0,-1,0,-1,0,86
3090,3.09,-0.333684,-0.580128,0,-1,0,-1,0,86
3091,3.091,-0.333708,-0.57228,0,-1,0,-1,0,86
3092,3.092,-0.333732,-0.564444,0,-1,0,-1,0,86
3093,3.093,-0.333756,-0.556608,0,-1,0,-1,0,86
3094,3.094,-0.333768,-0.54876,0,-1,0,-1,0,86
3095,3.095,-0.333792,-0.540924,0,-1,0,-1,0,86
3096,3.096,-0.333816,-0.533088,0,-1,0,-1,0,86
3097,3.097,-0.33384,-0.52524,0,-1,0,-1,0,86
3098,3.098,-0.333864,-0.517404,0,-1,0,-1,0,86
3099,3.099,-0.333888,-0.509568,0,-1,0,-1,0,86
3100,3.1,-0.333912,-0.50172,0,-1,0,-1,0,86
3101,3.101,-0.333924,-0.493884,0,-1,0,-1,0,86
3102,3.102,-0.333948,-0.486048,0,-1,0,-1,0,86
3103,3.103,-0.333972,-0.4782,0,-1,0,-1,0,86
3104,3.104,-0.333996,-0.470364,0,-1,0,-1,0,86
3105,3.105,-0.33402,-0.462528,0,-1,0,-1,0,86
3106,3.106,-0.334044,-0.45468,0,-1,0,-1,0,86
3107,3.107,-0.334056,-0.446844,0,-1,0,-1,0,86
3108,3.108,-0.33408,-0.439008,0,-1,0,-1,0,86
3109,3.109,-0.334104,-0.43116,0,-1,0,-1,0,86
3110,3.11,-0.334128,-0.423324,0,-1,0,-1,0,86
3111,3.111,-0.334152,-0.415488,0,-1,0,-1,0,86
3112,3.112,-0.334176,-0.40764,0,-1,0,-1,0,86
3113,3.113,-0.3342,-0.399804,1,87,0,5,0,87
3114,3.114,-0.334212,-0.391968,0,-1,0,-1,0,87
3115,3.115,-0.334236,-0.38412,0,-1,0,-1,0,87
3116,3.116,-0.33426,-0.376284,0,-1,0,-1,0,87
3117,3.117,-0.334284,-0.368448,0,-1,0,-1,0,87
3118,3.118,-0.334308,-0.3606,0,-1,0,-1,0,87
3119,3.119,-0.334332,-0.352764,0,-1,0,-1,0,87
3120,3.12,-0.334344,-0.344928,0,-1,0,-1,0,87
3121,3.121,-0.334368,-0.337092,0,-1,0,-1,0,87
3122,3.122,-0.334392,-0.329244,0,-1,0,-1,0,87
3123,3.123,-0.334416,-0.321408,0,-1,0,-1,0,87
3124,3.124,-0.33444,-0.313572,0,-1,0,-1,0,87
3125,3.125,-0.334464,-0.305724,0,-1,0,-1,0,87
3126,3.126,-0.334476,-0.297888,0,-1,0,-1,0,87
3127,3.127,-0.3345,-0.290052,0,-1,0,-1,0,87
3128,3.128,-0.334524,-0.282204,0,-1,0,-1,0,87
3129,3.129,-0.334548,-0.274368,0,-1,0,-1,0,87
3130,3.13,-0.334572,-0.266532,0,-1,0,-1,0,87
3131,3.131,-0.334596,-0.258696,0,-1,0,-1,0,87
3132,3.132,-0.33462,-0.250848,0,-1,0,-1,0,87
3133,3.133,-0.334632,-0.243012,0,-1,0,-1,0,87
3134,3.134,-0.334656,-0.235176,0,-1,0,-1,0,87
3135,3.135,-0.33468,-0.227328,0,-1,0,-1,0,87
3136,3.136,-0.334704,-0.219492,0,-1,0,-1,0,87
3137,3.137,-0.334728,-0.211656,0,-1,0,-1,0,87
3138,3.138,-0.334752,-0.20382,1,88,0,5,0,88
3139,3.139,-0.334764,-0.195972,0,-1,0,-1,0,88
3140,3.14,-0.334788,-0.188136,0,-1,0,-1,0,88
3141,3.141,-0.334812,-0.1803,0,-1,0,-1,0,88
3142,3.142,-0.334836,-0.172464,0,-1,0,-1,0,88
3143,3.143,-0.33486,-0.164616,0,-1,0,-1,0,88
3144,3.144,-0.334884,-0.15678,0,-1,0,-1,0,88
3145,3.145,-0.334908,-0.148944,0,-1,0,-1,0,88
3146,3.146,-0.33492,-0.141096,0,-1,0,-1,0,88
3147,3.147,-0.334944,-0.13326,0,-1,0,-1,0,88
3148,3.148,-0.334968,-0.125424,0,-1,0,-1,0,88
3149,3.149,-0.334992,-0.1175844,0,-1,0,-1,0,88
3150,3.15,-0.335016,-0.1097448,0,-1,0,-1,0,88
3151,3.151,-0.33504,-0.1019064,0,-1,0,-1,0,88
3152,3.152,-0.335052,-0.0940668,0,-1,0,-1,0,88
3153,3.153,-0.335076,-0.0862284,0,-1,0,-1,0,88
3154,3.154,-0.3351,-0.0783888,0,-1,0,-1,0,88
3155,3.155,-0.335124,-0.0705504,0,-1,0,-1,0,88
3156,3.156,-0.335148,-0.0627108,0,-1,0,-1,0,88
3157,3.157,-0.335172,-0.0548724,0,-1,0,-1,0,88
3158,3.158,-0.335196,-0.0470328,0,-1,0,-1,0,88
3159,3.159,-0.335208,-0.0391944,0,-1,0,-1,0,88
3160,3.16,-0.335232,-0.0313548,0,-1,0,-1,0,88
3161,3.161,-0.335256,-0.0235164,0,-1,0,-1,0,88
3162,3.162,-0.33528,-0.015678,0,-1,0,-1,0,88
3163,3.163,-0.335304,-0.00783876,1,89,0,5,0,89
3164,3.164,-0.335328,0.0,0,-1,0,-1,0,89
3165,3.165,-0.33534,0.00783876,0,-1,0,-1,0,89
3166,3.166,-0.335364,0.015678,0,-1,0,-1,0,89
3167,3.167,-0.335388,0.0235164,0,-1,0,-1,0,89
3168,3.168,-0.335412,0.0313548,0,-1,0,-1,0,89
3169,3.169,-0.335436,0.0391932,0,-1,0,-1,0,89
3170,3.17,-0.33546,0.0470328,0,-1,0,-1,0,89
3171,3.171,-0.335472,0.0548712,0,-1,0,-1,0,89
3172,3.172,-0.335496,0.0627096,0,-1,0,-1,0,89
3173,3.173,-0.33552,0.070548,0,-1,0,-1,0,89
3174,3.174,-0.335544,0.0783864,0,-1,0,-1,0,89
3175,3.175,-0.335568,0.0862248,0,-1,0,-1,0,89
3176,3.176,-0.335592,0.0940644,0,-1,0,-1,0,89
3177,3.177,-0.335616,0.1019028,0,-1,0,-1,0,89
3178,3.178,-0.335628,0.1097412,0,-1,0,-1,0,89
3179,3.179,-0.335652,0.1175796,0,-1,0,-1,0,89
3180,3.18,-0.335676,0.125412,0,-1,0,-1,0,89
3181,3.181,-0.3357,0.13326,0,-1,0,-1,0,89
3182,3.182,-0.335724,0.141096,0,-1,0,-1,0,89
3183,3.183,-0.335748,0.148932,0,-1,0,-1,0,89
3184,3.184,-0.33576,0.156768,0,-1,0,-1,0,89
3185,3.185,-0.335784,0.164604,0,-1,0,-1,0,89
3186,3.186,-0.335808,0.172452,0,-1,0,-1,0,89
3187,3.187,-0.335832,0.180288,0,-1,0,-1,0,89
3188,3.188,-0.335856,0.188124,1,90,0,5,0,90
3189,3.189,-0.33588,0.19596,0,-1,0,-1,0,90
3190,3.19,-0.335904,0.203796,0,-1,0,-1,0,90
3191,3.191,-0.335916,0.211644,0,-1,0,-1,0,90
3192,3.192,-0.33594,0.21948,0,-1,0,-1,0,90
3193,3.193,-0.335964,0.227316,0,-1,0,-1,0,90
3194,3.194,-0.335988,0.235152,0,-1,0,-1,0,90
3195,3.195,-0.336012,0.242988,0,-1,0,-1,0,90
3196,3.196,-0.336036,0.250836,0,-1,0,-1,0,90
3197,3.197,-0.336048,0.258672,0,-1,0,-1,0,90
3198,3.198,-0.336072,0.266508,0,-1,0,-1,0,90
3199,3.199,-0.336096,0.274344,0,-1,0,-1,0,90
3200,3.2,-0.33612,0.28218,0,-1,0,-1,0,90
3201,3.201,-0.336144,0.290016,0,-1,0,-1,0,90
3202,3.202,-0.336168,0.297864,0,-1,0,-1,0,90
3203,3.203,-0.336192,0.3057,0,-1,0,-1,0,90
3204,3.204,-0.336204,0.313536,0,-1,0,-1,0,90
3205,3.205,-0.336228,0.321372,0,-1,0,-1,0,90
3206,3.206,-0.336252,0.329208,0,-1,0,-1,0,90
3207,3.207,-0.336276,0.337044,0,-1,0,-1,0,90
3208,3.208,-0.3363,0.344892,0,-1,0,-1,0,90
3209,3.209,-0.336324,0.352728,0,-1,0,-1,0,90
3210,3.21,-0.336336,0.360564,0,-1,0,-1,0,90
3211,3.211,-0.33636,0.3684,0,-1,0,-1,0,90
3212,3.212,-0.336384,0.376236,0,-1,0,-1,0,90
3213,3.213,-0.336408,0.384072,1,91,0,5,0,91
3214,3.214,-0.336432,0.39192,0,-1,0,-1,0,91
3215,3.215,-0.336456,0.399756,0,-1,0,-1,0,91
3216,3.216,-0.336468,0.407592,0,-1,0,-1,0,91
3217,3.217,-0.336492,0.415428,0,-1,0,-1,0,91
3218,3.218,-0.336516,0.423264,0,-1,0,-1,0,91
3219,3.219,-0.33654,0.4311,0,-1,0,-1,0,91
3220,3.22,-0.336564,0.438936,0,-1,0,-1,0,91
3221,3.221,-0.336588,0.446772,0,-1,0,-1,0,91
3222,3.222,-0.336612,0.45462,0,-1,0,-1,0,91
3223,3.223,-0.336624,0.462456,0,-1,0,-1,0,91
3224,3.224,-0.336648,0.470292,0,-1,0,-1,0,91
3225,3.225,-0.336672,0.478128,0,-1,0,-1,0,91
3226,3.226,-0.336696,0.485964,0,-1,0,-1,0,91
3227,3.227,-0.33672,0.4938,0,-1,0,-1,0,91
3228,3.228,-0.336744,0.501636,0,-1,0,-1,0,91
3229,3.229,-0.336756,0.509484,0,-1,0,-1,0,91
3230,3.23,-0.33678,0.51732,0,-1,0,-1,0,91
3231,3.231,-0.336804,0.525156,0,-1,0,-1,0,91
3232,3.232,-0.336828,0.532992,0,-1,0,-1,0,91
3233,3.233,-0.336852,0.540828,0,-1,0,-1,0,91
3234,3.234,-0.336876,0.548664,0,-1,0,-1,0,91
3235,3.235,-0.3369,0.5565,0,-1,0,-1,0,91
3236,3.236,-0.336912,0.564336,0,-1,0,-1,0,91
3237,3.237,-0.336936,0.572172,0,-1,0,-1,0,91
3238,3.238,-0.33696,0.58002,1,92,0,5,0,92
3239,3.239,-0.336984,0.587856,0,-1,0,-1,0,92
3240,3.24,-0.337008,0.595692,0,-1,0,-1,0,92
3241,3.241,-0.337032,0.603528,0,-1,0,-1,0,92
3242,3.242,-0.337044,0.611364,0,-1,0,-1,0,92
3243,3.243,-0.337068,0.6192,0,-1,0,-1,0,92
3244,3.244,-0.337092,0.627036,0,-1,0,-1,0,92
3245,3.245,-0.337116,0.634872,0,-1,0,-1,0,92
3246,3.246,-0.33714,0.642708,0,-1,0,-1,0,92
3247,3.247,-0.337164,0.650544,0,-1,0,-1,0,92
3248,3.248,-0.337188,0.658392,0,-1,0,-1,0,92
3249,3.249,-0.3372,0.666228,0,-1,0,-1,0,92
3250,3.25,-0.337224,0.674064,0,-1,0,-1,0,92
3251,3.251,-0.337248,0.6819,0,-1,0,-1,0,92
3252,3.252,-0.337272,0.689736,0,-1,0,-1,0,92
3253,3.253,-0.337296,0.697572,0,-1,0,-1,0,92
3254,3.254,-0.33732,0.705408,0,-1,0,-1,0,92
3255,3.255,-0.337332,0.713244,0,-1,0,-1,0,92
3256,3.256,-0.337356,0.72108,0,-1,0,-1,0,92
3257,3.257,-0.33738,0.728916,0,-1,0,-1,0,92
3258,3.258,-0.337404,0.736752,0,-1,0,-1,0,92
3259,3.259,-0.337428,0.744588,0,-1,0,-1,0,92
3260,3.26,-0.337452,0.752436,0,-1,0,-1,0,92
3261,3.261,-0.337464,0.760272,0,-1,0,-1,0,92
3262,3.262,-0.337488,0.768108,0,-1,0,-1,0,92
3263,3.263,-0.337512,0.775944,1,93,0,5,0,93
3264,3.264,-0.337536,0.78378,0,-1,0,-1,0,93
3265,3.265,-0.33756,0.791616,0,-1,0,-1,0,93
3266,3.266,-0.337584,0.799452,0,-1,0,-1,0,93
3267,3.267,-0.337608,0.807288,0,-1,0,-1,0,93
3268,3.268,-0.33762,0.815124,0,-1,0,-1,0,93
3269,3.269,-0.337644,0.82296,0,-1,0,-1,0,93
3270,3.27,-0.337668,0.830796,0,-1,0,-1,0,93
3271,3.271,-0.337692,0.838632,0,-1,0,-1,0,93
3272,3.272,-0.337716,0.846468,0,-1,0,-1,0,93
3273,3.273,-0.33774,0.854304,0,-1,0,-1,0,93
3274,3.274,-0.337752,0.86214,0,-1,0,-1,0,93
3275,3.275,-0.337776,0.869976,0,-1,0,-1,0,93
3276,3.276,-0.3378,0.877812,0,-1,0,-1,0,93
3277,3.277,-0.337824,0.88566,0,-1,0,-1,0,93
3278,3.278,-0.337848,0.893496,0,-1,0,-1,0,93
3279,3.279,-0.337872,0.901332,0,-1,0,-1,0,93
3280,3.28,-0.337896,0.909168,0,-1,0,-1,0,93
3281,3.281,-0.337908,0.917004,0,-1,0,-1,0,93
3282,3.282,-0.337932,0.92484,0,-1,0,-1,0,93
3283,3.283,-0.337956,0.932676,0,-1,0,-1,0,93
3284,3.284,-0.33798,0.940512,0,-1,0,-1,0,93
3285,3.285,-0.338004,0.948348,0,-1,0,-1,0,93
3286,3.286,-0.338028,0.956184,0,-1,0,-1,0,93
3287,3.287,-0.33804,0.96402,0,-1,0,-1,0,93
3288,3.288,-0.338064,0.971856,1,94,0,5,0,94
3289,3.289,-0.338088,0.979692,0,-1,0,-1,0,94
3290,3.29,-0.338112,0.987528,0,-1,0,-1,0,94
3291,3.291,-0.338136,0.995364,0,-1,0,-1,0,94
3292,3.292,-0.33816,1.0032,0,-1,0,-1,0,94
3293,3.293,-0.338172,1.011036,0,-1,0,-1,0,94
3294,3.294,-0.338196,1.018872,0,-1,0,-1,0,94
3295,3.295,-0.33822,1.026708,0,-1,0,-1,0,94
3296,3.296,-0.338244,1.034544,0,-1,0,-1,0,94
3297,3.297,-0.338268,1.04238,0,-1,0,-1,0,94
3298,3.298,-0.338292,1.050216,0,-1,0,-1,0,94
3299,3.299,-0.338316,1.058052,0,-1,0,-1,0,94
3300,3.3,-0.338328,1.065888,0,-1,0,-1,0,94
3301,3.301,-0.338352,1.073724,0,-1,0,-1,0,94
3302,3.302,-0.338376,1.08156,0,-1,0,-1,0,94
3303,3.303,-0.3384,1.089396,0,-1,0,-1,0,94
3304,3.304,-0.338424,1.097232,0,-1,0,-1,0,94
3305,3.305,-0.338448,1.105068,0,-1,0,-1,0,94
3306,3.306,-0.33846,1.112904,0,-1,0,-1,0,94
3307,3.307,-0.338484,1.12074,0,-1,0,-1,0,94
3308,3.308,-0.338508,1.128576,0,-1,0,-1,0,94
3309,3.309,-0.338532,1.136412,0,-1,0,-1,0,94
3310,3.31,-0.338556,1.144248,0,-1,0,-1,0,94
3311,3.311,-0.33858,1.152084,0,-1,0,-1,0,94
3312,3.312,-0.338604,1.15992,0,-1,0,-1,0,94
3313,3.313,-0.338616,1.167756,1,95,0,5,0,95
3314,3.314,-0.33864,1.175592,0,-1,0,-1,0,95
3315,3.315,-0.338664,1.183428,0,-1,0,-1,0,95
3316,3.316,-0.338688,1.191264,0,-1,0,-1,0,95
3317,3.317,-0.338712,1.1991,0,-1,0,-1,0,95
3318,3.318,-0.338736,1.20696,0,-1,0,-1,0,95
3319,3.319,-0.338748,1.21476,0,-1,0,-1,0,95
3320,3.32,-0.338772,1.22256,0,-1,0,-1,0,95
3321,3.321,-0.338796,1.23048,0,-1,0,-1,0,95
3322,3.322,-0.33882,1.23828,0,-1,0,-1,0,95
3323,3.323,-0.338844,1.24608,0,-1,0,-1,0,95
3324,3.324,-0.338868,1.254,0,-1,0,-1,0,95
3325,3.325,-0.338892,1.2618,0,-1,0,-1,0,95
3326,3.326,-0.338904,1.2696,0,-1,0,-1,0,95
3327,3.327,-0.338928,1.2774,0,-1,0,-1,0,95
3328,3.328,-0.338952,1.28532,0,-1,0,-1,0,95
3329,3.329,-0.338976,1.29312,0,-1,0,-1,0,95
3330,3.33,-0.339,1.30092,0,-1,0,-1,0,95
3331,3.331,-0.339024,1.30884,0,-1,0,-1,0,95
3332,3.332,-0.339036,1.31664,0,-1,0,-1,0,95
3333,3.333,-0.33906,1.32444,0,-1,0,-1,0,95
3334,3.334,-0.339084,1.33236,0,-1,0,-1,0,95
3335,3.335,-0.339108,1.34016,0,-1,0,-1,0,95
3336,3.336,-0.339132,1.34796,0,-1,0,-1,0,95
3337,3.337,-0.339156,1.35576,0,-1,0,-1,0,95
3338,3.338,-0.339168,1.36368,0,-1,0,-1,0,95
3339,3.339,-0.339192,1.37148,0,-1,0,-1,0,95
3340,3.34,-0.339216,1.37928,0,-1,0,-1,0,95
3341,3.341,-0.33924,1.3872,0,-1,0,-1,0,95
3342,3.342,-0.339264,1.395,0,-1,0,-1,0,95
3343,3.343,-0.339288,1.4028,0,-1,0,-1,0,95
3344,3.344,-0.339312,1.4106,0,-1,0,-1,0,95
3345,3.345,-0.339324,1.41852,0,-1,0,-1,0,95
3346,3.346,-0.339348,1.42632,0,-1,0,-1,0,95
3347,3.347,-0.339372,1.43412,0,-1,0,-1,0,95
3348,3.348,-0.339396,1.44204,0,-1,0,-1,0,95
3349,3.349,-0.33942,1.44984,0,-1,0,-1,0,95
3350,3.35,-0.339444,1.45764,0,-1,0,-1,0,95
3351,3.351,-0.339456,1.46556,0,-1,0,-1,0,95
3352,3.352,-0.33948,1.47336,0,-1,0,-1,0,95
3353,3.353,-0.339504,1.48116,0,-1,0,-1,0,95
3354,3.354,-0.339528,1.48896,0,-1,0,-1,0,95
3355,3.355,-0.339552,1.49688,0,-1,0,-1,0,95
3356,3.356,-0.339576,1.50468,0,-1,0,-1,0,95
3357,3.357,-0.3396,1.51248,0,-1,0,-1,0,95
3358,3.358,-0.339612,1.5204,0,-1,0,-1,0,95
3359,3.359,-0.339636,1.5282,0,-1,0,-1,0,95
3360,3.36,-0.33966,1.536,0,-1,0,-1,0,95
3361,3.361,-0.339684,1.5438,0,-1,0,-1,0,95
3362,3.362,-0.339708,1.55172,0,-1,0,-1,0,95
3363,3.363,-0.339732,1.55952,0,-1,0,-1,0,95
3364,3.364,-0.339744,1.56732,0,-1,0,-1,0,95
3365,3.365,-0.339768,1.57524,0,-1,0,-1,0,95
3366,3.366,-0.339792,1.58304,0,-1,0,-1,0,95
3367,3.367,-0.339816,1.59084,0,-1,0,-1,0,95
3368,3.368,-0.33984,1.59864,0,-1,0,-1,0,95
3369,3.369,-0.339864,1.60656,0,-1,0,-1,0,95
3370,3.37,-0.339876,1.61436,0,-1,0,-1,0,95
3371,3.371,-0.3399,1.62216,0,-1,0,-1,0,95
3372,3.372,-0.339924,1.63008,0,-1,0,-1,0,95
3373,3.373,-0.339948,1.63788,0,-1,0,-1,0,95
3374,3.374,-0.339972,1.64568,0,-1,0,-1,0,95
3375,3.375,-0.339996,1.65348,0,-1,0,-1,0,95
3376,3.376,-0.34002,1.6614,0,-1,0,-1,0,95
3377,3.377,-0.340032,1.6692,0,-1,0,-1,0,95
3378,3.378,-0.340056,1.677,0,-1,0,-1,0,95
3379,3.379,-0.34008,1.68492,0,-1,0,-1,0,95
3380,3.38,-0.340104,1.69272,0,-1,0,-1,0,95
3381,3.381,-0.340128,1.70052,0,-1,0,-1,0,95
3382,3.382,-0.340152,1.70832,0,-1,0,-1,0,95
3383,3.383,-0.340164,1.71624,0,-1,0,-1,0,95
3384,3.384,-0.340188,1.72404,0,-1,0,-1,0,95
3385,3.385,-0.340212,1.73184,0,-1,0,-1,0,95
3386,3.386,-0.340236,1.73976,0,-1,0,-1,0,95
3387,3.387,-0.34026,1.74756,0,-1,0,-1,0,95
3388,3.388,-0.340284,1.75536,0,-1,0,-1,0,95
3389,3.389,-0.340296,1.76316,0,-1,0,-1,0,95
3390,3.39,-0.34032,1.77108,0,-1,0,-1,0,95
3391,3.391,-0.340344,1.77888,0,-1,0,-1,0,95
3392,3.392,-0.340368,1.78668,0,-1,0,-1,0,95
3393,3.393,-0.335796,1.79364,0,-1,0,-1,0,95
3394,3.394,-0.33582,1.80144,0,-1,0,-1,0,95
3395,3.395,-0.335844,1.80924,0,-1,0,-1,0,95
3396,3.396,-0.331272,1.81608,0,-1,0,-1,0,95
3397,3.397,-0.331296,1.82388,0,-1,0,-1,0,95
3398,3.398,-0.326736,1.83072,0,-1,0,-1,0,95
3399,3.399,-0.322188,1.83756,0,-1,0,-1,0,95
3400,3.4,-0.31764,1.8444,0,-1,0,-1,0,95
3401,3.401,-0.313092,1.85124,0,-1,0,-1,0,95
3402,3.402,-0.308544,1.85808,0,-1,0,-1,0,95
3403,3.403,-0.303996,1.857,0,-1,0,-1,0,95
3404,3.404,-0.29946,1.86384,0,-1,0,-1,0,95
3405,3.405,-0.294912,1.86288,0,-1,0,-1,0,95
3406,3.406,-0.290364,1.8618,0,-1,0,-1,0,95
3407,3.407,-0.285852,1.86864,0,-1,0,-1,0,95
3408,3.408,-0.281316,1.86768,0,-1,0,-1,0,95
3409,3.409,-0.276792,1.8666,0,-1,0,-1,0,95
3410,3.41,-0.272268,1.86564,0,-1,0,-1,0,95
3411,3.411,-0.267744,1.86468,0,-1,0,-1,0,95
3412,3.412,-0.263232,1.8636,0,-1,0,-1,0,95
3413,3.413,-0.25872,1.86264,0,-1,0,-1,0,95
3414,3.414,-0.254196,1.85388,0,-1,0,-1,0,95
3415,3.415,-0.249696,1.85292,0,-1,0,-1,0,95
3416,3.416,-0.245208,1.85196,0,-1,0,-1,0,95
3417,3.417,-0.240696,1.8432,0,-1,0,-1,0,95
3418,3.418,-0.236208,1.84224,0,-1,0,-1,0,95
3419,3.419,-0.231708,1.83348,0,-1,0,-1,0,95
3420,3.42,-0.227208,1.82472,0,-1,0,-1,0,95
3421,3.421,-0.22272,1.81608,0,-1,0,-1,0,95
3422,3.422,-0.218232,1.80744,0,-1,0,-1,0,95
3423,3.423,-0.213744,1.79868,0,-1,0,-1,0,95
3424,3.424,-0.21372,1.791,0,-1,0,-1,0,95
3425,3.425,-0.209244,1.78236,0,-1,0,-1,0,95
3426,3.426,-0.20922,1.77456,0,-1,0,-1,0,95
3427,3.427,-0.209196,1.76688,0,-1,0,-1,0,95
3428,3.428,-0.204732,1.75824,0,-1,0,-1,0,95
3429,3.429,-0.204708,1.75056,0,-1,0,-1,0,95
3430,3.43,-0.204684,1.74288,0,-1,0,-1,0,95
3431,3.431,-0.20466,1.73508,0,-1,0,-1,0,95
3432,3.432,-0.204636,1.7274,1,96,1,6,0,96
3433,3.433,-0.204612,1.71972,0,-1,0,-1,0,96
3434,3.434,-0.2046,1.71204,0,-1,0,-1,0,96
3435,3.435,-0.204576,1.70424,0,-1,0,-1,0,96
3436,3.436,-0.204552,1.69656,0,-1,0,-1,0,96
3437,3.437,-0.204528,1.68888,0,-1,0,-1,0,96
3438,3.438,-0.204504,1.6812,0,-1,0,-1,0,96
3439,3.439,-0.204492,1.6734,0,-1,0,-1,0,96
3440,3.44,-0.204468,1.66572,0,-1,0,-1,0,96
3441,3.441,-0.204444,1.65804,0,-1,0,-1,0,96
3442,3.442,-0.20442,1.65036,0,-1,0,-1,0,96
3443,3.443,-0.204396,1.64256,0,-1,0,-1,0,96
3444,3.444,-0.204372,1.63488,0,-1,0,-1,0,96
3445,3.445,-0.20436,1.6272,0,-1,0,-1,0,96
3446,3.446,-0.204336,1.61952,0,-1,0,-1,0,96
3447,3.447,-0.204312,1.61172,0,-1,0,-1,0,96
3448,3.448,-0.204288,1.60404,0,-1,0,-1,0,96
3449,3.449,-0.204264,1.59636,0,-1,0,-1,0,96
3450,3.45,-0.20424,1.58868,0,-1,0,-1,0,96
3451,3.451,-0.204228,1.58088,0,-1,0,-1,0,96
3452,3.452,-0.204204,1.5732,0,-1,0,-1,0,96
3453,3.453,-0.20418,1.56552,0,-1,0,-1,0,96
3454,3.454,-0.204156,1.55784,0,-1,0,-1,0,96
3455,3.455,-0.204132,1.55004,0,-1,0,-1,0,96
3456,3.456,-0.204108,1.54236,1,97,0,6,0,97
3457,3.457,-0.204096,1.53468,0,-1,0,-1,0,97
3458,3.458,-0.204072,1.527,0,-1,0,-1,0,97
3459,3.459,-0.204048,1.5192,0,-1,0,-1,0,97
3460,3.46,-0.204024,1.51152,0,-1,0,-1,0,97
3461,3.461,-0.204,1.50384,0,-1,0,-1,0,97
3462,3.462,-0.203976,1.49616,0,-1,0,-1,0,97
3463,3.463,-0.203964,1.48836,0,-1,0,-1,0,97
3464,3.464,-0.20394,1.48068,0,-1,0,-1,0,97
3465,3.465,-0.203916,1.473,0,-1,0,-1,0,97
3466,3.466,-0.203892,1.46532,0,-1,0,-1,0,97
3467,3.467,-0.203868,1.45752,0,-1,0,-1,0,97
3468,3.468,-0.203844,1.44984,0,-1,0,-1,0,97
3469,3.469,-0.203832,1.44216,0,-1,0,-1,0,97
3470,3.47,-0.203808,1.43448,0,-1,0,-1,0,97
3471,3.471,-0.203784,1.42668,0,-1,0,-1,0,97
3472,3.472,-0.20376,1.419,0,-1,0,-1,0,97
3473,3.473,-0.203736,1.41132,0,-1,0,-1,0,97
3474,3.474,-0.203724,1.40364,0,-1,0,-1,0,97
3475,3.475,-0.2037,1.39584,0,-1,0,-1,0,97
3476,3.476,-0.203676,1.38816,0,-1,0,-1,0,97
3477,3.477,-0.203652,1.38048,0,-1,0,-1,0,97
3478,3.478,-0.203628,1.3728,0,-1,0,-1,0,97
3479,3.479,-0.203604,1.365,0,-1,0,-1,0,97
3480,3.48,-0.203592,1.35732,1,98,0,6,0,98
3481,3.481,-0.203568,1.34964,0,-1,0,-1,0,98
3482,3.482,-0.203544,1.34196,0,-1,0,-1,0,98
3483,3.483,-0.20352,1.33416,0,-1,0,-1,0,98
3484,3.484,-0.203496,1.32648,0,-1,0,-1,0,98
3485,3.485,-0.203472,1.3188,0,-1,0,-1,0,98
3486,3.486,-0.20346,1.31112,0,-1,0,-1,0,98
3487,3.487,-0.203436,1.30332,0,-1,0,-1,0,98
3488,3.488,-0.203412,1.29564,0,-1,0,-1,0,98
3489,3.489,-0.203388,1.28796,0,-1,0,-1,0,98
3490,3.49,-0.203364,1.28028,0,-1,0,-1,0,98
3491,3.491,-0.20334,1.27248,0,-1,0,-1,0,98
3492,3.492,-0.203328,1.2648,0,-1,0,-1,0,98
3493,3.493,-0.203304,1.25712,0,-1,0,-1,0,98
3494,3.494,-0.20328,1.24944,0,-1,0,-1,0,98
3495,3.495,-0.203256,1.24164,0,-1,0,-1,0,98
3496,3.496,-0.203232,1.23396,0,-1,0,-1,0,98
3497,3.497,-0.203208,1.22628,0,-1,0,-1,0,98
3498,3.498,-0.203196,1.2186,0,-1,0,-1,0,98
3499,3.499,-0.203172,1.2108,0,-1,0,-1,0,98
3500,3.5,-0.203148,1.20312,0,-1,0,-1,0,98
3501,3.501,-0.203124,1.195416,0,-1,0,-1,0,98
3502,3.502,-0.2031,1.1877,0,-1,0,-1,0,98
3503,3.503,-0.203076,1.179984,0,-1,0,-1,0,98
3504,3.504,-0.203064,1.17228,1,99,0,6,0,99
3505,3.505,-0.20304,1.164564,0,-1,0,-1,0,99
3506,3.506,-0.203016,1.15686,0,-1,0,-1,0,99
3507,3.507,-0.202992,1.149144,0,-1,0,-1,0,99
3508,3.508,-0.202968,1.14144,0,-1,0,-1,0,99
3509,3.509,-0.202956,1.133724,0,-1,0,-1,0,99
3510,3.51,-0.202932,1.126008,0,-1,0,-1,0,99
3511,3.511,-0.202908,1.118304,0,-1,0,-1,0,99
3512,3.512,-0.202884,1.110588,0,-1,0,-1,0,99
3513,3.513,-0.20286,1.102884,0,-1,0,-1,0,99
3514,3.514,-0.202836,1.095168,0,-1,0,-1,0,99
3515,3.515,-0.202824,1.087452,0,-1,0,-1,0,99
3516,3.516,-0.2028,1.079748,0,-1,0,-1,0,99
3517,3.517,-0.202776,1.072032,0,-1,0,-1,0,99
3518,3.518,-0.202752,1.064328,0,-1,0,-1,0,99
3519,3.519,-0.202728,1.056612,0,-1,0,-1,0,99
3520,3.52,-0.202704,1.048896,0,-1,0,-1,0,99
3521,3.521,-0.202692,1.041192,0,-1,0,-1,0,99
3522,3.522,-0.202668,1.033476,0,-1,0,-1,0,99
3523,3.523,-0.202644,1.025772,0,-1,0,-1,0,99
3524,3.524,-0.20262,1.018056,0,-1,0,-1,0,99
3525,3.525,-0.202596,1.01034,0,-1,0,-1,0,99
3526,3.526,-0.202572,1.002636,0,-1,0,-1,0,99
3527,3.527,-0.20256,0.99492,0,-1,0,-1,0,99
3528,3.528,-0.202536,0.987216,1,100,0,6,0,100
3529,3.529,-0.202512,0.9795,0,-1,0,-1,0,100
3530,3.53,-0.202488,0.971784,0,-1,0,-1,0,100
3531,3.531,-0.202464,0.96408,0,-1,0,-1,0,100
3532,3.532,-0.20244,0.956364,0,-1,0,-1,0,100
3533,3.533,-0.202428,0.94866,0,-1,0,-1,0,100
3534,3.534,-0.202404,0.940944,0,-1,0,-1,0,100
3535,3.535,-0.20238,0.933228,0,-1,0,-1,0,100
3536,3.536,-0.202356,0.925524,0,-1,0,-1,0,100
3537,3.537,-0.202332,0.917808,0,-1,0,-1,0,100
3538,3.538,-0.202308,0.910092,0,-1,0,-1,0,100
3539,3.539,-0.202296,0.902388,0,-1,0,-1,0,100
3540,3.54,-0.202272,0.894672,0,-1,0,-1,0,100
3541,3.541,-0.202248,0.886968,0,-1,0,-1,0,100
3542,3.542,-0.202224,0.879252,0,-1,0,-1,0,100
3543,3.543,-0.2022,0.871536,0,-1,0,-1,0,100
3544,3.544,-0.202176,0.863832,0,-1,0,-1,0,100
3545,3.545,-0.202164,0.856116,0,-1,0,-1,0,100
3546,3.546,-0.20214,0.8484,0,-1,0,-1,0,100
3547,3.547,-0.202116,0.840696,0,-1,0,-1,0,100
3548,3.548,-0.202092,0.83298,0,-1,0,-1,0,100
3549,3.549,-0.202068,0.825264,0,-1,0,-1,0,100
3550,3.55,-0.202056,0.81756,0,-1,0,-1,0,100
3551,3.551,-0.202032,0.809844,0,-1,0,-1,0,100
3552,3.552,-0.202008,0.802128,1,101,0,6,0,101
3553,3.553,-0.201984,0.794424,0,-1,0,-1,0,101
3554,3.554,-0.20196,0.786708,0,-1,0,-1,0,101
3555,3.555,-0.201936,0.778992,0,-1,0,-1,0,101
3556,3.556,-0.201924,0.771288,0,-1,0,-1,0,101
3557,3.557,-0.2019,0.763572,0,-1,0,-1,0,101
3558,3.558,-0.201876,0.755868,0,-1,0,-1,0,101
3559,3.559,-0.201852,0.748152,0,-1,0,-1,0,101
3560,3.56,-0.201828,0.740436,0,-1,0,-1,0,101
3561,3.561,-0.201804,0.732732,0,-1,0,-1,0,101
3562,3.562,-0.201792,0.725016,0,-1,0,-1,0,101
3563,3.563,-0.201768,0.7173,0,-1,0,-1,0,101
3564,3.564,-0.201744,0.709596,0,-1,0,-1,0,101
3565,3.565,-0.20172,0.70188,0,-1,0,-1,0,101
3566,3.566,-0.201696,0.694164,0,-1,0,-1,0,101
3567,3.567,-0.201672,0.68646,0,-1,0,-1,0,101
3568,3.568,-0.20166,0.678744,0,-1,0,-1,0,101
3569,3.569,-0.201636,0.671028,0,-1,0,-1,0,101
3570,3.57,-0.201612,0.663312,0,-1,0,-1,0,101
3571,3.571,-0.201588,0.655608,0,-1,0,-1,0,101
3572,3.572,-0.201564,0.647892,0,-1,0,-1,0,101
3573,3.573,-0.20154,0.640176,0,-1,0,-1,0,101
3574,3.574,-0.201528,0.632472,0,-1,0,-1,0,101
3575,3.575,-0.201504,0.624756,0,-1,0,-1,0,101
3576,3.576,-0.20148,0.61704,1,102,0,6,0,102
3577,3.577,-0.201456,0.609336,0,-1,0,-1,0,102
3578,3.578,-0.201432,0.60162,0,-1,0,-1,0,102
3579,3.579,-0.201408,0.593904,0,-1,0,-1,0,102
3580,3.58,-0.201396,0.5862,0,-1,0,-1,0,102
3581,3.581,-0.201372,0.578484,0,-1,0,-1,0,102
3582,3.582,-0.201348,0.570768,0,-1,0,-1,0,102
3583,3.583,-0.201324,0.563064,0,-1,0,-1,0,102
3584,3.584,-0.2013,0.555348,0,-1,0,-1,0,102
3585,3.585,-0.201288,0.547632,0,-1,0,-1,0,102
3586,3.586,-0.201264,0.539916,0,-1,0,-1,0,102
3587,3.587,-0.20124,0.532212,0,-1,0,-1,0,102
3588,3.588,-0.201216,0.524496,0,-1,0,-1,0,102
3589,3.589,-0.201192,0.51678,0,-1,0,-1,0,102
3590,3.59,-0.201168,0.509076,0,-1,0,-1,0,102
3591,3.591,-0.201156,0.50136,0,-1,0,-1,0,102
3592,3.592,-0.201132,0.493644,0,-1,0,-1,0,102
3593,3.593,-0.201108,0.485928,0,-1,0,-1,0,102
3594,3.594,-0.201084,0.478224,0,-1,0,-1,0,102
3595,3.595,-0.20106,0.470508,0,-1,0,-1,0,102
3596,3.596,-0.201036,0.462792,0,-1,0,-1,0,102
3597,3.597,-0.201024,0.455088,0,-1,0,-1,0,102
3598,3.598,-0.201,0.447372,0,-1,0,-1,0,102
3599,3.599,-0.200976,0.439656,0,-1,0,-1,0,102
3600,3.6,-0.200952,0.43194,1,103,0,6,0,103
3601,3.601,-0.200928,0.424236,0,-1,0,-1,0,103
3602,3.602,-0.200904,0.41652,0,-1,0,-1,0,103
3603,3.603,-0.200892,0.408804,0,-1,0,-1,0,103
3604,3.604,-0.200868,0.401088,0,-1,0,-1,0,103
3605,3.605,-0.200844,0.393384,0,-1,0,-1,0,103
3606,3.606,-0.20082,0.385668,0,-1,0,-1,0,103
3607,3.607,-0.200796,0.377952,0,-1,0,-1,0,103
3608,3.608,-0.200772,0.370236,0,-1,0,-1,0,103
3609,3.609,-0.20076,0.362532,0,-1,0,-1,0,103
3610,3.61,-0.200736,0.354816,0,-1,0,-1,0,103
3611,3.611,-0.200712,0.3471,0,-1,0,-1,0,103
3612,3.612,-0.200688,0.339384,0,-1,0,-1,0,103
3613,3.613,-0.200664,0.33168,0,-1,0,-1,0,103
3614,3.614,-0.20064,0.323964,0,-1,0,-1,0,103
3615,3.615,-0.200628,0.316248,0,-1,0,-1,0,103
3616,3.616,-0.200604,0.308532,0,-1,0,-1,0,103
3617,3.617,-0.20058,0.300828,0,-1,0,-1,0,103
3618,3.618,-0.200556,0.293112,0,-1,0,-1,0,103
3619,3.619,-0.200532,0.285396,0,-1,0,-1,0,103
3620,3.62,-0.200508,0.27768,0,-1,0,-1,0,103
3621,3.621,-0.200496,0.269976,0,-1,0,-1,0,103
3622,3.622,-0.200472,0.26226,0,-1,0,-1,0,103
3623,3.623,-0.200448,0.254544,0,-1,0,-1,0,103
3624,3.624,-0.200424,0.246828,1,104,0,6,0,104
3625,3.625,-0.2004,0.239124,0,-1,0,-1,0,104
3626,3.626,-0.200388,0.231408,0,-1,0,-1,0,104
3627,3.627,-0.200364,0.223692,0,-1,0,-1,0,104
3628,3.628,-0.20034,0.215976,0,-1,0,-1,0,104
3629,3.629,-0.200316,0.208272,0,-1,0,-1,0,104
3630,3.63,-0.200292,0.200556,0,-1,0,-1,0,104
3631,3.631,-0.200268,0.19284,0,-1,0,-1,0,104
3632,3.632,-0.200256,0.185124,0,-1,0,-1,0,104
3633,3.633,-0.200232,0.177408,0,-1,0,-1,0,104
3634,3.634,-0.200208,0.169704,0,-1,0,-1,0,104
3635,3.635,-0.200184,0.161988,0,-1,0,-1,0,104
3636,3.636,-0.20016,0.154272,0,-1,0,-1,0,104
3637,3.637,-0.200136,0.146556,0,-1,0,-1,0,104
3638,3.638,-0.200124,0.13884,0,-1,0,-1,0,104
3639,3.639,-0.2001,0.131136,0,-1,0,-1,0,104
3640,3.64,-0.200076,0.12342,0,-1,0,-1,0,104
3641,3.641,-0.200052,0.1157052,0,-1,0,-1,0,104
3642,3.642,-0.200028,0.1079916,0,-1,0,-1,0,104
3643,3.643,-0.200004,0.100278,0,-1,0,-1,0,104
3644,3.644,-0.199992,0.0925644,0,-1,0,-1,0,104
3645,3.645,-0.199968,0.0848508,0,-1,0,-1,0,104
3646,3.646,-0.199944,0.0771372,0,-1,0,-1,0,104
3647,3.647,-0.19992,0.0694236,0,-1,0,-1,0,104
3648,3.648,-0.199896,0.06171,1,105,0,6,0,105
3649,3.649,-0.199872,0.0539964,0,-1,0,-1,0,105
3650,3.65,-0.19986,0.0462828,0,-1,0,-1,0,105
3651,3.651,-0.199836,0.0385692,0,-1,0,-1,0,105
3652,3.652,-0.199812,0.0308556,0,-1,0,-1,0,105
3653,3.653,-0.199788,0.023142,0,-1,0,-1,0,105
3654,3.654,-0.199764,0.0154272,0,-1,0,-1,0,105
3655,3.655,-0.19974,0.00771384,0,-1,0,-1,0,105
3656,3.656,-0.199728,0.0,0,-1,0,-1,0,105
3657,3.657,-0.199704,-0.00771384,0,-1,0,-1,0,105
3658,3.658,-0.19968,-0.0154272,0,-1,0,-1,0,105
3659,3.659,-0.199656,-0.023142,0,-1,0,-1,0,105
3660,3.66,-0.199632,-0.0308556,0,-1,0,-1,0,105
3661,3.661,-0.199608,-0.0385692,0,-1,0,-1,0,105
3662,3.662,-0.199596,-0.0462828,0,-1,0,-1,0,105
3663,3.663,-0.199572,-0.0539976,0,-1,0,-1,0,105
3664,3.664,-0.199548,-0.0617112,0,-1,0,-1,0,105
3665,3.665,-0.199524,-0.0694248,0,-1,0,-1,0,105
3666,3.666,-0.1995,-0.0771396,0,-1,0,-1,0,105
3667,3.667,-0.199488,-0.0848532,0,-1,0,-1,0,105
3668,3.668,-0.199464,-0.0925668,0,-1,0,-1,0,105
3669,3.669,-0.19944,-0.1002816,0,-1,0,-1,0,105
3670,3.67,-0.199416,-0.1079952,0,-1,0,-1,0,105
3671,3.671,-0.199392,-0.11571,0,-1,0,-1,0,105
3672,3.672,-0.199368,-0.12342,1,106,0,6,0,106
3673,3.673,-0.199356,-0.131136,0,-1,0,-1,0,106
3674,3.674,-0.199332,-0.138852,0,-1,0,-1,0,106
3675,3.675,-0.199308,-0.146568,0,-1,0,-1,0,106
3676,3.676,-0.199284,-0.154284,0,-1,0,-1,0,106
3677,3.677,-0.19926,-0.162,0,-1,0,-1,0,106
3678,3.678,-0.199236,-0.169704,0,-1,0,-1,0,106
3679,3.679,-0.199224,-0.17742,0,-1,0,-1,0,106
3680,3.68,-0.1992,-0.185136,0,-1,0,-1,0,106
3681,3.681,-0.199176,-0.192852,0,-1,0,-1,0,106
3682,3.682,-0.199152,-0.200568,0,-1,0,-1,0,106
3683,3.683,-0.199128,-0.208284,0,-1,0,-1,0,106
3684,3.684,-0.199104,-0.216,0,-1,0,-1,0,106
3685,3.685,-0.199092,-0.223704,0,-1,0,-1,0,106
3686,3.686,-0.199068,-0.23142,0,-1,0,-1,0,106
3687,3.687,-0.199044,-0.239136,0,-1,0,-1,0,106
3688,3.688,-0.19902,-0.246852,0,-1,0,-1,0,106
3689,3.689,-0.198996,-0.254568,0,-1,0,-1,0,106
3690,3.69,-0.198972,-0.262284,0,-1,0,-1,0,106
3691,3.691,-0.19896,-0.27,0,-1,0,-1,0,106
3692,3.692,-0.198936,-0.277716,0,-1,0,-1,0,106
3693,3.693,-0.198912,-0.28542,0,-1,0,-1,0,106
3694,3.694,-0.198888,-0.293136,0,-1,0,-1,0,106
3695,3.695,-0.198864,-0.300852,0,-1,0,-1,0,106
3696,3.696,-0.19884,-0.308568,1,107,0,6,0,107
3697,3.697,-0.198828,-0.316284,0,-1,0,-1,0,107
3698,3.698,-0.198804,-0.324,0,-1,0,-1,0,107
3699,3.699,-0.19878,-0.331716,0,-1,0,-1,0,107
3700,3.7,-0.198756,-0.339432,0,-1,0,-1,0,107
3701,3.701,-0.198732,-0.347148,0,-1,0,-1,0,107
3702,3.702,-0.198708,-0.354852,0,-1,0,-1,0,107
3703,3.703,-0.198696,-0.362568,0,-1,0,-1,0,107
3704,3.704,-0.198672,-0.370284,0,-1,0,-1,0,107
3705,3.705,-0.198648,-0.378,0,-1,0,-1,0,107
3706,3.706,-0.198624,-0.385716,0,-1,0,-1,0,107
3707,3.707,-0.1986,-0.393432,0,-1,0,-1,0,107
3708,3.708,-0.198576,-0.401148,0,-1,0,-1,0,107
3709,3.709,-0.198564,-0.408864,0,-1,0,-1,0,107
3710,3.71,-0.19854,-0.41658,0,-1,0,-1,0,107
3711,3.711,-0.198516,-0.424296,0,-1,0,-1,0,107
3712,3.712,-0.198492,-0.432,0,-1,0,-1,0,107
3713,3.713,-0.198468,-0.439716,0,-1,0,-1,0,107
3714,3.714,-0.198456,-0.447432,0,-1,0,-1,0,107
3715,3.715,-0.198432,-0.455148,0,-1,0,-1,0,107
3716,3.716,-0.198408,-0.462864,0,-1,0,-1,0,107
3717,3.717,-0.198384,-0.47058,0,-1,0,-1,0,107
3718,3.718,-0.19836,-0.478296,0,-1,0,-1,0,107
3719,3.719,-0.198336,-0.486012,0,-1,0,-1,0,107
3720,3.72,-0.198324,-0.493728,1,108,0,6,0,108
3721,3.721,-0.1983,-0.501444,0,-1,0,-1,0,108
3722,3.722,-0.198276,-0.50916,0,-1,0,-1,0,108
3723,3.723,-0.198252,-0.516876,0,-1,0,-1,0,108
3724,3.724,-0.198228,-0.52458,0,-1,0,-1,0,108
3725,3.725,-0.198204,-0.532296,0,-1,0,-1,0,108
3726,3.726,-0.198192,-0.540012,0,-1,0,-1,0,108
3727,3.727,-0.198168,-0.547728,0,-1,0,-1,0,108
3728,3.728,-0.198144,-0.555444,0,-1,0,-1,0,108
3729,3.729,-0.19812,-0.56316,0,-1,0,-1,0,108
3730,3.73,-0.198096,-0.570876,0,-1,0,-1,0,108
3731,3.731,-0.198072,-0.578592,0,-1,0,-1,0,108
3732,3.732,-0.19806,-0.586308,0,-1,0,-1,0,108
3733,3.733,-0.198036,-0.594024,0,-1,0,-1,0,108
3734,3.734,-0.198012,-0.60174,0,-1,0,-1,0,108
3735,3.735,-0.197988,-0.609456,0,-1,0,-1,0,108
3736,3.736,-0.197964,-0.617172,0,-1,0,-1,0,108
3737,3.737,-0.19794,-0.624888,0,-1,0,-1,0,108
3738,3.738,-0.197928,-0.632604,0,-1,0,-1,0,108
3739,3.739,-0.197904,-0.64032,0,-1,0,-1,0,108
3740,3.74,-0.19788,-0.648036,0,-1,0,-1,0,108
3741,3.741,-0.197856,-0.655752,0,-1,0,-1,0,108
3742,3.742,-0.197832,-0.663456,0,-1,0,-1,0,108
3743,3.743,-0.197808,-0.671172,0,-1,0,-1,0,108
3744,3.744,-0.197796,-0.678888,1,109,0,6,0,109
3745,3.745,-0.197772,-0.686604,0,-1,0,-1,0,109
3746,3.746,-0.197748,-0.69432,0,-1,0,-1,0,109
3747,3.747,-0.197724,-0.702036,0,-1,0,-1,0,109
3748,3.748,-0.1977,-0.709752,0,-1,0,-1,0,109
3749,3.749,-0.197676,-0.717468,0,-1,0,-1,0,109
3750,3.75,-0.197664,-0.725184,0,-1,0,-1,0,109
3751,3.751,-0.19764,-0.7329,0,-1,0,-1,0,109
3752,3.752,-0.197616,-0.740616,0,-1,0,-1,0,109
3753,3.753,-0.197592,-0.748332,0,-1,0,-1,0,109
3754,3.754,-0.197568,-0.756048,0,-1,0,-1,0,109
3755,3.755,-0.197544,-0.763764,0,-1,0,-1,0,109
3756,3.756,-0.197532,-0.77148,0,-1,0,-1,0,109
3757,3.757,-0.197508,-0.779196,0,-1,0,-1,0,109
3758,3.758,-0.197484,-0.786912,0,-1,0,-1,0,109
3759,3.759,-0.19746,-0.794628,0,-1,0,-1,0,109
3760,3.76,-0.197436,-0.802344,0,-1,0,-1,0,109
3761,3.761,-0.197424,-0.81006,0,-1,0,-1,0,109
3762,3.762,-0.1974,-0.817776,0,-1,0,-1,0,109
3763,3.763,-0.197376,-0.825492,0,-1,0,-1,0,109
3764,3.764,-0.197352,-0.833208,0,-1,0,-1,0,109
3765,3.765,-0.197328,-0.840924,0,-1,0,-1,0,109
3766,3.766,-0.197304,-0.84864,0,-1,0,-1,0,109
3767,3.767,-0.197292,-0.856356,0,-1,0,-1,0,109
3768,3.768,-0.197268,-0.864072,1,110,0,6,0,110
3769,3.769,-0.197244,-0.871788,0,-1,0,-1,0,110
3770,3.77,-0.19722,-0.879504,0,-1,0,-1,0,110
3771,3.771,-0.197196,-0.88722,0,-1,0,-1,0,110
3772,3.772,-0.197172,-0.894936,0,-1,0,-1,0,110
3773,3.773,-0.19716,-0.902652,0,-1,0,-1,0,110
3774,3.774,-0.197136,-0.910368,0,-1,0,-1,0,110
3775,3.775,-0.197112,-0.918084,0,-1,0,-1,0,110
3776,3.776,-0.197088,-0.9258,0,-1,0,-1,0,110
3777,3.777,-0.197064,-0.933516,0,-1,0,-1,0,110
3778,3.778,-0.19704,-0.941232,0,-1,0,-1,0,110
3779,3.779,-0.197028,-0.948948,0,-1,0,-1,0,110
3780,3.78,-0.197004,-0.956664,0,-1,0,-1,0,110
3781,3.781,-0.19698,-0.96438,0,-1,0,-1,0,110
3782,3.782,-0.196956,-0.972096,0,-1,0,-1,0,110
3783,3.783,-0.196932,-0.979812,0,-1,0,-1,0,110
3784,3.784,-0.196908,-0.987528,0,-1,0,-1,0,110
3785,3.785,-0.196896,-0.995244,0,-1,0,-1,0,110
3786,3.786,-0.196872,-1.00296,0,-1,0,-1,0,110
3787,3.787,-0.196848,-1.010676,0,-1,0,-1,0,110
3788,3.788,-0.196824,-1.018392,0,-1,0,-1,0,110
3789,3.789,-0.1968,-1.026108,0,-1,0,-1,0,110
3790,3.79,-0.196776,-1.033824,0,-1,0,-1,0,110
3791,3.791,-0.196764,-1.04154,0,-1,0,-1,0,110
3792,3.792,-0.19674,-1.049256,1,111,0,6,0,111
3793,3.793,-0.196716,-1.056972,0,-1,0,-1,0,111
3794,3.794,-0.196692,-1.0647,0,-1,0,-1,0,111
3795,3.795,-0.196668,-1.072416,0,-1,0,-1,0,111
3796,3.796,-0.196644,-1.080132,0,-1,0,-1,0,111
3797,3.797,-0.196632,-1.087848,0,-1,0,-1,0,111
3798,3.798,-0.196608,-1.095564,0,-1,0,-1,0,111
3799,3.799,-0.196584,-1.10328,0,-1,0,-1,0,111
3800,3.8,-0.19656,-1.110996,0,-1,0,-1,0,111
3801,3.801,-0.196536,-1.118712,0,-1,0,-1,0,111
3802,3.802,-0.196512,-1.126428,0,-1,0,-1,0,111
3803,3.803,-0.1965,-1.134144,0,-1,0,-1,0,111
3804,3.804,-0.196476,-1.14186,0,-1,0,-1,0,111
3805,3.805,-0.196452,-1.149576,0,-1,0,-1,0,111
3806,3.806,-0.196428,-1.157292,0,-1,0,-1,0,111
3807,3.807,-0.196404,-1.165008,0,-1,0,-1,0,111
3808,3.808,-0.19638,-1.172724,0,-1,0,-1,0,111
3809,3.809,-0.196368,-1.18044,0,-1,0,-1,0,111
3810,3.81,-0.196344,-1.188156,0,-1,0,-1,0,111
3811,3.811,-0.19632,-1.195872,0,-1,0,-1,0,111
3812,3.812,-0.196296,-1.2036,0,-1,0,-1,0,111
3813,3.813,-0.196272,-1.21128,0,-1,0,-1,0,111
3814,3.814,-0.19626,-1.21908,0,-1,0,-1,0,111
3815,3.815,-0.196236,-1.22676,0,-1,0,-1,0,111
3816,3.816,-0.196212,-1.23444,0,-1,0,-1,0,111
3817,3.817,-0.196188,-1.24212,0,-1,0,-1,0,111
3818,3.818,-0.196164,-1.24992,0,-1,0,-1,0,111
3819,3.819,-0.19614,-1.2576,0,-1,0,-1,0,111
3820,3.82,-0.196128,-1.26528,0,-1,0,-1,0,111
3821,3.821,-0.196104,-1.27308,0,-1,0,-1,0,111
3822,3.822,-0.19608,-1.28076,0,-1,0,-1,0,111
3823,3.823,-0.196056,-1.28844,0,-1,0,-1,0,111
3824,3.824,-0.196032,-1.29624,0,-1,0,-1,0,111
3825,3.825,-0.196008,-1.30392,0,-1,0,-1,0,111
3826,3.826,-0.195996,-1.3116,0,-1,0,-1,0,111
3827,3.827,-0.195972,-1.3194,0,-1,0,-1,0,111
3828,3.828,-0.195948,-1.32708,0,-1,0,-1,0,111
3829,3.829,-0.195924,-1.33476,0,-1,0,-1,0,111
3830,3.83,-0.1959,-1.34256,0,-1,0,-1,0,111
3831,3.831,-0.195876,-1.35024,0,-1,0,-1,0,111
3832,3.832,-0.195864,-1.35792,0,-1,0,-1,0,111
3833,3.833,-0.19584,-1.3656,0,-1,0,-1,0,111
3834,3.834,-0.195816,-1.3734,0,-1,0,-1,0,111
3835,3.835,-0.195792,-1.38108,0,-1,0,-1,0,111
3836,3.836,-0.195768,-1.38876,0,-1,0,-1,0,111
3837,3.837,-0.195744,-1.39656,0,-1,0,-1,0,111
3838,3.838,-0.195732,-1.40424,0,-1,0,-1,0,111
3839,3.839,-0.195708,-1.41192,0,-1,0,-1,0,111
3840,3.84,-0.195684,-1.41972,0,-1,0,-1,0,111
3841,3.841,-0.19566,-1.4274,0,-1,0,-1,0,111
3842,3.842,-0.195636,-1.43508,0,-1,0,-1,0,111
3843,3.843,-0.195612,-1.44288,0,-1,0,-1,0,111
3844,3.844,-0.1956,-1.45056,0,-1,0,-1,0,111
3845,3.845,-0.195576,-1.45824,0,-1,0,-1,0,111
3846,3.846,-0.195552,-1.46592,0,-1,0,-1,0,111
3847,3.847,-0.195528,-1.47372,0,-1,0,-1,0,111
3848,3.848,-0.195504,-1.4814,0,-1,0,-1,0,111
3849,3.849,-0.19548,-1.48908,0,-1,0,-1,0,111
3850,3.85,-0.195468,-1.49688,0,-1,0,-1,0,111
3851,3.851,-0.195444,-1.50456,0,-1,0,-1,0,111
3852,3.852,-0.19542,-1.51224,0,-1,0,-1,0,111
3853,3.853,-0.195396,-1.52004,0,-1,0,-1,0,111
3854,3.854,-0.195372,-1.52772,0,-1,0,-1,0,111
3855,3.855,-0.195348,-1.5354,0,-1,0,-1,0,111
3856,3.856,-0.195336,-1.5432,0,-1,0,-1,0,111
3857,3.857,-0.195312,-1.55088,0,-1,0,-1,0,111
3858,3.858,-0.195288,-1.55856,0,-1,0,-1,0,111
3859,3.859,-0.195264,-1.56636,0,-1,0,-1,0,111
3860,3.86,-0.19524,-1.57404,0,-1,0,-1,0,111
3861,3.861,-0.195216,-1.58172,0,-1,0,-1,0,111
3862,3.862,-0.195204,-1.58952,0,-1,0,-1,0,111
3863,3.863,-0.19518,-1.5972,0,-1,0,-1,0,111
3864,3.864,-0.195156,-1.60488,0,-1,0,-1,0,111
3865,3.865,-0.195132,-1.61256,0,-1,0,-1,0,111
3866,3.866,-0.195108,-1.62036,0,-1,0,-1,0,111
3867,3.867,-0.195096,-1.62804,0,-1,0,-1,0,111
3868,3.868,-0.195072,-1.63572,0,-1,0,-1,0,111
3869,3.869,-0.195048,-1.64352,0,-1,0,-1,0,111
3870,3.87,-0.195024,-1.6512,0,-1,0,-1,0,111
3871,3.871,-0.195,-1.65888,0,-1,0,-1,0,111
3872,3.872,-0.194976,-1.66668,0,-1,0,-1,0,111
3873,3.873,-0.194964,-1.67436,0,-1,0,-1,0,111
3874,3.874,-0.19494,-1.68204,0,-1,0,-1,0,111
3875,3.875,-0.194916,-1.68984,0,-1,0,-1,0,111
3876,3.876,-0.194892,-1.69752,0,-1,0,-1,0,111
3877,3.877,-0.194868,-1.7052,0,-1,0,-1,0,111
3878,3.878,-0.194844,-1.713,0,-1,0,-1,0,111
3879,3.879,-0.194832,-1.72068,0,-1,0,-1,0,111
3880,3.88,-0.194808,-1.72836,0,-1,0,-1,0,111
3881,3.881,-0.194784,-1.73616,0,-1,0,-1,0,111
3882,3.882,-0.19476,-1.74384,0,-1,0,-1,0,111
3883,3.883,-0.194736,-1.75152,0,-1,0,-1,0,111
3884,3.884,-0.194712,-1.7592,0,-1,0,-1,0,111
3885,3.885,-0.1947,-1.767,0,-1,0,-1,0,111
3886,3.886,-0.194676,-1.77468,0,-1,0,-1,0,111
3887,3.887,-0.190212,-1.78152,0,-1,0,-1,0,111
3888,3.888,-0.190188,-1.7892,0,-1,0,-1,0,111
3889,3.889,-0.190164,-1.79688,0,-1,0,-1,0,111
3890,3.89,-0.1857,-1.8036,0,-1,0,-1,0,111
3891,3.891,-0.185676,-1.8114,0,-1,0,-1,0,111
3892,3.892,-0.181224,-1.81812,0,-1,0,-1,0,111
3893,3.893,-0.176772,-1.82484,0,-1,0,-1,0,111
3894,3.894,-0.17232,-1.83156,0,-1,0,-1,0,111
3895,3.895,-0.16788,-1.83828,0,-1,0,-1,0,111
3896,3.896,-0.16344,-1.845,0,-1,0,-1,0,111
3897,3.897,-0.159036,-1.84404,0,-1,0,-1,0,111
3898,3.898,-0.154608,-1.85076,0,-1,0,-1,0,111
3899,3.899,-0.150204,-1.8498,0,-1,0,-1,0,111
3900,3.9,-0.1458,-1.84884,0,-1,0,-1,0,111
3901,3.901,-0.141384,-1.85544,0,-1,0,-1,0,111
3902,3.902,-0.137004,-1.85448,0,-1,0,-1,0,111
3903,3.903,-0.132624,-1.85352,0,-1,0,-1,0,111
3904,3.904,-0.128244,-1.85256,0,-1,0,-1,0,111
3905,3.905,-0.123864,-1.8516,0,-1,0,-1,0,111
3906,3.906,-0.119496,-1.85064,0,-1,0,-1,0,111
3907,3.907,-0.1151316,-1.84968,0,-1,0,-1,0,111
3908,3.908,-0.1107924,-1.84104,0,-1,0,-1,0,111
3909,3.909,-0.1064376,-1.84008,0,-1,0,-1,0,111
3910,3.91,-0.1020864,-1.83912,0,-1,0,-1,0,111
3911,3.911,-0.0977616,-1.83048,0,-1,0,-1,0,111
3912,3.912,-0.0934188,-1.82952,0,-1,0,-1,0,111
3913,3.913,-0.0891036,-1.82088,0,-1,0,-1,0,111
3914,3.914,-0.084792,-1.81236,0,-1,0,-1,0,111
3915,3.915,-0.0804864,-1.80384,0,-1,0,-1,0,111
3916,3.916,-0.0761844,-1.7952,0,-1,0,-1,0,111
3917,3.917,-0.071886,-1.78668,0,-1,0,-1,0,111
3918,3.918,-0.0719076,-1.77912,0,-1,0,-1,0,111
3919,3.919,-0.0676152,-1.7706,0,-1,0,-1,0,111
3920,3.92,-0.0676368,-1.76292,0,-1,0,-1,0,111
3921,3.921,-0.0676584,-1.75536,0,-1,0,-1,0,111
3922,3.922,-0.0633696,-1.74684,0,-1,0,-1,0,111
3923,3.923,-0.0633924,-1.73928,0,-1,0,-1,0,111
3924,3.924,-0.063414,-1.7316,0,-1,0,-1,0,111
3925,3.925,-0.0634356,-1.72404,0,-1,0,-1,0,111
3926,3.926,-0.0634572,-1.71648,1,112,1,7,0,112
3927,3.927,-0.0634788,-1.7088,0,-1,0,-1,0,112
3928,3.928,-0.0635004,-1.70124,0,-1,0,-1,0,112
3929,3.929,-0.0635232,-1.69368,0,-1,0,-1,0,112
3930,3.93,-0.0635448,-1.68612,0,-1,0,-1,0,112
3931,3.931,-0.0635664,-1.67844,0,-1,0,-1,0,112
3932,3.932,-0.063588,-1.67088,0,-1,0,-1,0,112
3933,3.933,-0.0636096,-1.66332,0,-1,0,-1,0,112
3934,3.934,-0.0636312,-1.65564,0,-1,0,-1,0,112
3935,3.935,-0.0636528,-1.64808,0,-1,0,-1,0,112
3936,3.936,-0.0636756,-1.64052,0,-1,0,-1,0,112
3937,3.937,-0.0636972,-1.63284,0,-1,0,-1,0,112
3938,3.938,-0.0637188,-1.62528,0,-1,0,-1,0,112
3939,3.939,-0.0637404,-1.61772,0,-1,0,-1,0,112
3940,3.94,-0.063762,-1.61004,0,-1,0,-1,0,112
3941,3.941,-0.0637836,-1.60248,0,-1,0,-1,0,112
3942,3.942,-0.0638064,-1.59492,0,-1,0,-1,0,112
3943,3.943,-0.063828,-1.58736,0,-1,0,-1,0,112
3944,3.944,-0.0638496,-1.57968,0,-1,0,-1,0,112
3945,3.945,-0.0638712,-1.57212,0,-1,0,-1,0,112
3946,3.946,-0.0638928,-1.56456,0,-1,0,-1,0,112
3947,3.947,-0.0639144,-1.55688,0,-1,0,-1,0,112
3948,3.948,-0.063936,-1.54932,0,-1,0,-1,0,112
3949,3.949,-0.0639588,-1.54176,1,113,0,7,0,113
3950,3.95,-0.0639804,-1.53408,0,-1,0,-1,0,113
3951,3.951,-0.064002,-1.52652,0,-1,0,-1,0,113
3952,3.952,-0.0640236,-1.51896,0,-1,0,-1,0,113
3953,3.953,-0.0640452,-1.5114,0,-1,0,-1,0,113
3954,3.954,-0.0640668,-1.50372,0,-1,0,-1,0,113
3955,3.955,-0.0640896,-1.49616,0,-1,0,-1,0,113
3956,3.956,-0.0641112,-1.4886,0,-1,0,-1,0,113
3957,3.957,-0.0641328,-1.48092,0,-1,0,-1,0,113
3958,3.958,-0.0641544,-1.47336,0,-1,0,-1,0,113
3959,3.959,-0.064176,-1.4658,0,-1,0,-1,0,113
3960,3.96,-0.0641976,-1.45812,0,-1,0,-1,0,113
3961,3.961,-0.0642192,-1.45056,0,-1,0,-1,0,113
3962,3.962,-0.064242,-1.443,0,-1,0,-1,0,113
3963,3.963,-0.0642636,-1.43532,0,-1,0,-1,0,113
3964,3.964,-0.0642852,-1.42776,0,-1,0,-1,0,113
3965,3.965,-0.0643068,-1.4202,0,-1,0,-1,0,113
3966,3.966,-0.0643284,-1.41264,0,-1,0,-1,0,113
3967,3.967,-0.06435,-1.40496,0,-1,0,-1,0,113
3968,3.968,-0.0643716,-1.3974,0,-1,0,-1,0,113
3969,3.969,-0.0643944,-1.38984,0,-1,0,-1,0,113
3970,3.97,-0.064416,-1.38216,0,-1,0,-1,0,113
3971,3.971,-0.0644376,-1.3746,0,-1,0,-1,0,113
3972,3.972,-0.0644592,-1.36704,1,114,0,7,0,114
3973,3.973,-0.0644808,-1.35936,0,-1,0,-1,0,114
3974,3.974,-0.0645024,-1.3518,0,-1,0,-1,0,114
3975,3.975,-0.0645252,-1.34424,0,-1,0,-1,0,114
3976,3.976,-0.0645468,-1.33668,0,-1,0,-1,0,114
3977,3.977,-0.0645684,-1.329,0,-1,0,-1,0,114
3978,3.978,-0.06459,-1.32144,0,-1,0,-1,0,114
3979,3.979,-0.0646116,-1.31388,0,-1,0,-1,0,114
3980,3.98,-0.0646332,-1.3062,0,-1,0,-1,0,114
3981,3.981,-0.0646548,-1.29864,0,-1,0,-1,0,114
3982,3.982,-0.0646776,-1.29108,0,-1,0,-1,0,114
3983,3.983,-0.0646992,-1.2834,0,-1,0,-1,0,114
3984,3.984,-0.0647208,-1.27584,0,-1,0,-1,0,114
3985,3.985,-0.0647424,-1.26828,0,-1,0,-1,0,114
3986,3.986,-0.064764,-1.26072,0,-1,0,-1,0,114
3987,3.987,-0.0647856,-1.25304,0,-1,0,-1,0,114
3988,3.988,-0.0648084,-1.24548,0,-1,0,-1,0,114
3989,3.989,-0.06483,-1.23792,0,-1,0,-1,0,114
3990,3.99,-0.0648516,-1.23024,0,-1,0,-1,0,114
3991,3.991,-0.0648732,-1.22268,0,-1,0,-1,0,114
3992,3.992,-0.0648948,-1.21512,0,-1,0,-1,0,114
3993,3.993,-0.0649164,-1.20744,0,-1,0,-1,0,114
3994,3.994,-0.064938,-1.199904,0,-1,0,-1,0,114
3995,3.995,-0.0649608,-1.192308,1,115,0,7,0,115
3996,3.996,-0.0649824,-1.184712,0,-1,0,-1,0,115
3997,3.997,-0.065004,-1.177116,0,-1,0,-1,0,115
3998,3.998,-0.0650256,-1.16952,0,-1,0,-1,0,115
3999,3.999,-0.0650472,-1.161924,0,-1,0,-1,0,115
4000,4.0,-0.0650688,-1.154328,0,-1,0,-1,0,115
4001,4.001,-0.0650904,-1.146732,0,-1,0,-1,0,115
4002,4.002,-0.0651132,-1.139136,0,-1,0,-1,0,115
4003,4.003,-0.0651348,-1.13154,0,-1,0,-1,0,115
4004,4.004,-0.0651564,-1.123944,0,-1,0,-1,0,115
4005,4.005,-0.065178,-1.116348,0,-1,0,-1,0,115
4006,4.006,-0.0651996,-1.108752,0,-1,0,-1,0,115
4007,4.007,-0.0652212,-1.101156,0,-1,0,-1,0,115
4008,4.008,-0.065244,-1.09356,0,-1,0,-1,0,115
4009,4.009,-0.0652656,-1.085964,0,-1,0,-1,0,115
4010,4.01,-0.0652872,-1.078368,0,-1,0,-1,0,115
4011,4.011,-0.0653088,-1.070772,0,-1,0,-1,0,115
4012,4.012,-0.0653304,-1.063176,0,-1,0,-1,0,115
4013,4.013,-0.065352,-1.05558,0,-1,0,-1,0,115
4014,4.014,-0.0653736,-1.047984,0,-1,0,-1,0,115
4015,4.015,-0.0653964,-1.040388,0,-1,0,-1,0,115
4016,4.016,-0.065418,-1.032792,0,-1,0,-1,0,115
4017,4.017,-0.0654396,-1.025196,0,-1,0,-1,0,115
4018,4.018,-0.0654612,-1.0176,1,116,0,7,0,116
4019,4.019,-0.0654828,-1.010004,0,-1,0,-1,0,116
4020,4.02,-0.0655044,-1.00242,0,-1,0,-1,0,116
4021,4.021,-0.065526,-0.994824,0,-1,0,-1,0,116
4022,4.022,-0.0655488,-0.987228,0,-1,0,-1,0,116
4023,4.023,-0.0655704,-0.979632,0,-1,0,-1,0,116
4024,4.024,-0.065592,-0.972036,0,-1,0,-1,0,116
4025,4.025,-0.0656136,-0.96444,0,-1,0,-1,0,116
4026,4.026,-0.0656352,-0.956844,0,-1,0,-1,0,116
4027,4.027,-0.0656568,-0.949248,0,-1,0,-1,0,116
4028,4.028,-0.0656784,-0.941652,0,-1,0,-1,0,116
4029,4.029,-0.0657012,-0.934056,0,-1,0,-1,0,116
4030,4.03,-0.0657228,-0.92646,0,-1,0,-1,0,116
4031,4.031,-0.0657444,-0.918864,0,-1,0,-1,0,116
4032,4.032,-0.065766,-0.911268,0,-1,0,-1,0,116
4033,4.033,-0.0657876,-0.903672,0,-1,0,-1,0,116
4034,4.034,-0.0658092,-0.896088,0,-1,0,-1,0,116
4035,4.035,-0.065832,-0.888492,0,-1,0,-1,0,116
4036,4.036,-0.0658536,-0.880896,0,-1,0,-1,0,116
4037,4.037,-0.0658752,-0.8733,0,-1,0,-1,0,116
4038,4.038,-0.0658968,-0.865704,0,-1,0,-1,0,116
4039,4.039,-0.0659184,-0.858108,0,-1,0,-1,0,116
4040,4.04,-0.06594,-0.850512,0,-1,0,-1,0,116
4041,4.041,-0.0659616,-0.842916,1,117,0,7,0,117
4042,4.042,-0.0659844,-0.83532,0,-1,0,-1,0,117
4043,4.043,-0.066006,-0.827724,0,-1,0,-1,0,117
4044,4.044,-0.0660276,-0.820128,0,-1,0,-1,0,117
4045,4.045,-0.0660492,-0.812532,0,-1,0,-1,0,117
4046,4.046,-0.0660708,-0.804948,0,-1,0,-1,0,117
4047,4.047,-0.0660924,-0.797352,0,-1,0,-1,0,117
4048,4.048,-0.066114,-0.789756,0,-1,0,-1,0,117
4049,4.049,-0.0661368,-0.78216,0,-1,0,-1,0,117
4050,4.05,-0.0661584,-0.774564,0,-1,0,-1,0,117
4051,4.051,-0.06618,-0.766968,0,-1,0,-1,0,117
4052,4.052,-0.0662016,-0.759372,0,-1,0,-1,0,117
4053,4.053,-0.0662232,-0.751776,0,-1,0,-1,0,117
4054,4.054,-0.0662448,-0.74418,0,-1,0,-1,0,117
4055,4.055,-0.0662664,-0.736596,0,-1,0,-1,0,117
4056,4.056,-0.0662892,-0.729,0,-1,0,-1,0,117
4057,4.057,-0.0663108,-0.721404,0,-1,0,-1,0,117
4058,4.058,-0.0663324,-0.713808,0,-1,0,-1,0,117
4059,4.059,-0.066354,-0.706212,0,-1,0,-1,0,117
4060,4.06,-0.0663756,-0.698616,0,-1,0,-1,0,117
4061,4.061,-0.0663972,-0.69102,0,-1,0,-1,0,117
4062,4.062,-0.06642,-0.683424,0,-1,0,-1,0,117
4063,4.063,-0.0664416,-0.67584,0,-1,0,-1,0,117
4064,4.064,-0.0664632,-0.668244,1,118,0,7,0,118
4065,4.065,-0.0664848,-0.660648,0,-1,0,-1,0,118
4066,4.066,-0.0665064,-0.653052,0,-1,0,-1,0,118
4067,4.067,-0.066528,-0.645456,0,-1,0,-1,0,118
4068,4.068,-0.0665496,-0.63786,0,-1,0,-1,0,118
4069,4.069,-0.0665724,-0.630264,0,-1,0,-1,0,118
4070,4.07,-0.066594,-0.622668,0,-1,0,-1,0,118
4071,4.071,-0.0666156,-0.615084,0,-1,0,-1,0,118
4072,4.072,-0.0666372,-0.607488,0,-1,0,-1,0,118
4073,4.073,-0.0666588,-0.599892,0,-1,0,-1,0,118
4074,4.074,-0.0666804,-0.592296,0,-1,0,-1,0,118
4075,4.075,-0.066702,-0.5847,0,-1,0,-1,0,118
4076,4.076,-0.0667248,-0.577104,0,-1,0,-1,0,118
4077,4.077,-0.0667464,-0.569508,0,-1,0,-1,0,118
4078,4.078,-0.066768,-0.561924,0,-1,0,-1,0,118
4079,4.079,-0.0667896,-0.554328,0,-1,0,-1,0,118
4080,4.08,-0.0668112,-0.546732,0,-1,0,-1,0,118
4081,4.081,-0.0668328,-0.539136,0,-1,0,-1,0,118
4082,4.082,-0.0668544,-0.53154,0,-1,0,-1,0,118
4083,4.083,-0.0668772,-0.523944,0,-1,0,-1,0,118
4084,4.084,-0.0668988,-0.51636,0,-1,0,-1,0,118
4085,4.085,-0.0669204,-0.508764,0,-1,0,-1,0,118
4086,4.086,-0.066942,-0.501168,0,-1,0,-1,0,118
4087,4.087,-0.0669636,-0.493572,1,119,0,7,0,119
4088,4.088,-0.0669852,-0.485976,0,-1,0,-1,0,119
4089,4.089,-0.0670068,-0.47838,0,-1,0,-1,0,119
4090,4.09,-0.0670296,-0.470796,0,-1,0,-1,0,119
4091,4.091,-0.0670512,-0.4632,0,-1,0,-1,0,119
4092,4.092,-0.0670728,-0.455604,0,-1,0,-1,0,119
4093,4.093,-0.0670944,-0.448008,0,-1,0,-1,0,119
4094,4.094,-0.067116,-0.440412,0,-1,0,-1,0,119
4095,4.095,-0.0671376,-0.432816,0,-1,0,-1,0,119
4096,4.096,-0.0671592,-0.425232,0,-1,0,-1,0,119
4097,4.097,-0.067182,-0.417636,0,-1,0,-1,0,119
4098,4.098,-0.0672036,-0.41004,0,-1,0,-1,0,119
4099,4.099,-0.0672252,-0.402444,0,-1,0,-1,0,119
4100,4.1,-0.0672468,-0.394848,0,-1,0,-1,0,119
4101,4.101,-0.0672684,-0.387252,0,-1,0,-1,0,119
4102,4.102,-0.06729,-0.379668,0,-1,0,-1,0,119
4103,4.103,-0.0673128,-0.372072,0,-1,0,-1,0,119
4104,4.104,-0.0673344,-0.364476,0,-1,0,-1,0,119
4105,4.105,-0.067356,-0.35688,0,-1,0,-1,0,119
4106,4.106,-0.0673776,-0.349284,0,-1,0,-1,0,119
4107,4.107,-0.0673992,-0.3417,0,-1,0,-1,0,119
4108,4.108,-0.0674208,-0.334104,0,-1,0,-1,0,119
4109,4.109,-0.0674424,-0.326508,0,-1,0,-1,0,119
4110,4.11,-0.0674652,-0.318912,1,120,0,7,0,120
4111,4.111,-0.0674868,-0.311316,0,-1,0,-1,0,120
4112,4.112,-0.0675084,-0.303732,0,-1,0,-1,0,120
4113,4.113,-0.06753,-0.296136,0,-1,0,-1,0,120
4114,4.114,-0.0675516,-0.28854,0,-1,0,-1,0,120
4115,4.115,-0.0675732,-0.280944,0,-1,0,-1,0,120
4116,4.116,-0.0675948,-0.273348,0,-1,0,-1,0,120
4117,4.117,-0.0676176,-0.265764,0,-1,0,-1,0,120
4118,4.118,-0.0676392,-0.258168,0,-1,0,-1,0,120
4119,4.119,-0.0676608,-0.250572,0,-1,0,-1,0,120
4120,4.12,-0.0676824,-0.242976,0,-1,0,-1,0,120
4121,4.121,-0.067704,-0.235392,0,-1,0,-1,0,120
4122,4.122,-0.0677256,-0.227796,0,-1,0,-1,0,120
4123,4.123,-0.0677472,-0.2202,0,-1,0,-1,0,120
4124,4.124,-0.06777,-0.212604,0,-1,0,-1,0,120
4125,4.125,-0.0677916,-0.205008,0,-1,0,-1,0,120
4126,4.126,-0.0678132,-0.197424,0,-1,0,-1,0,120
4127,4.127,-0.0678348,-0.189828,0,-1,0,-1,0,120
4128,4.128,-0.0678564,-0.182232,0,-1,0,-1,0,120
4129,4.129,-0.067878,-0.174636,0,-1,0,-1,0,120
4130,4.13,-0.0678996,-0.167052,0,-1,0,-1,0,120
4131,4.131,-0.0679224,-0.159456,0,-1,0,-1,0,120
4132,4.132,-0.067944,-0.15186,0,-1,0,-1,0,120
4133,4.133,-0.0679656,-0.144264,1,121,0,7,0,121
4134,4.134,-0.0679872,-0.136668,0,-1,0,-1,0,121
4135,4.135,-0.0680088,-0.129084,0,-1,0,-1,0,121
4136,4.136,-0.0680304,-0.121488,0,-1,0,-1,0,121
4137,4.137,-0.068052,-0.1138944,0,-1,0,-1,0,121
4138,4.138,-0.0680748,-0.1063008,0,-1,0,-1,0,121
4139,4.139,-0.0680964,-0.0987084,0,-1,0,-1,0,121
4140,4.14,-0.068118,-0.0911148,0,-1,0,-1,0,121
4141,4.141,-0.0681396,-0.0835224,0,-1,0,-1,0,121
4142,4.142,-0.0681612,-0.0759288,0,-1,0,-1,0,121
4143,4.143,-0.0681828,-0.0683364,0,-1,0,-1,0,121
4144,4.144,-0.0682044,-0.0607428,0,-1,0,-1,0,121
4145,4.145,-0.0682272,-0.0531504,0,-1,0,-1,0,121
4146,4.146,-0.0682488,-0.0455568,0,-1,0,-1,0,121
4147,4.147,-0.0682704,-0.0379644,0,-1,0,-1,0,121
4148,4.148,-0.068292,-0.0303708,0,-1,0,-1,0,121
4149,4.149,-0.0683136,-0.0227784,0,-1,0,-1,0,121
4150,4.15,-0.0683352,-0.015186,0,-1,0,-1,0,121
4151,4.151,-0.0683568,-0.00759276,0,-1,0,-1,0,121
4152,4.152,-0.0683796,0.0,0,-1,0,-1,0,121
4153,4.153,-0.0684012,0.00759276,0,-1,0,-1,0,121
4154,4.154,-0.0684228,0.015186,0,-1,0,-1,0,121
4155,4.155,-0.0684444,0.0227784,0,-1,0,-1,0,121
4156,4.156,-0.068466,0.0303708,1,122,0,7,0,122
4157,4.157,-0.0684876,0.0379632,0,-1,0,-1,0,122
4158,4.158,-0.0685092,0.0455568,0,-1,0,-1,0,122
4159,4.159,-0.068532,0.0531492,0,-1,0,-1,0,122
4160,4.16,-0.0685536,0.0607416,0,-1,0,-1,0,122
4161,4.161,-0.0685752,0.068334,0,-1,0,-1,0,122
4162,4.162,-0.0685968,0.0759276,0,-1,0,-1,0,122
4163,4.163,-0.0686184,0.08352,0,-1,0,-1,0,122
4164,4.164,-0.06864,0.0911124,0,-1,0,-1,0,122
4165,4.165,-0.0686616,0.0987048,0,-1,0,-1,0,122
4166,4.166,-0.0686844,0.1062972,0,-1,0,-1,0,122
4167,4.167,-0.068706,0.1138896,0,-1,0,-1,0,122
4168,4.168,-0.0687276,0.121488,0,-1,0,-1,0,122
4169,4.169,-0.0687492,0.129072,0,-1,0,-1,0,122
4170,4.17,-0.0687708,0.136668,0,-1,0,-1,0,122
4171,4.171,-0.0687924,0.144264,0,-1,0,-1,0,122
4172,4.172,-0.068814,0.151848,0,-1,0,-1,0,122
4173,4.173,-0.0688368,0.159444,0,-1,0,-1,0,122
4174,4.174,-0.0688584,0.16704,0,-1,0,-1,0,122
4175,4.175,-0.06888,0.174624,0,-1,0,-1,0,122
4176,4.176,-0.0689016,0.18222,0,-1,0,-1,0,122
4177,4.177,-0.0689232,0.189816,0,-1,0,-1,0,122
4178,4.178,-0.0689448,0.197412,0,-1,0,-1,0,122
4179,4.179,-0.0689664,0.204996,1,123,0,7,0,123
4180,4.18,-0.0689892,0.212592,0,-1,0,-1,0,123
4181,4.181,-0.0690108,0.220188,0,-1,0,-1,0,123
4182,4.182,-0.0690324,0.227772,0,-1,0,-1,0,123
4183,4.183,-0.069054,0.235368,0,-1,0,-1,0,123
4184,4.184,-0.0690756,0.242964,0,-1,0,-1,0,123
4185,4.185,-0.0690972,0.250548,0,-1,0,-1,0,123
4186,4.186,-0.0691188,0.258144,0,-1,0,-1,0,123
4187,4.187,-0.0691416,0.26574,0,-1,0,-1,0,123
4188,4.188,-0.0691632,0.273324,0,-1,0,-1,0,123
4189,4.189,-0.0691848,0.28092,0,-1,0,-1,0,123
4190,4.19,-0.0692064,0.288516,0,-1,0,-1,0,123
4191,4.191,-0.069228,0.2961,0,-1,0,-1,0,123
4192,4.192,-0.0692496,0.303696,0,-1,0,-1,0,123
4193,4.193,-0.0692712,0.311292,0,-1,0,-1,0,123
4194,4.194,-0.069294,0.318876,0,-1,0,-1,0,123
4195,4.195,-0.0693156,0.326472,0,-1,0,-1,0,123
4196,4.196,-0.0693372,0.334068,0,-1,0,-1,0,123
4197,4.197,-0.0693588,0.341652,0,-1,0,-1,0,123
4198,4.198,-0.0693804,0.349248,0,-1,0,-1,0,123
4199,4.199,-0.069402,0.356844,0,-1,0,-1,0,123
4200,4.2,-0.0694236,0.364428,0,-1,0,-1,0,123
4201,4.201,-0.0694464,0.372024,0,-1,0,-1,0,123
4202,4.202,-0.069468,0.37962,1,124,0,7,0,124
4203,4.203,-0.0694896,0.387204,0,-1,0,-1,0,124
4204,4.204,-0.0695112,0.3948,0,-1,0,-1,0,124
4205,4.205,-0.0695328,0.402396,0,-1,0,-1,0,124
4206,4.206,-0.0695544,0.40998,0,-1,0,-1,0,124
4207,4.207,-0.069576,0.417576,0,-1,0,-1,0,124
4208,4.208,-0.0695988,0.425172,0,-1,0,-1,0,124
4209,4.209,-0.0696204,0.432756,0,-1,0,-1,0,124
4210,4.21,-0.069642,0.440352,0,-1,0,-1,0,124
4211,4.211,-0.0696636,0.447948,0,-1,0,-1,0,124
4212,4.212,-0.0696852,0.455532,0,-1,0,-1,0,124
4213,4.213,-0.0697068,0.463128,0,-1,0,-1,0,124
4214,4.214,-0.0697284,0.470712,0,-1,0,-1,0,124
4215,4.215,-0.0697512,0.478308,0,-1,0,-1,0,124
4216,4.216,-0.0697728,0.485904,0,-1,0,-1,0,124
4217,4.217,-0.0697944,0.493488,0,-1,0,-1,0,124
4218,4.218,-0.069816,0.501084,0,-1,0,-1,0,124
4219,4.219,-0.0698376,0.50868,0,-1,0,-1,0,124
4220,4.22,-0.0698592,0.516264,0,-1,0,-1,0,124
4221,4.221,-0.0698808,0.52386,0,-1,0,-1,0,124
4222,4.222,-0.0699024,0.531456,0,-1,0,-1,0,124
4223,4.223,-0.0699252,0.53904,0,-1,0,-1,0,124
4224,4.224,-0.0699468,0.546636,0,-1,0,-1,0,124
4225,4.225,-0.0699684,0.55422,1,125,0,7,0,125
4226,4.226,-0.06999,0.561816,0,-1,0,-1,0,125
4227,4.227,-0.0700116,0.569412,0,-1,0,-1,0,125
4228,4.228,-0.0700332,0.576996,0,-1,0,-1,0,125
4229,4.229,-0.0700548,0.584592,0,-1,0,-1,0,125
4230,4.23,-0.0700776,0.592176,0,-1,0,-1,0,125
4231,4.231,-0.0700992,0.599772,0,-1,0,-1,0,125
4232,4.232,-0.0701208,0.607368,0,-1,0,-1,0,125
4233,4.233,-0.0701424,0.614952,0,-1,0,-1,0,125
4234,4.234,-0.070164,0.622548,0,-1,0,-1,0,125
4235,4.235,-0.0701856,0.630132,0,-1,0,-1,0,125
4236,4.236,-0.0702072,0.637728,0,-1,0,-1,0,125
4237,4.237,-0.07023,0.645324,0,-1,0,-1,0,125
4238,4.238,-0.0702516,0.652908,0,-1,0,-1,0,125
4239,4.239,-0.0702732,0.660504,0,-1,0,-1,0,125
4240,4.24,-0.0702948,0.668088,0,-1,0,-1,0,125
4241,4.241,-0.0703164,0.675684,0,-1,0,-1,0,125
4242,4.242,-0.070338,0.68328,0,-1,0,-1,0,125
4243,4.243,-0.0703596,0.690864,0,-1,0,-1,0,125
4244,4.244,-0.0703824,0.69846,0,-1,0,-1,0,125
4245,4.245,-0.070404,0.706044,0,-1,0,-1,0,125
4246,4.246,-0.0704256,0.71364,0,-1,0,-1,0,125
4247,4.247,-0.0704472,0.721236,0,-1,0,-1,0,125
4248,4.248,-0.0704688,0.72882,1,126,0,7,0,126
4249,4.249,-0.0704904,0.736416,0,-1,0,-1,0,126
4250,4.25,-0.070512,0.744,0,-1,0,-1,0,126
4251,4.251,-0.0705348,0.751596,0,-1,0,-1,0,126
4252,4.252,-0.0705564,0.759192,0,-1,0,-1,0,126
4253,4.253,-0.070578,0.766776,0,-1,0,-1,0,126
4254,4.254,-0.0705996,0.774372,0,-1,0,-1,0,126
4255,4.255,-0.0706212,0.781956,0,-1,0,-1,0,126
4256,4.256,-0.0706428,0.789552,0,-1,0,-1,0,126
4257,4.257,-0.0706644,0.797136,0,-1,0,-1,0,126
4258,4.258,-0.070686,0.804732,0,-1,0,-1,0,126
4259,4.259,-0.0707088,0.812328,0,-1,0,-1,0,126
4260,4.26,-0.0707304,0.819912,0,-1,0,-1,0,126
4261,4.261,-0.070752,0.827508,0,-1,0,-1,0,126
4262,4.262,-0.0707736,0.835092,0,-1,0,-1,0,126
4263,4.263,-0.0707952,0.842688,0,-1,0,-1,0,126
4264,4.264,-0.0708168,0.850272,0,-1,0,-1,0,126
4265,4.265,-0.0708384,0.857868,0,-1,0,-1,0,126
4266,4.266,-0.0708612,0.865452,0,-1,0,-1,0,126
4267,4.267,-0.0708828,0.873048,0,-1,0,-1,0,126
4268,4.268,-0.0709044,0.880644,0,-1,0,-1,0,126
4269,4.269,-0.070926,0.888228,0,-1,0,-1,0,126
4270,4.27,-0.0709476,0.895824,0,-1,0,-1,0,126
4271,4.271,-0.0709692,0.903408,1,127,0,7,0,127
4272,4.272,-0.0709908,0.911004,0,-1,0,-1,0,127
4273,4.273,-0.0710136,0.918588,0,-1,0,-1,0,127
4274,4.274,-0.0710352,0.926184,0,-1,0,-1,0,127
4275,4.275,-0.0710568,0.933768,0,-1,0,-1,0,127
4276,4.276,-0.0710784,0.941364,0,-1,0,-1,0,127
4277,4.277,-0.0711,0.948948,0,-1,0,-1,0,127
4278,4.278,-0.0711216,0.956544,0,-1,0,-1,0,127
4279,4.279,-0.0711432,0.96414,0,-1,0,-1,0,127
4280,4.28,-0.071166,0.971724,0,-1,0,-1,0,127
4281,4.281,-0.0711876,0.97932,0,-1,0,-1,0,127
4282,4.282,-0.0712092,0.986904,0,-1,0,-1,0,127
4283,4.283,-0.0712308,0.9945,0,-1,0,-1,0,127
4284,4.284,-0.0712524,1.002084,0,-1,0,-1,0,127
4285,4.285,-0.071274,1.00968,0,-1,0,-1,0,127
4286,4.286,-0.0712956,1.017264,0,-1,0,-1,0,127
4287,4.287,-0.0713172,1.02486,0,-1,0,-1,0,127
4288,4.288,-0.07134,1.032444,0,-1,0,-1,0,127
4289,4.289,-0.0713616,1.04004,0,-1,0,-1,0,127
4290,4.29,-0.0713832,1.047624,0,-1,0,-1,0,127
4291,4.291,-0.0714048,1.05522,0,-1,0,-1,0,127
4292,4.292,-0.0714264,1.062804,0,-1,0,-1,0,127
4293,4.293,-0.071448,1.0704,0,-1,0,-1,0,127
4294,4.294,-0.0714696,1.077984,0,-1,0,-1,0,127
4295,4.295,-0.0714924,1.08558,0,-1,0,-1,0,127
4296,4.296,-0.071514,1.093164,0,-1,0,-1,0,127
4297,4.297,-0.0715356,1.10076,0,-1,0,-1,0,127
4298,4.298,-0.0715572,1.108344,0,-1,0,-1,0,127
4299,4.299,-0.0715788,1.11594,0,-1,0,-1,0,127
4300,4.3,-0.0716004,1.123524,0,-1,0,-1,0,127
4301,4.301,-0.071622,1.13112,0,-1,0,-1,0,127
4302,4.302,-0.0716448,1.138704,0,-1,0,-1,0,127
4303,4.303,-0.0716664,1.1463,0,-1,0,-1,0,127
4304,4.304,-0.071688,1.153884,0,-1,0,-1,0,127
4305,4.305,-0.0717096,1.16148,0,-1,0,-1,0,127
4306,4.306,-0.0717312,1.169064,0,-1,0,-1,0,127
4307,4.307,-0.0717528,1.17666,0,-1,0,-1,0,127
4308,4.308,-0.0717744,1.184244,0,-1,0,-1,0,127
4309,4.309,-0.071796,1.19184,0,-1,0,-1,0,127
4310,4.31,-0.0718188,1.199424,0,-1,0,-1,0,127
4311,4.311,-0.0718404,1.20696,0,-1,0,-1,0,127
4312,4.312,-0.071862,1.21464,0,-1,0,-1,0,127
4313,4.313,-0.0718836,1.2222,0,-1,0,-1,0,127
4314,4.314,-0.0719052,1.22976,0,-1,0,-1,0,127
4315,4.315,-0.0719268,1.23732,0,-1,0,-1,0,127
4316,4.316,-0.0719484,1.245,0,-1,0,-1,0,127
4317,4.317,-0.0719712,1.25256,0,-1,0,-1,0,127
4318,4.318,-0.0719928,1.26012,0,-1,0,-1,0,127
4319,4.319,-0.0720144,1.26768,0,-1,0,-1,0,127
4320,4.32,-0.072036,1.27536,0,-1,0,-1,0,127
4321,4.321,-0.0720576,1.28292,0,-1,0,-1,0,127
4322,4.322,-0.0720792,1.29048,0,-1,0,-1,0,127
4323,4.323,-0.0721008,1.29804,0,-1,0,-1,0,127
4324,4.324,-0.0721236,1.30572,0,-1,0,-1,0,127
4325,4.325,-0.0721452,1.31328,0,-1,0,-1,0,127
4326,4.326,-0.0721668,1.32084,0,-1,0,-1,0,127
4327,4.327,-0.0721884,1.3284,0,-1,0,-1,0,127
4328,4.328,-0.07221,1.33608,0,-1,0,-1,0,127
4329,4.329,-0.0722316,1.34364,0,-1,0,-1,0,127
4330,4.33,-0.0722532,1.3512,0,-1,0,-1,0,127
4331,4.331,-0.0722748,1.35876,0,-1,0,-1,0,127
4332,4.332,-0.0722976,1.36644,0,-1,0,-1,0,127
4333,4.333,-0.0723192,1.374,0,-1,0,-1,0,127
4334,4.334,-0.0723408,1.38156,0,-1,0,-1,0,127
4335,4.335,-0.0723624,1.38912,0,-1,0,-1,0,127
4336,4.336,-0.072384,1.3968,0,-1,0,-1,0,127
4337,4.337,-0.0724056,1.40436,0,-1,0,-1,0,127
4338,4.338,-0.0724272,1.41192,0,-1,0,-1,0,127
4339,4.339,-0.07245,1.41948,0,-1,0,-1,0,127
4340,4.34,-0.0724716,1.42716,0,-1,0,-1,0,127
4341,4.341,-0.0724932,1.43472,0,-1,0,-1,0,127
4342,4.342,-0.0725148,1.44228,0,-1,0,-1,0,127
4343,4.343,-0.0725364,1.44984,0,-1,0,-1,0,127
4344,4.344,-0.072558,1.45752,0,-1,0,-1,0,127
4345,4.345,-0.0725796,1.46508,0,-1,0,-1,0,127
4346,4.346,-0.0726012,1.47264,0,-1,0,-1,0,127
4347,4.347,-0.072624,1.4802,0,-1,0,-1,0,127
4348,4.348,-0.0726456,1.48788,0,-1,0,-1,0,127
4349,4.349,-0.0726672,1.49544,0,-1,0,-1,0,127
4350,4.35,-0.0726888,1.503,0,-1,0,-1,0,127
4351,4.351,-0.0727104,1.51056,0,-1,0,-1,0,127
4352,4.352,-0.072732,1.51824,0,-1,0,-1,0,127
4353,4.353,-0.0727536,1.5258,0,-1,0,-1,0,127
4354,4.354,-0.0727764,1.53336,0,-1,0,-1,0,127
4355,4.355,-0.072798,1.54092,0,-1,0,-1,0,127
4356,4.356,-0.0728196,1.5486,0,-1,0,-1,0,127
4357,4.357,-0.0728412,1.55616,0,-1,0,-1,0,127
4358,4.358,-0.0728628,1.56372,0,-1,0,-1,0,127
4359,4.359,-0.0728844,1.57128,0,-1,0,-1,0,127
4360,4.36,-0.072906,1.57884,0,-1,0,-1,0,127
4361,4.361,-0.0729288,1.58652,0,-1,0,-1,0,127
4362,4.362,-0.0729504,1.59408,0,-1,0,-1,0,127
4363,4.363,-0.072972,1.60164,0,-1,0,-1,0,127
4364,4.364,-0.0729936,1.6092,0,-1,0,-1,0,127
4365,4.365,-0.0730152,1.61688,0,-1,0,-1,0,127
4366,4.366,-0.0730368,1.62444,0,-1,0,-1,0,127
4367,4.367,-0.0730584,1.632,0,-1,0,-1,0,127
4368,4.368,-0.07308,1.63956,0,-1,0,-1,0,127
4369,4.369,-0.0731028,1.64724,0,-1,0,-1,0,127
4370,4.37,-0.0731244,1.6548,0,-1,0,-1,0,127
4371,4.371,-0.073146,1.66236,0,-1,0,-1,0,127
4372,4.372,-0.0731676,1.66992,0,-1,0,-1,0,127
4373,4.373,-0.0731892,1.6776,0,-1,0,-1,0,127
4374,4.374,-0.0732108,1.68516,0,-1,0,-1,0,127
4375,4.375,-0.0732324,1.69272,0,-1,0,-1,0,127
4376,4.376,-0.0732552,1.70028,0,-1,0,-1,0,127
4377,4.377,-0.0732768,1.70796,0,-1,0,-1,0,127
4378,4.378,-0.0732984,1.71552,0,-1,0,-1,0,127
4379,4.379,-0.07332,1.72308,0,-1,0,-1,0,127
4380,4.38,-0.0733416,1.73064,0,-1,0,-1,0,127
4381,4.381,-0.0690552,1.73736,0,-1,0,-1,0,127
4382,4.382,-0.0690768,1.74492,0,-1,0,-1,0,127
4383,4.383,-0.0690984,1.75248,0,-1,0,-1,0,127
4384,4.384,-0.0648156,1.7592,0,-1,0,-1,0,127
4385,4.385,-0.0648372,1.76676,0,-1,0,-1,0,127
4386,4.386,-0.0605604,1.77336,0,-1,0,-1,0,127
4387,4.387,-0.056286,1.78008,0,-1,0,-1,0,127
4388,4.388,-0.0520176,1.78668,0,-1,0,-1,0,127
4389,4.389,-0.0477528,1.7934,0,-1,0,-1,0,127
4390,4.39,-0.0434928,1.8,0,-1,0,-1,0,127
4391,4.391,-0.039216,1.79904,0,-1,0,-1,0,127
4392,4.392,-0.0349644,1.80564,0,-1,0,-1,0,127
4393,4.393,-0.030696,1.80468,0,-1,0,-1,0,127
4394,4.394,-0.0264324,1.80372,0,-1,0,-1,0,127
4395,4.395,-0.022194,1.81032,0,-1,0,-1,0,127
4396,4.396,-0.0179388,1.80948,0,-1,0,-1,0,127
4397,4.397,-0.0136884,1.80852,0,-1,0,-1,0,127
4398,4.398,-0.00944232,1.80756,0,-1,0,-1,0,127
4399,4.399,-0.00520044,1.8066,0,-1,0,-1,0,127
4400,4.4,-0.000963024,1.80564,0,-1,0,-1,0,127
4401,4.401,0.00327012,1.8048,0,-1,0,-1,0,127
4402,4.402,0.0075204,1.79628,0,-1,0,-1,0,127
4403,4.403,0.01174476,1.79532,0,-1,0,-1,0,127
4404,4.404,0.0159648,1.79448,0,-1,0,-1,0,127
4405,4.405,0.020202,1.78596,0,-1,0,-1,0,127
4406,4.406,0.0244128,1.78512,0,-1,0,-1,0,127
4407,4.407,0.0286416,1.77672,0,-1,0,-1,0,127
4408,4.408,0.0328656,1.76832,0,-1,0,-1,0,127
4409,4.409,0.037086,1.75992,0,-1,0,-1,0,127
4410,4.41,0.0413016,1.75152,0,-1,0,-1,0,127
4411,4.411,0.0455124,1.74312,0,-1,0,-1,0,127
4412,4.412,0.045534,1.73556,0,-1,0,-1,0,127
4413,4.413,0.04974,1.72728,0,-1,0,-1,0,127
4414,4.414,0.0497616,1.71972,0,-1,0,-1,0,127
4415,4.415,0.0497832,1.71228,0,-1,0,-1,0,127
4416,4.416,0.0539856,1.704,0,-1,0,-1,0,127
4417,4.417,0.0540072,1.69644,0,-1,0,-1,0,127
4418,4.418,0.0540288,1.689,0,-1,0,-1,0,127
4419,4.419,0.0540504,1.68156,0,-1,0,-1,0,127
4420,4.42,0.054072,1.674,1,128,1,8,0,128
4421,4.421,0.0540936,1.66656,0,-1,0,-1,0,128
4422,4.422,0.0541152,1.65912,0,-1,0,-1,0,128
4423,4.423,0.0541368,1.65168,0,-1,0,-1,0,128
4424,4.424,0.0541584,1.64412,0,-1,0,-1,0,128
4425,4.425,0.05418,1.63668,0,-1,0,-1,0,128
4426,4.426,0.0542016,1.62924,0,-1,0,-1,0,128
4427,4.427,0.0542232,1.6218,0,-1,0,-1,0,128
4428,4.428,0.0542448,1.61424,0,-1,0,-1,0,128
4429,4.429,0.0542664,1.6068,0,-1,0,-1,0,128
4430,4.43,0.054288,1.59936,0,-1,0,-1,0,128
4431,4.431,0.0543096,1.59192,0,-1,0,-1,0,128
4432,4.432,0.0543312,1.58436,0,-1,0,-1,0,128
4433,4.433,0.0543528,1.57692,0,-1,0,-1,0,128
4434,4.434,0.0543744,1.56948,0,-1,0,-1,0,128
4435,4.435,0.054396,1.56204,0,-1,0,-1,0,128
4436,4.436,0.0544176,1.55448,0,-1,0,-1,0,128
4437,4.437,0.0544392,1.54704,0,-1,0,-1,0,128
4438,4.438,0.0544608,1.5396,0,-1,0,-1,0,128
4439,4.439,0.0544824,1.53204,0,-1,0,-1,0,128
4440,4.44,0.054504,1.5246,0,-1,0,-1,0,128
4441,4.441,0.0545256,1.51716,0,-1,0,-1,0,128
4442,4.442,0.0545472,1.50972,1,129,0,8,0,129
4443,4.443,0.0545688,1.50216,0,-1,0,-1,0,129
4444,4.444,0.0545904,1.49472,0,-1,0,-1,0,129
4445,4.445,0.054612,1.48728,0,-1,0,-1,0,129
4446,4.446,0.0546336,1.47984,0,-1,0,-1,0,129
4447,4.447,0.0546552,1.47228,0,-1,0,-1,0,129
4448,4.448,0.0546768,1.46484,0,-1,0,-1,0,129
4449,4.449,0.0546984,1.4574,0,-1,0,-1,0,129
4450,4.45,0.05472,1.44996,0,-1,0,-1,0,129
4451,4.451,0.0547416,1.4424,0,-1,0,-1,0,129
4452,4.452,0.0547632,1.43496,0,-1,0,-1,0,129
4453,4.453,0.0547848,1.42752,0,-1,0,-1,0,129
4454,4.454,0.0548064,1.41996,0,-1,0,-1,0,129
4455,4.455,0.054828,1.41252,0,-1,0,-1,0,129
4456,4.456,0.0548496,1.40508,0,-1,0,-1,0,129
4457,4.457,0.0548712,1.39764,0,-1,0,-1,0,129
4458,4.458,0.0548928,1.39008,0,-1,0,-1,0,129
4459,4.459,0.0549144,1.38264,0,-1,0,-1,0,129
4460,4.46,0.054936,1.3752,0,-1,0,-1,0,129
4461,4.461,0.0549576,1.36776,0,-1,0,-1,0,129
4462,4.462,0.0549792,1.3602,0,-1,0,-1,0,129
4463,4.463,0.0550008,1.35276,0,-1,0,-1,0,129
4464,4.464,0.0550224,1.34532,1,130,0,8,0,130
4465,4.465,0.055044,1.33788,0,-1,0,-1,0,130
4466,4.466,0.0550656,1.33032,0,-1,0,-1,0,130
4467,4.467,0.0550872,1.32288,0,-1,0,-1,0,130
4468,4.468,0.0551088,1.31544,0,-1,0,-1,0,130
4469,4.469,0.0551304,1.30788,0,-1,0,-1,0,130
4470,4.47,0.055152,1.30044,0,-1,0,-1,0,130
4471,4.471,0.0551736,1.293,0,-1,0,-1,0,130
4472,4.472,0.0551952,1.28556,0,-1,0,-1,0,130
4473,4.473,0.0552168,1.278,0,-1,0,-1,0,130
4474,4.474,0.0552372,1.27056,0,-1,0,-1,0,130
4475,4.475,0.0552588,1.26312,0,-1,0,-1,0,130
4476,4.476,0.0552804,1.25568,0,-1,0,-1,0,130
4477,4.477,0.055302,1.24812,0,-1,0,-1,0,130
4478,4.478,0.0553236,1.24068,0,-1,0,-1,0,130
4479,4.479,0.0553452,1.23324,0,-1,0,-1,0,130
4480,4.48,0.0553668,1.22568,0,-1,0,-1,0,130
4481,4.481,0.0553884,1.21824,0,-1,0,-1,0,130
4482,4.482,0.05541,1.2108,0,-1,0,-1,0,130
4483,4.483,0.0554316,1.20336,0,-1,0,-1,0,130
4484,4.484,0.0554532,1.195848,0,-1,0,-1,0,130
4485,4.485,0.0554748,1.188372,0,-1,0,-1,0,130
4486,4.486,0.0554964,1.180908,1,131,0,8,0,131
4487,4.487,0.055518,1.173432,0,-1,0,-1,0,131
4488,4.488,0.0555396,1.165956,0,-1,0,-1,0,131
4489,4.489,0.0555612,1.15848,0,-1,0,-1,0,131
4490,4.49,0.0555828,1.151016,0,-1,0,-1,0,131
4491,4.491,0.0556044,1.14354,0,-1,0,-1,0,131
4492,4.492,0.055626,1.136064,0,-1,0,-1,0,131
4493,4.493,0.0556476,1.1286,0,-1,0,-1,0,131
4494,4.494,0.0556692,1.121124,0,-1,0,-1,0,131
4495,4.495,0.0556908,1.113648,0,-1,0,-1,0,131
4496,4.496,0.0557124,1.106172,0,-1,0,-1,0,131
4497,4.497,0.055734,1.098708,0,-1,0,-1,0,131
4498,4.498,0.0557556,1.091232,0,-1,0,-1,0,131
4499,4.499,0.0557772,1.083756,0,-1,0,-1,0,131
4500,4.5,0.0557988,1.07628,0,-1,0,-1,0,131
4501,4.501,0.0558204,1.068816,0,-1,0,-1,0,131
4502,4.502,0.055842,1.06134,0,-1,0,-1,0,131
4503,4.503,0.0558636,1.053864,0,-1,0,-1,0,131
4504,4.504,0.0558852,1.046388,0,-1,0,-1,0,131
4505,4.505,0.0559068,1.038924,0,-1,0,-1,0,131
4506,4.506,0.0559284,1.031448,0,-1,0,-1,0,131
4507,4.507,0.05595,1.023972,0,-1,0,-1,0,131
4508,4.508,0.0559716,1.016496,1,132,0,8,0,132
4509,4.509,0.0559932,1.009032,0,-1,0,-1,0,132
4510,4.51,0.0560148,1.001556,0,-1,0,-1,0,132
4511,4.511,0.0560364,0.99408,0,-1,0,-1,0,132
4512,4.512,0.056058,0.986604,0,-1,0,-1,0,132
4513,4.513,0.0560796,0.97914,0,-1,0,-1,0,132
4514,4.514,0.0561012,0.971664,0,-1,0,-1,0,132
4515,4.515,0.0561228,0.964188,0,-1,0,-1,0,132
4516,4.516,0.0561444,0.956712,0,-1,0,-1,0,132
4517,4.517,0.056166,0.949248,0,-1,0,-1,0,132
4518,4.518,0.0561876,0.941772,0,-1,0,-1,0,132
4519,4.519,0.0562092,0.934296,0,-1,0,-1,0,132
4520,4.52,0.0562308,0.92682,0,-1,0,-1,0,132
4521,4.521,0.0562524,0.919356,0,-1,0,-1,0,132
4522,4.522,0.056274,0.91188,0,-1,0,-1,0,132
4523,4.523,0.0562956,0.904404,0,-1,0,-1,0,132
4524,4.524,0.0563172,0.896928,0,-1,0,-1,0,132
4525,4.525,0.0563388,0.889452,0,-1,0,-1,0,132
4526,4.526,0.0563604,0.881988,0,-1,0,-1,0,132
4527,4.527,0.056382,0.874512,0,-1,0,-1,0,132
4528,4.528,0.0564036,0.867036,0,-1,0,-1,0,132
4529,4.529,0.0564252,0.85956,0,-1,0,-1,0,132
4530,4.53,0.0564468,0.852096,1,133,0,8,0,133
4531,4.531,0.0564684,0.84462,0,-1,0,-1,0,133
4532,4.532,0.05649,0.837144,0,-1,0,-1,0,133
4533,4.533,0.0565116,0.829668,0,-1,0,-1,0,133
4534,4.534,0.0565332,0.822192,0,-1,0,-1,0,133
4535,4.535,0.0565548,0.814728,0,-1,0,-1,0,133
4536,4.536,0.0565764,0.807252,0,-1,0,-1,0,133
4537,4.537,0.056598,0.799776,0,-1,0,-1,0,133
4538,4.538,0.0566196,0.7923,0,-1,0,-1,0,133
4539,4.539,0.0566412,0.784824,0,-1,0,-1,0,133
4540,4.54,0.0566628,0.77736,0,-1,0,-1,0,133
4541,4.541,0.0566844,0.769884,0,-1,0,-1,0,133
4542,4.542,0.056706,0.762408,0,-1,0,-1,0,133
4543,4.543,0.0567276,0.754932,0,-1,0,-1,0,133
4544,4.544,0.0567492,0.747456,0,-1,0,-1,0,133
4545,4.545,0.0567708,0.739992,0,-1,0,-1,0,133
4546,4.546,0.0567924,0.732516,0,-1,0,-1,0,133
4547,4.547,0.056814,0.72504,0,-1,0,-1,0,133
4548,4.548,0.0568344,0.717564,0,-1,0,-1,0,133
4549,4.549,0.056856,0.710088,0,-1,0,-1,0,133
4550,4.55,0.0568776,0.702612,0,-1,0,-1,0,133
4551,4.551,0.0568992,0.695148,0,-1,0,-1,0,133
4552,4.552,0.0569208,0.687672,1,134,0,8,0,134
4553,4.553,0.0569424,0.680196,0,-1,0,-1,0,134
4554,4.554,0.056964,0.67272,0,-1,0,-1,0,134
4555,4.555,0.0569856,0.665244,0,-1,0,-1,0,134
4556,4.556,0.0570072,0.65778,0,-1,0,-1,0,134
4557,4.557,0.0570288,0.650304,0,-1,0,-1,0,134
4558,4.558,0.0570504,0.642828,0,-1,0,-1,0,134
4559,4.559,0.057072,0.635352,0,-1,0,-1,0,134
4560,4.56,0.0570936,0.627876,0,-1,0,-1,0,134
4561,4.561,0.0571152,0.6204,0,-1,0,-1,0,134
4562,4.562,0.0571368,0.612936,0,-1,0,-1,0,134
4563,4.563,0.0571584,0.60546,0,-1,0,-1,0,134
4564,4.564,0.05718,0.597984,0,-1,0,-1,0,134
4565,4.565,0.0572016,0.590508,0,-1,0,-1,0,134
4566,4.566,0.0572232,0.583032,0,-1,0,-1,0,134
4567,4.567,0.0572448,0.575556,0,-1,0,-1,0,134
4568,4.568,0.0572664,0.568092,0,-1,0,-1,0,134
4569,4.569,0.057288,0.560616,0,-1,0,-1,0,134
4570,4.57,0.0573096,0.55314,0,-1,0,-1,0,134
4571,4.571,0.0573312,0.545664,0,-1,0,-1,0,134
4572,4.572,0.0573528,0.538188,0,-1,0,-1,0,134
4573,4.573,0.0573744,0.530712,0,-1,0,-1,0,134
4574,4.574,0.057396,0.523236,1,135,0,8,0,135
4575,4.575,0.0574176,0.515772,0,-1,0,-1,0,135
4576,4.576,0.0574392,0.508296,0,-1,0,-1,0,135
4577,4.577,0.0574608,0.50082,0,-1,0,-1,0,135
4578,4.578,0.0574824,0.493344,0,-1,0,-1,0,135
4579,4.579,0.057504,0.485868,0,-1,0,-1,0,135
4580,4.58,0.0575256,0.478392,0,-1,0,-1,0,135
4581,4.581,0.0575472,0.470916,0,-1,0,-1,0,135
4582,4.582,0.0575688,0.463452,0,-1,0,-1,0,135
4583,4.583,0.0575904,0.455976,0,-1,0,-1,0,135
4584,4.584,0.057612,0.4485,0,-1,0,-1,0,135
4585,4.585,0.0576336,0.441024,0,-1,0,-1,0,135
4586,4.586,0.0576552,0.433548,0,-1,0,-1,0,135
4587,4.587,0.0576768,0.426072,0,-1,0,-1,0,135
4588,4.588,0.0576984,0.418596,0,-1,0,-1,0,135
4589,4.589,0.05772,0.41112,0,-1,0,-1,0,135
4590,4.59,0.0577416,0.403656,0,-1,0,-1,0,135
4591,4.591,0.0577632,0.39618,0,-1,0,-1,0,135
4592,4.592,0.0577848,0.388704,0,-1,0,-1,0,135
4593,4.593,0.0578064,0.381228,0,-1,0,-1,0,135
4594,4.594,0.057828,0.373752,0,-1,0,-1,0,135
4595,4.595,0.0578496,0.366276,0,-1,0,-1,0,135
4596,4.596,0.0578712,0.3588,1,136,0,8,0,136
4597,4.597,0.0578928,0.351324,0,-1,0,-1,0,136
4598,4.598,0.0579144,0.34386,0,-1,0,-1,0,136
4599,4.599,0.057936,0.336384,0,-1,0,-1,0,136
4600,4.6,0.0579576,0.328908,0,-1,0,-1,0,136
4601,4.601,0.0579792,0.321432,0,-1,0,-1,0,136
4602,4.602,0.0580008,0.313956,0,-1,0,-1,0,136
4603,4.603,0.0580224,0.30648,0,-1,0,-1,0,136
4604,4.604,0.058044,0.299004,0,-1,0,-1,0,136
4605,4.605,0.0580656,0.291528,0,-1,0,-1,0,136
4606,4.606,0.0580872,0.284052,0,-1,0,-1,0,136
4607,4.607,0.0581088,0.276576,0,-1,0,-1,0,136
4608,4.608,0.0581304,0.269112,0,-1,0,-1,0,136
4609,4.609,0.058152,0.261636,0,-1,0,-1,0,136
4610,4.61,0.0581736,0.25416,0,-1,0,-1,0,136
4611,4.611,0.0581952,0.246684,0,-1,0,-1,0,136
4612,4.612,0.0582168,0.239208,0,-1,0,-1,0,136
4613,4.613,0.0582384,0.231732,0,-1,0,-1,0,136
4614,4.614,0.05826,0.224256,0,-1,0,-1,0,136
4615,4.615,0.0582816,0.21678,0,-1,0,-1,0,136
4616,4.616,0.0583032,0.209304,0,-1,0,-1,0,136
4617,4.617,0.0583248,0.201828,0,-1,0,-1,0,136
4618,4.618,0.0583464,0.194352,1,137,0,8,0,137
4619,4.619,0.058368,0.186888,0,-1,0,-1,0,137
4620,4.62,0.0583896,0.179412,0,-1,0,-1,0,137
4621,4.621,0.0584112,0.171936,0,-1,0,-1,0,137
4622,4.622,0.0584328,0.16446,0,-1,0,-1,0,137
4623,4.623,0.0584544,0.156984,0,-1,0,-1,0,137
4624,4.624,0.058476,0.149508,0,-1,0,-1,0,137
4625,4.625,0.0584976,0.142032,0,-1,0,-1,0,137
4626,4.626,0.0585192,0.134556,0,-1,0,-1,0,137
4627,4.627,0.0585408,0.12708,0,-1,0,-1,0,137
4628,4.628,0.0585624,0.1196064,0,-1,0,-1,0,137
4629,4.629,0.058584,0.1121304,0,-1,0,-1,0,137
4630,4.63,0.0586056,0.1046556,0,-1,0,-1,0,137
4631,4.631,0.0586272,0.0971796,0,-1,0,-1,0,137
4632,4.632,0.0586488,0.0897048,0,-1,0,-1,0,137
4633,4.633,0.0586704,0.08223,0,-1,0,-1,0,137
4634,4.634,0.058692,0.074754,0,-1,0,-1,0,137
4635,4.635,0.0587136,0.0672792,0,-1,0,-1,0,137
4636,4.636,0.0587352,0.0598032,0,-1,0,-1,0,137
4637,4.637,0.0587568,0.0523284,0,-1,0,-1,0,137
4638,4.638,0.0587784,0.0448524,0,-1,0,-1,0,137
4639,4.639,0.0588,0.0373776,0,-1,0,-1,0,137
4640,4.64,0.0588216,0.0299016,1,138,0,8,0,138
4641,4.641,0.0588432,0.0224268,0,-1,0,-1,0,138
4642,4.642,0.0588648,0.0149508,0,-1,0,-1,0,138
4643,4.643,0.0588864,0.00747552,0,-1,0,-1,0,138
4644,4.644,0.058908,0.0,0,-1,0,-1,0,138
4645,4.645,0.0589296,-0.00747552,0,-1,0,-1,0,138
4646,4.646,0.0589512,-0.0149508,0,-1,0,-1,0,138
4647,4.647,0.0589728,-0.0224268,0,-1,0,-1,0,138
4648,4.648,0.0589944,-0.0299028,0,-1,0,-1,0,138
4649,4.649,0.059016,-0.0373776,0,-1,0,-1,0,138
4650,4.65,0.0590376,-0.0448536,0,-1,0,-1,0,138
4651,4.651,0.0590592,-0.0523296,0,-1,0,-1,0,138
4652,4.652,0.0590796,-0.0598044,0,-1,0,-1,0,138
4653,4.653,0.0591012,-0.0672804,0,-1,0,-1,0,138
4654,4.654,0.0591228,-0.0747564,0,-1,0,-1,0,138
4655,4.655,0.0591444,-0.0822312,0,-1,0,-1,0,138
4656,4.656,0.059166,-0.0897072,0,-1,0,-1,0,138
4657,4.657,0.0591876,-0.0971832,0,-1,0,-1,0,138
4658,4.658,0.0592092,-0.1046592,0,-1,0,-1,0,138
4659,4.659,0.0592308,-0.1121352,0,-1,0,-1,0,138
4660,4.66,0.0592524,-0.11961,0,-1,0,-1,0,138
4661,4.661,0.059274,-0.127092,0,-1,0,-1,0,138
4662,4.662,0.0592956,-0.134568,1,139,0,8,0,139
4663,4.663,0.0593172,-0.142044,0,-1,0,-1,0,139
4664,4.664,0.0593388,-0.149508,0,-1,0,-1,0,139
4665,4.665,0.0593604,-0.156984,0,-1,0,-1,0,139
4666,4.666,0.059382,-0.16446,0,-1,0,-1,0,139
4667,4.667,0.0594036,-0.171936,0,-1,0,-1,0,139
4668,4.668,0.0594252,-0.179412,0,-1,0,-1,0,139
4669,4.669,0.0594468,-0.186888,0,-1,0,-1,0,139
4670,4.67,0.0594684,-0.194364,0,-1,0,-1,0,139
4671,4.671,0.05949,-0.20184,0,-1,0,-1,0,139
4672,4.672,0.0595116,-0.209316,0,-1,0,-1,0,139
4673,4.673,0.0595332,-0.216792,0,-1,0,-1,0,139
4674,4.674,0.0595548,-0.224268,0,-1,0,-1,0,139
4675,4.675,0.0595764,-0.231744,0,-1,0,-1,0,139
4676,4.676,0.059598,-0.23922,0,-1,0,-1,0,139
4677,4.677,0.0596196,-0.246696,0,-1,0,-1,0,139
4678,4.678,0.0596412,-0.254184,0,-1,0,-1,0,139
4679,4.679,0.0596628,-0.26166,0,-1,0,-1,0,139
4680,4.68,0.0596844,-0.269136,0,-1,0,-1,0,139
4681,4.681,0.059706,-0.276612,0,-1,0,-1,0,139
4682,4.682,0.0597276,-0.284088,0,-1,0,-1,0,139
4683,4.683,0.0597492,-0.291564,0,-1,0,-1,0,139
4684,4.684,0.0597708,-0.29904,1,140,0,8,0,140
4685,4.685,0.0597924,-0.306516,0,-1,0,-1,0,140
4686,4.686,0.059814,-0.313992,0,-1,0,-1,0,140
4687,4.687,0.0598356,-0.321468,0,-1,0,-1,0,140
4688,4.688,0.0598572,-0.328944,0,-1,0,-1,0,140
4689,4.689,0.0598788,-0.33642,0,-1,0,-1,0,140
4690,4.69,0.0599004,-0.343896,0,-1,0,-1,0,140
4691,4.691,0.059922,-0.351372,0,-1,0,-1,0,140
4692,4.692,0.0599436,-0.358848,0,-1,0,-1,0,140
4693,4.693,0.0599652,-0.366324,0,-1,0,-1,0,140
4694,4.694,0.0599868,-0.3738,0,-1,0,-1,0,140
4695,4.695,0.0600084,-0.381276,0,-1,0,-1,0,140
4696,4.696,0.06003,-0.388752,0,-1,0,-1,0,140
4697,4.697,0.0600516,-0.396228,0,-1,0,-1,0,140
4698,4.698,0.0600732,-0.403704,0,-1,0,-1,0,140
4699,4.699,0.0600948,-0.41118,0,-1,0,-1,0,140
4700,4.7,0.0601164,-0.418656,0,-1,0,-1,0,140
4701,4.701,0.060138,-0.426132,0,-1,0,-1,0,140
4702,4.702,0.0601596,-0.433608,0,-1,0,-1,0,140
4703,4.703,0.0601812,-0.441084,0,-1,0,-1,0,140
4704,4.704,0.0602028,-0.44856,0,-1,0,-1,0,140
4705,4.705,0.0602244,-0.456036,0,-1,0,-1,0,140
4706,4.706,0.060246,-0.463512,1,141,0,8,0,141
4707,4.707,0.0602676,-0.470988,0,-1,0,-1,0,141
4708,4.708,0.0602892,-0.478476,0,-1,0,-1,0,141
4709,4.709,0.0603108,-0.485952,0,-1,0,-1,0,141
4710,4.71,0.0603324,-0.493428,0,-1,0,-1,0,141
4711,4.711,0.060354,-0.500904,0,-1,0,-1,0,141
4712,4.712,0.0603756,-0.50838,0,-1,0,-1,0,141
4713,4.713,0.0603972,-0.515856,0,-1,0,-1,0,141
4714,4.714,0.0604188,-0.523332,0,-1,0,-1,0,141
4715,4.715,0.0604404,-0.530808,0,-1,0,-1,0,141
4716,4.716,0.060462,-0.538284,0,-1,0,-1,0,141
4717,4.717,0.0604836,-0.54576,0,-1,0,-1,0,141
4718,4.718,0.0605052,-0.553236,0,-1,0,-1,0,141
4719,4.719,0.0605268,-0.560712,0,-1,0,-1,0,141
4720,4.72,0.0605484,-0.568188,0,-1,0,-1,0,141
4721,4.721,0.06057,-0.575664,0,-1,0,-1,0,141
4722,4.722,0.0605916,-0.58314,0,-1,0,-1,0,141
4723,4.723,0.0606132,-0.590628,0,-1,0,-1,0,141
4724,4.724,0.0606348,-0.598104,0,-1,0,-1,0,141
4725,4.725,0.0606564,-0.60558,0,-1,0,-1,0,141
4726,4.726,0.060678,-0.613056,0,-1,0,-1,0,141
4727,4.727,0.0606996,-0.620532,0,-1,0,-1,0,141
4728,4.728,0.0607212,-0.628008,1,142,0,8,0,142
4729,4.729,0.0607428,-0.635484,0,-1,0,-1,0,142
4730,4.73,0.0607644,-0.64296,0,-1,0,-1,0,142
4731,4.731,0.060786,-0.650436,0,-1,0,-1,0,142
4732,4.732,0.0608076,-0.657912,0,-1,0,-1,0,142
4733,4.733,0.0608292,-0.665388,0,-1,0,-1,0,142
4734,4.734,0.0608508,-0.672876,0,-1,0,-1,0,142
4735,4.735,0.0608724,-0.680352,0,-1,0,-1,0,142
4736,4.736,0.060894,-0.687828,0,-1,0,-1,0,142
4737,4.737,0.0609156,-0.695304,0,-1,0,-1,0,142
4738,4.738,0.0609372,-0.70278,0,-1,0,-1,0,142
4739,4.739,0.0609588,-0.710256,0,-1,0,-1,0,142
4740,4.74,0.0609804,-0.717732,0,-1,0,-1,0,142
4741,4.741,0.061002,-0.725208,0,-1,0,-1,0,142
4742,4.742,0.0610236,-0.732684,0,-1,0,-1,0,142
4743,4.743,0.0610452,-0.74016,0,-1,0,-1,0,142
4744,4.744,0.0610668,-0.747648,0,-1,0,-1,0,142
4745,4.745,0.0610884,-0.755124,0,-1,0,-1,0,142
4746,4.746,0.06111,-0.7626,0,-1,0,-1,0,142
4747,4.747,0.0611316,-0.770076,0,-1,0,-1,0,142
4748,4.748,0.0611532,-0.777552,0,-1,0,-1,0,142
4749,4.749,0.0611748,-0.785028,0,-1,0,-1,0,142
4750,4.75,0.0611964,-0.792504,1,143,0,8,0,143
4751,4.751,0.061218,-0.79998,0,-1,0,-1,0,143
4752,4.752,0.0612396,-0.807468,0,-1,0,-1,0,143
4753,4.753,0.0612612,-0.814944,0,-1,0,-1,0,143
4754,4.754,0.0612828,-0.82242,0,-1,0,-1,0,143
4755,4.755,0.0613044,-0.829896,0,-1,0,-1,0,143
4756,4.756,0.061326,-0.837372,0,-1,0,-1,0,143
4757,4.757,0.0613476,-0.844848,0,-1,0,-1,0,143
4758,4.758,0.0613692,-0.852324,0,-1,0,-1,0,143
4759,4.759,0.0613908,-0.8598,0,-1,0,-1,0,143
4760,4.76,0.0614124,-0.867288,0,-1,0,-1,0,143
4761,4.761,0.061434,-0.874764,0,-1,0,-1,0,143
4762,4.762,0.0614556,-0.88224,0,-1,0,-1,0,143
4763,4.763,0.0614772,-0.889716,0,-1,0,-1,0,143
4764,4.764,0.0614988,-0.897192,0,-1,0,-1,0,143
4765,4.765,0.0615204,-0.904668,0,-1,0,-1,0,143
4766,4.766,0.061542,-0.912144,0,-1,0,-1,0,143
4767,4.767,0.0615636,-0.919632,0,-1,0,-1,0,143
4768,4.768,0.0615852,-0.927108,0,-1,0,-1,0,143
4769,4.769,0.0616068,-0.934584,0,-1,0,-1,0,143
4770,4.77,0.0616284,-0.94206,0,-1,0,-1,0,143
4771,4.771,0.06165,-0.949536,0,-1,0,-1,0,143
4772,4.772,0.0616716,-0.957012,0,-1,0,-1,0,143
4773,4.773,0.0616932,-0.964488,0,-1,0,-1,0,143
4774,4.774,0.0617148,-0.971976,0,-1,0,-1,0,143
4775,4.775,0.0617364,-0.979452,0,-1,0,-1,0,143
4776,4.776,0.061758,-0.986928,0,-1,0,-1,0,143
4777,4.777,0.0617796,-0.994404,0,-1,0,-1,0,143
4778,4.778,0.0618012,-1.00188,0,-1,0,-1,0,143
4779,4.779,0.0618228,-1.009356,0,-1,0,-1,0,143
4780,4.78,0.0618444,-1.016844,0,-1,0,-1,0,143
4781,4.781,0.061866,-1.02432,0,-1,0,-1,0,143
4782,4.782,0.0618876,-1.031796,0,-1,0,-1,0,143
4783,4.783,0.0619092,-1.039272,0,-1,0,-1,0,143
4784,4.784,0.0619308,-1.046748,0,-1,0,-1,0,143
4785,4.785,0.0619524,-1.054224,0,-1,0,-1,0,143
4786,4.786,0.061974,-1.061712,0,-1,0,-1,0,143
4787,4.787,0.0619956,-1.069188,0,-1,0,-1,0,143
4788,4.788,0.0620172,-1.076664,0,-1,0,-1,0,143
4789,4.789,0.0620388,-1.08414,0,-1,0,-1,0,143
4790,4.79,0.0620604,-1.091616,0,-1,0,-1,0,143
4791,4.791,0.062082,-1.099104,0,-1,0,-1,0,143
4792,4.792,0.0621036,-1.10658,0,-1,0,-1,0,143
4793,4.793,0.0621252,-1.114056,0,-1,0,-1,0,143
4794,4.794,0.0621468,-1.121532,0,-1,0,-1,0,143
4795,4.795,0.0621684,-1.129008,0,-1,0,-1,0,143
4796,4.796,0.06219,-1.136484,0,-1,0,-1,0,143
4797,4.797,0.0622116,-1.143972,0,-1,0,-1,0,143
4798,4.798,0.0622332,-1.151448,0,-1,0,-1,0,143
4799,4.799,0.0622548,-1.158924,0,-1,0,-1,0,143
4800,4.8,0.0622764,-1.1664,0,-1,0,-1,0,143
4801,4.801,0.062298,-1.173876,0,-1,0,-1,0,143
4802,4.802,0.0623196,-1.181364,0,-1,0,-1,0,143
4803,4.803,0.0623412,-1.18884,0,-1,0,-1,0,143
4804,4.804,0.0623628,-1.196316,0,-1,0,-1,0,143
4805,4.805,0.0623844,-1.20384,0,-1,0,-1,0,143
4806,4.806,0.062406,-1.21128,0,-1,0,-1,0,143
4807,4.807,0.0624276,-1.21872,0,-1,0,-1,0,143
4808,4.808,0.0624492,-1.22628,0,-1,0,-1,0,143
4809,4.809,0.0624708,-1.23372,0,-1,0,-1,0,143
4810,4.81,0.0624924,-1.24116,0,-1,0,-1,0,143
4811,4.811,0.062514,-1.24872,0,-1,0,-1,0,143
4812,4.812,0.0625356,-1.25616,0,-1,0,-1,0,143
4813,4.813,0.0625572,-1.2636,0,-1,0,-1,0,143
4814,4.814,0.0625788,-1.27116,0,-1,0,-1,0,143
4815,4.815,0.0626004,-1.2786,0,-1,0,-1,0,143
4816,4.816,0.062622,-1.28604,0,-1,0,-1,0,143
4817,4.817,0.0626436,-1.29348,0,-1,0,-1,0,143
4818,4.818,0.0626652,-1.30104,0,-1,0,-1,0,143
4819,4.819,0.0626868,-1.30848,0,-1,0,-1,0,143
4820,4.82,0.0627084,-1.31592,0,-1,0,-1,0,143
4821,4.821,0.06273,-1.32348,0,-1,0,-1,0,143
4822,4.822,0.0627516,-1.33092,0,-1,0,-1,0,143
4823,4.823,0.0627732,-1.33836,0,-1,0,-1,0,143
4824,4.824,0.0627948,-1.34592,0,-1,0,-1,0,143
4825,4.825,0.0628164,-1.35336,0,-1,0,-1,0,143
4826,4.826,0.062838,-1.3608,0,-1,0,-1,0,143
4827,4.827,0.0628596,-1.36836,0,-1,0,-1,0,143
4828,4.828,0.0628812,-1.3758,0,-1,0,-1,0,143
4829,4.829,0.0629028,-1.38324,0,-1,0,-1,0,143
4830,4.83,0.0629244,-1.3908,0,-1,0,-1,0,143
4831,4.831,0.062946,-1.39824,0,-1,0,-1,0,143
4832,4.832,0.0629676,-1.40568,0,-1,0,-1,0,143
4833,4.833,0.0629892,-1.41324,0,-1,0,-1,0,143
4834,4.834,0.0630108,-1.42068,0,-1,0,-1,0,143
4835,4.835,0.0630324,-1.42812,0,-1,0,-1,0,143
4836,4.836,0.063054,-1.43568,0,-1,0,-1,0,143
4837,4.837,0.0630756,-1.44312,0,-1,0,-1,0,143
4838,4.838,0.0630972,-1.45056,0,-1,0,-1,0,143
4839,4.839,0.0631188,-1.45812,0,-1,0,-1,0,143
4840,4.84,0.0631404,-1.46556,0,-1,0,-1,0,143
4841,4.841,0.063162,-1.473,0,-1,0,-1,0,143
4842,4.842,0.0631836,-1.48056,0,-1,0,-1,0,143
4843,4.843,0.0632052,-1.488,0,-1,0,-1,0,143
4844,4.844,0.0632268,-1.49544,0,-1,0,-1,0,143
4845,4.845,0.0632484,-1.503,0,-1,0,-1,0,143
4846,4.846,0.06327,-1.51044,0,-1,0,-1,0,143
4847,4.847,0.0632916,-1.51788,0,-1,0,-1,0,143
4848,4.848,0.0633132,-1.52544,0,-1,0,-1,0,143
4849,4.849,0.0633348,-1.53288,0,-1,0,-1,0,143
4850,4.85,0.0633564,-1.54032,0,-1,0,-1,0,143
4851,4.851,0.063378,-1.54788,0,-1,0,-1,0,143
4852,4.852,0.0633996,-1.55532,0,-1,0,-1,0,143
4853,4.853,0.0634212,-1.56276,0,-1,0,-1,0,143
4854,4.854,0.0634428,-1.57032,0,-1,0,-1,0,143
4855,4.855,0.0634644,-1.57776,0,-1,0,-1,0,143
4856,4.856,0.063486,-1.5852,0,-1,0,-1,0,143
4857,4.857,0.0635076,-1.59264,0,-1,0,-1,0,143
4858,4.858,0.0635292,-1.6002,0,-1,0,-1,0,143
4859,4.859,0.0635508,-1.60764,0,-1,0,-1,0,143
4860,4.86,0.0635724,-1.61508,0,-1,0,-1,0,143
4861,4.861,0.063594,-1.62264,0,-1,0,-1,0,143
4862,4.862,0.0636156,-1.63008,0,-1,0,-1,0,143
4863,4.863,0.0636372,-1.63752,0,-1,0,-1,0,143
4864,4.864,0.0636588,-1.64508,0,-1,0,-1,0,143
4865,4.865,0.0636804,-1.65252,0,-1,0,-1,0,143
4866,4.866,0.063702,-1.65996,0,-1,0,-1,0,143
4867,4.867,0.0637236,-1.66752,0,-1,0,-1,0,143
4868,4.868,0.0637452,-1.67496,0,-1,0,-1,0,143
4869,4.869,0.0637668,-1.6824,0,-1,0,-1,0,143
4870,4.87,0.0637884,-1.68996,0,-1,0,-1,0,143
4871,4.871,0.06381,-1.6974,0,-1,0,-1,0,143
4872,4.872,0.0638316,-1.70484,0,-1,0,-1,0,143
4873,4.873,0.0638532,-1.7124,0,-1,0,-1,0,143
4874,4.874,0.0638748,-1.71984,0,-1,0,-1,0,143
4875,4.875,0.06807,-1.72644,0,-1,0,-1,0,143
4876,4.876,0.0680916,-1.73388,0,-1,0,-1,0,143
4877,4.877,0.0681132,-1.74144,0,-1,0,-1,0,143
4878,4.878,0.0723048,-1.74792,0,-1,0,-1,0,143
4879,4.879,0.0723264,-1.75548,0,-1,0,-1,0,143
4880,4.88,0.0765132,-1.76196,0,-1,0,-1,0,143
4881,4.881,0.0806952,-1.76856,0,-1,0,-1,0,143
4882,4.882,0.0848736,-1.77516,0,-1,0,-1,0,143
4883,4.883,0.0890472,-1.78164,0,-1,0,-1,0,143
4884,4.884,0.0932172,-1.78824,0,-1,0,-1,0,143
4885,4.885,0.0973608,-1.78728,0,-1,0,-1,0,143
4886,4.886,0.1015224,-1.79376,0,-1,0,-1,0,143
4887,4.887,0.1056576,-1.79292,0,-1,0,-1,0,143
4888,4.888,0.109788,-1.79196,0,-1,0,-1,0,143
4889,4.889,0.1139364,-1.79844,0,-1,0,-1,0,143
4890,4.89,0.1180596,-1.7976,0,-1,0,-1,0,143
4891,4.891,0.122172,-1.79664,0,-1,0,-1,0,143
4892,4.892,0.126288,-1.79568,0,-1,0,-1,0,143
4893,4.893,0.130404,-1.79484,0,-1,0,-1,0,143
4894,4.894,0.134508,-1.79388,0,-1,0,-1,0,143
4895,4.895,0.138612,-1.79304,0,-1,0,-1,0,143
4896,4.896,0.14268,-1.78464,0,-1,0,-1,0,143
4897,4.897,0.146784,-1.7838,0,-1,0,-1,0,143
4898,4.898,0.150864,-1.78284,0,-1,0,-1,0,143
4899,4.899,0.154932,-1.77456,0,-1,0,-1,0,143
4900,4.9,0.159012,-1.7736,0,-1,0,-1,0,143
4901,4.901,0.163068,-1.76532,0,-1,0,-1,0,143
4902,4.902,0.167124,-1.75704,0,-1,0,-1,0,143
4903,4.903,0.171168,-1.74876,0,-1,0,-1,0,143
4904,4.904,0.175212,-1.74048,0,-1,0,-1,0,143
4905,4.905,0.179244,-1.73232,0,-1,0,-1,0,143
4906,4.906,0.17922,-1.72488,0,-1,0,-1,0,143
4907,4.907,0.183264,-1.7166,0,-1,0,-1,0,143
4908,4.908,0.18324,-1.70928,0,-1,0,-1,0,143
4909,4.909,0.183216,-1.70196,0,-1,0,-1,0,143
4910,4.91,0.187248,-1.69368,0,-1,0,-1,0,143
4911,4.911,0.187224,-1.68636,0,-1,0,-1,0,143
4912,4.912,0.1872,-1.67892,0,-1,0,-1,0,143
4913,4.913,0.187188,-1.6716,0,-1,0,-1,0,143
4914,4.914,0.187164,-1.66416,1,144,1,9,0,144
4915,4.915,0.18714,-1.65684,0,-1,0,-1,0,144
4916,4.916,0.187116,-1.64952,0,-1,0,-1,0,144
4917,4.917,0.187092,-1.64208,0,-1,0,-1,0,144
4918,4.918,0.18708,-1.63476,0,-1,0,-1,0,144
4919,4.919,0.187056,-1.62744,0,-1,0,-1,0,144
4920,4.92,0.187032,-1.62,0,-1,0,-1,0,144
4921,4.921,0.187008,-1.61268,0,-1,0,-1,0,144
4922,4.922,0.186996,-1.60524,0,-1,0,-1,0,144
4923,4.923,0.186972,-1.59792,0,-1,0,-1,0,144
4924,4.924,0.186948,-1.5906,0,-1,0,-1,0,144
4925,4.925,0.186924,-1.58316,0,-1,0,-1,0,144
4926,4.926,0.1869,-1.57584,0,-1,0,-1,0,144
4927,4.927,0.186888,-1.56852,0,-1,0,-1,0,144
4928,4.928,0.186864,-1.56108,0,-1,0,-1,0,144
4929,4.929,0.18684,-1.55376,0,-1,0,-1,0,144
4930,4.93,0.186816,-1.54632,0,-1,0,-1,0,144
4931,4.931,0.186792,-1.539,0,-1,0,-1,0,144
4932,4.932,0.18678,-1.53168,0,-1,0,-1,0,144
4933,4.933,0.186756,-1.52424,0,-1,0,-1,0,144
4934,4.934,0.186732,-1.51692,0,-1,0,-1,0,144
4935,4.935,0.186708,-1.5096,1,145,0,9,0,145
4936,4.936,0.186696,-1.50216,0,-1,0,-1,0,145
4937,4.937,0.186672,-1.49484,0,-1,0,-1,0,145
4938,4.938,0.186648,-1.4874,0,-1,0,-1,0,145
4939,4.939,0.186624,-1.48008,0,-1,0,-1,0,145
4940,4.94,0.1866,-1.47276,0,-1,0,-1,0,145
4941,4.941,0.186588,-1.46532,0,-1,0,-1,0,145
4942,4.942,0.186564,-1.458,0,-1,0,-1,0,145
4943,4.943,0.18654,-1.45056,0,-1,0,-1,0,145
4944,4.944,0.186516,-1.44324,0,-1,0,-1,0,145
4945,4.945,0.186492,-1.43592,0,-1,0,-1,0,145
4946,4.946,0.18648,-1.42848,0,-1,0,-1,0,145
4947,4.947,0.186456,-1.42116,0,-1,0,-1,0,145
4948,4.948,0.186432,-1.41384,0,-1,0,-1,0,145
4949,4.949,0.186408,-1.4064,0,-1,0,-1,0,145
4950,4.95,0.186396,-1.39908,0,-1,0,-1,0,145
4951,4.951,0.186372,-1.39164,0,-1,0,-1,0,145
4952,4.952,0.186348,-1.38432,0,-1,0,-1,0,145
4953,4.953,0.186324,-1.377,0,-1,0,-1,0,145
4954,4.954,0.1863,-1.36956,0,-1,0,-1,0,145
4955,4.955,0.186288,-1.36224,0,-1,0,-1,0,145
4956,4.956,0.186264,-1.35492,1,146,0,9,0,146
4957,4.957,0.18624,-1.34748,0,-1,0,-1,0,146
4958,4.958,0.186216,-1.34016,0,-1,0,-1,0,146
4959,4.959,0.186192,-1.33272,0,-1,0,-1,0,146
4960,4.96,0.18618,-1.3254,0,-1,0,-1,0,146
4961,4.961,0.186156,-1.31808,0,-1,0,-1,0,146
4962,4.962,0.186132,-1.31064,0,-1,0,-1,0,146
4963,4.963,0.186108,-1.30332,0,-1,0,-1,0,146
4964,4.964,0.186096,-1.296,0,-1,0,-1,0,146
4965,4.965,0.186072,-1.28856,0,-1,0,-1,0,146
4966,4.966,0.186048,-1.28124,0,-1,0,-1,0,146
4967,4.967,0.186024,-1.2738,0,-1,0,-1,0,146
4968,4.968,0.186,-1.26648,0,-1,0,-1,0,146
4969,4.969,0.185988,-1.25916,0,-1,0,-1,0,146
4970,4.97,0.185964,-1.25172,0,-1,0,-1,0,146
4971,4.971,0.18594,-1.2444,0,-1,0,-1,0,146
4972,4.972,0.185916,-1.23708,0,-1,0,-1,0,146
4973,4.973,0.185892,-1.22964,0,-1,0,-1,0,146
4974,4.974,0.18588,-1.22232,0,-1,0,-1,0,146
4975,4.975,0.185856,-1.21488,0,-1,0,-1,0,146
4976,4.976,0.185832,-1.20756,0,-1,0,-1,0,146
4977,4.977,0.185808,-1.20024,1,147,0,9,0,147
4978,4.978,0.185796,-1.192848,0,-1,0,-1,0,147
4979,4.979,0.185772,-1.18548,0,-1,0,-1,0,147
4980,4.98,0.185748,-1.178112,0,-1,0,-1,0,147
4981,4.981,0.185724,-1.170744,0,-1,0,-1,0,147
4982,4.982,0.1857,-1.163388,0,-1,0,-1,0,147
4983,4.983,0.185688,-1.15602,0,-1,0,-1,0,147
4984,4.984,0.185664,-1.148652,0,-1,0,-1,0,147
4985,4.985,0.18564,-1.141296,0,-1,0,-1,0,147
4986,4.986,0.185616,-1.133928,0,-1,0,-1,0,147
4987,4.987,0.185592,-1.12656,0,-1,0,-1,0,147
4988,4.988,0.18558,-1.119192,0,-1,0,-1,0,147
4989,4.989,0.185556,-1.111836,0,-1,0,-1,0,147
4990,4.99,0.185532,-1.104468,0,-1,0,-1,0,147
4991,4.991,0.185508,-1.0971,0,-1,0,-1,0,147
4992,4.992,0.185496,-1.089744,0,-1,0,-1,0,147
4993,4.993,0.185472,-1.082376,0,-1,0,-1,0,147
4994,4.994,0.185448,-1.075008,0,-1,0,-1,0,147
4995,4.995,0.185424,-1.067652,0,-1,0,-1,0,147
4996,4.996,0.1854,-1.060284,0,-1,0,-1,0,147
4997,4.997,0.185388,-1.052916,0,-1,0,-1,0,147
4998,4.998,0.185364,-1.045548,1,148,0,9,0,148
4999,4.999,0.18534,-1.038192,0,-1,0,-1,0,148
5000,5.0,0.185316,-1.030824,0,-1,0,-1,0,148
5001,5.001,0.185292,-1.023456,0,-1,0,-1,0,148
5002,5.002,0.18528,-1.0161,0,-1,0,-1,0,148
5003,5.003,0.185256,-1.008732,0,-1,0,-1,0,148
5004,5.004,0.185232,-1.001364,0,-1,0,-1,0,148
5005,5.005,0.185208,-0.994008,0,-1,0,-1,0,148
5006,5.006,0.185196,-0.98664,0,-1,0,-1,0,148
5007,5.007,0.185172,-0.979272,0,-1,0,-1,0,148
5008,5.008,0.185148,-0.971916,0,-1,0,-1,0,148
5009,5.009,0.185124,-0.964548,0,-1,0,-1,0,148
5010,5.01,0.1851,-0.95718,0,-1,0,-1,0,148
5011,5.011,0.185088,-0.949824,0,-1,0,-1,0,148
5012,5.012,0.185064,-0.942456,0,-1,0,-1,0,148
5013,5.013,0.18504,-0.935088,0,-1,0,-1,0,148
5014,5.014,0.185016,-0.927732,0,-1,0,-1,0,148
5015,5.015,0.185004,-0.920364,0,-1,0,-1,0,148
5016,5.016,0.18498,-0.912996,0,-1,0,-1,0,148
5017,5.017,0.184956,-0.90564,0,-1,0,-1,0,148
5018,5.018,0.184932,-0.898272,0,-1,0,-1,0,148
5019,5.019,0.184908,-0.890904,1,149,0,9,0,149
5020,5.02,0.184896,-0.883548,0,-1,0,-1,0,149
5021,5.021,0.184872,-0.87618,0,-1,0,-1,0,149
5022,5.022,0.184848,-0.868812,0,-1,0,-1,0,149
5023,5.023,0.184824,-0.861456,0,-1,0,-1,0,149
5024,5.024,0.1848,-0.854088,0,-1,0,-1,0,149
5025,5.025,0.184788,-0.84672,0,-1,0,-1,0,149
5026,5.026,0.184764,-0.839364,0,-1,0,-1,0,149
5027,5.027,0.18474,-0.831996,0,-1,0,-1,0,149
5028,5.028,0.184716,-0.824628,0,-1,0,-1,0,149
5029,5.029,0.184704,-0.817272,0,-1,0,-1,0,149
5030,5.03,0.18468,-0.809904,0,-1,0,-1,0,149
5031,5.031,0.184656,-0.802536,0,-1,0,-1,0,149
5032,5.032,0.184632,-0.79518,0,-1,0,-1,0,149
5033,5.033,0.184608,-0.787812,0,-1,0,-1,0,149
5034,5.034,0.184596,-0.780444,0,-1,0,-1,0,149
5035,5.035,0.184572,-0.773088,0,-1,0,-1,0,149
5036,5.036,0.184548,-0.76572,0,-1,0,-1,0,149
5037,5.037,0.184524,-0.758364,0,-1,0,-1,0,149
5038,5.038,0.1845,-0.750996,0,-1,0,-1,0,149
5039,5.039,0.184488,-0.743628,0,-1,0,-1,0,149
5040,5.04,0.184464,-0.736272,1,150,0,9,0,150
5041,5.041,0.18444,-0.728904,0,-1,0,-1,0,150
5042,5.042,0.184416,-0.721536,0,-1,0,-1,0,150
5043,5.043,0.184404,-0.71418,0,-1,0,-1,0,150
5044,5.044,0.18438,-0.706812,0,-1,0,-1,0,150
5045,5.045,0.184356,-0.699456,0,-1,0,-1,0,150
5046,5.046,0.184332,-0.692088,0,-1,0,-1,0,150
5047,5.047,0.184308,-0.68472,0,-1,0,-1,0,150
5048,5.048,0.184296,-0.677364,0,-1,0,-1,0,150
5049,5.049,0.184272,-0.669996,0,-1,0,-1,0,150
5050,5.05,0.184248,-0.662628,0,-1,0,-1,0,150
5051,5.051,0.184224,-0.655272,0,-1,0,-1,0,150
5052,5.052,0.1842,-0.647904,0,-1,0,-1,0,150
5053,5.053,0.184188,-0.640548,0,-1,0,-1,0,150
5054,5.054,0.184164,-0.63318,0,-1,0,-1,0,150
5055,5.055,0.18414,-0.625812,0,-1,0,-1,0,150
5056,5.056,0.184116,-0.618456,0,-1,0,-1,0,150
5057,5.057,0.184104,-0.611088,0,-1,0,-1,0,150
5058,5.058,0.18408,-0.603732,0,-1,0,-1,0,150
5059,5.059,0.184056,-0.596364,0,-1,0,-1,0,150
5060,5.06,0.184032,-0.588996,0,-1,0,-1,0,150
5061,5.061,0.184008,-0.58164,1,151,0,9,0,151
5062,5.062,0.183996,-0.574272,0,-1,0,-1,0,151
5063,5.063,0.183972,-0.566916,0,-1,0,-1,0,151
5064,5.064,0.183948,-0.559548,0,-1,0,-1,0,151
5065,5.065,0.183924,-0.55218,0,-1,0,-1,0,151
5066,5.066,0.1839,-0.544824,0,-1,0,-1,0,151
5067,5.067,0.183888,-0.537456,0,-1,0,-1,0,151
5068,5.068,0.183864,-0.5301,0,-1,0,-1,0,151
5069,5.069,0.18384,-0.522732,0,-1,0,-1,0,151
5070,5.07,0.183816,-0.515364,0,-1,0,-1,0,151
5071,5.071,0.183804,-0.508008,0,-1,0,-1,0,151
5072,5.072,0.18378,-0.50064,0,-1,0,-1,0,151
5073,5.073,0.183756,-0.493284,0,-1,0,-1,0,151
5074,5.074,0.183732,-0.485916,0,-1,0,-1,0,151
5075,5.075,0.183708,-0.47856,0,-1,0,-1,0,151
5076,5.076,0.183696,-0.471192,0,-1,0,-1,0,151
5077,5.077,0.183672,-0.463824,0,-1,0,-1,0,151
5078,5.078,0.183648,-0.456468,0,-1,0,-1,0,151
5079,5.079,0.183624,-0.4491,0,-1,0,-1,0,151
5080,5.08,0.183612,-0.441744,0,-1,0,-1,0,151
5081,5.081,0.183588,-0.434376,0,-1,0,-1,0,151
5082,5.082,0.183564,-0.427008,1,152,0,9,0,152
5083,5.083,0.18354,-0.419652,0,-1,0,-1,0,152
5084,5.084,0.183516,-0.412284,0,-1,0,-1,0,152
5085,5.085,0.183504,-0.404928,0,-1,0,-1,0,152
5086,5.086,0.18348,-0.39756,0,-1,0,-1,0,152
5087,5.087,0.183456,-0.390204,0,-1,0,-1,0,152
5088,5.088,0.183432,-0.382836,0,-1,0,-1,0,152
5089,5.089,0.183408,-0.37548,0,-1,0,-1,0,152
5090,5.09,0.183396,-0.368112,0,-1,0,-1,0,152
5091,5.091,0.183372,-0.360744,0,-1,0,-1,0,152
5092,5.092,0.183348,-0.353388,0,-1,0,-1,0,152
5093,5.093,0.183324,-0.34602,0,-1,0,-1,0,152
5094,5.094,0.183312,-0.338664,0,-1,0,-1,0,152
5095,5.095,0.183288,-0.331296,0,-1,0,-1,0,152
5096,5.096,0.183264,-0.32394,0,-1,0,-1,0,152
5097,5.097,0.18324,-0.316572,0,-1,0,-1,0,152
5098,5.098,0.183216,-0.309216,0,-1,0,-1,0,152
5099,5.099,0.183204,-0.301848,0,-1,0,-1,0,152
5100,5.1,0.18318,-0.29448,0,-1,0,-1,0,152
5101,5.101,0.183156,-0.287124,0,-1,0,-1,0,152
5102,5.102,0.183132,-0.279756,0,-1,0,-1,0,152
5103,5.103,0.183108,-0.2724,1,153,0,9,0,153
5104,5.104,0.183096,-0.265032,0,-1,0,-1,0,153
5105,5.105,0.183072,-0.257676,0,-1,0,-1,0,153
5106,5.106,0.183048,-0.250308,0,-1,0,-1,0,153
5107,5.107,0.183024,-0.242952,0,-1,0,-1,0,153
5108,5.108,0.183012,-0.235584,0,-1,0,-1,0,153
5109,5.109,0.182988,-0.228228,0,-1,0,-1,0,153
5110,5.11,0.182964,-0.22086,0,-1,0,-1,0,153
5111,5.111,0.18294,-0.213504,0,-1,0,-1,0,153
5112,5.112,0.182916,-0.206136,0,-1,0,-1,0,153
5113,5.113,0.182904,-0.19878,0,-1,0,-1,0,153
5114,5.114,0.18288,-0.191412,0,-1,0,-1,0,153
5115,5.115,0.182856,-0.184056,0,-1,0,-1,0,153
5116,5.116,0.182832,-0.176688,0,-1,0,-1,0,153
5117,5.117,0.182808,-0.16932,0,-1,0,-1,0,153
5118,5.118,0.182796,-0.161964,0,-1,0,-1,0,153
5119,5.119,0.182772,-0.154596,0,-1,0,-1,0,153
5120,5.12,0.182748,-0.14724,0,-1,0,-1,0,153
5121,5.121,0.182724,-0.139872,0,-1,0,-1,0,153
5122,5.122,0.182712,-0.132516,0,-1,0,-1,0,153
5123,5.123,0.182688,-0.125148,0,-1,0,-1,0,153
5124,5.124,0.182664,-0.1177908,1,154,0,9,0,154
5125,5.125,0.18264,-0.1104288,0,-1,0,-1,0,154
5126,5.126,0.182616,-0.1030668,0,-1,0,-1,0,154
5127,5.127,0.182604,-0.0957048,0,-1,0,-1,0,154
5128,5.128,0.18258,-0.0883428,0,-1,0,-1,0,154
5129,5.129,0.182556,-0.0809808,0,-1,0,-1,0,154
5130,5.13,0.182532,-0.0736188,0,-1,0,-1,0,154
5131,5.131,0.18252,-0.0662568,0,-1,0,-1,0,154
5132,5.132,0.182496,-0.0588948,0,-1,0,-1,0,154
5133,5.133,0.182472,-0.0515328,0,-1,0,-1,0,154
5134,5.134,0.182448,-0.0441708,0,-1,0,-1,0,154
5135,5.135,0.182424,-0.0368088,0,-1,0,-1,0,154
5136,5.136,0.182412,-0.0294468,0,-1,0,-1,0,154
5137,5.137,0.182388,-0.022086,0,-1,0,-1,0,154
5138,5.138,0.182364,-0.014724,0,-1,0,-1,0,154
5139,5.139,0.18234,-0.00736176,0,-1,0,-1,0,154
5140,5.14,0.182316,0.0,0,-1,0,-1,0,154
5141,5.141,0.182304,0.00736176,0,-1,0,-1,0,154
5142,5.142,0.18228,0.014724,0,-1,0,-1,0,154
5143,5.143,0.182256,0.0220848,0,-1,0,-1,0,154
5144,5.144,0.182232,0.0294468,0,-1,0,-1,0,154
5145,5.145,0.18222,0.0368088,1,155,0,9,0,155
5146,5.146,0.182196,0.0441708,0,-1,0,-1,0,155
5147,5.147,0.182172,0.0515316,0,-1,0,-1,0,155
5148,5.148,0.182148,0.0588936,0,-1,0,-1,0,155
5149,5.149,0.182124,0.0662556,0,-1,0,-1,0,155
5150,5.15,0.182112,0.0736176,0,-1,0,-1,0,155
5151,5.151,0.182088,0.0809784,0,-1,0,-1,0,155
5152,5.152,0.182064,0.0883404,0,-1,0,-1,0,155
5153,5.153,0.18204,0.0957024,0,-1,0,-1,0,155
5154,5.154,0.182016,0.1030632,0,-1,0,-1,0,155
5155,5.155,0.182004,0.1104252,0,-1,0,-1,0,155
5156,5.156,0.18198,0.117786,0,-1,0,-1,0,155
5157,5.157,0.181956,0.125148,0,-1,0,-1,0,155
5158,5.158,0.181932,0.132504,0,-1,0,-1,0,155
5159,5.159,0.18192,0.139872,0,-1,0,-1,0,155
5160,5.16,0.181896,0.147228,0,-1,0,-1,0,155
5161,5.161,0.181872,0.154596,0,-1,0,-1,0,155
5162,5.162,0.181848,0.161952,0,-1,0,-1,0,155
5163,5.163,0.181824,0.16932,0,-1,0,-1,0,155
5164,5.164,0.181812,0.176676,0,-1,0,-1,0,155
5165,5.165,0.181788,0.184044,0,-1,0,-1,0,155
5166,5.166,0.181764,0.1914,1,156,0,9,0,156
5167,5.167,0.18174,0.198768,0,-1,0,-1,0,156
5168,5.168,0.181716,0.206124,0,-1,0,-1,0,156
5169,5.169,0.181704,0.21348,0,-1,0,-1,0,156
5170,5.17,0.18168,0.220848,0,-1,0,-1,0,156
5171,5.171,0.181656,0.228204,0,-1,0,-1,0,156
5172,5.172,0.181632,0.235572,0,-1,0,-1,0,156
5173,5.173,0.18162,0.242928,0,-1,0,-1,0,156
5174,5.174,0.181596,0.250296,0,-1,0,-1,0,156
5175,5.175,0.181572,0.257652,0,-1,0,-1,0,156
5176,5.176,0.181548,0.265008,0,-1,0,-1,0,156
5177,5.177,0.181524,0.272376,0,-1,0,-1,0,156
5178,5.178,0.181512,0.279732,0,-1,0,-1,0,156
5179,5.179,0.181488,0.2871,0,-1,0,-1,0,156
5180,5.18,0.181464,0.294456,0,-1,0,-1,0,156
5181,5.181,0.18144,0.301824,0,-1,0,-1,0,156
5182,5.182,0.181428,0.30918,0,-1,0,-1,0,156
5183,5.183,0.181404,0.316536,0,-1,0,-1,0,156
5184,5.184,0.18138,0.323904,0,-1,0,-1,0,156
5185,5.185,0.181356,0.33126,0,-1,0,-1,0,156
5186,5.186,0.181332,0.338628,0,-1,0,-1,0,156
5187,5.187,0.18132,0.345984,1,157,0,9,0,157
5188,5.188,0.181296,0.35334,0,-1,0,-1,0,157
5189,5.189,0.181272,0.360708,0,-1,0,-1,0,157
5190,5.19,0.181248,0.368064,0,-1,0,-1,0,157
5191,5.191,0.181224,0.375432,0,-1,0,-1,0,157
5192,5.192,0.181212,0.382788,0,-1,0,-1,0,157
5193,5.193,0.181188,0.390156,0,-1,0,-1,0,157
5194,5.194,0.181164,0.397512,0,-1,0,-1,0,157
5195,5.195,0.18114,0.404868,0,-1,0,-1,0,157
5196,5.196,0.181128,0.412236,0,-1,0,-1,0,157
5197,5.197,0.181104,0.419592,0,-1,0,-1,0,157
5198,5.198,0.18108,0.42696,0,-1,0,-1,0,157
5199,5.199,0.181056,0.434316,0,-1,0,-1,0,157
5200,5.2,0.181032,0.441672,0,-1,0,-1,0,157
5201,5.201,0.18102,0.44904,0,-1,0,-1,0,157
5202,5.202,0.180996,0.456396,0,-1,0,-1,0,157
5203,5.203,0.180972,0.463752,0,-1,0,-1,0,157
5204,5.204,0.180948,0.47112,0,-1,0,-1,0,157
5205,5.205,0.180924,0.478476,0,-1,0,-1,0,157
5206,5.206,0.180912,0.485844,0,-1,0,-1,0,157
5207,5.207,0.180888,0.4932,0,-1,0,-1,0,157
5208,5.208,0.180864,0.500556,1,158,0,9,0,158
5209,5.209,0.18084,0.507924,0,-1,0,-1,0,158
5210,5.21,0.180828,0.51528,0,-1,0,-1,0,158
5211,5.211,0.180804,0.522648,0,-1,0,-1,0,158
5212,5.212,0.18078,0.530004,0,-1,0,-1,0,158
5213,5.213,0.180756,0.53736,0,-1,0,-1,0,158
5214,5.214,0.180732,0.544728,0,-1,0,-1,0,158
5215,5.215,0.18072,0.552084,0,-1,0,-1,0,158
5216,5.216,0.180696,0.55944,0,-1,0,-1,0,158
5217,5.217,0.180672,0.566808,0,-1,0,-1,0,158
5218,5.218,0.180648,0.574164,0,-1,0,-1,0,158
5219,5.219,0.180636,0.581532,0,-1,0,-1,0,158
5220,5.22,0.180612,0.588888,0,-1,0,-1,0,158
5221,5.221,0.180588,0.596244,0,-1,0,-1,0,158
5222,5.222,0.180564,0.603612,0,-1,0,-1,0,158
5223,5.223,0.18054,0.610968,0,-1,0,-1,0,158
5224,5.224,0.180528,0.618324,0,-1,0,-1,0,158
5225,5.225,0.180504,0.625692,0,-1,0,-1,0,158
5226,5.226,0.18048,0.633048,0,-1,0,-1,0,158
5227,5.227,0.180456,0.640404,0,-1,0,-1,0,158
5228,5.228,0.180432,0.647772,0,-1,0,-1,0,158
5229,5.229,0.18042,0.655128,1,159,0,9,0,159
5230,5.23,0.180396,0.662484,0,-1,0,-1,0,159
5231,5.231,0.180372,0.669852,0,-1,0,-1,0,159
5232,5.232,0.180348,0.677208,0,-1,0,-1,0,159
5233,5.233,0.180336,0.684576,0,-1,0,-1,0,159
5234,5.234,0.180312,0.691932,0,-1,0,-1,0,159
5235,5.235,0.180288,0.699288,0,-1,0,-1,0,159
5236,5.236,0.180264,0.706656,0,-1,0,-1,0,159
5237,5.237,0.18024,0.714012,0,-1,0,-1,0,159
5238,5.238,0.180228,0.721368,0,-1,0,-1,0,159
5239,5.239,0.180204,0.728736,0,-1,0,-1,0,159
5240,5.24,0.18018,0.736092,0,-1,0,-1,0,159
5241,5.241,0.180156,0.743448,0,-1,0,-1,0,159
5242,5.242,0.180132,0.750816,0,-1,0,-1,0,159
5243,5.243,0.18012,0.758172,0,-1,0,-1,0,159
5244,5.244,0.180096,0.765528,0,-1,0,-1,0,159
5245,5.245,0.180072,0.772896,0,-1,0,-1,0,159
5246,5.246,0.180048,0.780252,0,-1,0,-1,0,159
5247,5.247,0.180036,0.787608,0,-1,0,-1,0,159
5248,5.248,0.180012,0.794976,0,-1,0,-1,0,159
5249,5.249,0.179988,0.802332,0,-1,0,-1,0,159
5250,5.25,0.179964,0.809688,0,-1,0,-1,0,159
5251,5.251,0.17994,0.817056,0,-1,0,-1,0,159
5252,5.252,0.179928,0.824412,0,-1,0,-1,0,159
5253,5.253,0.179904,0.831768,0,-1,0,-1,0,159
5254,5.254,0.17988,0.839124,0,-1,0,-1,0,159
5255,5.255,0.179856,0.846492,0,-1,0,-1,0,159
5256,5.256,0.179844,0.853848,0,-1,0,-1,0,159
5257,5.257,0.17982,0.861204,0,-1,0,-1,0,159
5258,5.258,0.179796,0.868572,0,-1,0,-1,0,159
5259,5.259,0.179772,0.875928,0,-1,0,-1,0,159
5260,5.26,0.179748,0.883284,0,-1,0,-1,0,159
5261,5.261,0.179736,0.890652,0,-1,0,-1,0,159
5262,5.262,0.179712,0.898008,0,-1,0,-1,0,159
5263,5.263,0.179688,0.905364,0,-1,0,-1,0,159
5264,5.264,0.179664,0.912732,0,-1,0,-1,0,159
5265,5.265,0.17964,0.920088,0,-1,0,-1,0,159
5266,5.266,0.179628,0.927444,0,-1,0,-1,0,159
5267,5.267,0.179604,0.9348,0,-1,0,-1,0,159
5268,5.268,0.17958,0.942168,0,-1,0,-1,0,159
5269,5.269,0.179556,0.949524,0,-1,0,-1,0,159
5270,5.27,0.179544,0.95688,0,-1,0,-1,0,159
5271,5.271,0.17952,0.964248,0,-1,0,-1,0,159
5272,5.272,0.179496,0.971604,0,-1,0,-1,0,159
5273,5.273,0.179472,0.97896,0,-1,0,-1,0,159
5274,5.274,0.179448,0.986316,0,-1,0,-1,0,159
5275,5.275,0.179436,0.993684,0,-1,0,-1,0,159
5276,5.276,0.179412,1.00104,0,-1,0,-1,0,159
5277,5.277,0.179388,1.008396,0,-1,0,-1,0,159
5278,5.278,0.179364,1.015764,0,-1,0,-1,0,159
5279,5.279,0.17934,1.02312,0,-1,0,-1,0,159
5280,5.28,0.179328,1.030476,0,-1,0,-1,0,159
5281,5.281,0.179304,1.037832,0,-1,0,-1,0,159
5282,5.282,0.17928,1.0452,0,-1,0,-1,0,159
5283,5.283,0.179256,1.052556,0,-1,0,-1,0,159
5284,5.284,0.179244,1.059912,0,-1,0,-1,0,159
5285,5.285,0.17922,1.06728,0,-1,0,-1,0,159
5286,5.286,0.179196,1.074636,0,-1,0,-1,0,159
5287,5.287,0.179172,1.081992,0,-1,0,-1,0,159
5288,5.288,0.179148,1.089348,0,-1,0,-1,0,159
5289,5.289,0.179136,1.096716,0,-1,0,-1,0,159
5290,5.29,0.179112,1.104072,0,-1,0,-1,0,159
5291,5.291,0.179088,1.111428,0,-1,0,-1,0,159
5292,5.292,0.179064,1.118784,0,-1,0,-1,0,159
5293,5.293,0.179052,1.126152,0,-1,0,-1,0,159
5294,5.294,0.179028,1.133508,0,-1,0,-1,0,159
5295,5.295,0.179004,1.140864,0,-1,0,-1,0,159
5296,5.296,0.17898,1.14822,0,-1,0,-1,0,159
5297,5.297,0.178956,1.155588,0,-1,0,-1,0,159
5298,5.298,0.178944,1.162944,0,-1,0,-1,0,159
5299,5.299,0.17892,1.1703,0,-1,0,-1,0,159
5300,5.3,0.178896,1.177656,0,-1,0,-1,0,159
5301,5.301,0.178872,1.185024,0,-1,0,-1,0,159
5302,5.302,0.178848,1.19238,0,-1,0,-1,0,159
5303,5.303,0.178836,1.199736,0,-1,0,-1,0,159
5304,5.304,0.178812,1.20708,0,-1,0,-1,0,159
5305,5.305,0.178788,1.2144,0,-1,0,-1,0,159
5306,5.306,0.178764,1.22184,0,-1,0,-1,0,159
5307,5.307,0.178752,1.22916,0,-1,0,-1,0,159
5308,5.308,0.178728,1.23648,0,-1,0,-1,0,159
5309,5.309,0.178704,1.24392,0,-1,0,-1,0,159
5310,5.31,0.17868,1.25124,0,-1,0,-1,0,159
5311,5.311,0.178656,1.25856,0,-1,0,-1,0,159
5312,5.312,0.178644,1.266,0,-1,0,-1,0,159
5313,5.313,0.17862,1.27332,0,-1,0,-1,0,159
5314,5.314,0.178596,1.28064,0,-1,0,-1,0,159
5315,5.315,0.178572,1.28808,0,-1,0,-1,0,159
5316,5.316,0.178548,1.2954,0,-1,0,-1,0,159
5317,5.317,0.178536,1.30272,0,-1,0,-1,0,159
5318,5.318,0.178512,1.31016,0,-1,0,-1,0,159
5319,5.319,0.178488,1.31748,0,-1,0,-1,0,159
5320,5.32,0.178464,1.3248,0,-1,0,-1,0,159
5321,5.321,0.178452,1.33224,0,-1,0,-1,0,159
5322,5.322,0.178428,1.33956,0,-1,0,-1,0,159
5323,5.323,0.178404,1.34688,0,-1,0,-1,0,159
5324,5.324,0.17838,1.35432,0,-1,0,-1,0,159
5325,5.325,0.178356,1.36164,0,-1,0,-1,0,159
5326,5.326,0.178344,1.36896,0,-1,0,-1,0,159
5327,5.327,0.17832,1.3764,0,-1,0,-1,0,159
5328,5.328,0.178296,1.38372,0,-1,0,-1,0,159
5329,5.329,0.178272,1.39104,0,-1,0,-1,0,159
5330,5.33,0.17826,1.39848,0,-1,0,-1,0,159
5331,5.331,0.178236,1.4058,0,-1,0,-1,0,159
5332,5.332,0.178212,1.41312,0,-1,0,-1,0,159
5333,5.333,0.178188,1.42044,0,-1,0,-1,0,159
5334,5.334,0.178164,1.42788,0,-1,0,-1,0,159
5335,5.335,0.178152,1.4352,0,-1,0,-1,0,159
5336,5.336,0.178128,1.44252,0,-1,0,-1,0,159
5337,5.337,0.178104,1.44996,0,-1,0,-1,0,159
5338,5.338,0.17808,1.45728,0,-1,0,-1,0,159
5339,5.339,0.178056,1.4646,0,-1,0,-1,0,159
5340,5.34,0.178044,1.47204,0,-1,0,-1,0,159
5341,5.341,0.17802,1.47936,0,-1,0,-1,0,159
5342,5.342,0.177996,1.48668,0,-1,0,-1,0,159
5343,5.343,0.177972,1.49412,0,-1,0,-1,0,159
5344,5.344,0.17796,1.50144,0,-1,0,-1,0,159
5345,5.345,0.177936,1.50876,0,-1,0,-1,0,159
5346,5.346,0.177912,1.5162,0,-1,0,-1,0,159
5347,5.347,0.177888,1.52352,0,-1,0,-1,0,159
5348,5.348,0.177864,1.53084,0,-1,0,-1,0,159
5349,5.349,0.177852,1.53828,0,-1,0,-1,0,159
5350,5.35,0.177828,1.5456,0,-1,0,-1,0,159
5351,5.351,0.177804,1.55292,0,-1,0,-1,0,159
5352,5.352,0.17778,1.56036,0,-1,0,-1,0,159
5353,5.353,0.177768,1.56768,0,-1,0,-1,0,159
5354,5.354,0.177744,1.575,0,-1,0,-1,0,159
5355,5.355,0.17772,1.58232,0,-1,0,-1,0,159
5356,5.356,0.177696,1.58976,0,-1,0,-1,0,159
5357,5.357,0.177672,1.59708,0,-1,0,-1,0,159
5358,5.358,0.17766,1.6044,0,-1,0,-1,0,159
5359,5.359,0.177636,1.61184,0,-1,0,-1,0,159
5360,5.36,0.177612,1.61916,0,-1,0,-1,0,159
5361,5.361,0.177588,1.62648,0,-1,0,-1,0,159
5362,5.362,0.177564,1.63392,0,-1,0,-1,0,159
5363,5.363,0.177552,1.64124,0,-1,0,-1,0,159
5364,5.364,0.177528,1.64856,0,-1,0,-1,0,159
5365,5.365,0.177504,1.656,0,-1,0,-1,0,159
5366,5.366,0.17748,1.66332,0,-1,0,-1,0,159
5367,5.367,0.177468,1.67064,0,-1,0,-1,0,159
5368,5.368,0.181488,1.67712,0,-1,0,-1,0,159
5369,5.369,0.181476,1.68456,0,-1,0,-1,0,159
5370,5.37,0.181452,1.69188,0,-1,0,-1,0,159
5371,5.371,0.185472,1.69836,0,-1,0,-1,0,159
5372,5.372,0.185448,1.70568,0,-1,0,-1,0,159
5373,5.373,0.189468,1.71216,0,-1,0,-1,0,159
5374,5.374,0.193488,1.71864,0,-1,0,-1,0,159
5375,5.375,0.197508,1.72512,0,-1,0,-1,0,159
5376,5.376,0.201516,1.7316,0,-1,0,-1,0,159
5377,5.377,0.205512,1.73808,0,-1,0,-1,0,159
5378,5.378,0.209544,1.73724,0,-1,0,-1,0,159
5379,5.379,0.21354,1.7436,0,-1,0,-1,0,159
5380,5.38,0.217548,1.74276,0,-1,0,-1,0,159
5381,5.381,0.221556,1.74192,0,-1,0,-1,0,159
5382,5.382,0.22554,1.74828,0,-1,0,-1,0,159
5383,5.383,0.229548,1.74744,0,-1,0,-1,0,159
5384,5.384,0.233544,1.7466,0,-1,0,-1,0,159
5385,5.385,0.23754,1.74564,0,-1,0,-1,0,159
5386,5.386,0.241524,1.7448,0,-1,0,-1,0,159
5387,5.387,0.245508,1.74396,0,-1,0,-1,0,159
5388,5.388,0.249492,1.743,0,-1,0,-1,0,159
5389,5.389,0.253488,1.73484,0,-1,0,-1,0,159
5390,5.39,0.257472,1.734,0,-1,0,-1,0,159
5391,5.391,0.261432,1.73316,0,-1,0,-1,0,159
5392,5.392,0.265428,1.725,0,-1,0,-1,0,159
5393,5.393,0.269388,1.72416,0,-1,0,-1,0,159
5394,5.394,0.27336,1.716,0,-1,0,-1,0,159
5395,5.395,0.277344,1.70784,0,-1,0,-1,0,159
5396,5.396,0.281304,1.6998,0,-1,0,-1,0,159
5397,5.397,0.285276,1.69164,0,-1,0,-1,0,159
5398,5.398,0.289236,1.6836,0,-1,0,-1,0,159
5399,5.399,0.28926,1.67628,0,-1,0,-1,0,159
5400,5.4,0.29322,1.66824,0,-1,0,-1,0,159
5401,5.401,0.293244,1.66092,0,-1,0,-1,0,159
5402,5.402,0.293268,1.65372,0,-1,0,-1,0,159
5403,5.403,0.297216,1.64568,0,-1,0,-1,0,159
5404,5.404,0.29724,1.63836,0,-1,0,-1,0,159
5405,5.405,0.297264,1.63116,0,-1,0,-1,0,159
5406,5.406,0.297288,1.62396,1,160,1,10,0,160
5407,5.407,0.2973,1.61664,0,-1,0,-1,0,160
5408,5.408,0.297324,1.60944,0,-1,0,-1,0,160
5409,5.409,0.297348,1.60212,0,-1,0,-1,0,160
5410,5.41,0.297372,1.59492,0,-1,0,-1,0,160
5411,5.411,0.297384,1.58772,0,-1,0,-1,0,160
5412,5.412,0.297408,1.5804,0,-1,0,-1,0,160
5413,5.413,0.297432,1.5732,0,-1,0,-1,0,160
5414,5.414,0.297456,1.56588,0,-1,0,-1,0,160
5415,5.415,0.297468,1.55868,0,-1,0,-1,0,160
5416,5.416,0.297492,1.55148,0,-1,0,-1,0,160
5417,5.417,0.297516,1.54416,0,-1,0,-1,0,160
5418,5.418,0.29754,1.53696,0,-1,0,-1,0,160
5419,5.419,0.297552,1.52964,0,-1,0,-1,0,160
5420,5.42,0.297576,1.52244,0,-1,0,-1,0,160
5421,5.421,0.2976,1.51524,0,-1,0,-1,0,160
5422,5.422,0.297624,1.50792,0,-1,0,-1,0,160
5423,5.423,0.297648,1.50072,0,-1,0,-1,0,160
5424,5.424,0.29766,1.4934,0,-1,0,-1,0,160
5425,5.425,0.297684,1.4862,0,-1,0,-1,0,160
5426,5.426,0.297708,1.479,1,161,0,10,0,161
5427,5.427,0.297732,1.47168,0,-1,0,-1,0,161
5428,5.428,0.297744,1.46448,0,-1,0,-1,0,161
5429,5.429,0.297768,1.45716,0,-1,0,-1,0,161
5430,5.43,0.297792,1.44996,0,-1,0,-1,0,161
5431,5.431,0.297816,1.44276,0,-1,0,-1,0,161
5432,5.432,0.297828,1.43544,0,-1,0,-1,0,161
5433,5.433,0.297852,1.42824,0,-1,0,-1,0,161
5434,5.434,0.297876,1.42092,0,-1,0,-1,0,161
5435,5.435,0.2979,1.41372,0,-1,0,-1,0,161
5436,5.436,0.297924,1.40652,0,-1,0,-1,0,161
5437,5.437,0.297936,1.3992,0,-1,0,-1,0,161
5438,5.438,0.29796,1.392,0,-1,0,-1,0,161
5439,5.439,0.297984,1.38468,0,-1,0,-1,0,161
5440,5.44,0.298008,1.37748,0,-1,0,-1,0,161
5441,5.441,0.29802,1.37028,0,-1,0,-1,0,161
5442,5.442,0.298044,1.36296,0,-1,0,-1,0,161
5443,5.443,0.298068,1.35576,0,-1,0,-1,0,161
5444,5.444,0.298092,1.34844,0,-1,0,-1,0,161
5445,5.445,0.298104,1.34124,0,-1,0,-1,0,161
5446,5.446,0.298128,1.33404,1,162,0,10,0,162
5447,5.447,0.298152,1.32672,0,-1,0,-1,0,162
5448,5.448,0.298176,1.31952,0,-1,0,-1,0,162
5449,5.449,0.2982,1.3122,0,-1,0,-1,0,162
5450,5.45,0.298212,1.305,0,-1,0,-1,0,162
5451,5.451,0.298236,1.2978,0,-1,0,-1,0,162
5452,5.452,0.29826,1.29048,0,-1,0,-1,0,162
5453,5.453,0.298284,1.28328,0,-1,0,-1,0,162
5454,5.454,0.298296,1.27596,0,-1,0,-1,0,162
5455,5.455,0.29832,1.26876,0,-1,0,-1,0,162
5456,5.456,0.298344,1.26144,0,-1,0,-1,0,162
5457,5.457,0.298368,1.25424,0,-1,0,-1,0,162
5458,5.458,0.29838,1.24704,0,-1,0,-1,0,162
5459,5.459,0.298404,1.23972,0,-1,0,-1,0,162
5460,5.46,0.298428,1.23252,0,-1,0,-1,0,162
5461,5.461,0.298452,1.2252,0,-1,0,-1,0,162
5462,5.462,0.298476,1.218,0,-1,0,-1,0,162
5463,5.463,0.298488,1.2108,0,-1,0,-1,0,162
5464,5.464,0.298512,1.20348,0,-1,0,-1,0,162
5465,5.465,0.298536,1.196256,0,-1,0,-1,0,162
5466,5.466,0.29856,1.189008,1,163,0,10,0,163
5467,5.467,0.298572,1.18176,0,-1,0,-1,0,163
5468,5.468,0.298596,1.174512,0,-1,0,-1,0,163
5469,5.469,0.29862,1.167264,0,-1,0,-1,0,163
5470,5.47,0.298644,1.160016,0,-1,0,-1,0,163
5471,5.471,0.298656,1.152768,0,-1,0,-1,0,163
5472,5.472,0.29868,1.14552,0,-1,0,-1,0,163
5473,5.473,0.298704,1.138272,0,-1,0,-1,0,163
5474,5.474,0.298728,1.131024,0,-1,0,-1,0,163
5475,5.475,0.298752,1.123776,0,-1,0,-1,0,163
5476,5.476,0.298764,1.116528,0,-1,0,-1,0,163
5477,5.477,0.298788,1.10928,0,-1,0,-1,0,163
5478,5.478,0.298812,1.102032,0,-1,0,-1,0,163
5479,5.479,0.298836,1.094784,0,-1,0,-1,0,163
5480,5.48,0.298848,1.087524,0,-1,0,-1,0,163
5481,5.481,0.298872,1.080276,0,-1,0,-1,0,163
5482,5.482,0.298896,1.073028,0,-1,0,-1,0,163
5483,5.483,0.29892,1.06578,0,-1,0,-1,0,163
5484,5.484,0.298932,1.058532,0,-1,0,-1,0,163
5485,5.485,0.298956,1.051284,0,-1,0,-1,0,163
5486,5.486,0.29898,1.044036,1,164,0,10,0,164
5487,5.487,0.299004,1.036788,0,-1,0,-1,0,164
5488,5.488,0.299028,1.02954,0,-1,0,-1,0,164
5489,5.489,0.29904,1.022292,0,-1,0,-1,0,164
5490,5.49,0.299064,1.015044,0,-1,0,-1,0,164
5491,5.491,0.299088,1.007796,0,-1,0,-1,0,164
5492,5.492,0.299112,1.000536,0,-1,0,-1,0,164
5493,5.493,0.299124,0.993288,0,-1,0,-1,0,164
5494,5.494,0.299148,0.98604,0,-1,0,-1,0,164
5495,5.495,0.299172,0.978792,0,-1,0,-1,0,164
5496,5.496,0.299196,0.971544,0,-1,0,-1,0,164
5497,5.497,0.299208,0.964296,0,-1,0,-1,0,164
5498,5.498,0.299232,0.957048,0,-1,0,-1,0,164
5499,5.499,0.299256,0.9498,0,-1,0,-1,0,164
5500,5.5,0.29928,0.942552,0,-1,0,-1,0,164
5501,5.501,0.299304,0.935304,0,-1,0,-1,0,164
5502,5.502,0.299316,0.928044,0,-1,0,-1,0,164
5503,5.503,0.29934,0.920796,0,-1,0,-1,0,164
5504,5.504,0.299364,0.913548,0,-1,0,-1,0,164
5505,5.505,0.299388,0.9063,0,-1,0,-1,0,164
5506,5.506,0.2994,0.899052,1,165,0,10,0,165
5507,5.507,0.299424,0.891804,0,-1,0,-1,0,165
5508,5.508,0.299448,0.884556,0,-1,0,-1,0,165
5509,5.509,0.299472,0.877308,0,-1,0,-1,0,165
5510,5.51,0.299484,0.87006,0,-1,0,-1,0,165
5511,5.511,0.299508,0.8628,0,-1,0,-1,0,165
5512,5.512,0.299532,0.855552,0,-1,0,-1,0,165
5513,5.513,0.299556,0.848304,0,-1,0,-1,0,165
5514,5.514,0.29958,0.841056,0,-1,0,-1,0,165
5515,5.515,0.299592,0.833808,0,-1,0,-1,0,165
5516,5.516,0.299616,0.82656,0,-1,0,-1,0,165
5517,5.517,0.29964,0.819312,0,-1,0,-1,0,165
5518,5.518,0.299664,0.812064,0,-1,0,-1,0,165
5519,5.519,0.299676,0.804804,0,-1,0,-1,0,165
5520,5.52,0.2997,0.797556,0,-1,0,-1,0,165
5521,5.521,0.299724,0.790308,0,-1,0,-1,0,165
5522,5.522,0.299748,0.78306,0,-1,0,-1,0,165
5523,5.523,0.29976,0.775812,0,-1,0,-1,0,165
5524,5.524,0.299784,0.768564,0,-1,0,-1,0,165
5525,5.525,0.299808,0.761316,0,-1,0,-1,0,165
5526,5.526,0.299832,0.754056,1,166,0,10,0,166
5527,5.527,0.299856,0.746808,0,-1,0,-1,0,166
5528,5.528,0.299868,0.73956,0,-1,0,-1,0,166
5529,5.529,0.299892,0.732312,0,-1,0,-1,0,166
5530,5.53,0.299916,0.725064,0,-1,0,-1,0,166
5531,5.531,0.29994,0.717816,0,-1,0,-1,0,166
5532,5.532,0.299952,0.710568,0,-1,0,-1,0,166
5533,5.533,0.299976,0.703308,0,-1,0,-1,0,166
5534,5.534,0.3,0.69606,0,-1,0,-1,0,166
5535,5.535,0.300024,0.688812,0,-1,0,-1,0,166
5536,5.536,0.300036,0.681564,0,-1,0,-1,0,166
5537,5.537,0.30006,0.674316,0,-1,0,-1,0,166
5538,5.538,0.300084,0.667068,0,-1,0,-1,0,166
5539,5.539,0.300108,0.659808,0,-1,0,-1,0,166
5540,5.54,0.300132,0.65256,0,-1,0,-1,0,166
5541,5.541,0.300144,0.645312,0,-1,0,-1,0,166
5542,5.542,0.300168,0.638064,0,-1,0,-1,0,166
5543,5.543,0.300192,0.630816,0,-1,0,-1,0,166
5544,5.544,0.300216,0.623568,0,-1,0,-1,0,166
5545,5.545,0.300228,0.616308,0,-1,0,-1,0,166
5546,5.546,0.300252,0.60906,1,167,0,10,0,167
5547,5.547,0.300276,0.601812,0,-1,0,-1,0,167
5548,5.548,0.3003,0.594564,0,-1,0,-1,0,167
5549,5.549,0.300312,0.587316,0,-1,0,-1,0,167
5550,5.55,0.300336,0.580068,0,-1,0,-1,0,167
5551,5.551,0.30036,0.572808,0,-1,0,-1,0,167
5552,5.552,0.300384,0.56556,0,-1,0,-1,0,167
5553,5.553,0.300396,0.558312,0,-1,0,-1,0,167
5554,5.554,0.30042,0.551064,0,-1,0,-1,0,167
5555,5.555,0.300444,0.543816,0,-1,0,-1,0,167
5556,5.556,0.300468,0.536568,0,-1,0,-1,0,167
5557,5.557,0.300492,0.529308,0,-1,0,-1,0,167
5558,5.558,0.300504,0.52206,0,-1,0,-1,0,167
5559,5.559,0.300528,0.514812,0,-1,0,-1,0,167
5560,5.56,0.300552,0.507564,0,-1,0,-1,0,167
5561,5.561,0.300576,0.500316,0,-1,0,-1,0,167
5562,5.562,0.300588,0.493056,0,-1,0,-1,0,167
5563,5.563,0.300612,0.485808,0,-1,0,-1,0,167
5564,5.564,0.300636,0.47856,0,-1,0,-1,0,167
5565,5.565,0.30066,0.471312,0,-1,0,-1,0,167
5566,5.566,0.300672,0.464064,1,168,0,10,0,168
5567,5.567,0.300696,0.456804,0,-1,0,-1,0,168
5568,5.568,0.30072,0.449556,0,-1,0,-1,0,168
5569,5.569,0.300744,0.442308,0,-1,0,-1,0,168
5570,5.57,0.300768,0.43506,0,-1,0,-1,0,168
5571,5.571,0.30078,0.427812,0,-1,0,-1,0,168
5572,5.572,0.300804,0.420552,0,-1,0,-1,0,168
5573,5.573,0.300828,0.413304,0,-1,0,-1,0,168
5574,5.574,0.300852,0.406056,0,-1,0,-1,0,168
5575,5.575,0.300864,0.398808,0,-1,0,-1,0,168
5576,5.576,0.300888,0.39156,0,-1,0,-1,0,168
5577,5.577,0.300912,0.3843,0,-1,0,-1,0,168
5578,5.578,0.300936,0.377052,0,-1,0,-1,0,168
5579,5.579,0.300948,0.369804,0,-1,0,-1,0,168
5580,5.58,0.300972,0.362556,0,-1,0,-1,0,168
5581,5.581,0.300996,0.355308,0,-1,0,-1,0,168
5582,5.582,0.30102,0.348048,0,-1,0,-1,0,168
5583,5.583,0.301044,0.3408,0,-1,0,-1,0,168
5584,5.584,0.301056,0.333552,0,-1,0,-1,0,168
5585,5.585,0.30108,0.326304,0,-1,0,-1,0,168
5586,5.586,0.301104,0.319044,1,169,0,10,0,169
5587,5.587,0.301128,0.311796,0,-1,0,-1,0,169
5588,5.588,0.30114,0.304548,0,-1,0,-1,0,169
5589,5.589,0.301164,0.2973,0,-1,0,-1,0,169
5590,5.59,0.301188,0.29004,0,-1,0,-1,0,169
5591,5.591,0.301212,0.282792,0,-1,0,-1,0,169
5592,5.592,0.301224,0.275544,0,-1,0,-1,0,169
5593,5.593,0.301248,0.268296,0,-1,0,-1,0,169
5594,5.594,0.301272,0.261048,0,-1,0,-1,0,169
5595,5.595,0.301296,0.253788,0,-1,0,-1,0,169
5596,5.596,0.30132,0.24654,0,-1,0,-1,0,169
5597,5.597,0.301332,0.239292,0,-1,0,-1,0,169
5598,5.598,0.301356,0.232044,0,-1,0,-1,0,169
5599,5.599,0.30138,0.224784,0,-1,0,-1,0,169
5600,5.6,0.301404,0.217536,0,-1,0,-1,0,169
5601,5.601,0.301416,0.210288,0,-1,0,-1,0,169
5602,5.602,0.30144,0.20304,0,-1,0,-1,0,169
5603,5.603,0.301464,0.19578,0,-1,0,-1,0,169
5604,5.604,0.301488,0.188532,0,-1,0,-1,0,169
5605,5.605,0.3015,0.181284,0,-1,0,-1,0,169
5606,5.606,0.301524,0.174036,1,170,0,10,0,170
5607,5.607,0.301548,0.166776,0,-1,0,-1,0,170
5608,5.608,0.301572,0.159528,0,-1,0,-1,0,170
5609,5.609,0.301596,0.15228,0,-1,0,-1,0,170
5610,5.61,0.301608,0.145032,0,-1,0,-1,0,170
5611,5.611,0.301632,0.137772,0,-1,0,-1,0,170
5612,5.612,0.301656,0.130524,0,-1,0,-1,0,170
5613,5.613,0.30168,0.123276,0,-1,0,-1,0,170
5614,5.614,0.301692,0.116022,0,-1,0,-1,0,170
5615,5.615,0.301716,0.1087704,0,-1,0,-1,0,170
5616,5.616,0.30174,0.1015188,0,-1,0,-1,0,170
5617,5.617,0.301764,0.0942684,0,-1,0,-1,0,170
5618,5.618,0.301776,0.0870168,0,-1,0,-1,0,170
5619,5.619,0.3018,0.0797652,0,-1,0,-1,0,170
5620,5.62,0.301824,0.0725136,0,-1,0,-1,0,170
5621,5.621,0.301848,0.0652632,0,-1,0,-1,0,170
5622,5.622,0.301872,0.0580116,0,-1,0,-1,0,170
5623,5.623,0.301884,0.05076,0,-1,0,-1,0,170
5624,5.624,0.301908,0.0435084,0,-1,0,-1,0,170
5625,5.625,0.301932,0.0362568,0,-1,0,-1,0,170
5626,5.626,0.301956,0.0290052,1,171,0,10,0,171
5627,5.627,0.301968,0.0217548,0,-1,0,-1,0,171
5628,5.628,0.301992,0.0145032,0,-1,0,-1,0,171
5629,5.629,0.302016,0.00725148,0,-1,0,-1,0,171
5630,5.63,0.30204,0.0,0,-1,0,-1,0,171
5631,5.631,0.302052,-0.00725148,0,-1,0,-1,0,171
5632,5.632,0.302076,-0.0145032,0,-1,0,-1,0,171
5633,5.633,0.3021,-0.0217548,0,-1,0,-1,0,171
5634,5.634,0.302124,-0.0290064,0,-1,0,-1,0,171
5635,5.635,0.302148,-0.036258,0,-1,0,-1,0,171
5636,5.636,0.30216,-0.0435096,0,-1,0,-1,0,171
5637,5.637,0.302184,-0.0507612,0,-1,0,-1,0,171
5638,5.638,0.302208,-0.0580128,0,-1,0,-1,0,171
5639,5.639,0.302232,-0.0652644,0,-1,0,-1,0,171
5640,5.64,0.302244,-0.072516,0,-1,0,-1,0,171
5641,5.641,0.302268,-0.0797676,0,-1,0,-1,0,171
5642,5.642,0.302292,-0.0870192,0,-1,0,-1,0,171
5643,5.643,0.302316,-0.0942708,0,-1,0,-1,0,171
5644,5.644,0.302328,-0.1015224,0,-1,0,-1,0,171
5645,5.645,0.302352,-0.108774,0,-1,0,-1,0,171
5646,5.646,0.302376,-0.1160256,1,172,0,10,0,172
5647,5.647,0.3024,-0.123276,0,-1,0,-1,0,172
5648,5.648,0.302424,-0.130524,0,-1,0,-1,0,172
5649,5.649,0.302436,-0.137784,0,-1,0,-1,0,172
5650,5.65,0.30246,-0.145032,0,-1,0,-1,0,172
5651,5.651,0.302484,-0.15228,0,-1,0,-1,0,172
5652,5.652,0.302508,-0.15954,0,-1,0,-1,0,172
5653,5.653,0.30252,-0.166788,0,-1,0,-1,0,172
5654,5.654,0.302544,-0.174036,0,-1,0,-1,0,172
5655,5.655,0.302568,-0.181296,0,-1,0,-1,0,172
5656,5.656,0.302592,-0.188544,0,-1,0,-1,0,172
5657,5.657,0.302604,-0.195792,0,-1,0,-1,0,172
5658,5.658,0.302628,-0.203052,0,-1,0,-1,0,172
5659,5.659,0.302652,-0.2103,0,-1,0,-1,0,172
5660,5.66,0.302676,-0.217548,0,-1,0,-1,0,172
5661,5.661,0.3027,-0.224808,0,-1,0,-1,0,172
5662,5.662,0.302712,-0.232056,0,-1,0,-1,0,172
5663,5.663,0.302736,-0.239304,0,-1,0,-1,0,172
5664,5.664,0.30276,-0.246564,0,-1,0,-1,0,172
5665,5.665,0.302784,-0.253812,0,-1,0,-1,0,172
5666,5.666,0.302796,-0.26106,1,173,0,10,0,173
5667,5.667,0.30282,-0.26832,0,-1,0,-1,0,173
5668,5.668,0.302844,-0.275568,0,-1,0,-1,0,173
5669,5.669,0.302868,-0.282816,0,-1,0,-1,0,173
5670,5.67,0.302892,-0.290076,0,-1,0,-1,0,173
5671,5.671,0.302904,-0.297324,0,-1,0,-1,0,173
5672,5.672,0.302928,-0.304572,0,-1,0,-1,0,173
5673,5.673,0.302952,-0.311832,0,-1,0,-1,0,173
5674,5.674,0.302976,-0.31908,0,-1,0,-1,0,173
5675,5.675,0.302988,-0.32634,0,-1,0,-1,0,173
5676,5.676,0.303012,-0.333588,0,-1,0,-1,0,173
5677,5.677,0.303036,-0.340836,0,-1,0,-1,0,173
5678,5.678,0.30306,-0.348096,0,-1,0,-1,0,173
5679,5.679,0.303072,-0.355344,0,-1,0,-1,0,173
5680,5.68,0.303096,-0.362592,0,-1,0,-1,0,173
5681,5.681,0.30312,-0.369852,0,-1,0,-1,0,173
5682,5.682,0.303144,-0.3771,0,-1,0,-1,0,173
5683,5.683,0.303168,-0.384348,0,-1,0,-1,0,173
5684,5.684,0.30318,-0.391608,0,-1,0,-1,0,173
5685,5.685,0.303204,-0.398856,0,-1,0,-1,0,173
5686,5.686,0.303228,-0.406104,1,174,0,10,0,174
5687,5.687,0.303252,-0.413364,0,-1,0,-1,0,174
5688,5.688,0.303264,-0.420612,0,-1,0,-1,0,174
5689,5.689,0.303288,-0.427872,0,-1,0,-1,0,174
5690,5.69,0.303312,-0.43512,0,-1,0,-1,0,174
5691,5.691,0.303336,-0.442368,0,-1,0,-1,0,174
5692,5.692,0.303348,-0.449628,0,-1,0,-1,0,174
5693,5.693,0.303372,-0.456876,0,-1,0,-1,0,174
5694,5.694,0.303396,-0.464136,0,-1,0,-1,0,174
5695,5.695,0.30342,-0.471384,0,-1,0,-1,0,174
5696,5.696,0.303444,-0.478632,0,-1,0,-1,0,174
5697,5.697,0.303456,-0.485892,0,-1,0,-1,0,174
5698,5.698,0.30348,-0.49314,0,-1,0,-1,0,174
5699,5.699,0.303504,-0.500388,0,-1,0,-1,0,174
5700,5.7,0.303528,-0.507648,0,-1,0,-1,0,174
5701,5.701,0.30354,-0.514896,0,-1,0,-1,0,174
5702,5.702,0.303564,-0.522156,0,-1,0,-1,0,174
5703,5.703,0.303588,-0.529404,0,-1,0,-1,0,174
5704,5.704,0.303612,-0.536652,0,-1,0,-1,0,174
5705,5.705,0.303624,-0.543912,0,-1,0,-1,0,174
5706,5.706,0.303648,-0.55116,1,175,0,10,0,175
5707,5.707,0.303672,-0.55842,0,-1,0,-1,0,175
5708,5.708,0.303696,-0.565668,0,-1,0,-1,0,175
5709,5.709,0.30372,-0.572916,0,-1,0,-1,0,175
5710,5.71,0.303732,-0.580176,0,-1,0,-1,0,175
5711,5.711,0.303756,-0.587424,0,-1,0,-1,0,175
5712,5.712,0.30378,-0.594684,0,-1,0,-1,0,175
5713,5.713,0.303804,-0.601932,0,-1,0,-1,0,175
5714,5.714,0.303816,-0.60918,0,-1,0,-1,0,175
5715,5.715,0.30384,-0.61644,0,-1,0,-1,0,175
5716,5.716,0.303864,-0.623688,0,-1,0,-1,0,175
5717,5.717,0.303888,-0.630948,0,-1,0,-1,0,175
5718,5.718,0.3039,-0.638196,0,-1,0,-1,0,175
5719,5.719,0.303924,-0.645456,0,-1,0,-1,0,175
5720,5.72,0.303948,-0.652704,0,-1,0,-1,0,175
5721,5.721,0.303972,-0.659952,0,-1,0,-1,0,175
5722,5.722,0.303996,-0.667212,0,-1,0,-1,0,175
5723,5.723,0.304008,-0.67446,0,-1,0,-1,0,175
5724,5.724,0.304032,-0.68172,0,-1,0,-1,0,175
5725,5.725,0.304056,-0.688968,0,-1,0,-1,0,175
5726,5.726,0.30408,-0.696216,0,-1,0,-1,0,175
5727,5.727,0.304092,-0.703476,0,-1,0,-1,0,175
5728,5.728,0.304116,-0.710724,0,-1,0,-1,0,175
5729,5.729,0.30414,-0.717984,0,-1,0,-1,0,175
5730,5.73,0.304164,-0.725232,0,-1,0,-1,0,175
5731,5.731,0.304176,-0.732492,0,-1,0,-1,0,175
5732,5.732,0.3042,-0.73974,0,-1,0,-1,0,175
5733,5.733,0.304224,-0.746988,0,-1,0,-1,0,175
5734,5.734,0.304248,-0.754248,0,-1,0,-1,0,175
5735,5.735,0.304272,-0.761496,0,-1,0,-1,0,175
5736,5.736,0.304284,-0.768756,0,-1,0,-1,0,175
5737,5.737,0.304308,-0.776004,0,-1,0,-1,0,175
5738,5.738,0.304332,-0.783264,0,-1,0,-1,0,175
5739,5.739,0.304356,-0.790512,0,-1,0,-1,0,175
5740,5.74,0.304368,-0.797772,0,-1,0,-1,0,175
5741,5.741,0.304392,-0.80502,0,-1,0,-1,0,175
5742,5.742,0.304416,-0.812268,0,-1,0,-1,0,175
5743,5.743,0.30444,-0.819528,0,-1,0,-1,0,175
5744,5.744,0.304452,-0.826776,0,-1,0,-1,0,175
5745,5.745,0.304476,-0.834036,0,-1,0,-1,0,175
5746,5.746,0.3045,-0.841284,0,-1,0,-1,0,175
5747,5.747,0.304524,-0.848544,0,-1,0,-1,0,175
5748,5.748,0.304548,-0.855792,0,-1,0,-1,0,175
5749,5.749,0.30456,-0.863052,0,-1,0,-1,0,175
5750,5.75,0.304584,-0.8703,0,-1,0,-1,0,175
5751,5.751,0.304608,-0.87756,0,-1,0,-1,0,175
5752,5.752,0.304632,-0.884808,0,-1,0,-1,0,175
5753,5.753,0.304644,-0.892068,0,-1,0,-1,0,175
5754,5.754,0.304668,-0.899316,0,-1,0,-1,0,175
5755,5.755,0.304692,-0.906564,0,-1,0,-1,0,175
5756,5.756,0.304716,-0.913824,0,-1,0,-1,0,175
5757,5.757,0.304728,-0.921072,0,-1,0,-1,0,175
5758,5.758,0.304752,-0.928332,0,-1,0,-1,0,175
5759,5.759,0.304776,-0.93558,0,-1,0,-1,0,175
5760,5.76,0.3048,-0.94284,0,-1,0,-1,0,175
5761,5.761,0.304824,-0.950088,0,-1,0,-1,0,175
5762,5.762,0.304836,-0.957348,0,-1,0,-1,0,175
5763,5.763,0.30486,-0.964596,0,-1,0,-1,0,175
5764,5.764,0.304884,-0.971856,0,-1,0,-1,0,175
5765,5.765,0.304908,-0.979104,0,-1,0,-1,0,175
5766,5.766,0.30492,-0.986364,0,-1,0,-1,0,175
5767,5.767,0.304944,-0.993612,0,-1,0,-1,0,175
5768,5.768,0.304968,-1.000872,0,-1,0,-1,0,175
5769,5.769,0.304992,-1.00812,0,-1,0,-1,0,175
5770,5.77,0.305004,-1.01538,0,-1,0,-1,0,175
5771,5.771,0.305028,-1.022628,0,-1,0,-1,0,175
5772,5.772,0.305052,-1.029888,0,-1,0,-1,0,175
5773,5.773,0.305076,-1.037136,0,-1,0,-1,0,175
5774,5.774,0.3051,-1.044396,0,-1,0,-1,0,175
5775,5.775,0.305112,-1.051644,0,-1,0,-1,0,175
5776,5.776,0.305136,-1.058904,0,-1,0,-1,0,175
5777,5.777,0.30516,-1.066152,0,-1,0,-1,0,175
5778,5.778,0.305184,-1.073412,0,-1,0,-1,0,175
5779,5.779,0.305196,-1.08066,0,-1,0,-1,0,175
5780,5.78,0.30522,-1.08792,0,-1,0,-1,0,175
5781,5.781,0.305244,-1.095168,0,-1,0,-1,0,175
5782,5.782,0.305268,-1.102428,0,-1,0,-1,0,175
5783,5.783,0.30528,-1.109676,0,-1,0,-1,0,175
5784,5.784,0.305304,-1.116936,0,-1,0,-1,0,175
5785,5.785,0.305328,-1.124184,0,-1,0,-1,0,175
5786,5.786,0.305352,-1.131444,0,-1,0,-1,0,175
5787,5.787,0.305376,-1.138692,0,-1,0,-1,0,175
5788,5.788,0.305388,-1.145952,0,-1,0,-1,0,175
5789,5.789,0.305412,-1.1532,0,-1,0,-1,0,175
5790,5.79,0.305436,-1.16046,0,-1,0,-1,0,175
5791,5.791,0.30546,-1.167708,0,-1,0,-1,0,175
5792,5.792,0.305472,-1.174968,0,-1,0,-1,0,175
5793,5.793,0.305496,-1.182216,0,-1,0,-1,0,175
5794,5.794,0.30552,-1.189476,0,-1,0,-1,0,175
5795,5.795,0.305544,-1.196724,0,-1,0,-1,0,175
5796,5.796,0.305556,-1.20396,0,-1,0,-1,0,175
5797,5.797,0.30558,-1.21128,0,-1,0,-1,0,175
5798,5.798,0.305604,-1.21848,0,-1,0,-1,0,175
5799,5.799,0.305628,-1.2258,0,-1,0,-1,0,175
5800,5.8,0.305652,-1.233,0,-1,0,-1,0,175
5801,5.801,0.305664,-1.2402,0,-1,0,-1,0,175
5802,5.802,0.305688,-1.24752,0,-1,0,-1,0,175
5803,5.803,0.305712,-1.25472,0,-1,0,-1,0,175
5804,5.804,0.305736,-1.26204,0,-1,0,-1,0,175
5805,5.805,0.305748,-1.26924,0,-1,0,-1,0,175
5806,5.806,0.305772,-1.27656,0,-1,0,-1,0,175
5807,5.807,0.305796,-1.28376,0,-1,0,-1,0,175
5808,5.808,0.30582,-1.29108,0,-1,0,-1,0,175
5809,5.809,0.305832,-1.29828,0,-1,0,-1,0,175
5810,5.81,0.305856,-1.3056,0,-1,0,-1,0,175
5811,5.811,0.30588,-1.3128,0,-1,0,-1,0,175
5812,5.812,0.305904,-1.32,0,-1,0,-1,0,175
5813,5.813,0.305928,-1.32732,0,-1,0,-1,0,175
5814,5.814,0.30594,-1.33452,0,-1,0,-1,0,175
5815,5.815,0.305964,-1.34184,0,-1,0,-1,0,175
5816,5.816,0.305988,-1.34904,0,-1,0,-1,0,175
5817,5.817,0.306012,-1.35636,0,-1,0,-1,0,175
5818,5.818,0.306024,-1.36356,0,-1,0,-1,0,175
5819,5.819,0.306048,-1.37088,0,-1,0,-1,0,175
5820,5.82,0.306072,-1.37808,0,-1,0,-1,0,175
5821,5.821,0.306096,-1.3854,0,-1,0,-1,0,175
5822,5.822,0.30612,-1.3926,0,-1,0,-1,0,175
5823,5.823,0.306132,-1.3998,0,-1,0,-1,0,175
5824,5.824,0.306156,-1.40712,0,-1,0,-1,0,175
5825,5.825,0.30618,-1.41432,0,-1,0,-1,0,175
5826,5.826,0.306204,-1.42164,0,-1,0,-1,0,175
5827,5.827,0.306216,-1.42884,0,-1,0,-1,0,175
5828,5.828,0.30624,-1.43616,0,-1,0,-1,0,175
5829,5.829,0.306264,-1.44336,0,-1,0,-1,0,175
5830,5.83,0.306288,-1.45068,0,-1,0,-1,0,175
5831,5.831,0.3063,-1.45788,0,-1,0,-1,0,175
5832,5.832,0.306324,-1.4652,0,-1,0,-1,0,175
5833,5.833,0.306348,-1.4724,0,-1,0,-1,0,175
5834,5.834,0.306372,-1.47972,0,-1,0,-1,0,175
5835,5.835,0.306396,-1.48692,0,-1,0,-1,0,175
5836,5.836,0.306408,-1.49412,0,-1,0,-1,0,175
5837,5.837,0.306432,-1.50144,0,-1,0,-1,0,175
5838,5.838,0.306456,-1.50864,0,-1,0,-1,0,175
5839,5.839,0.30648,-1.51596,0,-1,0,-1,0,175
5840,5.84,0.306492,-1.52316,0,-1,0,-1,0,175
5841,5.841,0.306516,-1.53048,0,-1,0,-1,0,175
5842,5.842,0.30654,-1.53768,0,-1,0,-1,0,175
5843,5.843,0.306564,-1.545,0,-1,0,-1,0,175
5844,5.844,0.306576,-1.5522,0,-1,0,-1,0,175
5845,5.845,0.3066,-1.55952,0,-1,0,-1,0,175
5846,5.846,0.306624,-1.56672,0,-1,0,-1,0,175
5847,5.847,0.306648,-1.57392,0,-1,0,-1,0,175
5848,5.848,0.306672,-1.58124,0,-1,0,-1,0,175
5849,5.849,0.306684,-1.58844,0,-1,0,-1,0,175
5850,5.85,0.306708,-1.59576,0,-1,0,-1,0,175
5851,5.851,0.306732,-1.60296,0,-1,0,-1,0,175
5852,5.852,0.306756,-1.61028,0,-1,0,-1,0,175
5853,5.853,0.306768,-1.61748,0,-1,0,-1,0,175
5854,5.854,0.306792,-1.6248,0,-1,0,-1,0,175
5855,5.855,0.306816,-1.632,0,-1,0,-1,0,175
5856,5.856,0.30684,-1.63932,0,-1,0,-1,0,175
5857,5.857,0.306852,-1.64652,0,-1,0,-1,0,175
5858,5.858,0.306876,-1.65384,0,-1,0,-1,0,175
5859,5.859,0.3069,-1.66104,0,-1,0,-1,0,175
5860,5.86,0.306924,-1.66824,0,-1,0,-1,0,175
5861,5.861,0.310872,-1.67472,0,-1,0,-1,0,175
5862,5.862,0.310896,-1.68192,0,-1,0,-1,0,175
5863,5.863,0.310908,-1.68924,0,-1,0,-1,0,175
5864,5.864,0.314856,-1.6956,0,-1,0,-1,0,175
5865,5.865,0.31488,-1.70292,0,-1,0,-1,0,175
5866,5.866,0.318816,-1.70928,0,-1,0,-1,0,175
5867,5.867,0.322752,-1.71564,0,-1,0,-1,0,175
5868,5.868,0.326688,-1.722,0,-1,0,-1,0,175
5869,5.869,0.330612,-1.72836,0,-1,0,-1,0,175
5870,5.87,0.334548,-1.73484,0,-1,0,-1,0,175
5871,5.871,0.338448,-1.73388,0,-1,0,-1,0,175
5872,5.872,0.34236,-1.74024,0,-1,0,-1,0,175
5873,5.873,0.346248,-1.7394,0,-1,0,-1,0,175
5874,5.874,0.350136,-1.73856,0,-1,0,-1,0,175
5875,5.875,0.354048,-1.74492,0,-1,0,-1,0,175
5876,5.876,0.357924,-1.74408,0,-1,0,-1,0,175
5877,5.877,0.3618,-1.74312,0,-1,0,-1,0,175
5878,5.878,0.365676,-1.74228,0,-1,0,-1,0,175
5879,5.879,0.369552,-1.74144,0,-1,0,-1,0,175
5880,5.88,0.373416,-1.7406,0,-1,0,-1,0,175
5881,5.881,0.377268,-1.73976,0,-1,0,-1,0,175
5882,5.882,0.381108,-1.73172,0,-1,0,-1,0,175
5883,5.883,0.38496,-1.73076,0,-1,0,-1,0,175
5884,5.884,0.388812,-1.72992,0,-1,0,-1,0,175
5885,5.885,0.39264,-1.72188,0,-1,0,-1,0,175
5886,5.886,0.39648,-1.72104,0,-1,0,-1,0,175
5887,5.887,0.400296,-1.713,0,-1,0,-1,0,175
5888,5.888,0.404112,-1.70508,0,-1,0,-1,0,175
5889,5.889,0.407916,-1.69704,0,-1,0,-1,0,175
5890,5.89,0.411732,-1.689,0,-1,0,-1,0,175
5891,5.891,0.415536,-1.68108,0,-1,0,-1,0,175
5892,5.892,0.415512,-1.67388,0,-1,0,-1,0,175
5893,5.893,0.419304,-1.66596,0,-1,0,-1,0,175
5894,5.894,0.419292,-1.65876,0,-1,0,-1,0,175
5895,5.895,0.419268,-1.65168,0,-1,0,-1,0,175
5896,5.896,0.42306,-1.64364,0,-1,0,-1,0,175
5897,5.897,0.423036,-1.63656,0,-1,0,-1,0,175
5898,5.898,0.423024,-1.62936,0,-1,0,-1,0,175
5899,5.899,0.423,-1.62216,0,-1,0,-1,0,175
5900,5.9,0.422976,-1.61508,1,176,1,11,0,176
5901,5.901,0.422952,-1.60788,0,-1,0,-1,0,176
5902,5.902,0.42294,-1.6008,0,-1,0,-1,0,176
5903,5.903,0.422916,-1.5936,0,-1,0,-1,0,176
5904,5.904,0.422892,-1.58652,0,-1,0,-1,0,176
5905,5.905,0.422868,-1.57932,0,-1,0,-1,0,176
5906,5.906,0.422856,-1.57212,0,-1,0,-1,0,176
5907,5.907,0.422832,-1.56504,0,-1,0,-1,0,176
5908,5.908,0.422808,-1.55784,0,-1,0,-1,0,176
5909,5.909,0.422784,-1.55076,0,-1,0,-1,0,176
5910,5.91,0.422772,-1.54356,0,-1,0,-1,0,176
5911,5.911,0.422748,-1.53648,0,-1,0,-1,0,176
5912,5.912,0.422724,-1.52928,0,-1,0,-1,0,176
5913,5.913,0.4227,-1.5222,0,-1,0,-1,0,176
5914,5.914,0.422676,-1.515,0,-1,0,-1,0,176
5915,5.915,0.422664,-1.5078,0,-1,0,-1,0,176
5916,5.916,0.42264,-1.50072,0,-1,0,-1,0,176
5917,5.917,0.422616,-1.49352,0,-1,0,-1,0,176
5918,5.918,0.422592,-1.48644,0,-1,0,-1,0,176
5919,5.919,0.42258,-1.47924,1,177,0,11,0,177
5920,5.92,0.422556,-1.47216,0,-1,0,-1,0,177
5921,5.921,0.422532,-1.46496,0,-1,0,-1,0,177
5922,5.922,0.422508,-1.45776,0,-1,0,-1,0,177
5923,5.923,0.422496,-1.45068,0,-1,0,-1,0,177
5924,5.924,0.422472,-1.44348,0,-1,0,-1,0,177
5925,5.925,0.422448,-1.4364,0,-1,0,-1,0,177
5926,5.926,0.422424,-1.4292,0,-1,0,-1,0,177
5927,5.927,0.422412,-1.42212,0,-1,0,-1,0,177
5928,5.928,0.422388,-1.41492,0,-1,0,-1,0,177
5929,5.929,0.422364,-1.40772,0,-1,0,-1,0,177
5930,5.93,0.42234,-1.40064,0,-1,0,-1,0,177
5931,5.931,0.422328,-1.39344,0,-1,0,-1,0,177
5932,5.932,0.422304,-1.38636,0,-1,0,-1,0,177
5933,5.933,0.42228,-1.37916,0,-1,0,-1,0,177
5934,5.934,0.422256,-1.37208,0,-1,0,-1,0,177
5935,5.935,0.422244,-1.36488,0,-1,0,-1,0,177
5936,5.936,0.42222,-1.3578,0,-1,0,-1,0,177
5937,5.937,0.422196,-1.3506,0,-1,0,-1,0,177
5938,5.938,0.422172,-1.3434,1,178,0,11,0,178
5939,5.939,0.42216,-1.33632,0,-1,0,-1,0,178
5940,5.94,0.422136,-1.32912,0,-1,0,-1,0,178
5941,5.941,0.422112,-1.32204,0,-1,0,-1,0,178
5942,5.942,0.422088,-1.31484,0,-1,0,-1,0,178
5943,5.943,0.422076,-1.30776,0,-1,0,-1,0,178
5944,5.944,0.422052,-1.30056,0,-1,0,-1,0,178
5945,5.945,0.422028,-1.29336,0,-1,0,-1,0,178
5946,5.946,0.422004,-1.28628,0,-1,0,-1,0,178
5947,5.947,0.421992,-1.27908,0,-1,0,-1,0,178
5948,5.948,0.421968,-1.272,0,-1,0,-1,0,178
5949,5.949,0.421944,-1.2648,0,-1,0,-1,0,178
5950,5.95,0.42192,-1.25772,0,-1,0,-1,0,178
5951,5.951,0.421908,-1.25052,0,-1,0,-1,0,178
5952,5.952,0.421884,-1.24344,0,-1,0,-1,0,178
5953,5.953,0.42186,-1.23624,0,-1,0,-1,0,178
5954,5.954,0.421836,-1.22904,0,-1,0,-1,0,178
5955,5.955,0.421824,-1.22196,0,-1,0,-1,0,178
5956,5.956,0.4218,-1.21476,0,-1,0,-1,0,178
5957,5.957,0.421776,-1.20768,1,179,0,11,0,179
5958,5.958,0.421752,-1.20048,0,-1,0,-1,0,179
5959,5.959,0.421728,-1.193352,0,-1,0,-1,0,179
5960,5.96,0.421716,-1.1862,0,-1,0,-1,0,179
5961,5.961,0.421692,-1.17906,0,-1,0,-1,0,179
5962,5.962,0.421668,-1.171908,0,-1,0,-1,0,179
5963,5.963,0.421644,-1.164768,0,-1,0,-1,0,179
5964,5.964,0.421632,-1.157616,0,-1,0,-1,0,179
5965,5.965,0.421608,-1.150464,0,-1,0,-1,0,179
5966,5.966,0.421584,-1.143324,0,-1,0,-1,0,179
5967,5.967,0.42156,-1.136172,0,-1,0,-1,0,179
5968,5.968,0.421548,-1.129032,0,-1,0,-1,0,179
5969,5.969,0.421524,-1.12188,0,-1,0,-1,0,179
5970,5.97,0.4215,-1.114728,0,-1,0,-1,0,179
5971,5.971,0.421476,-1.107588,0,-1,0,-1,0,179
5972,5.972,0.421464,-1.100436,0,-1,0,-1,0,179
5973,5.973,0.42144,-1.093296,0,-1,0,-1,0,179
5974,5.974,0.421416,-1.086144,0,-1,0,-1,0,179
5975,5.975,0.421392,-1.079004,0,-1,0,-1,0,179
5976,5.976,0.42138,-1.071852,1,180,0,11,0,180
5977,5.977,0.421356,-1.0647,0,-1,0,-1,0,180
5978,5.978,0.421332,-1.05756,0,-1,0,-1,0,180
5979,5.979,0.421308,-1.050408,0,-1,0,-1,0,180
5980,5.98,0.421296,-1.043268,0,-1,0,-1,0,180
5981,5.981,0.421272,-1.036116,0,-1,0,-1,0,180
5982,5.982,0.421248,-1.028976,0,-1,0,-1,0,180
5983,5.983,0.421224,-1.021824,0,-1,0,-1,0,180
5984,5.984,0.421212,-1.014672,0,-1,0,-1,0,180
5985,5.985,0.421188,-1.007532,0,-1,0,-1,0,180
5986,5.986,0.421164,-1.00038,0,-1,0,-1,0,180
5987,5.987,0.42114,-0.99324,0,-1,0,-1,0,180
5988,5.988,0.421128,-0.986088,0,-1,0,-1,0,180
5989,5.989,0.421104,-0.978948,0,-1,0,-1,0,180
5990,5.99,0.42108,-0.971796,0,-1,0,-1,0,180
5991,5.991,0.421056,-0.964644,0,-1,0,-1,0,180
5992,5.992,0.421044,-0.957504,0,-1,0,-1,0,180
5993,5.993,0.42102,-0.950352,0,-1,0,-1,0,180
5994,5.994,0.420996,-0.943212,0,-1,0,-1,0,180
5995,5.995,0.420972,-0.93606,1,181,0,11,0,181
5996,5.996,0.42096,-0.92892,0,-1,0,-1,0,181
5997,5.997,0.420936,-0.921768,0,-1,0,-1,0,181
5998,5.998,0.420912,-0.914628,0,-1,0,-1,0,181
5999,5.999,0.420888,-0.907476,0,-1,0,-1,0,181
6000,6.0,0.420876,-0.900336,0,-1,0,-1,0,181
6001,6.001,0.420852,-0.893184,0,-1,0,-1,0,181
6002,6.002,0.420828,-0.886032,0,-1,0,-1,0,181
6003,6.003,0.420804,-0.878892,0,-1,0,-1,0,181
6004,6.004,0.420792,-0.87174,0,-1,0,-1,0,181
6005,6.005,0.420768,-0.8646,0,-1,0,-1,0,181
6006,6.006,0.420744,-0.857448,0,-1,0,-1,0,181
6007,6.007,0.42072,-0.850308,0,-1,0,-1,0,181
6008,6.008,0.420696,-0.843156,0,-1,0,-1,0,181
6009,6.009,0.420684,-0.836016,0,-1,0,-1,0,181
6010,6.01,0.42066,-0.828864,0,-1,0,-1,0,181
6011,6.011,0.420636,-0.821724,0,-1,0,-1,0,181
6012,6.012,0.420612,-0.814572,0,-1,0,-1,0,181
6013,6.013,0.4206,-0.807432,0,-1,0,-1,0,181
6014,6.014,0.420576,-0.80028,1,182,0,11,0,182
6015,6.015,0.420552,-0.79314,0,-1,0,-1,0,182
6016,6.016,0.420528,-0.785988,0,-1,0,-1,0,182
6017,6.017,0.420516,-0.778836,0,-1,0,-1,0,182
6018,6.018,0.420492,-0.771696,0,-1,0,-1,0,182
6019,6.019,0.420468,-0.764544,0,-1,0,-1,0,182
6020,6.02,0.420444,-0.757404,0,-1,0,-1,0,182
6021,6.021,0.420432,-0.750252,0,-1,0,-1,0,182
6022,6.022,0.420408,-0.743112,0,-1,0,-1,0,182
6023,6.023,0.420384,-0.73596,0,-1,0,-1,0,182
6024,6.024,0.42036,-0.72882,0,-1,0,-1,0,182
6025,6.025,0.420348,-0.721668,0,-1,0,-1,0,182
6026,6.026,0.420324,-0.714528,0,-1,0,-1,0,182
6027,6.027,0.4203,-0.707376,0,-1,0,-1,0,182
6028,6.028,0.420276,-0.700236,0,-1,0,-1,0,182
6029,6.029,0.420264,-0.693084,0,-1,0,-1,0,182
6030,6.03,0.42024,-0.685944,0,-1,0,-1,0,182
6031,6.031,0.420216,-0.678792,0,-1,0,-1,0,182
6032,6.032,0.420192,-0.671652,0,-1,0,-1,0,182
6033,6.033,0.42018,-0.6645,1,183,0,11,0,183
6034,6.034,0.420156,-0.65736,0,-1,0,-1,0,183
6035,6.035,0.420132,-0.650208,0,-1,0,-1,0,183
6036,6.036,0.420108,-0.643068,0,-1,0,-1,0,183
6037,6.037,0.420096,-0.635916,0,-1,0,-1,0,183
6038,6.038,0.420072,-0.628776,0,-1,0,-1,0,183
6039,6.039,0.420048,-0.621624,0,-1,0,-1,0,183
6040,6.04,0.420024,-0.614484,0,-1,0,-1,0,183
6041,6.041,0.420012,-0.607332,0,-1,0,-1,0,183
6042,6.042,0.419988,-0.600192,0,-1,0,-1,0,183
6043,6.043,0.419964,-0.59304,0,-1,0,-1,0,183
6044,6.044,0.41994,-0.5859,0,-1,0,-1,0,183
6045,6.045,0.419928,-0.578748,0,-1,0,-1,0,183
6046,6.046,0.419904,-0.571608,0,-1,0,-1,0,183
6047,6.047,0.41988,-0.564456,0,-1,0,-1,0,183
6048,6.048,0.419856,-0.557316,0,-1,0,-1,0,183
6049,6.049,0.419844,-0.550176,0,-1,0,-1,0,183
6050,6.05,0.41982,-0.543024,0,-1,0,-1,0,183
6051,6.051,0.419796,-0.535884,0,-1,0,-1,0,183
6052,6.052,0.419772,-0.528732,1,184,0,11,0,184
6053,6.053,0.41976,-0.521592,0,-1,0,-1,0,184
6054,6.054,0.419736,-0.51444,0,-1,0,-1,0,184
6055,6.055,0.419712,-0.5073,0,-1,0,-1,0,184
6056,6.056,0.419688,-0.500148,0,-1,0,-1,0,184
6057,6.057,0.419676,-0.493008,0,-1,0,-1,0,184
6058,6.058,0.419652,-0.485856,0,-1,0,-1,0,184
6059,6.059,0.419628,-0.478716,0,-1,0,-1,0,184
6060,6.06,0.419604,-0.471564,0,-1,0,-1,0,184
6061,6.061,0.41958,-0.464424,0,-1,0,-1,0,184
6062,6.062,0.419568,-0.457272,0,-1,0,-1,0,184
6063,6.063,0.419544,-0.450132,0,-1,0,-1,0,184
6064,6.064,0.41952,-0.442992,0,-1,0,-1,0,184
6065,6.065,0.419496,-0.43584,0,-1,0,-1,0,184
6066,6.066,0.419484,-0.4287,0,-1,0,-1,0,184
6067,6.067,0.41946,-0.421548,0,-1,0,-1,0,184
6068,6.068,0.419436,-0.414408,0,-1,0,-1,0,184
6069,6.069,0.419412,-0.407256,0,-1,0,-1,0,184
6070,6.07,0.4194,-0.400116,0,-1,0,-1,0,184
6071,6.071,0.419376,-0.392964,1,185,0,11,0,185
6072,6.072,0.419352,-0.385824,0,-1,0,-1,0,185
6073,6.073,0.419328,-0.378684,0,-1,0,-1,0,185
6074,6.074,0.419316,-0.371532,0,-1,0,-1,0,185
6075,6.075,0.419292,-0.364392,0,-1,0,-1,0,185
6076,6.076,0.419268,-0.35724,0,-1,0,-1,0,185
6077,6.077,0.419244,-0.3501,0,-1,0,-1,0,185
6078,6.078,0.419232,-0.342948,0,-1,0,-1,0,185
6079,6.079,0.419208,-0.335808,0,-1,0,-1,0,185
6080,6.08,0.419184,-0.328656,0,-1,0,-1,0,185
6081,6.081,0.41916,-0.321516,0,-1,0,-1,0,185
6082,6.082,0.419148,-0.314376,0,-1,0,-1,0,185
6083,6.083,0.419124,-0.307224,0,-1,0,-1,0,185
6084,6.084,0.4191,-0.300084,0,-1,0,-1,0,185
6085,6.085,0.419076,-0.292932,0,-1,0,-1,0,185
6086,6.086,0.419064,-0.285792,0,-1,0,-1,0,185
6087,6.087,0.41904,-0.27864,0,-1,0,-1,0,185
6088,6.088,0.419016,-0.2715,0,-1,0,-1,0,185
6089,6.089,0.418992,-0.26436,0,-1,0,-1,0,185
6090,6.09,0.41898,-0.257208,1,186,0,11,0,186
6091,6.091,0.418956,-0.250068,0,-1,0,-1,0,186
6092,6.092,0.418932,-0.242916,0,-1,0,-1,0,186
6093,6.093,0.418908,-0.235776,0,-1,0,-1,0,186
6094,6.094,0.418896,-0.228636,0,-1,0,-1,0,186
6095,6.095,0.418872,-0.221484,0,-1,0,-1,0,186
6096,6.096,0.418848,-0.214344,0,-1,0,-1,0,186
6097,6.097,0.418824,-0.207192,0,-1,0,-1,0,186
6098,6.098,0.418812,-0.200052,0,-1,0,-1,0,186
6099,6.099,0.418788,-0.1929,0,-1,0,-1,0,186
6100,6.1,0.418764,-0.18576,0,-1,0,-1,0,186
6101,6.101,0.41874,-0.17862,0,-1,0,-1,0,186
6102,6.102,0.418728,-0.171468,0,-1,0,-1,0,186
6103,6.103,0.418704,-0.164328,0,-1,0,-1,0,186
6104,6.104,0.41868,-0.157176,0,-1,0,-1,0,186
6105,6.105,0.418656,-0.150036,0,-1,0,-1,0,186
6106,6.106,0.418644,-0.142896,0,-1,0,-1,0,186
6107,6.107,0.41862,-0.135744,0,-1,0,-1,0,186
6108,6.108,0.418596,-0.128604,0,-1,0,-1,0,186
6109,6.109,0.418572,-0.121452,1,187,0,11,0,187
6110,6.11,0.41856,-0.1143132,0,-1,0,-1,0,187
6111,6.111,0.418536,-0.1071684,0,-1,0,-1,0,187
6112,6.112,0.418512,-0.1000236,0,-1,0,-1,0,187
6113,6.113,0.418488,-0.0928788,0,-1,0,-1,0,187
6114,6.114,0.418464,-0.085734,0,-1,0,-1,0,187
6115,6.115,0.418452,-0.0785892,0,-1,0,-1,0,187
6116,6.116,0.418428,-0.0714456,0,-1,0,-1,0,187
6117,6.117,0.418404,-0.0643008,0,-1,0,-1,0,187
6118,6.118,0.41838,-0.057156,0,-1,0,-1,0,187
6119,6.119,0.418368,-0.0500112,0,-1,0,-1,0,187
6120,6.12,0.418344,-0.0428664,0,-1,0,-1,0,187
6121,6.121,0.41832,-0.0357228,0,-1,0,-1,0,187
6122,6.122,0.418296,-0.028578,0,-1,0,-1,0,187
6123,6.123,0.418284,-0.0214332,0,-1,0,-1,0,187
6124,6.124,0.41826,-0.0142884,0,-1,0,-1,0,187
6125,6.125,0.418236,-0.00714444,0,-1,0,-1,0,187
6126,6.126,0.418212,0.0,0,-1,0,-1,0,187
6127,6.127,0.4182,0.00714444,0,-1,0,-1,0,187
6128,6.128,0.418176,0.0142884,1,188,0,11,0,188
6129,6.129,0.418152,0.0214332,0,-1,0,-1,0,188
6130,6.13,0.418128,0.028578,0,-1,0,-1,0,188
6131,6.131,0.418116,0.0357216,0,-1,0,-1,0,188
6132,6.132,0.418092,0.0428664,0,-1,0,-1,0,188
6133,6.133,0.418068,0.05001,0,-1,0,-1,0,188
6134,6.134,0.418044,0.0571548,0,-1,0,-1,0,188
6135,6.135,0.418032,0.0642996,0,-1,0,-1,0,188
6136,6.136,0.418008,0.0714432,0,-1,0,-1,0,188
6137,6.137,0.417984,0.078588,0,-1,0,-1,0,188
6138,6.138,0.41796,0.0857316,0,-1,0,-1,0,188
6139,6.139,0.417948,0.0928764,0,-1,0,-1,0,188
6140,6.14,0.417924,0.10002,0,-1,0,-1,0,188
6141,6.141,0.4179,0.1071648,0,-1,0,-1,0,188
6142,6.142,0.417876,0.1143084,0,-1,0,-1,0,188
6143,6.143,0.417864,0.121452,0,-1,0,-1,0,188
6144,6.144,0.41784,0.128592,0,-1,0,-1,0,188
6145,6.145,0.417816,0.135744,0,-1,0,-1,0,188
6146,6.146,0.417792,0.142884,0,-1,0,-1,0,188
6147,6.147,0.41778,0.150024,1,189,0,11,0,189
6148,6.148,0.417756,0.157176,0,-1,0,-1,0,189
6149,6.149,0.417732,0.164316,0,-1,0,-1,0,189
6150,6.15,0.417708,0.171456,0,-1,0,-1,0,189
6151,6.151,0.417696,0.178608,0,-1,0,-1,0,189
6152,6.152,0.417672,0.185748,0,-1,0,-1,0,189
6153,6.153,0.417648,0.192888,0,-1,0,-1,0,189
6154,6.154,0.417624,0.20004,0,-1,0,-1,0,189
6155,6.155,0.417612,0.20718,0,-1,0,-1,0,189
6156,6.156,0.417588,0.21432,0,-1,0,-1,0,189
6157,6.157,0.417564,0.221472,0,-1,0,-1,0,189
6158,6.158,0.41754,0.228612,0,-1,0,-1,0,189
6159,6.159,0.417528,0.235752,0,-1,0,-1,0,189
6160,6.16,0.417504,0.242904,0,-1,0,-1,0,189
6161,6.161,0.41748,0.250044,0,-1,0,-1,0,189
6162,6.162,0.417456,0.257184,0,-1,0,-1,0,189
6163,6.163,0.417444,0.264336,0,-1,0,-1,0,189
6164,6.164,0.41742,0.271476,0,-1,0,-1,0,189
6165,6.165,0.417396,0.278616,0,-1,0,-1,0,189
6166,6.166,0.417372,0.285768,1,190,0,11,0,190
6167,6.167,0.41736,0.292908,0,-1,0,-1,0,190
6168,6.168,0.417336,0.300048,0,-1,0,-1,0,190
6169,6.169,0.417312,0.3072,0,-1,0,-1,0,190
6170,6.17,0.417288,0.31434,0,-1,0,-1,0,190
6171,6.171,0.417264,0.32148,0,-1,0,-1,0,190
6172,6.172,0.417252,0.328632,0,-1,0,-1,0,190
6173,6.173,0.417228,0.335772,0,-1,0,-1,0,190
6174,6.174,0.417204,0.342912,0,-1,0,-1,0,190
6175,6.175,0.41718,0.350052,0,-1,0,-1,0,190
6176,6.176,0.417168,0.357204,0,-1,0,-1,0,190
6177,6.177,0.417144,0.364344,0,-1,0,-1,0,190
6178,6.178,0.41712,0.371484,0,-1,0,-1,0,190
6179,6.179,0.417096,0.378636,0,-1,0,-1,0,190
6180,6.18,0.417084,0.385776,0,-1,0,-1,0,190
6181,6.181,0.41706,0.392916,0,-1,0,-1,0,190
6182,6.182,0.417036,0.400056,0,-1,0,-1,0,190
6183,6.183,0.417012,0.407208,0,-1,0,-1,0,190
6184,6.184,0.417,0.414348,0,-1,0,-1,0,190
6185,6.185,0.416976,0.421488,1,191,0,11,0,191
6186,6.186,0.416952,0.42864,0,-1,0,-1,0,191
6187,6.187,0.416928,0.43578,0,-1,0,-1,0,191
6188,6.188,0.416916,0.44292,0,-1,0,-1,0,191
6189,6.189,0.416892,0.45006,0,-1,0,-1,0,191
6190,6.19,0.416868,0.457212,0,-1,0,-1,0,191
6191,6.191,0.416844,0.464352,0,-1,0,-1,0,191
6192,6.192,0.416832,0.471492,0,-1,0,-1,0,191
6193,6.193,0.416808,0.478644,0,-1,0,-1,0,191
6194,6.194,0.416784,0.485784,0,-1,0,-1,0,191
6195,6.195,0.41676,0.492924,0,-1,0,-1,0,191
6196,6.196,0.416748,0.500064,0,-1,0,-1,0,191
6197,6.197,0.416724,0.507216,0,-1,0,-1,0,191
6198,6.198,0.4167,0.514356,0,-1,0,-1,0,191
6199,6.199,0.416676,0.521496,0,-1,0,-1,0,191
6200,6.2,0.416664,0.528636,0,-1,0,-1,0,191
6201,6.201,0.41664,0.535788,0,-1,0,-1,0,191
6202,6.202,0.416616,0.542928,0,-1,0,-1,0,191
6203,6.203,0.416592,0.550068,0,-1,0,-1,0,191
6204,6.204,0.41658,0.55722,0,-1,0,-1,0,191
6205,6.205,0.416556,0.56436,0,-1,0,-1,0,191
6206,6.206,0.416532,0.5715,0,-1,0,-1,0,191
6207,6.207,0.416508,0.57864,0,-1,0,-1,0,191
6208,6.208,0.416496,0.585792,0,-1,0,-1,0,191
6209,6.209,0.416472,0.592932,0,-1,0,-1,0,191
6210,6.21,0.416448,0.600072,0,-1,0,-1,0,191
6211,6.211,0.416424,0.607212,0,-1,0,-1,0,191
6212,6.212,0.416412,0.614364,0,-1,0,-1,0,191
6213,6.213,0.416388,0.621504,0,-1,0,-1,0,191
6214,6.214,0.416364,0.628644,0,-1,0,-1,0,191
6215,6.215,0.41634,0.635784,0,-1,0,-1,0,191
6216,6.216,0.416328,0.642936,0,-1,0,-1,0,191
6217,6.217,0.416304,0.650076,0,-1,0,-1,0,191
6218,6.218,0.41628,0.657216,0,-1,0,-1,0,191
6219,6.219,0.416256,0.664356,0,-1,0,-1,0,191
6220,6.22,0.416244,0.671508,0,-1,0,-1,0,191
6221,6.221,0.41622,0.678648,0,-1,0,-1,0,191
6222,6.222,0.416196,0.685788,0,-1,0,-1,0,191
6223,6.223,0.416172,0.692928,0,-1,0,-1,0,191
6224,6.224,0.41616,0.700068,0,-1,0,-1,0,191
6225,6.225,0.416136,0.70722,0,-1,0,-1,0,191
6226,6.226,0.416112,0.71436,0,-1,0,-1,0,191
6227,6.227,0.416088,0.7215,0,-1,0,-1,0,191
6228,6.228,0.416076,0.72864,0,-1,0,-1,0,191
6229,6.229,0.416052,0.735792,0,-1,0,-1,0,191
6230,6.23,0.416028,0.742932,0,-1,0,-1,0,191
6231,6.231,0.416004,0.750072,0,-1,0,-1,0,191
6232,6.232,0.41598,0.757212,0,-1,0,-1,0,191
6233,6.233,0.415968,0.764364,0,-1,0,-1,0,191
6234,6.234,0.415944,0.771504,0,-1,0,-1,0,191
6235,6.235,0.41592,0.778644,0,-1,0,-1,0,191
6236,6.236,0.415896,0.785784,0,-1,0,-1,0,191
6237,6.237,0.415884,0.792924,0,-1,0,-1,0,191
6238,6.238,0.41586,0.800076,0,-1,0,-1,0,191
6239,6.239,0.415836,0.807216,0,-1,0,-1,0,191
6240,6.24,0.415812,0.814356,0,-1,0,-1,0,191
6241,6.241,0.4158,0.821496,0,-1,0,-1,0,191
6242,6.242,0.415776,0.828636,0,-1,0,-1,0,191
6243,6.243,0.415752,0.835788,0,-1,0,-1,0,191
6244,6.244,0.415728,0.842928,0,-1,0,-1,0,191
6245,6.245,0.415716,0.850068,0,-1,0,-1,0,191
6246,6.246,0.415692,0.857208,0,-1,0,-1,0,191
6247,6.247,0.415668,0.864348,0,-1,0,-1,0,191
6248,6.248,0.415644,0.8715,0,-1,0,-1,0,191
6249,6.249,0.415632,0.87864,0,-1,0,-1,0,191
6250,6.25,0.415608,0.88578,0,-1,0,-1,0,191
6251,6.251,0.415584,0.89292,0,-1,0,-1,0,191
6252,6.252,0.41556,0.90006,0,-1,0,-1,0,191
6253,6.253,0.415548,0.907212,0,-1,0,-1,0,191
6254,6.254,0.415524,0.914352,0,-1,0,-1,0,191
6255,6.255,0.4155,0.921492,0,-1,0,-1,0,191
6256,6.256,0.415476,0.928632,0,-1,0,-1,0,191
6257,6.257,0.415464,0.935772,0,-1,0,-1,0,191
6258,6.258,0.41544,0.942924,0,-1,0,-1,0,191
6259,6.259,0.415416,0.950064,0,-1,0,-1,0,191
6260,6.26,0.415392,0.957204,0,-1,0,-1,0,191
6261,6.261,0.41538,0.964344,0,-1,0,-1,0,191
6262,6.262,0.415356,0.971484,0,-1,0,-1,0,191
6263,6.263,0.415332,0.978636,0,-1,0,-1,0,191
6264,6.264,0.415308,0.985776,0,-1,0,-1,0,191
6265,6.265,0.415296,0.992916,0,-1,0,-1,0,191
6266,6.266,0.415272,1.000056,0,-1,0,-1,0,191
6267,6.267,0.415248,1.007196,0,-1,0,-1,0,191
6268,6.268,0.415224,1.014336,0,-1,0,-1,0,191
6269,6.269,0.415212,1.021488,0,-1,0,-1,0,191
6270,6.27,0.415188,1.028628,0,-1,0,-1,0,191
6271,6.271,0.415164,1.035768,0,-1,0,-1,0,191
6272,6.272,0.41514,1.042908,0,-1,0,-1,0,191
6273,6.273,0.415128,1.050048,0,-1,0,-1,0,191
6274,6.274,0.415104,1.057188,0,-1,0,-1,0,191
6275,6.275,0.41508,1.06434,0,-1,0,-1,0,191
6276,6.276,0.415056,1.07148,0,-1,0,-1,0,191
6277,6.277,0.415044,1.07862,0,-1,0,-1,0,191
6278,6.278,0.41502,1.08576,0,-1,0,-1,0,191
6279,6.279,0.414996,1.0929,0,-1,0,-1,0,191
6280,6.28,0.414972,1.10004,0,-1,0,-1,0,191
6281,6.281,0.41496,1.107192,0,-1,0,-1,0,191
6282,6.282,0.414936,1.114332,0,-1,0,-1,0,191
6283,6.283,0.414912,1.121472,0,-1,0,-1,0,191
6284,6.284,0.414888,1.128612,0,-1,0,-1,0,191
6285,6.285,0.414876,1.135752,0,-1,0,-1,0,191
6286,6.286,0.414852,1.142892,0,-1,0,-1,0,191
6287,6.287,0.414828,1.150032,0,-1,0,-1,0,191
6288,6.288,0.414804,1.157184,0,-1,0,-1,0,191
6289,6.289,0.414792,1.164324,0,-1,0,-1,0,191
6290,6.29,0.414768,1.171464,0,-1,0,-1,0,191
6291,6.291,0.414744,1.178604,0,-1,0,-1,0,191
6292,6.292,0.41472,1.185744,0,-1,0,-1,0,191
6293,6.293,0.414696,1.192884,0,-1,0,-1,0,191
6294,6.294,0.414684,1.2,0,-1,0,-1,0,191
6295,6.295,0.41466,1.2072,0,-1,0,-1,0,191
6296,6.296,0.414636,1.21428,0,-1,0,-1,0,191
6297,6.297,0.414612,1.22148,0,-1,0,-1,0,191
6298,6.298,0.4146,1.22856,0,-1,0,-1,0,191
6299,6.299,0.414576,1.23576,0,-1,0,-1,0,191
6300,6.3,0.414552,1.24284,0,-1,0,-1,0,191
6301,6.301,0.414528,1.25004,0,-1,0,-1,0,191
6302,6.302,0.414516,1.25712,0,-1,0,-1,0,191
6303,6.303,0.414492,1.26432,0,-1,0,-1,0,191
6304,6.304,0.414468,1.2714,0,-1,0,-1,0,191
6305,6.305,0.414444,1.2786,0,-1,0,-1,0,191
6306,6.306,0.414432,1.28568,0,-1,0,-1,0,191
6307,6.307,0.414408,1.29288,0,-1,0,-1,0,191
6308,6.308,0.414384,1.29996,0,-1,0,-1,0,191
6309,6.309,0.41436,1.30716,0,-1,0,-1,0,191
6310,6.31,0.414348,1.31424,0,-1,0,-1,0,191
6311,6.311,0.414324,1.32144,0,-1,0,-1,0,191
6312,6.312,0.4143,1.32852,0,-1,0,-1,0,191
6313,6.313,0.414276,1.33572,0,-1,0,-1,0,191
6314,6.314,0.414264,1.3428,0,-1,0,-1,0,191
6315,6.315,0.41424,1.35,0,-1,0,-1,0,191
6316,6.316,0.414216,1.3572,0,-1,0,-1,0,191
6317,6.317,0.414192,1.36428,0,-1,0,-1,0,191
6318,6.318,0.41418,1.37148,0,-1,0,-1,0,191
6319,6.319,0.414156,1.37856,0,-1,0,-1,0,191
6320,6.32,0.414132,1.38576,0,-1,0,-1,0,191
6321,6.321,0.414108,1.39284,0,-1,0,-1,0,191
6322,6.322,0.414096,1.40004,0,-1,0,-1,0,191
6323,6.323,0.414072,1.40712,0,-1,0,-1,0,191
6324,6.324,0.414048,1.41432,0,-1,0,-1,0,191
6325,6.325,0.414024,1.4214,0,-1,0,-1,0,191
6326,6.326,0.414012,1.4286,0,-1,0,-1,0,191
6327,6.327,0.413988,1.43568,0,-1,0,-1,0,191
6328,6.328,0.413964,1.44288,0,-1,0,-1,0,191
6329,6.329,0.41394,1.44996,0,-1,0,-1,0,191
6330,6.33,0.413928,1.45716,0,-1,0,-1,0,191
6331,6.331,0.413904,1.46424,0,-1,0,-1,0,191
6332,6.332,0.41388,1.47144,0,-1,0,-1,0,191
6333,6.333,0.413856,1.47852,0,-1,0,-1,0,191
6334,6.334,0.413844,1.48572,0,-1,0,-1,0,191
6335,6.335,0.41382,1.4928,0,-1,0,-1,0,191
6336,6.336,0.413796,1.5,0,-1,0,-1,0,191
6337,6.337,0.413772,1.50708,0,-1,0,-1,0,191
6338,6.338,0.41376,1.51428,0,-1,0,-1,0,191
6339,6.339,0.413736,1.52136,0,-1,0,-1,0,191
6340,6.34,0.413712,1.52856,0,-1,0,-1,0,191
6341,6.341,0.413688,1.53564,0,-1,0,-1,0,191
6342,6.342,0.413676,1.54284,0,-1,0,-1,0,191
6343,6.343,0.413652,1.54992,0,-1,0,-1,0,191
6344,6.344,0.413628,1.55712,0,-1,0,-1,0,191
6345,6.345,0.413604,1.5642,0,-1,0,-1,0,191
6346,6.346,0.413592,1.5714,0,-1,0,-1,0,191
6347,6.347,0.413568,1.57848,0,-1,0,-1,0,191
6348,6.348,0.413544,1.58568,0,-1,0,-1,0,191
6349,6.349,0.41352,1.59276,0,-1,0,-1,0,191
6350,6.35,0.413508,1.59996,0,-1,0,-1,0,191
6351,6.351,0.413484,1.60704,0,-1,0,-1,0,191
6352,6.352,0.41346,1.61424,0,-1,0,-1,0,191
6353,6.353,0.413436,1.62132,0,-1,0,-1,0,191
6354,6.354,0.413424,1.62852,0,-1,0,-1,0,191
6355,6.355,0.417216,1.63488,0,-1,0,-1,0,191
6356,6.356,0.417192,1.64196,0,-1,0,-1,0,191
6357,6.357,0.417168,1.64916,0,-1,0,-1,0,191
6358,6.358,0.42096,1.6554,0,-1,0,-1,0,191
6359,6.359,0.420936,1.6626,0,-1,0,-1,0,191
6360,6.36,0.424728,1.66884,0,-1,0,-1,0,191
6361,6.361,0.428508,1.6752,0,-1,0,-1,0,191
6362,6.362,0.432288,1.68144,0,-1,0,-1,0,191
6363,6.363,0.436068,1.6878,0,-1,0,-1,0,191
6364,6.364,0.439836,1.69404,0,-1,0,-1,0,191
6365,6.365,0.443628,1.6932,0,-1,0,-1,0,191
6366,6.366,0.447384,1.69956,0,-1,0,-1,0,191
6367,6.367,0.451164,1.69872,0,-1,0,-1,0,191
6368,6.368,0.454944,1.69788,0,-1,0,-1,0,191
6369,6.369,0.4587,1.70412,0,-1,0,-1,0,191
6370,6.37,0.462468,1.70328,0,-1,0,-1,0,191
6371,6.371,0.466236,1.70244,0,-1,0,-1,0,191
6372,6.372,0.470004,1.7016,0,-1,0,-1,0,191
6373,6.373,0.47376,1.70076,0,-1,0,-1,0,191
6374,6.374,0.477516,1.69992,0,-1,0,-1,0,191
6375,6.375,0.481272,1.69908,0,-1,0,-1,0,191
6376,6.376,0.48504,1.69128,0,-1,0,-1,0,191
6377,6.377,0.488784,1.69044,0,-1,0,-1,0,191
6378,6.378,0.492528,1.6896,0,-1,0,-1,0,191
6379,6.379,0.496284,1.68168,0,-1,0,-1,0,191
6380,6.38,0.500016,1.68084,0,-1,0,-1,0,191
6381,6.381,0.50376,1.67304,0,-1,0,-1,0,191
6382,6.382,0.507516,1.66512,0,-1,0,-1,0,191
6383,6.383,0.51126,1.65732,0,-1,0,-1,0,191
6384,6.384,0.514992,1.6494,0,-1,0,-1,0,191
6385,6.385,0.518736,1.6416,0,-1,0,-1,0,191
6386,6.386,0.51876,1.63452,0,-1,0,-1,0,191
6387,6.387,0.522492,1.62672,0,-1,0,-1,0,191
6388,6.388,0.522504,1.61964,0,-1,0,-1,0,191
6389,6.389,0.522528,1.61268,0,-1,0,-1,0,191
6390,6.39,0.52626,1.60476,0,-1,0,-1,0,191
6391,6.391,0.526284,1.5978,0,-1,0,-1,0,191
6392,6.392,0.526296,1.59072,0,-1,0,-1,0,191
6393,6.393,0.52632,1.58364,0,-1,0,-1,0,191
6394,6.394,0.526344,1.57668,1,192,1,12,0,192
6395,6.395,0.526368,1.5696,0,-1,0,-1,0,192
6396,6.396,0.52638,1.56264,0,-1,0,-1,0,192
6397,6.397,0.526404,1.55556,0,-1,0,-1,0,192
6398,6.398,0.526428,1.54848,0,-1,0,-1,0,192
6399,6.399,0.526452,1.54152,0,-1,0,-1,0,192
6400,6.4,0.526464,1.53444,0,-1,0,-1,0,192
6401,6.401,0.526488,1.52736,0,-1,0,-1,0,192
6402,6.402,0.526512,1.5204,0,-1,0,-1,0,192
6403,6.403,0.526524,1.51332,0,-1,0,-1,0,192
6404,6.404,0.526548,1.50624,0,-1,0,-1,0,192
6405,6.405,0.526572,1.49928,0,-1,0,-1,0,192
6406,6.406,0.526596,1.4922,0,-1,0,-1,0,192
6407,6.407,0.526608,1.48524,0,-1,0,-1,0,192
6408,6.408,0.526632,1.47816,0,-1,0,-1,0,192
6409,6.409,0.526656,1.47108,0,-1,0,-1,0,192
6410,6.41,0.52668,1.46412,0,-1,0,-1,0,192
6411,6.411,0.526692,1.45704,0,-1,0,-1,0,192
6412,6.412,0.526716,1.44996,1,193,0,12,0,193
6413,6.413,0.52674,1.443,0,-1,0,-1,0,193
6414,6.414,0.526764,1.43592,0,-1,0,-1,0,193
6415,6.415,0.526776,1.42884,0,-1,0,-1,0,193
6416,6.416,0.5268,1.42188,0,-1,0,-1,0,193
6417,6.417,0.526824,1.4148,0,-1,0,-1,0,193
6418,6.418,0.526848,1.40772,0,-1,0,-1,0,193
6419,6.419,0.52686,1.40076,0,-1,0,-1,0,193
6420,6.42,0.526884,1.39368,0,-1,0,-1,0,193
6421,6.421,0.526908,1.38672,0,-1,0,-1,0,193
6422,6.422,0.526932,1.37964,0,-1,0,-1,0,193
6423,6.423,0.526944,1.37256,0,-1,0,-1,0,193
6424,6.424,0.526968,1.3656,0,-1,0,-1,0,193
6425,6.425,0.526992,1.35852,0,-1,0,-1,0,193
6426,6.426,0.527004,1.35144,0,-1,0,-1,0,193
6427,6.427,0.527028,1.34448,0,-1,0,-1,0,193
6428,6.428,0.527052,1.3374,0,-1,0,-1,0,193
6429,6.429,0.527076,1.33032,0,-1,0,-1,0,193
6430,6.43,0.527088,1.32336,1,194,0,12,0,194
6431,6.431,0.527112,1.31628,0,-1,0,-1,0,194
6432,6.432,0.527136,1.3092,0,-1,0,-1,0,194
6433,6.433,0.52716,1.30224,0,-1,0,-1,0,194
6434,6.434,0.527172,1.29516,0,-1,0,-1,0,194
6435,6.435,0.527196,1.28808,0,-1,0,-1,0,194
6436,6.436,0.52722,1.28112,0,-1,0,-1,0,194
6437,6.437,0.527244,1.27404,0,-1,0,-1,0,194
6438,6.438,0.527256,1.26708,0,-1,0,-1,0,194
6439,6.439,0.52728,1.26,0,-1,0,-1,0,194
6440,6.44,0.527304,1.25292,0,-1,0,-1,0,194
6441,6.441,0.527328,1.24596,0,-1,0,-1,0,194
6442,6.442,0.52734,1.23888,0,-1,0,-1,0,194
6443,6.443,0.527364,1.2318,0,-1,0,-1,0,194
6444,6.444,0.527388,1.22484,0,-1,0,-1,0,194
6445,6.445,0.527412,1.21776,0,-1,0,-1,0,194
6446,6.446,0.527424,1.21068,0,-1,0,-1,0,194
6447,6.447,0.527448,1.20372,0,-1,0,-1,0,194
6448,6.448,0.527472,1.196652,1,195,0,12,0,195
6449,6.449,0.527484,1.189608,0,-1,0,-1,0,195
6450,6.45,0.527508,1.182576,0,-1,0,-1,0,195
6451,6.451,0.527532,1.175532,0,-1,0,-1,0,195
6452,6.452,0.527556,1.1685,0,-1,0,-1,0,195
6453,6.453,0.527568,1.161456,0,-1,0,-1,0,195
6454,6.454,0.527592,1.154424,0,-1,0,-1,0,195
6455,6.455,0.527616,1.14738,0,-1,0,-1,0,195
6456,6.456,0.52764,1.140348,0,-1,0,-1,0,195
6457,6.457,0.527652,1.133304,0,-1,0,-1,0,195
6458,6.458,0.527676,1.126272,0,-1,0,-1,0,195
6459,6.459,0.5277,1.119228,0,-1,0,-1,0,195
6460,6.46,0.527724,1.112196,0,-1,0,-1,0,195
6461,6.461,0.527736,1.105152,0,-1,0,-1,0,195
6462,6.462,0.52776,1.09812,0,-1,0,-1,0,195
6463,6.463,0.527784,1.091076,0,-1,0,-1,0,195
6464,6.464,0.527808,1.084044,0,-1,0,-1,0,195
6465,6.465,0.52782,1.077,0,-1,0,-1,0,195
6466,6.466,0.527844,1.069968,1,196,0,12,0,196
6467,6.467,0.527868,1.062924,0,-1,0,-1,0,196
6468,6.468,0.527892,1.055892,0,-1,0,-1,0,196
6469,6.469,0.527904,1.048848,0,-1,0,-1,0,196
6470,6.47,0.527928,1.041816,0,-1,0,-1,0,196
6471,6.471,0.527952,1.034772,0,-1,0,-1,0,196
6472,6.472,0.527964,1.02774,0,-1,0,-1,0,196
6473,6.473,0.527988,1.020696,0,-1,0,-1,0,196
6474,6.474,0.528012,1.013664,0,-1,0,-1,0,196
6475,6.475,0.528036,1.00662,0,-1,0,-1,0,196
6476,6.476,0.528048,0.999588,0,-1,0,-1,0,196
6477,6.477,0.528072,0.992544,0,-1,0,-1,0,196
6478,6.478,0.528096,0.985512,0,-1,0,-1,0,196
6479,6.479,0.52812,0.978468,0,-1,0,-1,0,196
6480,6.48,0.528132,0.971436,0,-1,0,-1,0,196
6481,6.481,0.528156,0.964392,0,-1,0,-1,0,196
6482,6.482,0.52818,0.95736,0,-1,0,-1,0,196
6483,6.483,0.528204,0.950316,0,-1,0,-1,0,196
6484,6.484,0.528216,0.943284,1,197,0,12,0,197
6485,6.485,0.52824,0.93624,0,-1,0,-1,0,197
6486,6.486,0.528264,0.929208,0,-1,0,-1,0,197
6487,6.487,0.528288,0.922164,0,-1,0,-1,0,197
6488,6.488,0.5283,0.915132,0,-1,0,-1,0,197
6489,6.489,0.528324,0.908088,0,-1,0,-1,0,197
6490,6.49,0.528348,0.901044,0,-1,0,-1,0,197
6491,6.491,0.528372,0.894012,0,-1,0,-1,0,197
6492,6.492,0.528384,0.886968,0,-1,0,-1,0,197
6493,6.493,0.528408,0.879936,0,-1,0,-1,0,197
6494,6.494,0.528432,0.872892,0,-1,0,-1,0,197
6495,6.495,0.528444,0.86586,0,-1,0,-1,0,197
6496,6.496,0.528468,0.858816,0,-1,0,-1,0,197
6497,6.497,0.528492,0.851784,0,-1,0,-1,0,197
6498,6.498,0.528516,0.84474,0,-1,0,-1,0,197
6499,6.499,0.528528,0.837708,0,-1,0,-1,0,197
6500,6.5,0.528552,0.830664,0,-1,0,-1,0,197
6501,6.501,0.528576,0.823632,0,-1,0,-1,0,197
6502,6.502,0.5286,0.816588,1,198,0,12,0,198
6503,6.503,0.528612,0.809544,0,-1,0,-1,0,198
6504,6.504,0.528636,0.802512,0,-1,0,-1,0,198
6505,6.505,0.52866,0.795468,0,-1,0,-1,0,198
6506,6.506,0.528684,0.788436,0,-1,0,-1,0,198
6507,6.507,0.528696,0.781392,0,-1,0,-1,0,198
6508,6.508,0.52872,0.77436,0,-1,0,-1,0,198
6509,6.509,0.528744,0.767316,0,-1,0,-1,0,198
6510,6.51,0.528768,0.760284,0,-1,0,-1,0,198
6511,6.511,0.52878,0.75324,0,-1,0,-1,0,198
6512,6.512,0.528804,0.746196,0,-1,0,-1,0,198
6513,6.513,0.528828,0.739164,0,-1,0,-1,0,198
6514,6.514,0.528852,0.73212,0,-1,0,-1,0,198
6515,6.515,0.528864,0.725088,0,-1,0,-1,0,198
6516,6.516,0.528888,0.718044,0,-1,0,-1,0,198
6517,6.517,0.528912,0.711012,0,-1,0,-1,0,198
6518,6.518,0.528924,0.703968,0,-1,0,-1,0,198
6519,6.519,0.528948,0.696924,0,-1,0,-1,0,198
6520,6.52,0.528972,0.689892,1,199,0,12,0,199
6521,6.521,0.528996,0.682848,0,-1,0,-1,0,199
6522,6.522,0.529008,0.675816,0,-1,0,-1,0,199
6523,6.523,0.529032,0.668772,0,-1,0,-1,0,199
6524,6.524,0.529056,0.66174,0,-1,0,-1,0,199
6525,6.525,0.52908,0.654696,0,-1,0,-1,0,199
6526,6.526,0.529092,0.647652,0,-1,0,-1,0,199
6527,6.527,0.529116,0.64062,0,-1,0,-1,0,199
6528,6.528,0.52914,0.633576,0,-1,0,-1,0,199
6529,6.529,0.529164,0.626544,0,-1,0,-1,0,199
6530,6.53,0.529176,0.6195,0,-1,0,-1,0,199
6531,6.531,0.5292,0.612456,0,-1,0,-1,0,199
6532,6.532,0.529224,0.605424,0,-1,0,-1,0,199
6533,6.533,0.529248,0.59838,0,-1,0,-1,0,199
6534,6.534,0.52926,0.591348,0,-1,0,-1,0,199
6535,6.535,0.529284,0.584304,0,-1,0,-1,0,199
6536,6.536,0.529308,0.57726,0,-1,0,-1,0,199
6537,6.537,0.529332,0.570228,0,-1,0,-1,0,199
6538,6.538,0.529344,0.563184,1,200,0,12,0,200
6539,6.539,0.529368,0.556152,0,-1,0,-1,0,200
6540,6.54,0.529392,0.549108,0,-1,0,-1,0,200
6541,6.541,0.529404,0.542064,0,-1,0,-1,0,200
6542,6.542,0.529428,0.535032,0,-1,0,-1,0,200
6543,6.543,0.529452,0.527988,0,-1,0,-1,0,200
6544,6.544,0.529476,0.520956,0,-1,0,-1,0,200
6545,6.545,0.529488,0.513912,0,-1,0,-1,0,200
6546,6.546,0.529512,0.506868,0,-1,0,-1,0,200
6547,6.547,0.529536,0.499836,0,-1,0,-1,0,200
6548,6.548,0.52956,0.492792,0,-1,0,-1,0,200
6549,6.549,0.529572,0.48576,0,-1,0,-1,0,200
6550,6.55,0.529596,0.478716,0,-1,0,-1,0,200
6551,6.551,0.52962,0.471672,0,-1,0,-1,0,200
6552,6.552,0.529644,0.46464,0,-1,0,-1,0,200
6553,6.553,0.529656,0.457596,0,-1,0,-1,0,200
6554,6.554,0.52968,0.450564,0,-1,0,-1,0,200
6555,6.555,0.529704,0.44352,0,-1,0,-1,0,200
6556,6.556,0.529728,0.436476,1,201,0,12,0,201
6557,6.557,0.52974,0.429444,0,-1,0,-1,0,201
6558,6.558,0.529764,0.4224,0,-1,0,-1,0,201
6559,6.559,0.529788,0.415356,0,-1,0,-1,0,201
6560,6.56,0.529812,0.408324,0,-1,0,-1,0,201
6561,6.561,0.529824,0.40128,0,-1,0,-1,0,201
6562,6.562,0.529848,0.394236,0,-1,0,-1,0,201
6563,6.563,0.529872,0.387204,0,-1,0,-1,0,201
6564,6.564,0.529896,0.38016,0,-1,0,-1,0,201
6565,6.565,0.529908,0.373128,0,-1,0,-1,0,201
6566,6.566,0.529932,0.366084,0,-1,0,-1,0,201
6567,6.567,0.529956,0.35904,0,-1,0,-1,0,201
6568,6.568,0.529968,0.352008,0,-1,0,-1,0,201
6569,6.569,0.529992,0.344964,0,-1,0,-1,0,201
6570,6.57,0.530016,0.33792,0,-1,0,-1,0,201
6571,6.571,0.53004,0.330888,0,-1,0,-1,0,201
6572,6.572,0.530052,0.323844,0,-1,0,-1,0,201
6573,6.573,0.530076,0.3168,0,-1,0,-1,0,201
6574,6.574,0.5301,0.309768,1,202,0,12,0,202
6575,6.575,0.530124,0.302724,0,-1,0,-1,0,202
6576,6.576,0.530136,0.295692,0,-1,0,-1,0,202
6577,6.577,0.53016,0.288648,0,-1,0,-1,0,202
6578,6.578,0.530184,0.281604,0,-1,0,-1,0,202
6579,6.579,0.530208,0.274572,0,-1,0,-1,0,202
6580,6.58,0.53022,0.267528,0,-1,0,-1,0,202
6581,6.581,0.530244,0.260484,0,-1,0,-1,0,202
6582,6.582,0.530268,0.253452,0,-1,0,-1,0,202
6583,6.583,0.530292,0.246408,0,-1,0,-1,0,202
6584,6.584,0.530304,0.239364,0,-1,0,-1,0,202
6585,6.585,0.530328,0.232332,0,-1,0,-1,0,202
6586,6.586,0.530352,0.225288,0,-1,0,-1,0,202
6587,6.587,0.530376,0.218244,0,-1,0,-1,0,202
6588,6.588,0.530388,0.211212,0,-1,0,-1,0,202
6589,6.589,0.530412,0.204168,0,-1,0,-1,0,202
6590,6.59,0.530436,0.197124,0,-1,0,-1,0,202
6591,6.591,0.530448,0.190092,0,-1,0,-1,0,202
6592,6.592,0.530472,0.183048,1,203,0,12,0,203
6593,6.593,0.530496,0.176004,0,-1,0,-1,0,203
6594,6.594,0.53052,0.168972,0,-1,0,-1,0,203
6595,6.595,0.530532,0.161928,0,-1,0,-1,0,203
6596,6.596,0.530556,0.154884,0,-1,0,-1,0,203
6597,6.597,0.53058,0.147852,0,-1,0,-1,0,203
6598,6.598,0.530604,0.140808,0,-1,0,-1,0,203
6599,6.599,0.530616,0.133764,0,-1,0,-1,0,203
6600,6.6,0.53064,0.126732,0,-1,0,-1,0,203
6601,6.601,0.530664,0.1196856,0,-1,0,-1,0,203
6602,6.602,0.530688,0.1126452,0,-1,0,-1,0,203
6603,6.603,0.5307,0.105606,0,-1,0,-1,0,203
6604,6.604,0.530724,0.0985656,0,-1,0,-1,0,203
6605,6.605,0.530748,0.0915252,0,-1,0,-1,0,203
6606,6.606,0.530772,0.0844848,0,-1,0,-1,0,203
6607,6.607,0.530784,0.0774444,0,-1,0,-1,0,203
6608,6.608,0.530808,0.070404,0,-1,0,-1,0,203
6609,6.609,0.530832,0.0633636,0,-1,0,-1,0,203
6610,6.61,0.530856,0.0563232,1,204,0,12,0,204
6611,6.611,0.530868,0.0492828,0,-1,0,-1,0,204
6612,6.612,0.530892,0.0422424,0,-1,0,-1,0,204
6613,6.613,0.530916,0.035202,0,-1,0,-1,0,204
6614,6.614,0.530928,0.0281616,0,-1,0,-1,0,204
6615,6.615,0.530952,0.0211212,0,-1,0,-1,0,204
6616,6.616,0.530976,0.0140808,0,-1,0,-1,0,204
6617,6.617,0.531,0.00704052,0,-1,0,-1,0,204
6618,6.618,0.531012,0.0,0,-1,0,-1,0,204
6619,6.619,0.531036,-0.00704052,0,-1,0,-1,0,204
6620,6.62,0.53106,-0.0140808,0,-1,0,-1,0,204
6621,6.621,0.531084,-0.0211212,0,-1,0,-1,0,204
6622,6.622,0.531096,-0.0281616,0,-1,0,-1,0,204
6623,6.623,0.53112,-0.0352032,0,-1,0,-1,0,204
6624,6.624,0.531144,-0.0422436,0,-1,0,-1,0,204
6625,6.625,0.531168,-0.049284,0,-1,0,-1,0,204
6626,6.626,0.53118,-0.0563244,0,-1,0,-1,0,204
6627,6.627,0.531204,-0.0633648,0,-1,0,-1,0,204
6628,6.628,0.531228,-0.0704052,1,205,0,12,0,205
6629,6.629,0.531252,-0.0774468,0,-1,0,-1,0,205
6630,6.63,0.531264,-0.0844872,0,-1,0,-1,0,205
6631,6.631,0.531288,-0.0915276,0,-1,0,-1,0,205
6632,6.632,0.531312,-0.098568,0,-1,0,-1,0,205
6633,6.633,0.531336,-0.1056096,0,-1,0,-1,0,205
6634,6.634,0.531348,-0.11265,0,-1,0,-1,0,205
6635,6.635,0.531372,-0.1196904,0,-1,0,-1,0,205
6636,6.636,0.531396,-0.126732,0,-1,0,-1,0,205
6637,6.637,0.531408,-0.133776,0,-1,0,-1,0,205
6638,6.638,0.531432,-0.140808,0,-1,0,-1,0,205
6639,6.639,0.531456,-0.147852,0,-1,0,-1,0,205
6640,6.64,0.53148,-0.154896,0,-1,0,-1,0,205
6641,6.641,0.531492,-0.16194,0,-1,0,-1,0,205
6642,6.642,0.531516,-0.168972,0,-1,0,-1,0,205
6643,6.643,0.53154,-0.176016,0,-1,0,-1,0,205
6644,6.644,0.531564,-0.18306,0,-1,0,-1,0,205
6645,6.645,0.531576,-0.190104,0,-1,0,-1,0,205
6646,6.646,0.5316,-0.197136,1,206,0,12,0,206
6647,6.647,0.531624,-0.20418,0,-1,0,-1,0,206
6648,6.648,0.531648,-0.211224,0,-1,0,-1,0,206
6649,6.649,0.53166,-0.218268,0,-1,0,-1,0,206
6650,6.65,0.531684,-0.2253,0,-1,0,-1,0,206
6651,6.651,0.531708,-0.232344,0,-1,0,-1,0,206
6652,6.652,0.531732,-0.239388,0,-1,0,-1,0,206
6653,6.653,0.531744,-0.246432,0,-1,0,-1,0,206
6654,6.654,0.531768,-0.253464,0,-1,0,-1,0,206
6655,6.655,0.531792,-0.260508,0,-1,0,-1,0,206
6656,6.656,0.531816,-0.267552,0,-1,0,-1,0,206
6657,6.657,0.531828,-0.274596,0,-1,0,-1,0,206
6658,6.658,0.531852,-0.281628,0,-1,0,-1,0,206
6659,6.659,0.531876,-0.288672,0,-1,0,-1,0,206
6660,6.66,0.5319,-0.295716,0,-1,0,-1,0,206
6661,6.661,0.531912,-0.30276,0,-1,0,-1,0,206
6662,6.662,0.531936,-0.309792,0,-1,0,-1,0,206
6663,6.663,0.53196,-0.316836,0,-1,0,-1,0,206
6664,6.664,0.531972,-0.32388,1,207,0,12,0,207
6665,6.665,0.531996,-0.330924,0,-1,0,-1,0,207
6666,6.666,0.53202,-0.337968,0,-1,0,-1,0,207
6667,6.667,0.532044,-0.345,0,-1,0,-1,0,207
6668,6.668,0.532056,-0.352044,0,-1,0,-1,0,207
6669,6.669,0.53208,-0.359088,0,-1,0,-1,0,207
6670,6.67,0.532104,-0.366132,0,-1,0,-1,0,207
6671,6.671,0.532128,-0.373164,0,-1,0,-1,0,207
6672,6.672,0.53214,-0.380208,0,-1,0,-1,0,207
6673,6.673,0.532164,-0.387252,0,-1,0,-1,0,207
6674,6.674,0.532188,-0.394296,0,-1,0,-1,0,207
6675,6.675,0.532212,-0.40134,0,-1,0,-1,0,207
6676,6.676,0.532224,-0.408372,0,-1,0,-1,0,207
6677,6.677,0.532248,-0.415416,0,-1,0,-1,0,207
6678,6.678,0.532272,-0.42246,0,-1,0,-1,0,207
6679,6.679,0.532296,-0.429504,0,-1,0,-1,0,207
6680,6.68,0.532308,-0.436536,0,-1,0,-1,0,207
6681,6.681,0.532332,-0.44358,0,-1,0,-1,0,207
6682,6.682,0.532356,-0.450624,0,-1,0,-1,0,207
6683,6.683,0.53238,-0.457668,0,-1,0,-1,0,207
6684,6.684,0.532392,-0.464712,0,-1,0,-1,0,207
6685,6.685,0.532416,-0.471744,0,-1,0,-1,0,207
6686,6.686,0.53244,-0.478788,0,-1,0,-1,0,207
6687,6.687,0.532452,-0.485832,0,-1,0,-1,0,207
6688,6.688,0.532476,-0.492876,0,-1,0,-1,0,207
6689,6.689,0.5325,-0.49992,0,-1,0,-1,0,207
6690,6.69,0.532524,-0.506952,0,-1,0,-1,0,207
6691,6.691,0.532536,-0.513996,0,-1,0,-1,0,207
6692,6.692,0.53256,-0.52104,0,-1,0,-1,0,207
6693,6.693,0.532584,-0.528084,0,-1,0,-1,0,207
6694,6.694,0.532608,-0.535128,0,-1,0,-1,0,207
6695,6.695,0.53262,-0.54216,0,-1,0,-1,0,207
6696,6.696,0.532644,-0.549204,0,-1,0,-1,0,207
6697,6.697,0.532668,-0.556248,0,-1,0,-1,0,207
6698,6.698,0.532692,-0.563292,0,-1,0,-1,0,207
6699,6.699,0.532704,-0.570336,0,-1,0,-1,0,207
6700,6.7,0.532728,-0.57738,0,-1,0,-1,0,207
6701,6.701,0.532752,-0.584412,0,-1,0,-1,0,207
6702,6.702,0.532776,-0.591456,0,-1,0,-1,0,207
6703,6.703,0.532788,-0.5985,0,-1,0,-1,0,207
6704,6.704,0.532812,-0.605544,0,-1,0,-1,0,207
6705,6.705,0.532836,-0.612588,0,-1,0,-1,0,207
6706,6.706,0.53286,-0.61962,0,-1,0,-1,0,207
6707,6.707,0.532872,-0.626664,0,-1,0,-1,0,207
6708,6.708,0.532896,-0.633708,0,-1,0,-1,0,207
6709,6.709,0.53292,-0.640752,0,-1,0,-1,0,207
6710,6.71,0.532944,-0.647796,0,-1,0,-1,0,207
6711,6.711,0.532956,-0.65484,0,-1,0,-1,0,207
6712,6.712,0.53298,-0.661872,0,-1,0,-1,0,207
6713,6.713,0.533004,-0.668916,0,-1,0,-1,0,207
6714,6.714,0.533016,-0.67596,0,-1,0,-1,0,207
6715,6.715,0.53304,-0.683004,0,-1,0,-1,0,207
6716,6.716,0.533064,-0.690048,0,-1,0,-1,0,207
6717,6.717,0.533088,-0.697092,0,-1,0,-1,0,207
6718,6.718,0.5331,-0.704124,0,-1,0,-1,0,207
6719,6.719,0.533124,-0.711168,0,-1,0,-1,0,207
6720,6.72,0.533148,-0.718212,0,-1,0,-1,0,207
6721,6.721,0.533172,-0.725256,0,-1,0,-1,0,207
6722,6.722,0.533184,-0.7323,0,-1,0,-1,0,207
6723,6.723,0.533208,-0.739344,0,-1,0,-1,0,207
6724,6.724,0.533232,-0.746388,0,-1,0,-1,0,207
6725,6.725,0.533256,-0.75342,0,-1,0,-1,0,207
6726,6.726,0.533268,-0.760464,0,-1,0,-1,0,207
6727,6.727,0.533292,-0.767508,0,-1,0,-1,0,207
6728,6.728,0.533316,-0.774552,0,-1,0,-1,0,207
6729,6.729,0.53334,-0.781596,0,-1,0,-1,0,207
6730,6.73,0.533352,-0.78864,0,-1,0,-1,0,207
6731,6.731,0.533376,-0.795684,0,-1,0,-1,0,207
6732,6.732,0.5334,-0.802716,0,-1,0,-1,0,207
6733,6.733,0.533424,-0.80976,0,-1,0,-1,0,207
6734,6.734,0.533436,-0.816804,0,-1,0,-1,0,207
6735,6.735,0.53346,-0.823848,0,-1,0,-1,0,207
6736,6.736,0.533484,-0.830892,0,-1,0,-1,0,207
6737,6.737,0.533508,-0.837936,0,-1,0,-1,0,207
6738,6.738,0.53352,-0.84498,0,-1,0,-1,0,207
6739,6.739,0.533544,-0.852012,0,-1,0,-1,0,207
6740,6.74,0.533568,-0.859056,0,-1,0,-1,0,207
6741,6.741,0.53358,-0.8661,0,-1,0,-1,0,207
6742,6.742,0.533604,-0.873144,0,-1,0,-1,0,207
6743,6.743,0.533628,-0.880188,0,-1,0,-1,0,207
6744,6.744,0.533652,-0.887232,0,-1,0,-1,0,207
6745,6.745,0.533664,-0.894276,0,-1,0,-1,0,207
6746,6.746,0.533688,-0.90132,0,-1,0,-1,0,207
6747,6.747,0.533712,-0.908352,0,-1,0,-1,0,207
6748,6.748,0.533736,-0.915396,0,-1,0,-1,0,207
6749,6.749,0.533748,-0.92244,0,-1,0,-1,0,207
6750,6.75,0.533772,-0.929484,0,-1,0,-1,0,207
6751,6.751,0.533796,-0.936528,0,-1,0,-1,0,207
6752,6.752,0.53382,-0.943572,0,-1,0,-1,0,207
6753,6.753,0.533832,-0.950616,0,-1,0,-1,0,207
6754,6.754,0.533856,-0.95766,0,-1,0,-1,0,207
6755,6.755,0.53388,-0.964704,0,-1,0,-1,0,207
6756,6.756,0.533904,-0.971736,0,-1,0,-1,0,207
6757,6.757,0.533916,-0.97878,0,-1,0,-1,0,207
6758,6.758,0.53394,-0.985824,0,-1,0,-1,0,207
6759,6.759,0.533964,-0.992868,0,-1,0,-1,0,207
6760,6.76,0.533988,-0.999912,0,-1,0,-1,0,207
6761,6.761,0.534,-1.006956,0,-1,0,-1,0,207
6762,6.762,0.534024,-1.014,0,-1,0,-1,0,207
6763,6.763,0.534048,-1.021044,0,-1,0,-1,0,207
6764,6.764,0.53406,-1.028088,0,-1,0,-1,0,207
6765,6.765,0.534084,-1.035132,0,-1,0,-1,0,207
6766,6.766,0.534108,-1.042164,0,-1,0,-1,0,207
6767,6.767,0.534132,-1.049208,0,-1,0,-1,0,207
6768,6.768,0.534144,-1.056252,0,-1,0,-1,0,207
6769,6.769,0.534168,-1.063296,0,-1,0,-1,0,207
6770,6.77,0.534192,-1.07034,0,-1,0,-1,0,207
6771,6.771,0.534216,-1.077384,0,-1,0,-1,0,207
6772,6.772,0.534228,-1.084428,0,-1,0,-1,0,207
6773,6.773,0.534252,-1.091472,0,-1,0,-1,0,207
6774,6.774,0.534276,-1.098516,0,-1,0,-1,0,207
6775,6.775,0.5343,-1.10556,0,-1,0,-1,0,207
6776,6.776,0.534312,-1.112604,0,-1,0,-1,0,207
6777,6.777,0.534336,-1.119648,0,-1,0,-1,0,207
6778,6.778,0.53436,-1.12668,0,-1,0,-1,0,207
6779,6.779,0.534384,-1.133724,0,-1,0,-1,0,207
6780,6.78,0.534396,-1.140768,0,-1,0,-1,0,207
6781,6.781,0.53442,-1.147812,0,-1,0,-1,0,207
6782,6.782,0.534444,-1.154856,0,-1,0,-1,0,207
6783,6.783,0.534468,-1.1619,0,-1,0,-1,0,207
6784,6.784,0.53448,-1.168944,0,-1,0,-1,0,207
6785,6.785,0.534504,-1.175988,0,-1,0,-1,0,207
6786,6.786,0.534528,-1.183032,0,-1,0,-1,0,207
6787,6.787,0.534552,-1.190076,0,-1,0,-1,0,207
6788,6.788,0.534564,-1.19712,0,-1,0,-1,0,207
6789,6.789,0.534588,-1.2042,0,-1,0,-1,0,207
6790,6.79,0.534612,-1.21116,0,-1,0,-1,0,207
6791,6.791,0.534624,-1.21824,0,-1,0,-1,0,207
6792,6.792,0.534648,-1.22532,0,-1,0,-1,0,207
6793,6.793,0.534672,-1.23228,0,-1,0,-1,0,207
6794,6.794,0.534696,-1.23936,0,-1,0,-1,0,207
6795,6.795,0.534708,-1.24644,0,-1,0,-1,0,207
6796,6.796,0.534732,-1.25352,0,-1,0,-1,0,207
6797,6.797,0.534756,-1.26048,0,-1,0,-1,0,207
6798,6.798,0.53478,-1.26756,0,-1,0,-1,0,207
6799,6.799,0.534792,-1.27464,0,-1,0,-1,0,207
6800,6.8,0.534816,-1.2816,0,-1,0,-1,0,207
6801,6.801,0.53484,-1.28868,0,-1,0,-1,0,207
6802,6.802,0.534864,-1.29576,0,-1,0,-1,0,207
6803,6.803,0.534876,-1.30272,0,-1,0,-1,0,207
6804,6.804,0.5349,-1.3098,0,-1,0,-1,0,207
6805,6.805,0.534924,-1.31688,0,-1,0,-1,0,207
6806,6.806,0.534948,-1.32384,0,-1,0,-1,0,207
6807,6.807,0.53496,-1.33092,0,-1,0,-1,0,207
6808,6.808,0.534984,-1.338,0,-1,0,-1,0,207
6809,6.809,0.535008,-1.34508,0,-1,0,-1,0,207
6810,6.81,0.535032,-1.35204,0,-1,0,-1,0,207
6811,6.811,0.535044,-1.35912,0,-1,0,-1,0,207
6812,6.812,0.535068,-1.3662,0,-1,0,-1,0,207
6813,6.813,0.535092,-1.37316,0,-1,0,-1,0,207
6814,6.814,0.535116,-1.38024,0,-1,0,-1,0,207
6815,6.815,0.535128,-1.38732,0,-1,0,-1,0,207
6816,6.816,0.535152,-1.39428,0,-1,0,-1,0,207
6817,6.817,0.535176,-1.40136,0,-1,0,-1,0,207
6818,6.818,0.535188,-1.40844,0,-1,0,-1,0,207
6819,6.819,0.535212,-1.41552,0,-1,0,-1,0,207
6820,6.82,0.535236,-1.42248,0,-1,0,-1,0,207
6821,6.821,0.53526,-1.42956,0,-1,0,-1,0,207
6822,6.822,0.535272,-1.43664,0,-1,0,-1,0,207
6823,6.823,0.535296,-1.4436,0,-1,0,-1,0,207
6824,6.824,0.53532,-1.45068,0,-1,0,-1,0,207
6825,6.825,0.535344,-1.45776,0,-1,0,-1,0,207
6826,6.826,0.535356,-1.46472,0,-1,0,-1,0,207
6827,6.827,0.53538,-1.4718,0,-1,0,-1,0,207
6828,6.828,0.535404,-1.47888,0,-1,0,-1,0,207
6829,6.829,0.535428,-1.48596,0,-1,0,-1,0,207
6830,6.83,0.53544,-1.49292,0,-1,0,-1,0,207
6831,6.831,0.535464,-1.5,0,-1,0,-1,0,207
6832,6.832,0.535488,-1.50708,0,-1,0,-1,0,207
6833,6.833,0.535512,-1.51404,0,-1,0,-1,0,207
6834,6.834,0.535524,-1.52112,0,-1,0,-1,0,207
6835,6.835,0.535548,-1.5282,0,-1,0,-1,0,207
6836,6.836,0.535572,-1.53516,0,-1,0,-1,0,207
6837,6.837,0.535596,-1.54224,0,-1,0,-1,0,207
6838,6.838,0.535608,-1.54932,0,-1,0,-1,0,207
6839,6.839,0.535632,-1.5564,0,-1,0,-1,0,207
6840,6.84,0.535656,-1.56336,0,-1,0,-1,0,207
6841,6.841,0.53568,-1.57044,0,-1,0,-1,0,207
6842,6.842,0.535692,-1.57752,0,-1,0,-1,0,207
6843,6.843,0.535716,-1.58448,0,-1,0,-1,0,207
6844,6.844,0.53574,-1.59156,0,-1,0,-1,0,207
6845,6.845,0.535752,-1.59864,0,-1,0,-1,0,207
6846,6.846,0.535776,-1.6056,0,-1,0,-1,0,207
6847,6.847,0.5358,-1.61268,0,-1,0,-1,0,207
6848,6.848,0.535824,-1.61976,0,-1,0,-1,0,207
6849,6.849,0.539544,-1.626,0,-1,0,-1,0,207
6850,6.85,0.539568,-1.63308,0,-1,0,-1,0,207
6851,6.851,0.53958,-1.64004,0,-1,0,-1,0,207
6852,6.852,0.5433,-1.64628,0,-1,0,-1,0,207
6853,6.853,0.543324,-1.65336,0,-1,0,-1,0,207
6854,6.854,0.547044,-1.6596,0,-1,0,-1,0,207
6855,6.855,0.550752,-1.66584,0,-1,0,-1,0,207
6856,6.856,0.55446,-1.67208,0,-1,0,-1,0,207
6857,6.857,0.558168,-1.6782,0,-1,0,-1,0,207
6858,6.858,0.561864,-1.68444,0,-1,0,-1,0,207
6859,6.859,0.565548,-1.6836,0,-1,0,-1,0,207
6860,6.86,0.569244,-1.68984,0,-1,0,-1,0,207
6861,6.861,0.572916,-1.689,0,-1,0,-1,0,207
6862,6.862,0.576576,-1.68816,0,-1,0,-1,0,207
6863,6.863,0.58026,-1.6944,0,-1,0,-1,0,207
6864,6.864,0.58392,-1.69356,0,-1,0,-1,0,207
6865,6.865,0.58758,-1.69272,0,-1,0,-1,0,207
6866,6.866,0.591228,-1.692,0,-1,0,-1,0,207
6867,6.867,0.594876,-1.69116,0,-1,0,-1,0,207
6868,6.868,0.598524,-1.69032,0,-1,0,-1,0,207
6869,6.869,0.60216,-1.68948,0,-1,0,-1,0,207
6870,6.87,0.605784,-1.68168,0,-1,0,-1,0,207
6871,6.871,0.60942,-1.68096,0,-1,0,-1,0,207
6872,6.872,0.613044,-1.68012,0,-1,0,-1,0,207
6873,6.873,0.616656,-1.67232,0,-1,0,-1,0,207
6874,6.874,0.62028,-1.67148,0,-1,0,-1,0,207
6875,6.875,0.62388,-1.6638,0,-1,0,-1,0,207
6876,6.876,0.62748,-1.656,0,-1,0,-1,0,207
6877,6.877,0.631068,-1.64832,0,-1,0,-1,0,207
6878,6.878,0.634656,-1.64052,0,-1,0,-1,0,207
6879,6.879,0.638244,-1.63284,0,-1,0,-1,0,207
6880,6.88,0.63822,-1.62588,0,-1,0,-1,0,207
6881,6.881,0.641808,-1.61808,0,-1,0,-1,0,207
6882,6.882,0.641784,-1.61112,0,-1,0,-1,0,207
6883,6.883,0.64176,-1.60416,0,-1,0,-1,0,207
6884,6.884,0.645348,-1.59648,0,-1,0,-1,0,207
6885,6.885,0.645324,-1.58952,0,-1,0,-1,0,207
6886,6.886,0.6453,-1.58268,0,-1,0,-1,0,207
6887,6.887,0.645288,-1.57572,0,-1,0,-1,0,207
6888,6.888,0.645264,-1.56876,1,208,1,13,0,208
6889,6.889,0.64524,-1.5618,0,-1,0,-1,0,208
6890,6.89,0.645216,-1.55484,0,-1,0,-1,0,208
6891,6.891,0.645204,-1.54788,0,-1,0,-1,0,208
6892,6.892,0.64518,-1.54092,0,-1,0,-1,0,208
6893,6.893,0.645156,-1.53408,0,-1,0,-1,0,208
6894,6.894,0.645132,-1.52712,0,-1,0,-1,0,208
6895,6.895,0.64512,-1.52016,0,-1,0,-1,0,208
6896,6.896,0.645096,-1.5132,0,-1,0,-1,0,208
6897,6.897,0.645072,-1.50624,0,-1,0,-1,0,208
6898,6.898,0.64506,-1.49928,0,-1,0,-1,0,208
6899,6.899,0.645036,-1.49232,0,-1,0,-1,0,208
6900,6.9,0.645012,-1.48536,0,-1,0,-1,0,208
6901,6.901,0.644988,-1.47852,0,-1,0,-1,0,208
6902,6.902,0.644976,-1.47156,0,-1,0,-1,0,208
6903,6.903,0.644952,-1.4646,0,-1,0,-1,0,208
6904,6.904,0.644928,-1.45764,0,-1,0,-1,0,208
6905,6.905,0.644916,-1.45068,1,209,0,13,0,209
6906,6.906,0.644892,-1.44372,0,-1,0,-1,0,209
6907,6.907,0.644868,-1.43676,0,-1,0,-1,0,209
6908,6.908,0.644844,-1.42992,0,-1,0,-1,0,209
6909,6.909,0.644832,-1.42296,0,-1,0,-1,0,209
6910,6.91,0.644808,-1.416,0,-1,0,-1,0,209
6911,6.911,0.644784,-1.40904,0,-1,0,-1,0,209
6912,6.912,0.64476,-1.40208,0,-1,0,-1,0,209
6913,6.913,0.644748,-1.39512,0,-1,0,-1,0,209
6914,6.914,0.644724,-1.38828,0,-1,0,-1,0,209
6915,6.915,0.6447,-1.38132,0,-1,0,-1,0,209
6916,6.916,0.644688,-1.37436,0,-1,0,-1,0,209
6917,6.917,0.644664,-1.3674,0,-1,0,-1,0,209
6918,6.918,0.64464,-1.36044,0,-1,0,-1,0,209
6919,6.919,0.644616,-1.35348,0,-1,0,-1,0,209
6920,6.92,0.644604,-1.34652,0,-1,0,-1,0,209
6921,6.921,0.64458,-1.33968,0,-1,0,-1,0,209
6922,6.922,0.644556,-1.33272,1,210,0,13,0,210
6923,6.923,0.644532,-1.32576,0,-1,0,-1,0,210
6924,6.924,0.64452,-1.3188,0,-1,0,-1,0,210
6925,6.925,0.644496,-1.31184,0,-1,0,-1,0,210
6926,6.926,0.644472,-1.30488,0,-1,0,-1,0,210
6927,6.927,0.64446,-1.29792,0,-1,0,-1,0,210
6928,6.928,0.644436,-1.29108,0,-1,0,-1,0,210
6929,6.929,0.644412,-1.28412,0,-1,0,-1,0,210
6930,6.93,0.644388,-1.27716,0,-1,0,-1,0,210
6931,6.931,0.644376,-1.2702,0,-1,0,-1,0,210
6932,6.932,0.644352,-1.26324,0,-1,0,-1,0,210
6933,6.933,0.644328,-1.25628,0,-1,0,-1,0,210
6934,6.934,0.644304,-1.24932,0,-1,0,-1,0,210
6935,6.935,0.644292,-1.24248,0,-1,0,-1,0,210
6936,6.936,0.644268,-1.23552,0,-1,0,-1,0,210
6937,6.937,0.644244,-1.22856,0,-1,0,-1,0,210
6938,6.938,0.644232,-1.2216,0,-1,0,-1,0,210
6939,6.939,0.644208,-1.21464,1,211,0,13,0,211
6940,6.94,0.644184,-1.20768,0,-1,0,-1,0,211
6941,6.941,0.64416,-1.20072,0,-1,0,-1,0,211
6942,6.942,0.644148,-1.193832,0,-1,0,-1,0,211
6943,6.943,0.644124,-1.186884,0,-1,0,-1,0,211
6944,6.944,0.6441,-1.179948,0,-1,0,-1,0,211
6945,6.945,0.644076,-1.173,0,-1,0,-1,0,211
6946,6.946,0.644064,-1.166064,0,-1,0,-1,0,211
6947,6.947,0.64404,-1.159116,0,-1,0,-1,0,211
6948,6.948,0.644016,-1.15218,0,-1,0,-1,0,211
6949,6.949,0.644004,-1.145232,0,-1,0,-1,0,211
6950,6.95,0.64398,-1.138296,0,-1,0,-1,0,211
6951,6.951,0.643956,-1.131348,0,-1,0,-1,0,211
6952,6.952,0.643932,-1.124412,0,-1,0,-1,0,211
6953,6.953,0.64392,-1.117464,0,-1,0,-1,0,211
6954,6.954,0.643896,-1.110528,0,-1,0,-1,0,211
6955,6.955,0.643872,-1.10358,0,-1,0,-1,0,211
6956,6.956,0.643848,-1.096644,1,212,0,13,0,212
6957,6.957,0.643836,-1.089696,0,-1,0,-1,0,212
6958,6.958,0.643812,-1.08276,0,-1,0,-1,0,212
6959,6.959,0.643788,-1.075812,0,-1,0,-1,0,212
6960,6.96,0.643776,-1.068876,0,-1,0,-1,0,212
6961,6.961,0.643752,-1.061928,0,-1,0,-1,0,212
6962,6.962,0.643728,-1.054992,0,-1,0,-1,0,212
6963,6.963,0.643704,-1.048044,0,-1,0,-1,0,212
6964,6.964,0.643692,-1.041108,0,-1,0,-1,0,212
6965,6.965,0.643668,-1.03416,0,-1,0,-1,0,212
6966,6.966,0.643644,-1.027224,0,-1,0,-1,0,212
6967,6.967,0.643632,-1.020276,0,-1,0,-1,0,212
6968,6.968,0.643608,-1.01334,0,-1,0,-1,0,212
6969,6.969,0.643584,-1.006392,0,-1,0,-1,0,212
6970,6.97,0.64356,-0.999456,0,-1,0,-1,0,212
6971,6.971,0.643548,-0.992508,0,-1,0,-1,0,212
6972,6.972,0.643524,-0.985572,0,-1,0,-1,0,212
6973,6.973,0.6435,-0.978624,1,213,0,13,0,213
6974,6.974,0.643476,-0.971688,0,-1,0,-1,0,213
6975,6.975,0.643464,-0.964752,0,-1,0,-1,0,213
6976,6.976,0.64344,-0.957804,0,-1,0,-1,0,213
6977,6.977,0.643416,-0.950868,0,-1,0,-1,0,213
6978,6.978,0.643404,-0.94392,0,-1,0,-1,0,213
6979,6.979,0.64338,-0.936984,0,-1,0,-1,0,213
6980,6.98,0.643356,-0.930036,0,-1,0,-1,0,213
6981,6.981,0.643332,-0.9231,0,-1,0,-1,0,213
6982,6.982,0.64332,-0.916152,0,-1,0,-1,0,213
6983,6.983,0.643296,-0.909216,0,-1,0,-1,0,213
6984,6.984,0.643272,-0.902268,0,-1,0,-1,0,213
6985,6.985,0.643248,-0.895332,0,-1,0,-1,0,213
6986,6.986,0.643236,-0.888384,0,-1,0,-1,0,213
6987,6.987,0.643212,-0.881448,0,-1,0,-1,0,213
6988,6.988,0.643188,-0.8745,0,-1,0,-1,0,213
6989,6.989,0.643176,-0.867564,0,-1,0,-1,0,213
6990,6.99,0.643152,-0.860628,1,214,0,13,0,214
6991,6.991,0.643128,-0.85368,0,-1,0,-1,0,214
6992,6.992,0.643104,-0.846744,0,-1,0,-1,0,214
6993,6.993,0.643092,-0.839796,0,-1,0,-1,0,214
6994,6.994,0.643068,-0.83286,0,-1,0,-1,0,214
6995,6.995,0.643044,-0.825912,0,-1,0,-1,0,214
6996,6.996,0.64302,-0.818976,0,-1,0,-1,0,214
6997,6.997,0.643008,-0.812028,0,-1,0,-1,0,214
6998,6.998,0.642984,-0.805092,0,-1,0,-1,0,214
6999,6.999,0.64296,-0.798144,0,-1,0,-1,0,214
7000,7.0,0.642948,-0.791208,0,-1,0,-1,0,214
7001,7.001,0.642924,-0.784272,0,-1,0,-1,0,214
7002,7.002,0.6429,-0.777324,0,-1,0,-1,0,214
7003,7.003,0.642876,-0.770388,0,-1,0,-1,0,214
7004,7.004,0.642864,-0.76344,0,-1,0,-1,0,214
7005,7.005,0.64284,-0.756504,0,-1,0,-1,0,214
7006,7.006,0.642816,-0.749556,0,-1,0,-1,0,214
7007,7.007,0.642792,-0.74262,1,215,0,13,0,215
7008,7.008,0.64278,-0.735684,0,-1,0,-1,0,215
7009,7.009,0.642756,-0.728736,0,-1,0,-1,0,215
7010,7.01,0.642732,-0.7218,0,-1,0,-1,0,215
7011,7.011,0.64272,-0.714852,0,-1,0,-1,0,215
7012,7.012,0.642696,-0.707916,0,-1,0,-1,0,215
7013,7.013,0.642672,-0.700968,0,-1,0,-1,0,215
7014,7.014,0.642648,-0.694032,0,-1,0,-1,0,215
7015,7.015,0.642636,-0.687096,0,-1,0,-1,0,215
7016,7.016,0.642612,-0.680148,0,-1,0,-1,0,215
7017,7.017,0.642588,-0.673212,0,-1,0,-1,0,215
7018,7.018,0.642564,-0.666264,0,-1,0,-1,0,215
7019,7.019,0.642552,-0.659328,0,-1,0,-1,0,215
7020,7.02,0.642528,-0.65238,0,-1,0,-1,0,215
7021,7.021,0.642504,-0.645444,0,-1,0,-1,0,215
7022,7.022,0.642492,-0.638508,0,-1,0,-1,0,215
7023,7.023,0.642468,-0.63156,0,-1,0,-1,0,215
7024,7.024,0.642444,-0.624624,1,216,0,13,0,216
7025,7.025,0.64242,-0.617676,0,-1,0,-1,0,216
7026,7.026,0.642408,-0.61074,0,-1,0,-1,0,216
7027,7.027,0.642384,-0.603804,0,-1,0,-1,0,216
7028,7.028,0.64236,-0.596856,0,-1,0,-1,0,216
7029,7.029,0.642348,-0.58992,0,-1,0,-1,0,216
7030,7.03,0.642324,-0.582972,0,-1,0,-1,0,216
7031,7.031,0.6423,-0.576036,0,-1,0,-1,0,216
7032,7.032,0.642276,-0.5691,0,-1,0,-1,0,216
7033,7.033,0.642264,-0.562152,0,-1,0,-1,0,216
7034,7.034,0.64224,-0.555216,0,-1,0,-1,0,216
7035,7.035,0.642216,-0.548268,0,-1,0,-1,0,216
7036,7.036,0.642192,-0.541332,0,-1,0,-1,0,216
7037,7.037,0.64218,-0.534396,0,-1,0,-1,0,216
7038,7.038,0.642156,-0.527448,0,-1,0,-1,0,216
7039,7.039,0.642132,-0.520512,0,-1,0,-1,0,216
7040,7.04,0.64212,-0.513564,0,-1,0,-1,0,216
7041,7.041,0.642096,-0.506628,1,217,0,13,0,217
7042,7.042,0.642072,-0.499692,0,-1,0,-1,0,217
7043,7.043,0.642048,-0.492744,0,-1,0,-1,0,217
7044,7.044,0.642036,-0.485808,0,-1,0,-1,0,217
7045,7.045,0.642012,-0.47886,0,-1,0,-1,0,217
7046,7.046,0.641988,-0.471924,0,-1,0,-1,0,217
7047,7.047,0.641964,-0.464988,0,-1,0,-1,0,217
7048,7.048,0.641952,-0.45804,0,-1,0,-1,0,217
7049,7.049,0.641928,-0.451104,0,-1,0,-1,0,217
7050,7.05,0.641904,-0.444168,0,-1,0,-1,0,217
7051,7.051,0.641892,-0.43722,0,-1,0,-1,0,217
7052,7.052,0.641868,-0.430284,0,-1,0,-1,0,217
7053,7.053,0.641844,-0.423336,0,-1,0,-1,0,217
7054,7.054,0.64182,-0.4164,0,-1,0,-1,0,217
7055,7.055,0.641808,-0.409464,0,-1,0,-1,0,217
7056,7.056,0.641784,-0.402516,0,-1,0,-1,0,217
7057,7.057,0.64176,-0.39558,0,-1,0,-1,0,217
7058,7.058,0.641736,-0.388644,1,218,0,13,0,218
7059,7.059,0.641724,-0.381696,0,-1,0,-1,0,218
7060,7.06,0.6417,-0.37476,0,-1,0,-1,0,218
7061,7.061,0.641676,-0.367812,0,-1,0,-1,0,218
7062,7.062,0.641664,-0.360876,0,-1,0,-1,0,218
7063,7.063,0.64164,-0.35394,0,-1,0,-1,0,218
7064,7.064,0.641616,-0.346992,0,-1,0,-1,0,218
7065,7.065,0.641592,-0.340056,0,-1,0,-1,0,218
7066,7.066,0.64158,-0.33312,0,-1,0,-1,0,218
7067,7.067,0.641556,-0.326172,0,-1,0,-1,0,218
7068,7.068,0.641532,-0.319236,0,-1,0,-1,0,218
7069,7.069,0.641508,-0.3123,0,-1,0,-1,0,218
7070,7.07,0.641496,-0.305352,0,-1,0,-1,0,218
7071,7.071,0.641472,-0.298416,0,-1,0,-1,0,218
7072,7.072,0.641448,-0.29148,0,-1,0,-1,0,218
7073,7.073,0.641436,-0.284532,0,-1,0,-1,0,218
7074,7.074,0.641412,-0.277596,0,-1,0,-1,0,218
7075,7.075,0.641388,-0.270648,1,219,0,13,0,219
7076,7.076,0.641364,-0.263712,0,-1,0,-1,0,219
7077,7.077,0.641352,-0.256776,0,-1,0,-1,0,219
7078,7.078,0.641328,-0.249828,0,-1,0,-1,0,219
7079,7.079,0.641304,-0.242892,0,-1,0,-1,0,219
7080,7.08,0.641292,-0.235956,0,-1,0,-1,0,219
7081,7.081,0.641268,-0.229008,0,-1,0,-1,0,219
7082,7.082,0.641244,-0.222072,0,-1,0,-1,0,219
7083,7.083,0.64122,-0.215136,0,-1,0,-1,0,219
7084,7.084,0.641208,-0.208188,0,-1,0,-1,0,219
7085,7.085,0.641184,-0.201252,0,-1,0,-1,0,219
7086,7.086,0.64116,-0.194316,0,-1,0,-1,0,219
7087,7.087,0.641136,-0.187368,0,-1,0,-1,0,219
7088,7.088,0.641124,-0.180432,0,-1,0,-1,0,219
7089,7.089,0.6411,-0.173496,0,-1,0,-1,0,219
7090,7.09,0.641076,-0.166548,0,-1,0,-1,0,219
7091,7.091,0.641064,-0.159612,0,-1,0,-1,0,219
7092,7.092,0.64104,-0.152676,1,220,0,13,0,220
7093,7.093,0.641016,-0.145728,0,-1,0,-1,0,220
7094,7.094,0.640992,-0.138792,0,-1,0,-1,0,220
7095,7.095,0.64098,-0.131856,0,-1,0,-1,0,220
7096,7.096,0.640956,-0.12492,0,-1,0,-1,0,220
7097,7.097,0.640932,-0.1179744,0,-1,0,-1,0,220
7098,7.098,0.640908,-0.1110348,0,-1,0,-1,0,220
7099,7.099,0.640896,-0.1040952,0,-1,0,-1,0,220
7100,7.1,0.640872,-0.0971544,0,-1,0,-1,0,220
7101,7.101,0.640848,-0.0902148,0,-1,0,-1,0,220
7102,7.102,0.640836,-0.0832752,0,-1,0,-1,0,220
7103,7.103,0.640812,-0.0763356,0,-1,0,-1,0,220
7104,7.104,0.640788,-0.069396,0,-1,0,-1,0,220
7105,7.105,0.640764,-0.0624564,0,-1,0,-1,0,220
7106,7.106,0.640752,-0.0555168,0,-1,0,-1,0,220
7107,7.107,0.640728,-0.0485772,0,-1,0,-1,0,220
7108,7.108,0.640704,-0.0416376,0,-1,0,-1,0,220
7109,7.109,0.64068,-0.034698,1,221,0,13,0,221
7110,7.11,0.640668,-0.0277584,0,-1,0,-1,0,221
7111,7.111,0.640644,-0.0208188,0,-1,0,-1,0,221
7112,7.112,0.64062,-0.0138792,0,-1,0,-1,0,221
7113,7.113,0.640608,-0.00693948,0,-1,0,-1,0,221
7114,7.114,0.640584,0.0,0,-1,0,-1,0,221
7115,7.115,0.64056,0.00693948,0,-1,0,-1,0,221
7116,7.116,0.640536,0.0138792,0,-1,0,-1,0,221
7117,7.117,0.640524,0.0208188,0,-1,0,-1,0,221
7118,7.118,0.6405,0.0277584,0,-1,0,-1,0,221
7119,7.119,0.640476,0.034698,0,-1,0,-1,0,221
7120,7.12,0.640464,0.0416364,0,-1,0,-1,0,221
7121,7.121,0.64044,0.048576,0,-1,0,-1,0,221
7122,7.122,0.640416,0.0555156,0,-1,0,-1,0,221
7123,7.123,0.640392,0.0624552,0,-1,0,-1,0,221
7124,7.124,0.64038,0.0693948,0,-1,0,-1,0,221
7125,7.125,0.640356,0.0763344,0,-1,0,-1,0,221
7126,7.126,0.640332,0.0832728,1,222,0,13,0,222
7127,7.127,0.640308,0.0902124,0,-1,0,-1,0,222
7128,7.128,0.640296,0.097152,0,-1,0,-1,0,222
7129,7.129,0.640272,0.1040916,0,-1,0,-1,0,222
7130,7.13,0.640248,0.11103,0,-1,0,-1,0,222
7131,7.131,0.640236,0.1179696,0,-1,0,-1,0,222
7132,7.132,0.640212,0.124908,0,-1,0,-1,0,222
7133,7.133,0.640188,0.131844,0,-1,0,-1,0,222
7134,7.134,0.640164,0.138792,0,-1,0,-1,0,222
7135,7.135,0.640152,0.145728,0,-1,0,-1,0,222
7136,7.136,0.640128,0.152664,0,-1,0,-1,0,222
7137,7.137,0.640104,0.1596,0,-1,0,-1,0,222
7138,7.138,0.64008,0.166548,0,-1,0,-1,0,222
7139,7.139,0.640068,0.173484,0,-1,0,-1,0,222
7140,7.14,0.640044,0.18042,0,-1,0,-1,0,222
7141,7.141,0.64002,0.187356,0,-1,0,-1,0,222
7142,7.142,0.640008,0.194304,0,-1,0,-1,0,222
7143,7.143,0.639984,0.20124,1,223,0,13,0,223
7144,7.144,0.63996,0.208176,0,-1,0,-1,0,223
7145,7.145,0.639936,0.215112,0,-1,0,-1,0,223
7146,7.146,0.639924,0.22206,0,-1,0,-1,0,223
7147,7.147,0.6399,0.228996,0,-1,0,-1,0,223
7148,7.148,0.639876,0.235932,0,-1,0,-1,0,223
7149,7.149,0.639852,0.242868,0,-1,0,-1,0,223
7150,7.15,0.63984,0.249816,0,-1,0,-1,0,223
7151,7.151,0.639816,0.256752,0,-1,0,-1,0,223
7152,7.152,0.639792,0.263688,0,-1,0,-1,0,223
7153,7.153,0.63978,0.270624,0,-1,0,-1,0,223
7154,7.154,0.639756,0.277572,0,-1,0,-1,0,223
7155,7.155,0.639732,0.284508,0,-1,0,-1,0,223
7156,7.156,0.639708,0.291444,0,-1,0,-1,0,223
7157,7.157,0.639696,0.29838,0,-1,0,-1,0,223
7158,7.158,0.639672,0.305328,0,-1,0,-1,0,223
7159,7.159,0.639648,0.312264,0,-1,0,-1,0,223
7160,7.16,0.639636,0.3192,0,-1,0,-1,0,223
7161,7.161,0.639612,0.326136,0,-1,0,-1,0,223
7162,7.162,0.639588,0.333084,0,-1,0,-1,0,223
7163,7.163,0.639564,0.34002,0,-1,0,-1,0,223
7164,7.164,0.639552,0.346956,0,-1,0,-1,0,223
7165,7.165,0.639528,0.353892,0,-1,0,-1,0,223
7166,7.166,0.639504,0.36084,0,-1,0,-1,0,223
7167,7.167,0.63948,0.367776,0,-1,0,-1,0,223
7168,7.168,0.639468,0.374712,0,-1,0,-1,0,223
7169,7.169,0.639444,0.381648,0,-1,0,-1,0,223
7170,7.17,0.63942,0.388584,0,-1,0,-1,0,223
7171,7.171,0.639408,0.395532,0,-1,0,-1,0,223
7172,7.172,0.639384,0.402468,0,-1,0,-1,0,223
7173,7.173,0.63936,0.409404,0,-1,0,-1,0,223
7174,7.174,0.639336,0.41634,0,-1,0,-1,0,223
7175,7.175,0.639324,0.423276,0,-1,0,-1,0,223
7176,7.176,0.6393,0.430224,0,-1,0,-1,0,223
7177,7.177,0.639276,0.43716,0,-1,0,-1,0,223
7178,7.178,0.639252,0.444096,0,-1,0,-1,0,223
7179,7.179,0.63924,0.451032,0,-1,0,-1,0,223
7180,7.18,0.639216,0.45798,0,-1,0,-1,0,223
7181,7.181,0.639192,0.464916,0,-1,0,-1,0,223
7182,7.182,0.63918,0.471852,0,-1,0,-1,0,223
7183,7.183,0.639156,0.478788,0,-1,0,-1,0,223
7184,7.184,0.639132,0.485724,0,-1,0,-1,0,223
7185,7.185,0.639108,0.492672,0,-1,0,-1,0,223
7186,7.186,0.639096,0.499608,0,-1,0,-1,0,223
7187,7.187,0.639072,0.506544,0,-1,0,-1,0,223
7188,7.188,0.639048,0.51348,0,-1,0,-1,0,223
7189,7.189,0.639024,0.520416,0,-1,0,-1,0,223
7190,7.19,0.639012,0.527364,0,-1,0,-1,0,223
7191,7.191,0.638988,0.5343,0,-1,0,-1,0,223
7192,7.192,0.638964,0.541236,0,-1,0,-1,0,223
7193,7.193,0.638952,0.548172,0,-1,0,-1,0,223
7194,7.194,0.638928,0.555108,0,-1,0,-1,0,223
7195,7.195,0.638904,0.562056,0,-1,0,-1,0,223
7196,7.196,0.63888,0.568992,0,-1,0,-1,0,223
7197,7.197,0.638868,0.575928,0,-1,0,-1,0,223
7198,7.198,0.638844,0.582864,0,-1,0,-1,0,223
7199,7.199,0.63882,0.5898,0,-1,0,-1,0,223
7200,7.2,0.638808,0.596736,0,-1,0,-1,0,223
7201,7.201,0.638784,0.603684,0,-1,0,-1,0,223
7202,7.202,0.63876,0.61062,0,-1,0,-1,0,223
7203,7.203,0.638736,0.617556,0,-1,0,-1,0,223
7204,7.204,0.638724,0.624492,0,-1,0,-1,0,223
7205,7.205,0.6387,0.631428,0,-1,0,-1,0,223
7206,7.206,0.638676,0.638376,0,-1,0,-1,0,223
7207,7.207,0.638652,0.645312,0,-1,0,-1,0,223
7208,7.208,0.63864,0.652248,0,-1,0,-1,0,223
7209,7.209,0.638616,0.659184,0,-1,0,-1,0,223
7210,7.21,0.638592,0.66612,0,-1,0,-1,0,223
7211,7.211,0.63858,0.673056,0,-1,0,-1,0,223
7212,7.212,0.638556,0.680004,0,-1,0,-1,0,223
7213,7.213,0.638532,0.68694,0,-1,0,-1,0,223
7214,7.214,0.638508,0.693876,0,-1,0,-1,0,223
7215,7.215,0.638496,0.700812,0,-1,0,-1,0,223
7216,7.216,0.638472,0.707748,0,-1,0,-1,0,223
7217,7.217,0.638448,0.714684,0,-1,0,-1,0,223
7218,7.218,0.638424,0.72162,0,-1,0,-1,0,223
7219,7.219,0.638412,0.728568,0,-1,0,-1,0,223
7220,7.22,0.638388,0.735504,0,-1,0,-1,0,223
7221,7.221,0.638364,0.74244,0,-1,0,-1,0,223
7222,7.222,0.638352,0.749376,0,-1,0,-1,0,223
7223,7.223,0.638328,0.756312,0,-1,0,-1,0,223
7224,7.224,0.638304,0.763248,0,-1,0,-1,0,223
7225,7.225,0.63828,0.770196,0,-1,0,-1,0,223
7226,7.226,0.638268,0.777132,0,-1,0,-1,0,223
7227,7.227,0.638244,0.784068,0,-1,0,-1,0,223
7228,7.228,0.63822,0.791004,0,-1,0,-1,0,223
7229,7.229,0.638196,0.79794,0,-1,0,-1,0,223
7230,7.23,0.638184,0.804876,0,-1,0,-1,0,223
7231,7.231,0.63816,0.811812,0,-1,0,-1,0,223
7232,7.232,0.638136,0.81876,0,-1,0,-1,0,223
7233,7.233,0.638124,0.825696,0,-1,0,-1,0,223
7234,7.234,0.6381,0.832632,0,-1,0,-1,0,223
7235,7.235,0.638076,0.839568,0,-1,0,-1,0,223
7236,7.236,0.638052,0.846504,0,-1,0,-1,0,223
7237,7.237,0.63804,0.85344,0,-1,0,-1,0,223
7238,7.238,0.638016,0.860376,0,-1,0,-1,0,223
7239,7.239,0.637992,0.867324,0,-1,0,-1,0,223
7240,7.24,0.63798,0.87426,0,-1,0,-1,0,223
7241,7.241,0.637956,0.881196,0,-1,0,-1,0,223
7242,7.242,0.637932,0.888132,0,-1,0,-1,0,223
7243,7.243,0.637908,0.895068,0,-1,0,-1,0,223
7244,7.244,0.637896,0.902004,0,-1,0,-1,0,223
7245,7.245,0.637872,0.90894,0,-1,0,-1,0,223
7246,7.246,0.637848,0.915876,0,-1,0,-1,0,223
7247,7.247,0.637824,0.922824,0,-1,0,-1,0,223
7248,7.248,0.637812,0.92976,0,-1,0,-1,0,223
7249,7.249,0.637788,0.936696,0,-1,0,-1,0,223
7250,7.25,0.637764,0.943632,0,-1,0,-1,0,223
7251,7.251,0.637752,0.950568,0,-1,0,-1,0,223
7252,7.252,0.637728,0.957504,0,-1,0,-1,0,223
7253,7.253,0.637704,0.96444,0,-1,0,-1,0,223
7254,7.254,0.63768,0.971376,0,-1,0,-1,0,223
7255,7.255,0.637668,0.978312,0,-1,0,-1,0,223
7256,7.256,0.637644,0.98526,0,-1,0,-1,0,223
7257,7.257,0.63762,0.992196,0,-1,0,-1,0,223
7258,7.258,0.637596,0.999132,0,-1,0,-1,0,223
7259,7.259,0.637584,1.006068,0,-1,0,-1,0,223
7260,7.26,0.63756,1.013004,0,-1,0,-1,0,223
7261,7.261,0.637536,1.01994,0,-1,0,-1,0,223
7262,7.262,0.637524,1.026876,0,-1,0,-1,0,223
7263,7.263,0.6375,1.033812,0,-1,0,-1,0,223
7264,7.264,0.637476,1.040748,0,-1,0,-1,0,223
7265,7.265,0.637452,1.047684,0,-1,0,-1,0,223
7266,7.266,0.63744,1.054632,0,-1,0,-1,0,223
7267,7.267,0.637416,1.061568,0,-1,0,-1,0,223
7268,7.268,0.637392,1.068504,0,-1,0,-1,0,223
7269,7.269,0.63738,1.07544,0,-1,0,-1,0,223
7270,7.27,0.637356,1.082376,0,-1,0,-1,0,223
7271,7.271,0.637332,1.089312,0,-1,0,-1,0,223
7272,7.272,0.637308,1.096248,0,-1,0,-1,0,223
7273,7.273,0.637296,1.103184,0,-1,0,-1,0,223
7274,7.274,0.637272,1.11012,0,-1,0,-1,0,223
7275,7.275,0.637248,1.117056,0,-1,0,-1,0,223
7276,7.276,0.637224,1.123992,0,-1,0,-1,0,223
7277,7.277,0.637212,1.13094,0,-1,0,-1,0,223
7278,7.278,0.637188,1.137876,0,-1,0,-1,0,223
7279,7.279,0.637164,1.144812,0,-1,0,-1,0,223
7280,7.28,0.637152,1.151748,0,-1,0,-1,0,223
7281,7.281,0.637128,1.158684,0,-1,0,-1,0,223
7282,7.282,0.637104,1.16562,0,-1,0,-1,0,223
7283,7.283,0.63708,1.172556,0,-1,0,-1,0,223
7284,7.284,0.637068,1.179492,0,-1,0,-1,0,223
7285,7.285,0.637044,1.186428,0,-1,0,-1,0,223
7286,7.286,0.63702,1.193364,0,-1,0,-1,0,223
7287,7.287,0.636996,1.20036,0,-1,0,-1,0,223
7288,7.288,0.636984,1.2072,0,-1,0,-1,0,223
7289,7.289,0.63696,1.21416,0,-1,0,-1,0,223
7290,7.29,0.636936,1.22112,0,-1,0,-1,0,223
7291,7.291,0.636924,1.22808,0,-1,0,-1,0,223
7292,7.292,0.6369,1.23504,0,-1,0,-1,0,223
7293,7.293,0.636876,1.24188,0,-1,0,-1,0,223
7294,7.294,0.636852,1.24884,0,-1,0,-1,0,223
7295,7.295,0.63684,1.2558,0,-1,0,-1,0,223
7296,7.296,0.636816,1.26276,0,-1,0,-1,0,223
7297,7.297,0.636792,1.26972,0,-1,0,-1,0,223
7298,7.298,0.636768,1.27656,0,-1,0,-1,0,223
7299,7.299,0.636756,1.28352,0,-1,0,-1,0,223
7300,7.3,0.636732,1.29048,0,-1,0,-1,0,223
7301,7.301,0.636708,1.29744,0,-1,0,-1,0,223
7302,7.302,0.636696,1.3044,0,-1,0,-1,0,223
7303,7.303,0.636672,1.31124,0,-1,0,-1,0,223
7304,7.304,0.636648,1.3182,0,-1,0,-1,0,223
7305,7.305,0.636624,1.32516,0,-1,0,-1,0,223
7306,7.306,0.636612,1.33212,0,-1,0,-1,0,223
7307,7.307,0.636588,1.33908,0,-1,0,-1,0,223
7308,7.308,0.636564,1.34592,0,-1,0,-1,0,223
7309,7.309,0.636552,1.35288,0,-1,0,-1,0,223
7310,7.31,0.636528,1.35984,0,-1,0,-1,0,223
7311,7.311,0.636504,1.3668,0,-1,0,-1,0,223
7312,7.312,0.63648,1.37376,0,-1,0,-1,0,223
7313,7.313,0.636468,1.3806,0,-1,0,-1,0,223
7314,7.314,0.636444,1.38756,0,-1,0,-1,0,223
7315,7.315,0.63642,1.39452,0,-1,0,-1,0,223
7316,7.316,0.636396,1.40148,0,-1,0,-1,0,223
7317,7.317,0.636384,1.40844,0,-1,0,-1,0,223
7318,7.318,0.63636,1.41528,0,-1,0,-1,0,223
7319,7.319,0.636336,1.42224,0,-1,0,-1,0,223
7320,7.32,0.636324,1.4292,0,-1,0,-1,0,223
7321,7.321,0.6363,1.43616,0,-1,0,-1,0,223
7322,7.322,0.636276,1.44312,0,-1,0,-1,0,223
7323,7.323,0.636252,1.44996,0,-1,0,-1,0,223
7324,7.324,0.63624,1.45692,0,-1,0,-1,0,223
7325,7.325,0.636216,1.46388,0,-1,0,-1,0,223
7326,7.326,0.636192,1.47084,0,-1,0,-1,0,223
7327,7.327,0.636168,1.4778,0,-1,0,-1,0,223
7328,7.328,0.636156,1.48464,0,-1,0,-1,0,223
7329,7.329,0.636132,1.4916,0,-1,0,-1,0,223
7330,7.33,0.636108,1.49856,0,-1,0,-1,0,223
7331,7.331,0.636096,1.50552,0,-1,0,-1,0,223
7332,7.332,0.636072,1.51248,0,-1,0,-1,0,223
7333,7.333,0.636048,1.51932,0,-1,0,-1,0,223
7334,7.334,0.636024,1.52628,0,-1,0,-1,0,223
7335,7.335,0.636012,1.53324,0,-1,0,-1,0,223
7336,7.336,0.635988,1.5402,0,-1,0,-1,0,223
7337,7.337,0.635964,1.54716,0,-1,0,-1,0,223
7338,7.338,0.635952,1.554,0,-1,0,-1,0,223
7339,7.339,0.635928,1.56096,0,-1,0,-1,0,223
7340,7.34,0.635904,1.56792,0,-1,0,-1,0,223
7341,7.341,0.63588,1.57488,0,-1,0,-1,0,223
7342,7.342,0.635868,1.58184,0,-1,0,-1,0,223
7343,7.343,0.639444,1.58796,0,-1,0,-1,0,223
7344,7.344,0.63942,1.59492,0,-1,0,-1,0,223
7345,7.345,0.639396,1.60188,0,-1,0,-1,0,223
7346,7.346,0.642972,1.608,0,-1,0,-1,0,223
7347,7.347,0.64296,1.61496,0,-1,0,-1,0,223
7348,7.348,0.646524,1.62108,0,-1,0,-1,0,223
7349,7.349,0.6501,1.6272,0,-1,0,-1,0,223
7350,7.35,0.653664,1.63344,0,-1,0,-1,0,223
7351,7.351,0.657228,1.63956,0,-1,0,-1,0,223
7352,7.352,0.66078,1.64568,0,-1,0,-1,0,223
7353,7.353,0.664356,1.64484,0,-1,0,-1,0,223
7354,7.354,0.667908,1.65096,0,-1,0,-1,0,223
7355,7.355,0.671472,1.65024,0,-1,0,-1,0,223
7356,7.356,0.675036,1.6494,0,-1,0,-1,0,223
7357,7.357,0.678588,1.65552,0,-1,0,-1,0,223
7358,7.358,0.68214,1.6548,0,-1,0,-1,0,223
7359,7.359,0.685692,1.65396,0,-1,0,-1,0,223
7360,7.36,0.689244,1.65324,0,-1,0,-1,0,223
7361,7.361,0.692796,1.6524,0,-1,0,-1,0,223
7362,7.362,0.696348,1.65156,0,-1,0,-1,0,223
7363,7.363,0.699888,1.65084,0,-1,0,-1,0,223
7364,7.364,0.70344,1.64316,0,-1,0,-1,0,223
7365,7.365,0.70698,1.64244,0,-1,0,-1,0,223
7366,7.366,0.710508,1.6416,0,-1,0,-1,0,223
7367,7.367,0.71406,1.63404,0,-1,0,-1,0,223
7368,7.368,0.717588,1.6332,0,-1,0,-1,0,223
7369,7.369,0.721128,1.62564,0,-1,0,-1,0,223
7370,7.37,0.724668,1.61796,0,-1,0,-1,0,223
7371,7.371,0.728196,1.6104,0,-1,0,-1,0,223
7372,7.372,0.731736,1.60272,0,-1,0,-1,0,223
7373,7.373,0.735264,1.59516,0,-1,0,-1,0,223
7374,7.374,0.735276,1.58832,0,-1,0,-1,0,223
7375,7.375,0.738804,1.58076,0,-1,0,-1,0,223
7376,7.376,0.738828,1.57392,0,-1,0,-1,0,223
7377,7.377,0.738852,1.56708,0,-1,0,-1,0,223
7378,7.378,0.742368,1.5594,0,-1,0,-1,0,223
7379,7.379,0.742392,1.55256,0,-1,0,-1,0,223
7380,7.38,0.742416,1.54572,0,-1,0,-1,0,223
7381,7.381,0.742428,1.53888,0,-1,0,-1,0,223
7382,7.382,0.742452,1.53204,1,224,1,14,0,224
7383,7.383,0.742476,1.5252,0,-1,0,-1,0,224
7384,7.384,0.742488,1.51836,0,-1,0,-1,0,224
7385,7.385,0.742512,1.51164,0,-1,0,-1,0,224
7386,7.386,0.742536,1.5048,0,-1,0,-1,0,224
7387,7.387,0.74256,1.49796,0,-1,0,-1,0,224
7388,7.388,0.742572,1.49112,0,-1,0,-1,0,224
7389,7.389,0.742596,1.48428,0,-1,0,-1,0,224
7390,7.39,0.74262,1.47744,0,-1,0,-1,0,224
7391,7.391,0.742632,1.4706,0,-1,0,-1,0,224
7392,7.392,0.742656,1.46376,0,-1,0,-1,0,224
7393,7.393,0.74268,1.45692,0,-1,0,-1,0,224
7394,7.394,0.742704,1.45008,0,-1,0,-1,0,224
7395,7.395,0.742716,1.44324,0,-1,0,-1,0,224
7396,7.396,0.74274,1.4364,0,-1,0,-1,0,224
7397,7.397,0.742764,1.42956,0,-1,0,-1,0,224
7398,7.398,0.742776,1.42272,1,225,0,14,0,225
7399,7.399,0.7428,1.41588,0,-1,0,-1,0,225
7400,7.4,0.742824,1.40904,0,-1,0,-1,0,225
7401,7.401,0.742848,1.4022,0,-1,0,-1,0,225
7402,7.402,0.74286,1.39536,0,-1,0,-1,0,225
7403,7.403,0.742884,1.38852,0,-1,0,-1,0,225
7404,7.404,0.742908,1.38168,0,-1,0,-1,0,225
7405,7.405,0.74292,1.37484,0,-1,0,-1,0,225
7406,7.406,0.742944,1.368,0,-1,0,-1,0,225
7407,7.407,0.742968,1.36116,0,-1,0,-1,0,225
7408,7.408,0.74298,1.35432,0,-1,0,-1,0,225
7409,7.409,0.743004,1.34748,0,-1,0,-1,0,225
7410,7.41,0.743028,1.34064,0,-1,0,-1,0,225
7411,7.411,0.743052,1.3338,0,-1,0,-1,0,225
7412,7.412,0.743064,1.32696,0,-1,0,-1,0,225
7413,7.413,0.743088,1.32012,0,-1,0,-1,0,225
7414,7.414,0.743112,1.31328,1,226,0,14,0,226
7415,7.415,0.743124,1.30644,0,-1,0,-1,0,226
7416,7.416,0.743148,1.2996,0,-1,0,-1,0,226
7417,7.417,0.743172,1.29276,0,-1,0,-1,0,226
7418,7.418,0.743196,1.28592,0,-1,0,-1,0,226
7419,7.419,0.743208,1.27908,0,-1,0,-1,0,226
7420,7.42,0.743232,1.27224,0,-1,0,-1,0,226
7421,7.421,0.743256,1.2654,0,-1,0,-1,0,226
7422,7.422,0.743268,1.25856,0,-1,0,-1,0,226
7423,7.423,0.743292,1.25172,0,-1,0,-1,0,226
7424,7.424,0.743316,1.24488,0,-1,0,-1,0,226
7425,7.425,0.74334,1.23804,0,-1,0,-1,0,226
7426,7.426,0.743352,1.2312,0,-1,0,-1,0,226
7427,7.427,0.743376,1.22436,0,-1,0,-1,0,226
7428,7.428,0.7434,1.21752,0,-1,0,-1,0,226
7429,7.429,0.743412,1.21068,0,-1,0,-1,0,226
7430,7.43,0.743436,1.20384,1,227,0,14,0,227
7431,7.431,0.74346,1.197012,0,-1,0,-1,0,227
7432,7.432,0.743484,1.190172,0,-1,0,-1,0,227
7433,7.433,0.743496,1.183332,0,-1,0,-1,0,227
7434,7.434,0.74352,1.176504,0,-1,0,-1,0,227
7435,7.435,0.743544,1.169664,0,-1,0,-1,0,227
7436,7.436,0.743556,1.162824,0,-1,0,-1,0,227
7437,7.437,0.74358,1.155984,0,-1,0,-1,0,227
7438,7.438,0.743604,1.149144,0,-1,0,-1,0,227
7439,7.439,0.743616,1.142304,0,-1,0,-1,0,227
7440,7.44,0.74364,1.135464,0,-1,0,-1,0,227
7441,7.441,0.743664,1.128624,0,-1,0,-1,0,227
7442,7.442,0.743688,1.121784,0,-1,0,-1,0,227
7443,7.443,0.7437,1.114944,0,-1,0,-1,0,227
7444,7.444,0.743724,1.108104,0,-1,0,-1,0,227
7445,7.445,0.743748,1.101276,0,-1,0,-1,0,227
7446,7.446,0.74376,1.094436,1,228,0,14,0,228
7447,7.447,0.743784,1.087596,0,-1,0,-1,0,228
7448,7.448,0.743808,1.080756,0,-1,0,-1,0,228
7449,7.449,0.743832,1.073916,0,-1,0,-1,0,228
7450,7.45,0.743844,1.067076,0,-1,0,-1,0,228
7451,7.451,0.743868,1.060236,0,-1,0,-1,0,228
7452,7.452,0.743892,1.053396,0,-1,0,-1,0,228
7453,7.453,0.743904,1.046556,0,-1,0,-1,0,228
7454,7.454,0.743928,1.039716,0,-1,0,-1,0,228
7455,7.455,0.743952,1.032876,0,-1,0,-1,0,228
7456,7.456,0.743976,1.026036,0,-1,0,-1,0,228
7457,7.457,0.743988,1.019208,0,-1,0,-1,0,228
7458,7.458,0.744012,1.012368,0,-1,0,-1,0,228
7459,7.459,0.744036,1.005528,0,-1,0,-1,0,228
7460,7.46,0.744048,0.998688,0,-1,0,-1,0,228
7461,7.461,0.744072,0.991848,0,-1,0,-1,0,228
7462,7.462,0.744096,0.985008,1,229,0,14,0,229
7463,7.463,0.74412,0.978168,0,-1,0,-1,0,229
7464,7.464,0.744132,0.971328,0,-1,0,-1,0,229
7465,7.465,0.744156,0.964488,0,-1,0,-1,0,229
7466,7.466,0.74418,0.957648,0,-1,0,-1,0,229
7467,7.467,0.744192,0.950808,0,-1,0,-1,0,229
7468,7.468,0.744216,0.943968,0,-1,0,-1,0,229
7469,7.469,0.74424,0.937128,0,-1,0,-1,0,229
7470,7.47,0.744252,0.930288,0,-1,0,-1,0,229
7471,7.471,0.744276,0.923448,0,-1,0,-1,0,229
7472,7.472,0.7443,0.916608,0,-1,0,-1,0,229
7473,7.473,0.744324,0.90978,0,-1,0,-1,0,229
7474,7.474,0.744336,0.90294,0,-1,0,-1,0,229
7475,7.475,0.74436,0.8961,0,-1,0,-1,0,229
7476,7.476,0.744384,0.88926,0,-1,0,-1,0,229
7477,7.477,0.744396,0.88242,0,-1,0,-1,0,229
7478,7.478,0.74442,0.87558,1,230,0,14,0,230
7479,7.479,0.744444,0.86874,0,-1,0,-1,0,230
7480,7.48,0.744468,0.8619,0,-1,0,-1,0,230
7481,7.481,0.74448,0.85506,0,-1,0,-1,0,230
7482,7.482,0.744504,0.84822,0,-1,0,-1,0,230
7483,7.483,0.744528,0.84138,0,-1,0,-1,0,230
7484,7.484,0.74454,0.83454,0,-1,0,-1,0,230
7485,7.485,0.744564,0.8277,0,-1,0,-1,0,230
7486,7.486,0.744588,0.82086,0,-1,0,-1,0,230
7487,7.487,0.744612,0.81402,0,-1,0,-1,0,230
7488,7.488,0.744624,0.80718,0,-1,0,-1,0,230
7489,7.489,0.744648,0.80034,0,-1,0,-1,0,230
7490,7.49,0.744672,0.7935,0,-1,0,-1,0,230
7491,7.491,0.744684,0.78666,0,-1,0,-1,0,230
7492,7.492,0.744708,0.77982,0,-1,0,-1,0,230
7493,7.493,0.744732,0.77298,0,-1,0,-1,0,230
7494,7.494,0.744756,0.76614,1,231,0,14,0,231
7495,7.495,0.744768,0.7593,0,-1,0,-1,0,231
7496,7.496,0.744792,0.75246,0,-1,0,-1,0,231
7497,7.497,0.744816,0.74562,0,-1,0,-1,0,231
7498,7.498,0.744828,0.73878,0,-1,0,-1,0,231
7499,7.499,0.744852,0.73194,0,-1,0,-1,0,231
7500,7.5,0.744876,0.7251,0,-1,0,-1,0,231
7501,7.501,0.7449,0.71826,0,-1,0,-1,0,231
7502,7.502,0.744912,0.71142,0,-1,0,-1,0,231
7503,7.503,0.744936,0.70458,0,-1,0,-1,0,231
7504,7.504,0.74496,0.69774,0,-1,0,-1,0,231
7505,7.505,0.744972,0.6909,0,-1,0,-1,0,231
7506,7.506,0.744996,0.68406,0,-1,0,-1,0,231
7507,7.507,0.74502,0.67722,0,-1,0,-1,0,231
7508,7.508,0.745032,0.670392,0,-1,0,-1,0,231
7509,7.509,0.745056,0.663552,0,-1,0,-1,0,231
7510,7.51,0.74508,0.656712,1,232,0,14,0,232
7511,7.511,0.745104,0.649872,0,-1,0,-1,0,232
7512,7.512,0.745116,0.643032,0,-1,0,-1,0,232
7513,7.513,0.74514,0.636192,0,-1,0,-1,0,232
7514,7.514,0.745164,0.629352,0,-1,0,-1,0,232
7515,7.515,0.745176,0.622512,0,-1,0,-1,0,232
7516,7.516,0.7452,0.615672,0,-1,0,-1,0,232
7517,7.517,0.745224,0.608832,0,-1,0,-1,0,232
7518,7.518,0.745248,0.601992,0,-1,0,-1,0,232
7519,7.519,0.74526,0.59514,0,-1,0,-1,0,232
7520,7.52,0.745284,0.5883,0,-1,0,-1,0,232
7521,7.521,0.745308,0.58146,0,-1,0,-1,0,232
7522,7.522,0.74532,0.57462,0,-1,0,-1,0,232
7523,7.523,0.745344,0.56778,0,-1,0,-1,0,232
7524,7.524,0.745368,0.56094,0,-1,0,-1,0,232
7525,7.525,0.745392,0.5541,0,-1,0,-1,0,232
7526,7.526,0.745404,0.54726,1,233,0,14,0,233
7527,7.527,0.745428,0.54042,0,-1,0,-1,0,233
7528,7.528,0.745452,0.53358,0,-1,0,-1,0,233
7529,7.529,0.745464,0.52674,0,-1,0,-1,0,233
7530,7.53,0.745488,0.5199,0,-1,0,-1,0,233
7531,7.531,0.745512,0.51306,0,-1,0,-1,0,233
7532,7.532,0.745536,0.50622,0,-1,0,-1,0,233
7533,7.533,0.745548,0.49938,0,-1,0,-1,0,233
7534,7.534,0.745572,0.49254,0,-1,0,-1,0,233
7535,7.535,0.745596,0.4857,0,-1,0,-1,0,233
7536,7.536,0.745608,0.47886,0,-1,0,-1,0,233
7537,7.537,0.745632,0.47202,0,-1,0,-1,0,233
7538,7.538,0.745656,0.46518,0,-1,0,-1,0,233
7539,7.539,0.74568,0.45834,0,-1,0,-1,0,233
7540,7.54,0.745692,0.4515,0,-1,0,-1,0,233
7541,7.541,0.745716,0.44466,0,-1,0,-1,0,233
7542,7.542,0.74574,0.43782,1,234,0,14,0,234
7543,7.543,0.745752,0.43098,0,-1,0,-1,0,234
7544,7.544,0.745776,0.42414,0,-1,0,-1,0,234
7545,7.545,0.7458,0.4173,0,-1,0,-1,0,234
7546,7.546,0.745812,0.41046,0,-1,0,-1,0,234
7547,7.547,0.745836,0.40362,0,-1,0,-1,0,234
7548,7.548,0.74586,0.39678,0,-1,0,-1,0,234
7549,7.549,0.745884,0.38994,0,-1,0,-1,0,234
7550,7.55,0.745896,0.3831,0,-1,0,-1,0,234
7551,7.551,0.74592,0.37626,0,-1,0,-1,0,234
7552,7.552,0.745944,0.36942,0,-1,0,-1,0,234
7553,7.553,0.745956,0.362568,0,-1,0,-1,0,234
7554,7.554,0.74598,0.355728,0,-1,0,-1,0,234
7555,7.555,0.746004,0.348888,0,-1,0,-1,0,234
7556,7.556,0.746028,0.342048,0,-1,0,-1,0,234
7557,7.557,0.74604,0.335208,0,-1,0,-1,0,234
7558,7.558,0.746064,0.328368,1,235,0,14,0,235
7559,7.559,0.746088,0.321528,0,-1,0,-1,0,235
7560,7.56,0.7461,0.314688,0,-1,0,-1,0,235
7561,7.561,0.746124,0.307848,0,-1,0,-1,0,235
7562,7.562,0.746148,0.301008,0,-1,0,-1,0,235
7563,7.563,0.746172,0.294168,0,-1,0,-1,0,235
7564,7.564,0.746184,0.287328,0,-1,0,-1,0,235
7565,7.565,0.746208,0.280488,0,-1,0,-1,0,235
7566,7.566,0.746232,0.273648,0,-1,0,-1,0,235
7567,7.567,0.746244,0.266808,0,-1,0,-1,0,235
7568,7.568,0.746268,0.259968,0,-1,0,-1,0,235
7569,7.569,0.746292,0.253128,0,-1,0,-1,0,235
7570,7.57,0.746316,0.246276,0,-1,0,-1,0,235
7571,7.571,0.746328,0.239436,0,-1,0,-1,0,235
7572,7.572,0.746352,0.232596,0,-1,0,-1,0,235
7573,7.573,0.746376,0.225756,0,-1,0,-1,0,235
7574,7.574,0.746388,0.218916,1,236,0,14,0,236
7575,7.575,0.746412,0.212076,0,-1,0,-1,0,236
7576,7.576,0.746436,0.205236,0,-1,0,-1,0,236
7577,7.577,0.74646,0.198396,0,-1,0,-1,0,236
7578,7.578,0.746472,0.191556,0,-1,0,-1,0,236
7579,7.579,0.746496,0.184716,0,-1,0,-1,0,236
7580,7.58,0.74652,0.177876,0,-1,0,-1,0,236
7581,7.581,0.746532,0.171036,0,-1,0,-1,0,236
7582,7.582,0.746556,0.164184,0,-1,0,-1,0,236
7583,7.583,0.74658,0.157344,0,-1,0,-1,0,236
7584,7.584,0.746592,0.150504,0,-1,0,-1,0,236
7585,7.585,0.746616,0.143664,0,-1,0,-1,0,236
7586,7.586,0.74664,0.136824,0,-1,0,-1,0,236
7587,7.587,0.746664,0.129984,0,-1,0,-1,0,236
7588,7.588,0.746676,0.123144,0,-1,0,-1,0,236
7589,7.589,0.7467,0.1163016,0,-1,0,-1,0,236
7590,7.59,0.746724,0.1094604,1,237,0,14,0,237
7591,7.591,0.746736,0.1026192,0,-1,0,-1,0,237
7592,7.592,0.74676,0.095778,0,-1,0,-1,0,237
7593,7.593,0.746784,0.0889368,0,-1,0,-1,0,237
7594,7.594,0.746808,0.0820956,0,-1,0,-1,0,237
7595,7.595,0.74682,0.0752544,0,-1,0,-1,0,237
7596,7.596,0.746844,0.0684132,0,-1,0,-1,0,237
7597,7.597,0.746868,0.061572,0,-1,0,-1,0,237
7598,7.598,0.74688,0.0547308,0,-1,0,-1,0,237
7599,7.599,0.746904,0.0478896,0,-1,0,-1,0,237
7600,7.6,0.746928,0.0410484,0,-1,0,-1,0,237
7601,7.601,0.746952,0.0342072,0,-1,0,-1,0,237
7602,7.602,0.746964,0.027366,0,-1,0,-1,0,237
7603,7.603,0.746988,0.0205248,0,-1,0,-1,0,237
7604,7.604,0.747012,0.0136824,0,-1,0,-1,0,237
7605,7.605,0.747024,0.00684144,0,-1,0,-1,0,237
7606,7.606,0.747048,0.0,1,238,0,14,0,238
7607,7.607,0.747072,-0.00684144,0,-1,0,-1,0,238
7608,7.608,0.747096,-0.0136824,0,-1,0,-1,0,238
7609,7.609,0.747108,-0.0205248,0,-1,0,-1,0,238
7610,7.61,0.747132,-0.027366,0,-1,0,-1,0,238
7611,7.611,0.747156,-0.0342072,0,-1,0,-1,0,238
7612,7.612,0.747168,-0.0410484,0,-1,0,-1,0,238
7613,7.613,0.747192,-0.0478908,0,-1,0,-1,0,238
7614,7.614,0.747216,-0.054732,0,-1,0,-1,0,238
7615,7.615,0.74724,-0.0615732,0,-1,0,-1,0,238
7616,7.616,0.747252,-0.0684144,0,-1,0,-1,0,238
7617,7.617,0.747276,-0.0752568,0,-1,0,-1,0,238
7618,7.618,0.7473,-0.082098,0,-1,0,-1,0,238
7619,7.619,0.747312,-0.0889392,0,-1,0,-1,0,238
7620,7.62,0.747336,-0.0957816,0,-1,0,-1,0,238
7621,7.621,0.74736,-0.1026228,0,-1,0,-1,0,238
7622,7.622,0.747372,-0.1094652,1,239,0,14,0,239
7623,7.623,0.747396,-0.1163064,0,-1,0,-1,0,239
7624,7.624,0.74742,-0.123144,0,-1,0,-1,0,239
7625,7.625,0.747444,-0.129984,0,-1,0,-1,0,239
7626,7.626,0.747456,-0.136836,0,-1,0,-1,0,239
7627,7.627,0.74748,-0.143676,0,-1,0,-1,0,239
7628,7.628,0.747504,-0.150516,0,-1,0,-1,0,239
7629,7.629,0.747516,-0.157356,0,-1,0,-1,0,239
7630,7.63,0.74754,-0.164196,0,-1,0,-1,0,239
7631,7.631,0.747564,-0.171036,0,-1,0,-1,0,239
7632,7.632,0.747588,-0.177888,0,-1,0,-1,0,239
7633,7.633,0.7476,-0.184728,0,-1,0,-1,0,239
7634,7.634,0.747624,-0.191568,0,-1,0,-1,0,239
7635,7.635,0.747648,-0.198408,0,-1,0,-1,0,239
7636,7.636,0.74766,-0.205248,0,-1,0,-1,0,239
7637,7.637,0.747684,-0.212088,0,-1,0,-1,0,239
7638,7.638,0.747708,-0.218928,0,-1,0,-1,0,239
7639,7.639,0.747732,-0.22578,0,-1,0,-1,0,239
7640,7.64,0.747744,-0.23262,0,-1,0,-1,0,239
7641,7.641,0.747768,-0.23946,0,-1,0,-1,0,239
7642,7.642,0.747792,-0.2463,0,-1,0,-1,0,239
7643,7.643,0.747804,-0.25314,0,-1,0,-1,0,239
7644,7.644,0.747828,-0.25998,0,-1,0,-1,0,239
7645,7.645,0.747852,-0.266832,0,-1,0,-1,0,239
7646,7.646,0.747876,-0.273672,0,-1,0,-1,0,239
7647,7.647,0.747888,-0.280512,0,-1,0,-1,0,239
7648,7.648,0.747912,-0.287352,0,-1,0,-1,0,239
7649,7.649,0.747936,-0.294192,0,-1,0,-1,0,239
7650,7.65,0.747948,-0.301032,0,-1,0,-1,0,239
7651,7.651,0.747972,-0.307884,0,-1,0,-1,0,239
7652,7.652,0.747996,-0.314724,0,-1,0,-1,0,239
7653,7.653,0.74802,-0.321564,0,-1,0,-1,0,239
7654,7.654,0.748032,-0.328404,0,-1,0,-1,0,239
7655,7.655,0.748056,-0.335244,0,-1,0,-1,0,239
7656,7.656,0.74808,-0.342096,0,-1,0,-1,0,239
7657,7.657,0.748092,-0.348936,0,-1,0,-1,0,239
7658,7.658,0.748116,-0.355776,0,-1,0,-1,0,239
7659,7.659,0.74814,-0.362616,0,-1,0,-1,0,239
7660,7.66,0.748164,-0.369456,0,-1,0,-1,0,239
7661,7.661,0.748176,-0.376296,0,-1,0,-1,0,239
7662,7.662,0.7482,-0.383148,0,-1,0,-1,0,239
7663,7.663,0.748224,-0.389988,0,-1,0,-1,0,239
7664,7.664,0.748236,-0.396828,0,-1,0,-1,0,239
7665,7.665,0.74826,-0.403668,0,-1,0,-1,0,239
7666,7.666,0.748284,-0.410508,0,-1,0,-1,0,239
7667,7.667,0.748296,-0.41736,0,-1,0,-1,0,239
7668,7.668,0.74832,-0.4242,0,-1,0,-1,0,239
7669,7.669,0.748344,-0.43104,0,-1,0,-1,0,239
7670,7.67,0.748368,-0.43788,0,-1,0,-1,0,239
7671,7.671,0.74838,-0.44472,0,-1,0,-1,0,239
7672,7.672,0.748404,-0.451572,0,-1,0,-1,0,239
7673,7.673,0.748428,-0.458412,0,-1,0,-1,0,239
7674,7.674,0.74844,-0.465252,0,-1,0,-1,0,239
7675,7.675,0.748464,-0.472092,0,-1,0,-1,0,239
7676,7.676,0.748488,-0.478932,0,-1,0,-1,0,239
7677,7.677,0.748512,-0.485784,0,-1,0,-1,0,239
7678,7.678,0.748524,-0.492624,0,-1,0,-1,0,239
7679,7.679,0.748548,-0.499464,0,-1,0,-1,0,239
7680,7.68,0.748572,-0.506304,0,-1,0,-1,0,239
7681,7.681,0.748584,-0.513144,0,-1,0,-1,0,239
7682,7.682,0.748608,-0.519996,0,-1,0,-1,0,239
7683,7.683,0.748632,-0.526836,0,-1,0,-1,0,239
7684,7.684,0.748656,-0.533676,0,-1,0,-1,0,239
7685,7.685,0.748668,-0.540516,0,-1,0,-1,0,239
7686,7.686,0.748692,-0.547368,0,-1,0,-1,0,239
7687,7.687,0.748716,-0.554208,0,-1,0,-1,0,239
7688,7.688,0.748728,-0.561048,0,-1,0,-1,0,239
7689,7.689,0.748752,-0.567888,0,-1,0,-1,0,239
7690,7.69,0.748776,-0.574728,0,-1,0,-1,0,239
7691,7.691,0.7488,-0.58158,0,-1,0,-1,0,239
7692,7.692,0.748812,-0.58842,0,-1,0,-1,0,239
7693,7.693,0.748836,-0.59526,0,-1,0,-1,0,239
7694,7.694,0.74886,-0.6021,0,-1,0,-1,0,239
7695,7.695,0.748872,-0.608952,0,-1,0,-1,0,239
7696,7.696,0.748896,-0.615792,0,-1,0,-1,0,239
7697,7.697,0.74892,-0.622632,0,-1,0,-1,0,239
7698,7.698,0.748944,-0.629472,0,-1,0,-1,0,239
7699,7.699,0.748956,-0.636324,0,-1,0,-1,0,239
7700,7.7,0.74898,-0.643164,0,-1,0,-1,0,239
7701,7.701,0.749004,-0.650004,0,-1,0,-1,0,239
7702,7.702,0.749016,-0.656844,0,-1,0,-1,0,239
7703,7.703,0.74904,-0.663696,0,-1,0,-1,0,239
7704,7.704,0.749064,-0.670536,0,-1,0,-1,0,239
7705,7.705,0.749076,-0.677376,0,-1,0,-1,0,239
7706,7.706,0.7491,-0.684216,0,-1,0,-1,0,239
7707,7.707,0.749124,-0.691056,0,-1,0,-1,0,239
7708,7.708,0.749148,-0.697908,0,-1,0,-1,0,239
7709,7.709,0.74916,-0.704748,0,-1,0,-1,0,239
7710,7.71,0.749184,-0.711588,0,-1,0,-1,0,239
7711,7.711,0.749208,-0.718428,0,-1,0,-1,0,239
7712,7.712,0.74922,-0.72528,0,-1,0,-1,0,239
7713,7.713,0.749244,-0.73212,0,-1,0,-1,0,239
7714,7.714,0.749268,-0.73896,0,-1,0,-1,0,239
7715,7.715,0.749292,-0.7458,0,-1,0,-1,0,239
7716,7.716,0.749304,-0.752652,0,-1,0,-1,0,239
7717,7.717,0.749328,-0.759492,0,-1,0,-1,0,239
7718,7.718,0.749352,-0.766332,0,-1,0,-1,0,239
7719,7.719,0.749364,-0.773184,0,-1,0,-1,0,239
7720,7.72,0.749388,-0.780024,0,-1,0,-1,0,239
7721,7.721,0.749412,-0.786864,0,-1,0,-1,0,239
7722,7.722,0.749436,-0.793704,0,-1,0,-1,0,239
7723,7.723,0.749448,-0.800556,0,-1,0,-1,0,239
7724,7.724,0.749472,-0.807396,0,-1,0,-1,0,239
7725,7.725,0.749496,-0.814236,0,-1,0,-1,0,239
7726,7.726,0.749508,-0.821076,0,-1,0,-1,0,239
7727,7.727,0.749532,-0.827928,0,-1,0,-1,0,239
7728,7.728,0.749556,-0.834768,0,-1,0,-1,0,239
7729,7.729,0.74958,-0.841608,0,-1,0,-1,0,239
7730,7.73,0.749592,-0.84846,0,-1,0,-1,0,239
7731,7.731,0.749616,-0.8553,0,-1,0,-1,0,239
7732,7.732,0.74964,-0.86214,0,-1,0,-1,0,239
7733,7.733,0.749652,-0.86898,0,-1,0,-1,0,239
7734,7.734,0.749676,-0.875832,0,-1,0,-1,0,239
7735,7.735,0.7497,-0.882672,0,-1,0,-1,0,239
7736,7.736,0.749724,-0.889512,0,-1,0,-1,0,239
7737,7.737,0.749736,-0.896352,0,-1,0,-1,0,239
7738,7.738,0.74976,-0.903204,0,-1,0,-1,0,239
7739,7.739,0.749784,-0.910044,0,-1,0,-1,0,239
7740,7.74,0.749796,-0.916884,0,-1,0,-1,0,239
7741,7.741,0.74982,-0.923736,0,-1,0,-1,0,239
7742,7.742,0.749844,-0.930576,0,-1,0,-1,0,239
7743,7.743,0.749868,-0.937416,0,-1,0,-1,0,239
7744,7.744,0.74988,-0.944268,0,-1,0,-1,0,239
7745,7.745,0.749904,-0.951108,0,-1,0,-1,0,239
7746,7.746,0.749928,-0.957948,0,-1,0,-1,0,239
7747,7.747,0.74994,-0.964788,0,-1,0,-1,0,239
7748,7.748,0.749964,-0.97164,0,-1,0,-1,0,239
7749,7.749,0.749988,-0.97848,0,-1,0,-1,0,239
7750,7.75,0.750012,-0.98532,0,-1,0,-1,0,239
7751,7.751,0.750024,-0.992172,0,-1,0,-1,0,239
7752,7.752,0.750048,-0.999012,0,-1,0,-1,0,239
7753,7.753,0.750072,-1.005852,0,-1,0,-1,0,239
7754,7.754,0.750084,-1.012704,0,-1,0,-1,0,239
7755,7.755,0.750108,-1.019544,0,-1,0,-1,0,239
7756,7.756,0.750132,-1.026384,0,-1,0,-1,0,239
7757,7.757,0.750144,-1.033224,0,-1,0,-1,0,239
7758,7.758,0.750168,-1.040076,0,-1,0,-1,0,239
7759,7.759,0.750192,-1.046916,0,-1,0,-1,0,239
7760,7.76,0.750216,-1.053756,0,-1,0,-1,0,239
7761,7.761,0.750228,-1.060608,0,-1,0,-1,0,239
7762,7.762,0.750252,-1.067448,0,-1,0,-1,0,239
7763,7.763,0.750276,-1.074288,0,-1,0,-1,0,239
7764,7.764,0.750288,-1.08114,0,-1,0,-1,0,239
7765,7.765,0.750312,-1.08798,0,-1,0,-1,0,239
7766,7.766,0.750336,-1.09482,0,-1,0,-1,0,239
7767,7.767,0.75036,-1.101672,0,-1,0,-1,0,239
7768,7.768,0.750372,-1.108512,0,-1,0,-1,0,239
7769,7.769,0.750396,-1.115352,0,-1,0,-1,0,239
7770,7.77,0.75042,-1.122204,0,-1,0,-1,0,239
7771,7.771,0.750432,-1.129044,0,-1,0,-1,0,239
7772,7.772,0.750456,-1.135884,0,-1,0,-1,0,239
7773,7.773,0.75048,-1.142736,0,-1,0,-1,0,239
7774,7.774,0.750504,-1.149576,0,-1,0,-1,0,239
7775,7.775,0.750516,-1.156416,0,-1,0,-1,0,239
7776,7.776,0.75054,-1.163268,0,-1,0,-1,0,239
7777,7.777,0.750564,-1.170108,0,-1,0,-1,0,239
7778,7.778,0.750576,-1.176948,0,-1,0,-1,0,239
7779,7.779,0.7506,-1.1838,0,-1,0,-1,0,239
7780,7.78,0.750624,-1.19064,0,-1,0,-1,0,239
7781,7.781,0.750648,-1.19748,0,-1,0,-1,0,239
7782,7.782,0.75066,-1.20432,0,-1,0,-1,0,239
7783,7.783,0.750684,-1.21116,0,-1,0,-1,0,239
7784,7.784,0.750708,-1.218,0,-1,0,-1,0,239
7785,7.785,0.75072,-1.22484,0,-1,0,-1,0,239
7786,7.786,0.750744,-1.23168,0,-1,0,-1,0,239
7787,7.787,0.750768,-1.23852,0,-1,0,-1,0,239
7788,7.788,0.750792,-1.24536,0,-1,0,-1,0,239
7789,7.789,0.750804,-1.2522,0,-1,0,-1,0,239
7790,7.79,0.750828,-1.25904,0,-1,0,-1,0,239
7791,7.791,0.750852,-1.26588,0,-1,0,-1,0,239
7792,7.792,0.750864,-1.27272,0,-1,0,-1,0,239
7793,7.793,0.750888,-1.27956,0,-1,0,-1,0,239
7794,7.794,0.750912,-1.2864,0,-1,0,-1,0,239
7795,7.795,0.750936,-1.29336,0,-1,0,-1,0,239
7796,7.796,0.750948,-1.3002,0,-1,0,-1,0,239
7797,7.797,0.750972,-1.30704,0,-1,0,-1,0,239
7798,7.798,0.750996,-1.31388,0,-1,0,-1,0,239
7799,7.799,0.751008,-1.32072,0,-1,0,-1,0,239
7800,7.8,0.751032,-1.32756,0,-1,0,-1,0,239
7801,7.801,0.751056,-1.3344,0,-1,0,-1,0,239
7802,7.802,0.751068,-1.34124,0,-1,0,-1,0,239
7803,7.803,0.751092,-1.34808,0,-1,0,-1,0,239
7804,7.804,0.751116,-1.35492,0,-1,0,-1,0,239
7805,7.805,0.75114,-1.36176,0,-1,0,-1,0,239
7806,7.806,0.751152,-1.3686,0,-1,0,-1,0,239
7807,7.807,0.751176,-1.37544,0,-1,0,-1,0,239
7808,7.808,0.7512,-1.38228,0,-1,0,-1,0,239
7809,7.809,0.751212,-1.38912,0,-1,0,-1,0,239
7810,7.81,0.751236,-1.39596,0,-1,0,-1,0,239
7811,7.811,0.75126,-1.4028,0,-1,0,-1,0,239
7812,7.812,0.751284,-1.40964,0,-1,0,-1,0,239
7813,7.813,0.751296,-1.41648,0,-1,0,-1,0,239
7814,7.814,0.75132,-1.42332,0,-1,0,-1,0,239
7815,7.815,0.751344,-1.43016,0,-1,0,-1,0,239
7816,7.816,0.751356,-1.437,0,-1,0,-1,0,239
7817,7.817,0.75138,-1.44384,0,-1,0,-1,0,239
7818,7.818,0.751404,-1.45068,0,-1,0,-1,0,239
7819,7.819,0.751428,-1.45752,0,-1,0,-1,0,239
7820,7.82,0.75144,-1.46436,0,-1,0,-1,0,239
7821,7.821,0.751464,-1.4712,0,-1,0,-1,0,239
7822,7.822,0.751488,-1.47816,0,-1,0,-1,0,239
7823,7.823,0.7515,-1.485,0,-1,0,-1,0,239
7824,7.824,0.751524,-1.49184,0,-1,0,-1,0,239
7825,7.825,0.751548,-1.49868,0,-1,0,-1,0,239
7826,7.826,0.751572,-1.50552,0,-1,0,-1,0,239
7827,7.827,0.751584,-1.51236,0,-1,0,-1,0,239
7828,7.828,0.751608,-1.5192,0,-1,0,-1,0,239
7829,7.829,0.751632,-1.52604,0,-1,0,-1,0,239
7830,7.83,0.751644,-1.53288,0,-1,0,-1,0,239
7831,7.831,0.751668,-1.53972,0,-1,0,-1,0,239
7832,7.832,0.751692,-1.54656,0,-1,0,-1,0,239
7833,7.833,0.751716,-1.5534,0,-1,0,-1,0,239
7834,7.834,0.751728,-1.56024,0,-1,0,-1,0,239
7835,7.835,0.751752,-1.56708,0,-1,0,-1,0,239
7836,7.836,0.751776,-1.57392,0,-1,0,-1,0,239
7837,7.837,0.755292,-1.58004,0,-1,0,-1,0,239
7838,7.838,0.755304,-1.58688,0,-1,0,-1,0,239
7839,7.839,0.755328,-1.59372,0,-1,0,-1,0,239
7840,7.84,0.758844,-1.59984,0,-1,0,-1,0,239
7841,7.841,0.758868,-1.60668,0,-1,0,-1,0,239
7842,7.842,0.762372,-1.61268,0,-1,0,-1,0,239
7843,7.843,0.765876,-1.6188,0,-1,0,-1,0,239
7844,7.844,0.76938,-1.62492,0,-1,0,-1,0,239
7845,7.845,0.772884,-1.63092,0,-1,0,-1,0,239
7846,7.846,0.776376,-1.63704,0,-1,0,-1,0,239
7847,7.847,0.779856,-1.6362,0,-1,0,-1,0,239
7848,7.848,0.783336,-1.64232,0,-1,0,-1,0,239
7849,7.849,0.786804,-1.64148,0,-1,0,-1,0,239
7850,7.85,0.790272,-1.64076,0,-1,0,-1,0,239
7851,7.851,0.793752,-1.64676,0,-1,0,-1,0,239
7852,7.852,0.797208,-1.64604,0,-1,0,-1,0,239
7853,7.853,0.800664,-1.6452,0,-1,0,-1,0,239
7854,7.854,0.804108,-1.64448,0,-1,0,-1,0,239
7855,7.855,0.807552,-1.64364,0,-1,0,-1,0,239
7856,7.856,0.810996,-1.64292,0,-1,0,-1,0,239
7857,7.857,0.81444,-1.64208,0,-1,0,-1,0,239
7858,7.858,0.81786,-1.63464,0,-1,0,-1,0,239
7859,7.859,0.821292,-1.6338,0,-1,0,-1,0,239
7860,7.86,0.824724,-1.63308,0,-1,0,-1,0,239
7861,7.861,0.828132,-1.62552,0,-1,0,-1,0,239
7862,7.862,0.831552,-1.6248,0,-1,0,-1,0,239
7863,7.863,0.83496,-1.61724,0,-1,0,-1,0,239
7864,7.864,0.838356,-1.60968,0,-1,0,-1,0,239
7865,7.865,0.841752,-1.60224,0,-1,0,-1,0,239
7866,7.866,0.845136,-1.59468,0,-1,0,-1,0,239
7867,7.867,0.84852,-1.58724,0,-1,0,-1,0,239
7868,7.868,0.848508,-1.5804,0,-1,0,-1,0,239
7869,7.869,0.851892,-1.57296,0,-1,0,-1,0,239
7870,7.87,0.851868,-1.56624,0,-1,0,-1,0,239
7871,7.871,0.851844,-1.5594,0,-1,0,-1,0,239
7872,7.872,0.855228,-1.55196,0,-1,0,-1,0,239
7873,7.873,0.855216,-1.54524,0,-1,0,-1,0,239
7874,7.874,0.855192,-1.53852,0,-1,0,-1,0,239
7875,7.875,0.855168,-1.53168,0,-1,0,-1,0,239
7876,7.876,0.855144,-1.52496,1,240,1,15,0,240
7877,7.877,0.855132,-1.51824,0,-1,0,-1,0,240
7878,7.878,0.855108,-1.51152,0,-1,0,-1,0,240
7879,7.879,0.855084,-1.50468,0,-1,0,-1,0,240
7880,7.88,0.855072,-1.49796,0,-1,0,-1,0,240
7881,7.881,0.855048,-1.49124,0,-1,0,-1,0,240
7882,7.882,0.855024,-1.48452,0,-1,0,-1,0,240
7883,7.883,0.855012,-1.4778,0,-1,0,-1,0,240
7884,7.884,0.854988,-1.47096,0,-1,0,-1,0,240
7885,7.885,0.854964,-1.46424,0,-1,0,-1,0,240
7886,7.886,0.854952,-1.45752,0,-1,0,-1,0,240
7887,7.887,0.854928,-1.4508,0,-1,0,-1,0,240
7888,7.888,0.854904,-1.44396,0,-1,0,-1,0,240
7889,7.889,0.85488,-1.43724,0,-1,0,-1,0,240
7890,7.89,0.854868,-1.43052,0,-1,0,-1,0,240
7891,7.891,0.854844,-1.4238,1,241,0,15,0,241
7892,7.892,0.85482,-1.41696,0,-1,0,-1,0,241
7893,7.893,0.854808,-1.41024,0,-1,0,-1,0,241
7894,7.894,0.854784,-1.40352,0,-1,0,-1,0,241
7895,7.895,0.85476,-1.3968,0,-1,0,-1,0,241
7896,7.896,0.854748,-1.38996,0,-1,0,-1,0,241
7897,7.897,0.854724,-1.38324,0,-1,0,-1,0,241
7898,7.898,0.8547,-1.37652,0,-1,0,-1,0,241
7899,7.899,0.854676,-1.3698,0,-1,0,-1,0,241
7900,7.9,0.854664,-1.36296,0,-1,0,-1,0,241
7901,7.901,0.85464,-1.35624,0,-1,0,-1,0,241
7902,7.902,0.854616,-1.34952,0,-1,0,-1,0,241
7903,7.903,0.854604,-1.3428,0,-1,0,-1,0,241
7904,7.904,0.85458,-1.33596,0,-1,0,-1,0,241
7905,7.905,0.854556,-1.32924,0,-1,0,-1,0,241
7906,7.906,0.854544,-1.32252,1,242,0,15,0,242
7907,7.907,0.85452,-1.3158,0,-1,0,-1,0,242
7908,7.908,0.854496,-1.30896,0,-1,0,-1,0,242
7909,7.909,0.854472,-1.30224,0,-1,0,-1,0,242
7910,7.91,0.85446,-1.29552,0,-1,0,-1,0,242
7911,7.911,0.854436,-1.2888,0,-1,0,-1,0,242
7912,7.912,0.854412,-1.28196,0,-1,0,-1,0,242
7913,7.913,0.8544,-1.27524,0,-1,0,-1,0,242
7914,7.914,0.854376,-1.26852,0,-1,0,-1,0,242
7915,7.915,0.854352,-1.2618,0,-1,0,-1,0,242
7916,7.916,0.85434,-1.25508,0,-1,0,-1,0,242
7917,7.917,0.854316,-1.24824,0,-1,0,-1,0,242
7918,7.918,0.854292,-1.24152,0,-1,0,-1,0,242
7919,7.919,0.85428,-1.2348,0,-1,0,-1,0,242
7920,7.92,0.854256,-1.22808,0,-1,0,-1,0,242
7921,7.921,0.854232,-1.22124,1,243,0,15,0,243
7922,7.922,0.854208,-1.21452,0,-1,0,-1,0,243
7923,7.923,0.854196,-1.2078,0,-1,0,-1,0,243
7924,7.924,0.854172,-1.20108,0,-1,0,-1,0,243
7925,7.925,0.854148,-1.194288,0,-1,0,-1,0,243
7926,7.926,0.854136,-1.187532,0,-1,0,-1,0,243
7927,7.927,0.854112,-1.180788,0,-1,0,-1,0,243
7928,7.928,0.854088,-1.174044,0,-1,0,-1,0,243
7929,7.929,0.854076,-1.167288,0,-1,0,-1,0,243
7930,7.93,0.854052,-1.160544,0,-1,0,-1,0,243
7931,7.931,0.854028,-1.153788,0,-1,0,-1,0,243
7932,7.932,0.854004,-1.147044,0,-1,0,-1,0,243
7933,7.933,0.853992,-1.1403,0,-1,0,-1,0,243
7934,7.934,0.853968,-1.133544,0,-1,0,-1,0,243
7935,7.935,0.853944,-1.1268,0,-1,0,-1,0,243
7936,7.936,0.853932,-1.120044,1,244,0,15,0,244
7937,7.937,0.853908,-1.1133,0,-1,0,-1,0,244
7938,7.938,0.853884,-1.106556,0,-1,0,-1,0,244
7939,7.939,0.853872,-1.0998,0,-1,0,-1,0,244
7940,7.94,0.853848,-1.093056,0,-1,0,-1,0,244
7941,7.941,0.853824,-1.086312,0,-1,0,-1,0,244
7942,7.942,0.8538,-1.079556,0,-1,0,-1,0,244
7943,7.943,0.853788,-1.072812,0,-1,0,-1,0,244
7944,7.944,0.853764,-1.066068,0,-1,0,-1,0,244
7945,7.945,0.85374,-1.059312,0,-1,0,-1,0,244
7946,7.946,0.853728,-1.052568,0,-1,0,-1,0,244
7947,7.947,0.853704,-1.045812,0,-1,0,-1,0,244
7948,7.948,0.85368,-1.039068,0,-1,0,-1,0,244
7949,7.949,0.853668,-1.032324,0,-1,0,-1,0,244
7950,7.95,0.853644,-1.025568,0,-1,0,-1,0,244
7951,7.951,0.85362,-1.018824,1,245,0,15,0,245
7952,7.952,0.853608,-1.01208,0,-1,0,-1,0,245
7953,7.953,0.853584,-1.005324,0,-1,0,-1,0,245
7954,7.954,0.85356,-0.99858,0,-1,0,-1,0,245
7955,7.955,0.853536,-0.991836,0,-1,0,-1,0,245
7956,7.956,0.853524,-0.98508,0,-1,0,-1,0,245
7957,7.957,0.8535,-0.978336,0,-1,0,-1,0,245
7958,7.958,0.853476,-0.97158,0,-1,0,-1,0,245
7959,7.959,0.853464,-0.964836,0,-1,0,-1,0,245
7960,7.96,0.85344,-0.958092,0,-1,0,-1,0,245
7961,7.961,0.853416,-0.951336,0,-1,0,-1,0,245
7962,7.962,0.853404,-0.944592,0,-1,0,-1,0,245
7963,7.963,0.85338,-0.937848,0,-1,0,-1,0,245
7964,7.964,0.853356,-0.931092,0,-1,0,-1,0,245
7965,7.965,0.853332,-0.924348,0,-1,0,-1,0,245
7966,7.966,0.85332,-0.917604,1,246,0,15,0,246
7967,7.967,0.853296,-0.910848,0,-1,0,-1,0,246
7968,7.968,0.853272,-0.904104,0,-1,0,-1,0,246
7969,7.969,0.85326,-0.89736,0,-1,0,-1,0,246
7970,7.97,0.853236,-0.890604,0,-1,0,-1,0,246
7971,7.971,0.853212,-0.88386,0,-1,0,-1,0,246
7972,7.972,0.8532,-0.877116,0,-1,0,-1,0,246
7973,7.973,0.853176,-0.87036,0,-1,0,-1,0,246
7974,7.974,0.853152,-0.863616,0,-1,0,-1,0,246
7975,7.975,0.853128,-0.856872,0,-1,0,-1,0,246
7976,7.976,0.853116,-0.850116,0,-1,0,-1,0,246
7977,7.977,0.853092,-0.843372,0,-1,0,-1,0,246
7978,7.978,0.853068,-0.836628,0,-1,0,-1,0,246
7979,7.979,0.853056,-0.829872,0,-1,0,-1,0,246
7980,7.98,0.853032,-0.823128,0,-1,0,-1,0,246
7981,7.981,0.853008,-0.816384,1,247,0,15,0,247
7982,7.982,0.852996,-0.809628,0,-1,0,-1,0,247
7983,7.983,0.852972,-0.802884,0,-1,0,-1,0,247
7984,7.984,0.852948,-0.79614,0,-1,0,-1,0,247
7985,7.985,0.852936,-0.789396,0,-1,0,-1,0,247
7986,7.986,0.852912,-0.78264,0,-1,0,-1,0,247
7987,7.987,0.852888,-0.775896,0,-1,0,-1,0,247
7988,7.988,0.852864,-0.769152,0,-1,0,-1,0,247
7989,7.989,0.852852,-0.762396,0,-1,0,-1,0,247
7990,7.99,0.852828,-0.755652,0,-1,0,-1,0,247
7991,7.991,0.852804,-0.748908,0,-1,0,-1,0,247
7992,7.992,0.852792,-0.742152,0,-1,0,-1,0,247
7993,7.993,0.852768,-0.735408,0,-1,0,-1,0,247
7994,7.994,0.852744,-0.728664,0,-1,0,-1,0,247
7995,7.995,0.852732,-0.721908,0,-1,0,-1,0,247
7996,7.996,0.852708,-0.715164,1,248,0,15,0,248
7997,7.997,0.852684,-0.70842,0,-1,0,-1,0,248
7998,7.998,0.85266,-0.701664,0,-1,0,-1,0,248
7999,7.999,0.852648,-0.69492,0,-1,0,-1,0,248
8000,8.0,0.852624,-0.688176,0,-1,0,-1,0,248
8001,8.001,0.8526,-0.681432,0,-1,0,-1,0,248
8002,8.002,0.852588,-0.674676,0,-1,0,-1,0,248
8003,8.003,0.852564,-0.667932,0,-1,0,-1,0,248
8004,8.004,0.85254,-0.661188,0,-1,0,-1,0,248
8005,8.005,0.852528,-0.654432,0,-1,0,-1,0,248
8006,8.006,0.852504,-0.647688,0,-1,0,-1,0,248
8007,8.007,0.85248,-0.640944,0,-1,0,-1,0,248
8008,8.008,0.852456,-0.6342,0,-1,0,-1,0,248
8009,8.009,0.852444,-0.627444,0,-1,0,-1,0,248
8010,8.01,0.85242,-0.6207,0,-1,0,-1,0,248
8011,8.011,0.852396,-0.613956,1,249,0,15,0,249
8012,8.012,0.852384,-0.6072,0,-1,0,-1,0,249
8013,8.013,0.85236,-0.600456,0,-1,0,-1,0,249
8014,8.014,0.852336,-0.593712,0,-1,0,-1,0,249
8015,8.015,0.852324,-0.586968,0,-1,0,-1,0,249
8016,8.016,0.8523,-0.580212,0,-1,0,-1,0,249
8017,8.017,0.852276,-0.573468,0,-1,0,-1,0,249
8018,8.018,0.852264,-0.566724,0,-1,0,-1,0,249
8019,8.019,0.85224,-0.559968,0,-1,0,-1,0,249
8020,8.02,0.852216,-0.553224,0,-1,0,-1,0,249
8021,8.021,0.852192,-0.54648,0,-1,0,-1,0,249
8022,8.022,0.85218,-0.539736,0,-1,0,-1,0,249
8023,8.023,0.852156,-0.53298,0,-1,0,-1,0,249
8024,8.024,0.852132,-0.526236,0,-1,0,-1,0,249
8025,8.025,0.85212,-0.519492,0,-1,0,-1,0,249
8026,8.026,0.852096,-0.512748,1,250,0,15,0,250
8027,8.027,0.852072,-0.505992,0,-1,0,-1,0,250
8028,8.028,0.85206,-0.499248,0,-1,0,-1,0,250
8029,8.029,0.852036,-0.492504,0,-1,0,-1,0,250
8030,8.03,0.852012,-0.48576,0,-1,0,-1,0,250
8031,8.031,0.851988,-0.479004,0,-1,0,-1,0,250
8032,8.032,0.851976,-0.47226,0,-1,0,-1,0,250
8033,8.033,0.851952,-0.465516,0,-1,0,-1,0,250
8034,8.034,0.851928,-0.458772,0,-1,0,-1,0,250
8035,8.035,0.851916,-0.452016,0,-1,0,-1,0,250
8036,8.036,0.851892,-0.445272,0,-1,0,-1,0,250
8037,8.037,0.851868,-0.438528,0,-1,0,-1,0,250
8038,8.038,0.851856,-0.431772,0,-1,0,-1,0,250
8039,8.039,0.851832,-0.425028,0,-1,0,-1,0,250
8040,8.04,0.851808,-0.418284,0,-1,0,-1,0,250
8041,8.041,0.851796,-0.41154,1,251,0,15,0,251
8042,8.042,0.851772,-0.404784,0,-1,0,-1,0,251
8043,8.043,0.851748,-0.39804,0,-1,0,-1,0,251
8044,8.044,0.851724,-0.391296,0,-1,0,-1,0,251
8045,8.045,0.851712,-0.384552,0,-1,0,-1,0,251
8046,8.046,0.851688,-0.377808,0,-1,0,-1,0,251
8047,8.047,0.851664,-0.371052,0,-1,0,-1,0,251
8048,8.048,0.851652,-0.364308,0,-1,0,-1,0,251
8049,8.049,0.851628,-0.357564,0,-1,0,-1,0,251
8050,8.05,0.851604,-0.35082,0,-1,0,-1,0,251
8051,8.051,0.851592,-0.344064,0,-1,0,-1,0,251
8052,8.052,0.851568,-0.33732,0,-1,0,-1,0,251
8053,8.053,0.851544,-0.330576,0,-1,0,-1,0,251
8054,8.054,0.85152,-0.323832,0,-1,0,-1,0,251
8055,8.055,0.851508,-0.317076,0,-1,0,-1,0,251
8056,8.056,0.851484,-0.310332,1,252,0,15,0,252
8057,8.057,0.85146,-0.303588,0,-1,0,-1,0,252
8058,8.058,0.851448,-0.296844,0,-1,0,-1,0,252
8059,8.059,0.851424,-0.2901,0,-1,0,-1,0,252
8060,8.06,0.8514,-0.283344,0,-1,0,-1,0,252
8061,8.061,0.851388,-0.2766,0,-1,0,-1,0,252
8062,8.062,0.851364,-0.269856,0,-1,0,-1,0,252
8063,8.063,0.85134,-0.263112,0,-1,0,-1,0,252
8064,8.064,0.851316,-0.256356,0,-1,0,-1,0,252
8065,8.065,0.851304,-0.249612,0,-1,0,-1,0,252
8066,8.066,0.85128,-0.242868,0,-1,0,-1,0,252
8067,8.067,0.851256,-0.236124,0,-1,0,-1,0,252
8068,8.068,0.851244,-0.22938,0,-1,0,-1,0,252
8069,8.069,0.85122,-0.222624,0,-1,0,-1,0,252
8070,8.07,0.851196,-0.21588,0,-1,0,-1,0,252
8071,8.071,0.851184,-0.209136,1,253,0,15,0,253
8072,8.072,0.85116,-0.202392,0,-1,0,-1,0,253
8073,8.073,0.851136,-0.195636,0,-1,0,-1,0,253
8074,8.074,0.851124,-0.188892,0,-1,0,-1,0,253
8075,8.075,0.8511,-0.182148,0,-1,0,-1,0,253
8076,8.076,0.851076,-0.175404,0,-1,0,-1,0,253
8077,8.077,0.851052,-0.16866,0,-1,0,-1,0,253
8078,8.078,0.85104,-0.161904,0,-1,0,-1,0,253
8079,8.079,0.851016,-0.15516,0,-1,0,-1,0,253
8080,8.08,0.850992,-0.148416,0,-1,0,-1,0,253
8081,8.081,0.85098,-0.141672,0,-1,0,-1,0,253
8082,8.082,0.850956,-0.134928,0,-1,0,-1,0,253
8083,8.083,0.850932,-0.128172,0,-1,0,-1,0,253
8084,8.084,0.85092,-0.121428,0,-1,0,-1,0,253
8085,8.085,0.850896,-0.1146852,0,-1,0,-1,0,253
8086,8.086,0.850872,-0.1079388,1,254,0,15,0,254
8087,8.087,0.850848,-0.1011924,0,-1,0,-1,0,254
8088,8.088,0.850836,-0.094446,0,-1,0,-1,0,254
8089,8.089,0.850812,-0.0876996,0,-1,0,-1,0,254
8090,8.09,0.850788,-0.0809532,0,-1,0,-1,0,254
8091,8.091,0.850776,-0.074208,0,-1,0,-1,0,254
8092,8.092,0.850752,-0.0674616,0,-1,0,-1,0,254
8093,8.093,0.850728,-0.0607152,0,-1,0,-1,0,254
8094,8.094,0.850716,-0.0539688,0,-1,0,-1,0,254
8095,8.095,0.850692,-0.0472224,0,-1,0,-1,0,254
8096,8.096,0.850668,-0.040476,0,-1,0,-1,0,254
8097,8.097,0.850656,-0.0337308,0,-1,0,-1,0,254
8098,8.098,0.850632,-0.0269844,0,-1,0,-1,0,254
8099,8.099,0.850608,-0.020238,0,-1,0,-1,0,254
8100,8.1,0.850584,-0.0134916,0,-1,0,-1,0,254
8101,8.101,0.850572,-0.00674604,1,255,0,15,0,255
8102,8.102,0.850548,0.0,0,-1,0,-1,0,255
8103,8.103,0.850524,0.00674604,0,-1,0,-1,0,255
8104,8.104,0.850512,0.0134916,0,-1,0,-1,0,255
8105,8.105,0.850488,0.020238,0,-1,0,-1,0,255
8106,8.106,0.850464,0.0269844,0,-1,0,-1,0,255
8107,8.107,0.850452,0.0337296,0,-1,0,-1,0,255
8108,8.108,0.850428,0.040476,0,-1,0,-1,0,255
8109,8.109,0.850404,0.0472224,0,-1,0,-1,0,255
8110,8.11,0.85038,0.0539676,0,-1,0,-1,0,255
8111,8.111,0.850368,0.060714,0,-1,0,-1,0,255
8112,8.112,0.850344,0.0674592,0,-1,0,-1,0,255
8113,8.113,0.85032,0.0742056,0,-1,0,-1,0,255
8114,8.114,0.850308,0.080952,0,-1,0,-1,0,255
8115,8.115,0.850284,0.0876972,0,-1,0,-1,0,255
8116,8.116,0.85026,0.0944436,0,-1,0,-1,0,255
8117,8.117,0.850248,0.1011888,0,-1,0,-1,0,255
8118,8.118,0.850224,0.1079352,0,-1,0,-1,0,255
8119,8.119,0.8502,0.1146804,0,-1,0,-1,0,255
8120,8.12,0.850176,0.121428,0,-1,0,-1,0,255
8121,8.121,0.850164,0.128172,0,-1,0,-1,0,255
8122,8.122,0.85014,0.134916,0,-1,0,-1,0,255
8123,8.123,0.850116,0.14166,0,-1,0,-1,0,255
8124,8.124,0.850104,0.148404,0,-1,0,-1,0,255
8125,8.125,0.85008,0.15516,0,-1,0,-1,0,255
8126,8.126,0.850056,0.161904,0,-1,0,-1,0,255
8127,8.127,0.850044,0.168648,0,-1,0,-1,0,255
8128,8.128,0.85002,0.175392,0,-1,0,-1,0,255
8129,8.129,0.849996,0.182136,0,-1,0,-1,0,255
8130,8.13,0.849984,0.18888,0,-1,0,-1,0,255
8131,8.131,0.84996,0.195624,0,-1,0,-1,0,255
8132,8.132,0.849936,0.20238,0,-1,0,-1,0,255
8133,8.133,0.849912,0.209124,0,-1,0,-1,0,255
8134,8.134,0.8499,0.215868,0,-1,0,-1,0,255
8135,8.135,0.849876,0.222612,0,-1,0,-1,0,255
8136,8.136,0.849852,0.229356,0,-1,0,-1,0,255
8137,8.137,0.84984,0.2361,0,-1,0,-1,0,255
8138,8.138,0.849816,0.242844,0,-1,0,-1,0,255
8139,8.139,0.849792,0.249588,0,-1,0,-1,0,255
8140,8.14,0.84978,0.256344,0,-1,0,-1,0,255
8141,8.141,0.849756,0.263088,0,-1,0,-1,0,255
8142,8.142,0.849732,0.269832,0,-1,0,-1,0,255
8143,8.143,0.849708,0.276576,0,-1,0,-1,0,255
8144,8.144,0.849696,0.28332,0,-1,0,-1,0,255
8145,8.145,0.849672,0.290064,0,-1,0,-1,0,255
8146,8.146,0.849648,0.296808,0,-1,0,-1,0,255
8147,8.147,0.849636,0.303552,0,-1,0,-1,0,255
8148,8.148,0.849612,0.310308,0,-1,0,-1,0,255
8149,8.149,0.849588,0.317052,0,-1,0,-1,0,255
8150,8.15,0.849576,0.323796,0,-1,0,-1,0,255
8151,8.151,0.849552,0.33054,0,-1,0,-1,0,255
8152,8.152,0.849528,0.337284,0,-1,0,-1,0,255
8153,8.153,0.849516,0.344028,0,-1,0,-1,0,255
8154,8.154,0.849492,0.350772,0,-1,0,-1,0,255
8155,8.155,0.849468,0.357516,0,-1,0,-1,0,255
8156,8.156,0.849444,0.36426,0,-1,0,-1,0,255
8157,8.157,0.849432,0.371016,0,-1,0,-1,0,255
8158,8.158,0.849408,0.37776,0,-1,0,-1,0,255
8159,8.159,0.849384,0.384504,0,-1,0,-1,0,255
8160,8.16,0.849372,0.391248,0,-1,0,-1,0,255
8161,8.161,0.849348,0.397992,0,-1,0,-1,0,255
8162,8.162,0.849324,0.404736,0,-1,0,-1,0,255
8163,8.163,0.849312,0.41148,0,-1,0,-1,0,255
8164,8.164,0.849288,0.418224,0,-1,0,-1,0,255
8165,8.165,0.849264,0.424968,0,-1,0,-1,0,255
8166,8.166,0.84924,0.431712,0,-1,0,-1,0,255
8167,8.167,0.849228,0.438468,0,-1,0,-1,0,255
8168,8.168,0.849204,0.445212,0,-1,0,-1,0,255
8169,8.169,0.84918,0.451956,0,-1,0,-1,0,255
8170,8.17,0.849168,0.4587,0,-1,0,-1,0,255
8171,8.171,0.849144,0.465444,0,-1,0,-1,0,255
8172,8.172,0.84912,0.472188,0,-1,0,-1,0,255
8173,8.173,0.849108,0.478932,0,-1,0,-1,0,255
8174,8.174,0.849084,0.485676,0,-1,0,-1,0,255
8175,8.175,0.84906,0.49242,0,-1,0,-1,0,255
8176,8.176,0.849048,0.499164,0,-1,0,-1,0,255
8177,8.177,0.849024,0.505908,0,-1,0,-1,0,255
8178,8.178,0.849,0.512652,0,-1,0,-1,0,255
8179,8.179,0.848976,0.519408,0,-1,0,-1,0,255
8180,8.18,0.848964,0.526152,0,-1,0,-1,0,255
8181,8.181,0.84894,0.532896,0,-1,0,-1,0,255
8182,8.182,0.848916,0.53964,0,-1,0,-1,0,255
8183,8.183,0.848904,0.546384,0,-1,0,-1,0,255
8184,8.184,0.84888,0.553128,0,-1,0,-1,0,255
8185,8.185,0.848856,0.559872,0,-1,0,-1,0,255
8186,8.186,0.848844,0.566616,0,-1,0,-1,0,255
8187,8.187,0.84882,0.57336,0,-1,0,-1,0,255
8188,8.188,0.848796,0.580104,0,-1,0,-1,0,255
8189,8.189,0.848772,0.586848,0,-1,0,-1,0,255
8190,8.19,0.84876,0.593592,0,-1,0,-1,0,255
8191,8.191,0.848736,0.600336,0,-1,0,-1,0,255
8192,8.192,0.848712,0.60708,0,-1,0,-1,0,255
8193,8.193,0.8487,0.613824,0,-1,0,-1,0,255
8194,8.194,0.848676,0.62058,0,-1,0,-1,0,255
8195,8.195,0.848652,0.627324,0,-1,0,-1,0,255
8196,8.196,0.84864,0.634068,0,-1,0,-1,0,255
8197,8.197,0.848616,0.640812,0,-1,0,-1,0,255
8198,8.198,0.848592,0.647556,0,-1,0,-1,0,255
8199,8.199,0.848568,0.6543,0,-1,0,-1,0,255
8200,8.2,0.848556,0.661044,0,-1,0,-1,0,255
8201,8.201,0.848532,0.667788,0,-1,0,-1,0,255
8202,8.202,0.848508,0.674532,0,-1,0,-1,0,255
8203,8.203,0.848496,0.681276,0,-1,0,-1,0,255
8204,8.204,0.848472,0.68802,0,-1,0,-1,0,255
8205,8.205,0.848448,0.694764,0,-1,0,-1,0,255
8206,8.206,0.848436,0.701508,0,-1,0,-1,0,255
8207,8.207,0.848412,0.708252,0,-1,0,-1,0,255
8208,8.208,0.848388,0.714996,0,-1,0,-1,0,255
8209,8.209,0.848376,0.72174,0,-1,0,-1,0,255
8210,8.21,0.848352,0.728484,0,-1,0,-1,0,255
8211,8.211,0.848328,0.735228,0,-1,0,-1,0,255
8212,8.212,0.848304,0.741972,0,-1,0,-1,0,255
8213,8.213,0.848292,0.748716,0,-1,0,-1,0,255
8214,8.214,0.848268,0.75546,0,-1,0,-1,0,255
8215,8.215,0.848244,0.762204,0,-1,0,-1,0,255
8216,8.216,0.848232,0.768948,0,-1,0,-1,0,255
8217,8.217,0.848208,0.775692,0,-1,0,-1,0,255
8218,8.218,0.848184,0.782448,0,-1,0,-1,0,255
8219,8.219,0.848172,0.789192,0,-1,0,-1,0,255
8220,8.22,0.848148,0.795936,0,-1,0,-1,0,255
8221,8.221,0.848124,0.80268,0,-1,0,-1,0,255
8222,8.222,0.8481,0.809424,0,-1,0,-1,0,255
8223,8.223,0.848088,0.816168,0,-1,0,-1,0,255
8224,8.224,0.848064,0.822912,0,-1,0,-1,0,255
8225,8.225,0.84804,0.829656,0,-1,0,-1,0,255
8226,8.226,0.848028,0.8364,0,-1,0,-1,0,255
8227,8.227,0.848004,0.843144,0,-1,0,-1,0,255
8228,8.228,0.84798,0.849888,0,-1,0,-1,0,255
8229,8.229,0.847968,0.856632,0,-1,0,-1,0,255
8230,8.23,0.847944,0.863376,0,-1,0,-1,0,255
8231,8.231,0.84792,0.87012,0,-1,0,-1,0,255
8232,8.232,0.847908,0.876864,0,-1,0,-1,0,255
8233,8.233,0.847884,0.883608,0,-1,0,-1,0,255
8234,8.234,0.84786,0.890352,0,-1,0,-1,0,255
8235,8.235,0.847836,0.897096,0,-1,0,-1,0,255
8236,8.236,0.847824,0.90384,0,-1,0,-1,0,255
8237,8.237,0.8478,0.910584,0,-1,0,-1,0,255
8238,8.238,0.847776,0.917328,0,-1,0,-1,0,255
8239,8.239,0.847764,0.924072,0,-1,0,-1,0,255
8240,8.24,0.84774,0.930816,0,-1,0,-1,0,255
8241,8.241,0.847716,0.93756,0,-1,0,-1,0,255
8242,8.242,0.847704,0.944304,0,-1,0,-1,0,255
8243,8.243,0.84768,0.951048,0,-1,0,-1,0,255
8244,8.244,0.847656,0.957792,0,-1,0,-1,0,255
8245,8.245,0.847632,0.964536,0,-1,0,-1,0,255
8246,8.246,0.84762,0.97128,0,-1,0,-1,0,255
8247,8.247,0.847596,0.978024,0,-1,0,-1,0,255
8248,8.248,0.847572,0.984768,0,-1,0,-1,0,255
8249,8.249,0.84756,0.991512,0,-1,0,-1,0,255
8250,8.25,0.847536,0.998256,0,-1,0,-1,0,255
8251,8.251,0.847512,1.005,0,-1,0,-1,0,255
8252,8.252,0.8475,1.011744,0,-1,0,-1,0,255
8253,8.253,0.847476,1.018488,0,-1,0,-1,0,255
8254,8.254,0.847452,1.025232,0,-1,0,-1,0,255
8255,8.255,0.84744,1.031976,0,-1,0,-1,0,255
8256,8.256,0.847416,1.03872,0,-1,0,-1,0,255
8257,8.257,0.847392,1.045464,0,-1,0,-1,0,255
8258,8.258,0.847368,1.052208,0,-1,0,-1,0,255
8259,8.259,0.847356,1.058952,0,-1,0,-1,0,255
8260,8.26,0.847332,1.065696,0,-1,0,-1,0,255
8261,8.261,0.847308,1.07244,0,-1,0,-1,0,255
8262,8.262,0.847296,1.079184,0,-1,0,-1,0,255
8263,8.263,0.847272,1.085916,0,-1,0,-1,0,255
8264,8.264,0.847248,1.09266,0,-1,0,-1,0,255
8265,8.265,0.847236,1.099404,0,-1,0,-1,0,255
8266,8.266,0.847212,1.106148,0,-1,0,-1,0,255
8267,8.267,0.847188,1.112892,0,-1,0,-1,0,255
8268,8.268,0.847164,1.119636,0,-1,0,-1,0,255
8269,8.269,0.847152,1.12638,0,-1,0,-1,0,255
8270,8.27,0.847128,1.133124,0,-1,0,-1,0,255
8271,8.271,0.847104,1.139868,0,-1,0,-1,0,255
8272,8.272,0.847092,1.146612,0,-1,0,-1,0,255
8273,8.273,0.847068,1.153356,0,-1,0,-1,0,255
8274,8.274,0.847044,1.1601,0,-1,0,-1,0,255
8275,8.275,0.847032,1.166844,0,-1,0,-1,0,255
8276,8.276,0.847008,1.173588,0,-1,0,-1,0,255
8277,8.277,0.846984,1.180332,0,-1,0,-1,0,255
8278,8.278,0.846972,1.187076,0,-1,0,-1,0,255
8279,8.279,0.846948,1.19382,0,-1,0,-1,0,255
8280,8.28,0.846924,1.2006,0,-1,0,-1,0,255
8281,8.281,0.8469,1.20732,0,-1,0,-1,0,255
8282,8.282,0.846888,1.21404,0,-1,0,-1,0,255
8283,8.283,0.846864,1.22076,0,-1,0,-1,0,255
8284,8.284,0.84684,1.22748,0,-1,0,-1,0,255
8285,8.285,0.846828,1.23432,0,-1,0,-1,0,255
8286,8.286,0.846804,1.24104,0,-1,0,-1,0,255
8287,8.287,0.84678,1.24776,0,-1,0,-1,0,255
8288,8.288,0.846768,1.25448,0,-1,0,-1,0,255
8289,8.289,0.846744,1.2612,0,-1,0,-1,0,255
8290,8.29,0.84672,1.26804,0,-1,0,-1,0,255
8291,8.291,0.846696,1.27476,0,-1,0,-1,0,255
8292,8.292,0.846684,1.28148,0,-1,0,-1,0,255
8293,8.293,0.84666,1.2882,0,-1,0,-1,0,255
8294,8.294,0.846636,1.29492,0,-1,0,-1,0,255
8295,8.295,0.846624,1.30176,0,-1,0,-1,0,255
8296,8.296,0.8466,1.30848,0,-1,0,-1,0,255
8297,8.297,0.846576,1.3152,0,-1,0,-1,0,255
8298,8.298,0.846564,1.32192,0,-1,0,-1,0,255
8299,8.299,0.84654,1.32864,0,-1,0,-1,0,255
8300,8.3,0.846516,1.33548,0,-1,0,-1,0,255
8301,8.301,0.846504,1.3422,0,-1,0,-1,0,255
8302,8.302,0.84648,1.34892,0,-1,0,-1,0,255
8303,8.303,0.846456,1.35564,0,-1,0,-1,0,255
8304,8.304,0.846432,1.36236,0,-1,0,-1,0,255
8305,8.305,0.84642,1.3692,0,-1,0,-1,0,255
8306,8.306,0.846396,1.37592,0,-1,0,-1,0,255
8307,8.307,0.846372,1.38264,0,-1,0,-1,0,255
8308,8.308,0.84636,1.38936,0,-1,0,-1,0,255
8309,8.309,0.846336,1.39608,0,-1,0,-1,0,255
8310,8.31,0.846312,1.4028,0,-1,0,-1,0,255
8311,8.311,0.8463,1.40964,0,-1,0,-1,0,255
8312,8.312,0.846276,1.41636,0,-1,0,-1,0,255
8313,8.313,0.846252,1.42308,0,-1,0,-1,0,255
8314,8.314,0.846228,1.4298,0,-1,0,-1,0,255
8315,8.315,0.846216,1.43652,0,-1,0,-1,0,255
8316,8.316,0.846192,1.44336,0,-1,0,-1,0,255
8317,8.317,0.846168,1.45008,0,-1,0,-1,0,255
8318,8.318,0.846156,1.4568,0,-1,0,-1,0,255
8319,8.319,0.846132,1.46352,0,-1,0,-1,0,255
8320,8.32,0.846108,1.47024,0,-1,0,-1,0,255
8321,8.321,0.846096,1.47708,0,-1,0,-1,0,255
8322,8.322,0.846072,1.4838,0,-1,0,-1,0,255
8323,8.323,0.846048,1.49052,0,-1,0,-1,0,255
8324,8.324,0.846036,1.49724,0,-1,0,-1,0,255
8325,8.325,0.846012,1.50396,0,-1,0,-1,0,255
8326,8.326,0.845988,1.5108,0,-1,0,-1,0,255
8327,8.327,0.845964,1.51752,0,-1,0,-1,0,255
8328,8.328,0.845952,1.52424,0,-1,0,-1,0,255
8329,8.329,0.845928,1.53096,0,-1,0,-1,0,255
8330,8.33,0.845904,1.53768,0,-1,0,-1,0,255
8331,8.331,0.845892,1.5444,0,-1,0,-1,0,255
8332,8.332,0.845868,1.55124,0,-1,0,-1,0,255
8333,8.333,0.845844,1.55796,0,-1,0,-1,0,255
8334,8.334,0.845832,1.56468,0,-1,0,-1,0,255
8335,8.335,0.845808,1.5714,0,-1,0,-1,0,255
8336,8.336,0.845784,1.57812,0,-1,0,-1,0,255
8337,8.337,0.84576,1.58496,0,-1,0,-1,0,255
8338,8.338,0.845748,1.59168,0,-1,0,-1,0,255
8339,8.339,0.845724,1.5984,0,-1,0,-1,0,255
8340,8.34,0.8457,1.60512,0,-1,0,-1,0,255
8341,8.341,0.845688,1.61184,0,-1,0,-1,0,255
8342,8.342,0.845664,1.61868,0,-1,0,-1,0,255
8343,8.343,0.84564,1.6254,0,-1,0,-1,0,255
8344,8.344,0.845628,1.63212,0,-1,0,-1,0,255
8345,8.345,0.845604,1.63884,0,-1,0,-1,0,255
8346,8.346,0.84558,1.64556,0,-1,0,-1,0,255
8347,8.347,0.845568,1.65228,0,-1,0,-1,0,255
8348,8.348,0.845544,1.65912,0,-1,0,-1,1,255
