57,30
58,30
59,30
60,30
61,30
62,30
63,30
64,31
65,31
66,31
67,32
68,33
69,33
70,34
71,35
72,36
72,37
73,38
73,39
74,40
74,41
74,42
75,43
75,44
75,45
75,46
75,47
75,48
75,49
75,50
75,51
75,52
75,53
75,54
75,55
75,56
75,57
75,58
75,59
75,60
75,61
75,62
75,63
75,64
75,65
75,66
75,67
75,68
75,69
75,70
75,71
75,72
75,73
75,74
75,75
75,76
75,77
75,78
75,79
75,80
75,81
75,82
75,83
75,84
75,85
75,86
75,87
75,88
75,89
75,90
75,91
75,92
75,93
75,94
75,95
75,96
75,97
75,98
75,99
75,100
75,101
75,102
75,103
75,104
75,105
75,106
75,107
75,108
75,109
75,110
75,111
75,112
75,113
75,114
75,115
75,116
75,117
75,118
75,119
75,120
75,121
75,122
75,123
75,124
75,125
75,126
75,127
75,128
75,129
75,130
75,131
75,132
75,133
75,134
75,135
75,136
75,137
75,138
75,139
75,140
75,141
75,142
75,143
75,144
75,145
75,146
75,147
75,148
75,149
75,150
75,151
75,152
75,153
75,154
75,155
75,156
75,157
75,158
75,159
75,160
75,161
75,162
75,163
75,164
75,165
75,166
75,167
75,168
75,169
75,170
75,171
75,172
75,173
75,174
75,175
75,176
75,177
75,178
75,179
75,180
75,181
75,182
75,183
75,184
75,185
75,186
75,187
75,188
75,189
75,190
75,191
75,192
75,193
75,194
75,195
75,196
75,197
75,198
75,199
75,200
75,201
75,202
75,203
75,204
75,205
75,206
75,207
75,208
75,209
75,210
75,211
75,212
75,213
75,214
75,215
75,216
75,217
75,218
75,219
75,220
75,221
75,222
75,223
75,224
75,225
75,226
75,227
75,228
75,229
75,230
75,231
75,232
75,233
75,234
75,235
75,236
75,237
75,238
75,239
75,240
75,241
75,242
75,243
75,244
75,245
75,246
75,247
75,248
75,249
75,250
75,251
75,252
75,253
75,254
75,255
75,256
75,257
75,258
75,259
75,260
75,261
75,262
75,263
75,264
75,265
75,266
75,267
75,268
75,269
75,270
75,271
75,272
75,273
75,274
75,275
75,276
75,277
75,278
75,279
75,280
75,281
75,282
75,283
75,284
75,285
75,286
75,287
75,288
75,289
75,290
75,291
75,292
75,293
75,294
75,295
75,296
75,297
75,298
75,299
75,300
75,301
75,302
75,303
75,304
75,305
75,306
75,307
75,308
75,309
75,310
75,311
75,312
75,313
75,314
75,315
75,316
75,317
75,318
75,319
75,320
75,321
75,322
75,323
75,324
75,325
75,326
75,327
75,328
75,329
75,330
75,331
75,332
75,333
75,334
75,335
75,336
75,337
75,338
75,339
75,340
75,341
75,342
75,343
75,344
75,345
75,346
75,347
75,348
75,349
75,350
75,351
75,352
75,353
75,354
75,355
75,356
75,357
75,358
75,359
75,360
75,361
75,362
75,363
75,364
75,365
75,366
75,367
75,368
75,369
75,370
75,371
75,372
75,373
75,374
75,375
75,376
75,377
75,378
75,379
75,380
75,381
75,382
75,383
75,384
75,385
75,386
75,387
75,388
75,389
75,390
75,391
75,392
75,393
75,394
75,395
75,396
75,397
75,398
75,399
75,400
75,401
75,402
75,403
75,404
75,405
75,406
75,407
75,408
75,409
75,410
75,411
75,412
75,413
75,414
75,415
75,416
75,417
75,418
75,419
75,420
75,421
75,422
75,423
75,424
75,425
75,426
75,427
75,428
75,429
75,430
75,431
75,432
75,433
75,434
75,435
75,436
75,437
75,438
75,439
75,440
75,441
75,442
75,443
75,444
75,445
75,446
75,447
75,448
75,449
75,450
75,451
75,452
75,453
75,454
75,455
75,456
75,457
75,458
75,459
75,460
75,461
75,462
75,463
75,464
75,465
75,466
75,467
75,468
75,469
75,470
75,471
75,472
75,473
75,474
75,475
75,476
75,477
75,478
75,479
75,480
75,481
75,482
75,483
75,484
75,485
75,486
75,487
75,488
75,489
75,490
75,491
75,492
75,493
75,494
75,495
75,496
75,497
75,498
75,499
75,500
75,501
75,502
75,503
75,504
75,505
75,506
75,507
75,508
75,509
75,510
75,511
75,512
75,513
75,514
75,515
75,516
75,517
75,518
75,519
75,520
75,521
75,522
75,523
75,524
75,525
75,526
75,527
75,528
75,529
75,530
75,531
75,532
75,533
75,534
75,535
75,536
75,537
75,538
75,539
75,540
75,541
75,542
75,543
75,544
75,545
75,546
75,547
75,548
75,549
75,550
75,551
75,552
75,553
75,554
75,555
75,556
75,557
75,558
75,559
75,560
75,561
75,562
75,563
75,564
75,565
75,566
75,567
75,568
75,569
75,570
75,571
75,572
75,573
75,574
75,575
75,576
75,577
75,578
75,579
75,580
75,581
75,582
75,583
75,584
75,585
75,586
75,587
75,588
75,589
75,590
75,591
75,592
75,593
75,594
75,595
75,596
75,597
75,598
75,599
75,600
75,601
75,602
75,603
75,604
75,605
75,606
75,607
75,608
75,609
75,610
75,611
75,612
75,613
75,614
75,615
75,616
75,617
75,618
75,619
75,620
75,621
75,622
75,623
75,624
75,625
75,626
75,627
75,628
75,629
75,630
75,631
75,632
75,633
75,634
75,635
75,636
75,637
75,638
75,639
75,640
75,641
75,642
75,643
75,644
75,645
75,646
75,647
75,648
75,649
75,650
75,651
75,652
75,653
75,654
75,655
75,656
75,657
75,658
75,659
75,660
75,661
75,662
75,663
75,664
75,665
75,666
75,667
75,668
75,669
75,670
75,671
75,672
75,673
75,674
75,675
75,676
75,677
75,678
75,679
75,680
75,681
75,682
75,683
75,684
75,685
75,686
75,687
75,688
75,689
75,690
75,691
75,692
75,693
75,694
75,695
75,696
75,697
75,698
75,699
75,700
75,701
75,702
75,703
75,704
75,705
75,706
75,707
75,708
75,709
75,710
75,711
75,712
75,713
75,714
75,715
75,716
75,717
75,718
75,719
75,720
75,721
75,722
75,723
75,724
75,725
75,726
75,727
75,728
75,729
75,730
75,731
75,732
75,733
75,734
75,735
75,736
75,737
75,738
75,739
75,740
75,741
75,742
75,743
75,744
75,745
75,746
75,747
75,748
75,749
75,750
75,751
75,752
75,753
75,754
75,755
75,756
75,757
75,758
75,759
75,760
75,761
75,762
75,763
75,764
75,765
75,766
75,767
75,768
75,769
75,770
75,771
75,772
75,773
75,774
75,775
75,776
75,777
75,778
75,779
75,780
75,781
75,782
75,783
75,784
75,785
75,786
75,787
75,788
75,789
75,790
75,791
75,792
75,793
75,794
75,795
75,796
75,797
75,798
75,799
75,800
75,801
75,802
75,803
75,804
75,805
75,806
75,807
75,808
75,809
75,810
75,811
75,812
75,813
75,814
75,815
75,816
75,817
75,818
75,819
75,820
75,821
75,822
75,823
75,824
75,825
75,826
75,827
75,828
75,829
75,830
75,831
75,832
75,833
75,834
75,835
75,836
75,837
75,838
75,839
75,840
75,841
75,842
75,843
75,844
75,845
75,846
75,847
75,848
75,849
75,850
75,851
75,852
75,853
75,854
75,855
75,856
75,857
75,858
75,859
75,860
75,861
75,862
75,863
75,864
75,865
75,866
75,867
75,868
75,869
75,870
75,871
75,872
75,873
75,874
75,875
75,876
75,877
75,878
75,879
75,880
75,881
75,882
75,883
75,884
75,885
75,886
75,887
75,888
75,889
75,890
75,891
75,892
75,893
75,894
75,895
75,896
75,897
75,898
75,899
75,900
75,901
75,902
75,903
75,904
75,905
75,906
75,907
75,908
75,909
75,910
75,911
75,912
75,913
75,914
75,915
75,916
75,917
75,918
75,919
75,920
75,921
75,922
75,923
75,924
75,925
75,926
75,927
75,928
75,929
75,930
75,931
75,932
75,933
75,934
75,935
75,936
75,937
75,938
75,939
75,940
75,941
75,942
75,943
75,944
75,945
75,946
75,947
75,948
75,949
75,950
75,951
75,952
75,953
75,954
75,955
75,956
75,957
75,958
75,959
75,960
75,961
75,962
75,963
75,964
75,965
75,966
75,967
75,968
75,969
75,970
75,971
75,972
75,973
75,974
75,975
75,976
75,977
75,978
75,979
76,980
76,981
76,982
77,983
77,984
78,985
78,986
79,987
80,988
81,989
82,989
83,990
84,991
85,991
86,991
87,992
88,992
89,992
90,992
91,992
92,992
93,992
94,991
95,991
96,991
97,990
98,989
99,989
100,988
101,987
102,986
102,985
103,984
103,983
104,982
104,981
104,980
105,979
105,978
105,977
105,976
105,975
105,974
105,973
105,972
105,971
105,970
105,969
105,968
105,967
105,966
105,965
105,964
105,963
105,962
105,961
105,960
105,959
105,958
105,957
105,956
105,955
105,954
105,953
105,952
105,951
105,950
105,949
105,948
105,947
105,946
105,945
105,944
105,943
105,942
105,941
105,940
105,939
105,938
105,937
105,936
105,935
105,934
105,933
105,932
105,931
105,930
105,929
105,928
105,927
105,926
105,925
105,924
105,923
105,922
105,921
105,920
105,919
105,918
105,917
105,916
105,915
105,914
105,913
105,912
105,911
105,910
105,909
105,908
105,907
105,906
105,905
105,904
105,903
105,902
105,901
105,900
105,899
105,898
105,897
105,896
105,895
105,894
105,893
105,892
105,891
105,890
105,889
105,888
105,887
105,886
105,885
105,884
105,883
105,882
105,881
105,880
105,879
105,878
105,877
105,876
105,875
105,874
105,873
105,872
105,871
105,870
105,869
105,868
105,867
105,866
105,865
105,864
105,863
105,862
105,861
105,860
105,859
105,858
105,857
105,856
105,855
105,854
105,853
105,852
105,851
105,850
105,849
105,848
105,847
105,846
105,845
105,844
105,843
105,842
105,841
105,840
105,839
105,838
105,837
105,836
105,835
105,834
105,833
105,832
105,831
105,830
105,829
105,828
105,827
105,826
105,825
105,824
105,823
105,822
105,821
105,820
105,819
105,818
105,817
105,816
105,815
105,814
105,813
105,812
105,811
105,810
105,809
105,808
105,807
105,806
105,805
105,804
105,803
105,802
105,801
105,800
105,799
105,798
105,797
105,796
105,795
105,794
105,793
105,792
105,791
105,790
105,789
105,788
105,787
105,786
105,785
105,784
105,783
105,782
105,781
105,780
105,779
105,778
105,777
105,776
105,775
105,774
105,773
105,772
105,771
105,770
105,769
105,768
105,767
105,766
105,765
105,764
105,763
105,762
105,761
105,760
105,759
105,758
105,757
105,756
105,755
105,754
105,753
105,752
105,751
105,750
105,749
105,748
105,747
105,746
105,745
105,744
105,743
105,742
105,741
105,740
105,739
105,738
105,737
105,736
105,735
105,734
105,733
105,732
105,731
105,730
105,729
105,728
105,727
105,726
105,725
105,724
105,723
105,722
105,721
105,720
105,719
105,718
105,717
105,716
105,715
105,714
105,713
105,712
105,711
105,710
105,709
105,708
105,707
105,706
105,705
105,704
105,703
105,702
105,701
105,700
105,699
105,698
105,697
105,696
105,695
105,694
105,693
105,692
105,691
105,690
105,689
105,688
105,687
105,686
105,685
105,684
105,683
105,682
105,681
105,680
105,679
105,678
105,677
105,676
105,675
105,674
105,673
105,672
105,671
105,670
105,669
105,668
105,667
105,666
105,665
105,664
105,663
105,662
105,661
105,660
105,659
105,658
105,657
105,656
105,655
105,654
105,653
105,652
105,651
105,650
105,649
105,648
105,647
105,646
105,645
105,644
105,643
105,642
105,641
105,640
105,639
105,638
105,637
105,636
105,635
105,634
105,633
105,632
105,631
105,630
105,629
105,628
105,627
105,626
105,625
105,624
105,623
105,622
105,621
105,620
105,619
105,618
105,617
105,616
105,615
105,614
105,613
105,612
105,611
105,610
105,609
105,608
105,607
105,606
105,605
105,604
105,603
105,602
105,601
105,600
105,599
105,598
105,597
105,596
105,595
105,594
105,593
105,592
105,591
105,590
105,589
105,588
105,587
105,586
105,585
105,584
105,583
105,582
105,581
105,580
105,579
105,578
105,577
105,576
105,575
105,574
105,573
105,572
105,571
105,570
105,569
105,568
105,567
105,566
105,565
105,564
105,563
105,562
105,561
105,560
105,559
105,558
105,557
105,556
105,555
105,554
105,553
105,552
105,551
105,550
105,549
105,548
105,547
105,546
105,545
105,544
105,543
105,542
105,541
105,540
105,539
105,538
105,537
105,536
105,535
105,534
105,533
105,532
105,531
105,530
105,529
105,528
105,527
105,526
105,525
105,524
105,523
105,522
105,521
105,520
105,519
105,518
105,517
105,516
105,515
105,514
105,513
105,512
105,511
105,510
105,509
105,508
105,507
105,506
105,505
105,504
105,503
105,502
105,501
105,500
105,499
105,498
105,497
105,496
105,495
105,494
105,493
105,492
105,491
105,490
105,489
105,488
105,487
105,486
105,485
105,484
105,483
105,482
105,481
105,480
105,479
105,478
105,477
105,476
105,475
105,474
105,473
105,472
105,471
105,470
105,469
105,468
105,467
105,466
105,465
105,464
105,463
105,462
105,461
105,460
105,459
105,458
105,457
105,456
105,455
105,454
105,453
105,452
105,451
105,450
105,449
105,448
105,447
105,446
105,445
105,444
105,443
105,442
105,441
105,440
105,439
105,438
105,437
105,436
105,435
105,434
105,433
105,432
105,431
105,430
105,429
105,428
105,427
105,426
105,425
105,424
105,423
105,422
105,421
105,420
105,419
105,418
105,417
105,416
105,415
105,414
105,413
105,412
105,411
105,410
105,409
105,408
105,407
105,406
105,405
105,404
105,403
105,402
105,401
105,400
105,399
105,398
105,397
105,396
105,395
105,394
105,393
105,392
105,391
105,390
105,389
105,388
105,387
105,386
105,385
105,384
105,383
105,382
105,381
105,380
105,379
105,378
105,377
105,376
105,375
105,374
105,373
105,372
105,371
105,370
105,369
105,368
105,367
105,366
105,365
105,364
105,363
105,362
105,361
105,360
105,359
105,358
105,357
105,356
105,355
105,354
105,353
105,352
105,351
105,350
105,349
105,348
105,347
105,346
105,345
105,344
105,343
105,342
105,341
105,340
105,339
105,338
105,337
105,336
105,335
105,334
105,333
105,332
105,331
105,330
105,329
105,328
105,327
105,326
105,325
105,324
105,323
105,322
105,321
105,320
105,319
105,318
105,317
105,316
105,315
105,314
105,313
105,312
105,311
105,310
105,309
105,308
105,307
105,306
105,305
105,304
105,303
105,302
105,301
105,300
105,299
105,298
105,297
105,296
105,295
105,294
105,293
105,292
105,291
105,290
105,289
105,288
105,287
105,286
105,285
105,284
105,283
105,282
105,281
105,280
105,279
105,278
105,277
105,276
105,275
105,274
105,273
105,272
105,271
105,270
105,269
105,268
105,267
105,266
105,265
105,264
105,263
105,262
105,261
105,260
105,259
105,258
105,257
105,256
105,255
105,254
105,253
105,252
105,251
105,250
105,249
105,248
105,247
105,246
105,245
105,244
105,243
105,242
105,241
105,240
105,239
105,238
105,237
105,236
105,235
105,234
105,233
105,232
105,231
105,230
105,229
105,228
105,227
105,226
105,225
105,224
105,223
105,222
105,221
105,220
105,219
105,218
105,217
105,216
105,215
105,214
105,213
105,212
105,211
105,210
105,209
105,208
105,207
105,206
105,205
105,204
105,203
105,202
105,201
105,200
105,199
105,198
105,197
105,196
105,195
105,194
105,193
105,192
105,191
105,190
105,189
105,188
105,187
105,186
105,185
105,184
105,183
105,182
105,181
105,180
105,179
105,178
105,177
105,176
105,175
105,174
105,173
105,172
105,171
105,170
105,169
105,168
105,167
105,166
105,165
105,164
105,163
105,162
105,161
105,160
105,159
105,158
105,157
105,156
105,155
105,154
105,153
105,152
105,151
105,150
105,149
105,148
105,147
105,146
105,145
105,144
105,143
105,142
105,141
105,140
105,139
105,138
105,137
105,136
105,135
105,134
105,133
105,132
105,131
105,130
105,129
105,128
105,127
105,126
105,125
105,124
105,123
105,122
105,121
105,120
105,119
105,118
105,117
105,116
105,115
105,114
105,113
105,112
105,111
105,110
105,109
105,108
105,107
105,106
105,105
105,104
105,103
105,102
105,101
105,100
105,99
105,98
105,97
105,96
105,95
105,94
105,93
105,92
105,91
105,90
105,89
105,88
105,87
105,86
105,85
105,84
105,83
105,82
105,81
105,80
105,79
105,78
105,77
105,76
105,75
105,74
105,73
105,72
105,71
105,70
105,69
105,68
105,67
105,66
105,65
105,64
105,63
105,62
105,61
105,60
105,59
105,58
105,57
105,56
105,55
105,54
105,53
105,52
105,51
105,50
105,49
105,48
105,47
105,46
105,45
106,44
106,43
106,42
107,41
107,40
108,39
108,38
109,37
110,36
111,35
112,35
113,34
114,33
115,33
116,33
117,32
118,32
119,32
120,32
121,32
122,32
123,32
124,33
125,33
126,33
127,34
128,35
129,35
130,36
131,37
132,38
132,39
133,40
133,41
134,42
134,43
134,44
135,45
135,46
135,47
135,48
135,49
135,50
135,51
135,52
135,53
135,54
135,55
135,56
135,57
135,58
135,59
135,60
135,61
135,62
135,63
135,64
135,65
135,66
135,67
135,68
135,69
135,70
135,71
135,72
135,73
135,74
135,75
135,76
135,77
135,78
135,79
135,80
135,81
135,82
135,83
135,84
135,85
135,86
135,87
135,88
135,89
135,90
135,91
135,92
135,93
135,94
135,95
135,96
135,97
135,98
135,99
135,100
135,101
135,102
135,103
135,104
135,105
135,106
135,107
135,108
135,109
135,110
135,111
135,112
135,113
135,114
135,115
135,116
135,117
135,118
135,119
135,120
135,121
135,122
135,123
135,124
135,125
135,126
135,127
135,128
135,129
135,130
135,131
135,132
135,133
135,134
135,135
135,136
135,137
135,138
135,139
135,140
135,141
135,142
135,143
135,144
135,145
135,146
135,147
135,148
135,149
135,150
135,151
135,152
135,153
135,154
135,155
135,156
135,157
135,158
135,159
135,160
135,161
135,162
135,163
135,164
135,165
135,166
135,167
135,168
135,169
135,170
135,171
135,172
135,173
135,174
135,175
135,176
135,177
135,178
135,179
135,180
135,181
135,182
135,183
135,184
135,185
135,186
135,187
135,188
135,189
135,190
135,191
135,192
135,193
135,194
135,195
135,196
135,197
135,198
135,199
135,200
135,201
135,202
135,203
135,204
135,205
135,206
135,207
135,208
135,209
135,210
135,211
135,212
135,213
135,214
135,215
135,216
135,217
135,218
135,219
135,220
135,221
135,222
135,223
135,224
135,225
135,226
135,227
135,228
135,229
135,230
135,231
135,232
135,233
135,234
135,235
135,236
135,237
135,238
135,239
135,240
135,241
135,242
135,243
135,244
135,245
135,246
135,247
135,248
135,249
135,250
135,251
135,252
135,253
135,254
135,255
135,256
135,257
135,258
135,259
135,260
135,261
135,262
135,263
135,264
135,265
135,266
135,267
135,268
135,269
135,270
135,271
135,272
135,273
135,274
135,275
135,276
135,277
135,278
135,279
135,280
135,281
135,282
135,283
135,284
135,285
135,286
135,287
135,288
135,289
135,290
135,291
135,292
135,293
135,294
135,295
135,296
135,297
135,298
135,299
135,300
135,301
135,302
135,303
135,304
135,305
135,306
135,307
135,308
135,309
135,310
135,311
135,312
135,313
135,314
135,315
135,316
135,317
135,318
135,319
135,320
135,321
135,322
135,323
135,324
135,325
135,326
135,327
135,328
135,329
135,330
135,331
135,332
135,333
135,334
135,335
135,336
135,337
135,338
135,339
135,340
135,341
135,342
135,343
135,344
135,345
135,346
135,347
135,348
135,349
135,350
135,351
135,352
135,353
135,354
135,355
135,356
135,357
135,358
135,359
135,360
135,361
135,362
135,363
135,364
135,365
135,366
135,367
135,368
135,369
135,370
135,371
135,372
135,373
135,374
135,375
135,376
135,377
135,378
135,379
135,380
135,381
135,382
135,383
135,384
135,385
135,386
135,387
135,388
135,389
135,390
135,391
135,392
135,393
135,394
135,395
135,396
135,397
135,398
135,399
135,400
135,401
135,402
135,403
135,404
135,405
135,406
135,407
135,408
135,409
135,410
135,411
135,412
135,413
135,414
135,415
135,416
135,417
135,418
135,419
135,420
135,421
135,422
135,423
135,424
135,425
135,426
135,427
135,428
135,429
135,430
135,431
135,432
135,433
135,434
135,435
135,436
135,437
135,438
135,439
135,440
135,441
135,442
135,443
135,444
135,445
135,446
135,447
135,448
135,449
135,450
135,451
135,452
135,453
135,454
135,455
135,456
135,457
135,458
135,459
135,460
135,461
135,462
135,463
135,464
135,465
135,466
135,467
135,468
135,469
135,470
135,471
135,472
135,473
135,474
135,475
135,476
135,477
135,478
135,479
135,480
135,481
135,482
135,483
135,484
135,485
135,486
135,487
135,488
135,489
135,490
135,491
135,492
135,493
135,494
135,495
135,496
135,497
135,498
135,499
135,500
135,501
135,502
135,503
135,504
135,505
135,506
135,507
135,508
135,509
135,510
135,511
135,512
135,513
135,514
135,515
135,516
135,517
135,518
135,519
135,520
135,521
135,522
135,523
135,524
135,525
135,526
135,527
135,528
135,529
135,530
135,531
135,532
135,533
135,534
135,535
135,536
135,537
135,538
135,539
135,540
135,541
135,542
135,543
135,544
135,545
135,546
135,547
135,548
135,549
135,550
135,551
135,552
135,553
135,554
135,555
135,556
135,557
135,558
135,559
135,560
135,561
135,562
135,563
135,564
135,565
135,566
135,567
135,568
135,569
135,570
135,571
135,572
135,573
135,574
135,575
135,576
135,577
135,578
135,579
135,580
135,581
135,582
135,583
135,584
135,585
135,586
135,587
135,588
135,589
135,590
135,591
135,592
135,593
135,594
135,595
135,596
135,597
135,598
135,599
135,600
135,601
135,602
135,603
135,604
135,605
135,606
135,607
135,608
135,609
135,610
135,611
135,612
135,613
135,614
135,615
135,616
135,617
135,618
135,619
135,620
135,621
135,622
135,623
135,624
135,625
135,626
135,627
135,628
135,629
135,630
135,631
135,632
135,633
135,634
135,635
135,636
135,637
135,638
135,639
135,640
135,641
135,642
135,643
135,644
135,645
135,646
135,647
135,648
135,649
135,650
135,651
135,652
135,653
135,654
135,655
135,656
135,657
135,658
135,659
135,660
135,661
135,662
135,663
135,664
135,665
135,666
135,667
135,668
135,669
135,670
135,671
135,672
135,673
135,674
135,675
135,676
135,677
135,678
135,679
135,680
135,681
135,682
135,683
135,684
135,685
135,686
135,687
135,688
135,689
135,690
135,691
135,692
135,693
135,694
135,695
135,696
135,697
135,698
135,699
135,700
135,701
135,702
135,703
135,704
135,705
135,706
135,707
135,708
135,709
135,710
135,711
135,712
135,713
135,714
135,715
135,716
135,717
135,718
135,719
135,720
135,721
135,722
135,723
135,724
135,725
135,726
135,727
135,728
135,729
135,730
135,731
135,732
135,733
135,734
135,735
135,736
135,737
135,738
135,739
135,740
135,741
135,742
135,743
135,744
135,745
135,746
135,747
135,748
135,749
135,750
135,751
135,752
135,753
135,754
135,755
135,756
135,757
135,758
135,759
135,760
135,761
135,762
135,763
135,764
135,765
135,766
135,767
135,768
135,769
135,770
135,771
135,772
135,773
135,774
135,775
135,776
135,777
135,778
135,779
135,780
135,781
135,782
135,783
135,784
135,785
135,786
135,787
135,788
135,789
135,790
135,791
135,792
135,793
135,794
135,795
135,796
135,797
135,798
135,799
135,800
135,801
135,802
135,803
135,804
135,805
135,806
135,807
135,808
135,809
135,810
135,811
135,812
135,813
135,814
135,815
135,816
135,817
135,818
135,819
135,820
135,821
135,822
135,823
135,824
135,825
135,826
135,827
135,828
135,829
135,830
135,831
135,832
135,833
135,834
135,835
135,836
135,837
135,838
135,839
135,840
135,841
135,842
135,843
135,844
135,845
135,846
135,847
135,848
135,849
135,850
135,851
135,852
135,853
135,854
135,855
135,856
135,857
135,858
135,859
135,860
135,861
135,862
135,863
135,864
135,865
135,866
135,867
135,868
135,869
135,870
135,871
135,872
135,873
135,874
135,875
135,876
135,877
135,878
135,879
135,880
135,881
135,882
135,883
135,884
135,885
135,886
135,887
135,888
135,889
135,890
135,891
135,892
135,893
135,894
135,895
135,896
135,897
135,898
135,899
135,900
135,901
135,902
135,903
135,904
135,905
135,906
135,907
135,908
135,909
135,910
135,911
135,912
135,913
135,914
135,915
135,916
135,917
135,918
135,919
135,920
135,921
135,922
135,923
135,924
135,925
135,926
135,927
135,928
135,929
135,930
135,931
135,932
135,933
135,934
135,935
135,936
135,937
135,938
135,939
135,940
135,941
135,942
135,943
135,944
135,945
135,946
135,947
135,948
135,949
135,950
135,951
135,952
135,953
135,954
135,955
135,956
135,957
135,958
135,959
135,960
135,961
135,962
135,963
135,964
135,965
135,966
135,967
135,968
135,969
135,970
135,971
135,972
135,973
135,974
135,975
135,976
135,977
135,978
135,979
136,980
136,981
137,982
138,983
138,984
139,985
139,986
140,987
141,988
142,989
143,989
144,990
145,991
146,991
147,991
148,992
149,992
150,992
151,992
152,992
153,992
154,992
155,991
156,991
157,991
158,990
159,989
160,989
161,988
162,987
163,986
163,985
164,984
164,983
165,982
165,981
165,980
166,979
166,978
166,977
166,976
166,975
166,974
166,973
166,972
166,971
166,970
166,969
166,968
166,967
166,966
166,965
166,964
166,963
166,962
166,961
166,960
166,959
166,958
166,957
166,956
166,955
166,954
166,953
166,952
166,951
166,950
166,949
166,948
166,947
166,946
166,945
166,944
166,943
166,942
166,941
166,940
166,939
166,938
166,937
166,936
166,935
166,934
166,933
166,932
166,931
166,930
166,929
166,928
166,927
166,926
166,925
166,924
166,923
166,922
166,921
166,920
166,919
166,918
166,917
166,916
166,915
166,914
166,913
166,912
166,911
166,910
166,909
166,908
166,907
166,906
166,905
166,904
166,903
166,902
166,901
166,900
166,899
166,898
166,897
166,896
166,895
166,894
166,893
166,892
166,891
166,890
166,889
166,888
166,887
166,886
166,885
166,884
166,883
166,882
166,881
166,880
166,879
166,878
166,877
166,876
166,875
166,874
166,873
166,872
166,871
166,870
166,869
166,868
166,867
166,866
166,865
166,864
166,863
166,862
166,861
166,860
166,859
166,858
166,857
166,856
166,855
166,854
166,853
166,852
166,851
166,850
166,849
166,848
166,847
166,846
166,845
166,844
166,843
166,842
166,841
166,840
166,839
166,838
166,837
166,836
166,835
166,834
166,833
166,832
166,831
166,830
166,829
166,828
166,827
166,826
166,825
166,824
166,823
166,822
166,821
166,820
166,819
166,818
166,817
166,816
166,815
166,814
166,813
166,812
166,811
166,810
166,809
166,808
166,807
166,806
166,805
166,804
166,803
166,802
166,801
166,800
166,799
166,798
166,797
166,796
166,795
166,794
166,793
166,792
166,791
166,790
166,789
166,788
166,787
166,786
166,785
166,784
166,783
166,782
166,781
166,780
166,779
166,778
166,777
166,776
166,775
166,774
166,773
166,772
166,771
166,770
166,769
166,768
166,767
166,766
166,765
166,764
166,763
166,762
166,761
166,760
166,759
166,758
166,757
166,756
166,755
166,754
166,753
166,752
166,751
166,750
166,749
166,748
166,747
166,746
166,745
166,744
166,743
166,742
166,741
166,740
166,739
166,738
166,737
166,736
166,735
166,734
166,733
166,732
166,731
166,730
166,729
166,728
166,727
166,726
166,725
166,724
166,723
166,722
166,721
166,720
166,719
166,718
166,717
166,716
166,715
166,714
166,713
166,712
166,711
166,710
166,709
166,708
166,707
166,706
166,705
166,704
166,703
166,702
166,701
166,700
166,699
166,698
166,697
166,696
166,695
166,694
166,693
166,692
166,691
166,690
166,689
166,688
166,687
166,686
166,685
166,684
166,683
166,682
166,681
166,680
166,679
166,678
166,677
166,676
166,675
166,674
166,673
166,672
166,671
166,670
166,669
166,668
166,667
166,666
166,665
166,664
166,663
166,662
166,661
166,660
166,659
166,658
166,657
166,656
166,655
166,654
166,653
166,652
166,651
166,650
166,649
166,648
166,647
166,646
166,645
166,644
166,643
166,642
166,641
166,640
166,639
166,638
166,637
166,636
166,635
166,634
166,633
166,632
166,631
166,630
166,629
166,628
166,627
166,626
166,625
166,624
166,623
166,622
166,621
166,620
166,619
166,618
166,617
166,616
166,615
166,614
166,613
166,612
166,611
166,610
166,609
166,608
166,607
166,606
166,605
166,604
166,603
166,602
166,601
166,600
166,599
166,598
166,597
166,596
166,595
166,594
166,593
166,592
166,591
166,590
166,589
166,588
166,587
166,586
166,585
166,584
166,583
166,582
166,581
166,580
166,579
166,578
166,577
166,576
166,575
166,574
166,573
166,572
166,571
166,570
166,569
166,568
166,567
166,566
166,565
166,564
166,563
166,562
166,561
166,560
166,559
166,558
166,557
166,556
166,555
166,554
166,553
166,552
166,551
166,550
166,549
166,548
166,547
166,546
166,545
166,544
166,543
166,542
166,541
166,540
166,539
166,538
166,537
166,536
166,535
166,534
166,533
166,532
166,531
166,530
166,529
166,528
166,527
166,526
166,525
166,524
166,523
166,522
166,521
166,520
166,519
166,518
166,517
166,516
166,515
166,514
166,513
166,512
166,511
166,510
166,509
166,508
166,507
166,506
166,505
166,504
166,503
166,502
166,501
166,500
166,499
166,498
166,497
166,496
166,495
166,494
166,493
166,492
166,491
166,490
166,489
166,488
166,487
166,486
166,485
166,484
166,483
166,482
166,481
166,480
166,479
166,478
166,477
166,476
166,475
166,474
166,473
166,472
166,471
166,470
166,469
166,468
166,467
166,466
166,465
166,464
166,463
166,462
166,461
166,460
166,459
166,458
166,457
166,456
166,455
166,454
166,453
166,452
166,451
166,450
166,449
166,448
166,447
166,446
166,445
166,444
166,443
166,442
166,441
166,440
166,439
166,438
166,437
166,436
166,435
166,434
166,433
166,432
166,431
166,430
166,429
166,428
166,427
166,426
166,425
166,424
166,423
166,422
166,421
166,420
166,419
166,418
166,417
166,416
166,415
166,414
166,413
166,412
166,411
166,410
166,409
166,408
166,407
166,406
166,405
166,404
166,403
166,402
166,401
166,400
166,399
166,398
166,397
166,396
166,395
166,394
166,393
166,392
166,391
166,390
166,389
166,388
166,387
166,386
166,385
166,384
166,383
166,382
166,381
166,380
166,379
166,378
166,377
166,376
166,375
166,374
166,373
166,372
166,371
166,370
166,369
166,368
166,367
166,366
166,365
166,364
166,363
166,362
166,361
166,360
166,359
166,358
166,357
166,356
166,355
166,354
166,353
166,352
166,351
166,350
166,349
166,348
166,347
166,346
166,345
166,344
166,343
166,342
166,341
166,340
166,339
166,338
166,337
166,336
166,335
166,334
166,333
166,332
166,331
166,330
166,329
166,328
166,327
166,326
166,325
166,324
166,323
166,322
166,321
166,320
166,319
166,318
166,317
166,316
166,315
166,314
166,313
166,312
166,311
166,310
166,309
166,308
166,307
166,306
166,305
166,304
166,303
166,302
166,301
166,300
166,299
166,298
166,297
166,296
166,295
166,294
166,293
166,292
166,291
166,290
166,289
166,288
166,287
166,286
166,285
166,284
166,283
166,282
166,281
166,280
166,279
166,278
166,277
166,276
166,275
166,274
166,273
166,272
166,271
166,270
166,269
166,268
166,267
166,266
166,265
166,264
166,263
166,262
166,261
166,260
166,259
166,258
166,257
166,256
166,255
166,254
166,253
166,252
166,251
166,250
166,249
166,248
166,247
166,246
166,245
166,244
166,243
166,242
166,241
166,240
166,239
166,238
166,237
166,236
166,235
166,234
166,233
166,232
166,231
166,230
166,229
166,228
166,227
166,226
166,225
166,224
166,223
166,222
166,221
166,220
166,219
166,218
166,217
166,216
166,215
166,214
166,213
166,212
166,211
166,210
166,209
166,208
166,207
166,206
166,205
166,204
166,203
166,202
166,201
166,200
166,199
166,198
166,197
166,196
166,195
166,194
166,193
166,192
166,191
166,190
166,189
166,188
166,187
166,186
166,185
166,184
166,183
166,182
166,181
166,180
166,179
166,178
166,177
166,176
166,175
166,174
166,173
166,172
166,171
166,170
166,169
166,168
166,167
166,166
166,165
166,164
166,163
166,162
166,161
166,160
166,159
166,158
166,157
166,156
166,155
166,154
166,153
166,152
166,151
166,150
166,149
166,148
166,147
166,146
166,145
166,144
166,143
166,142
166,141
166,140
166,139
166,138
166,137
166,136
166,135
166,134
166,133
166,132
166,131
166,130
166,129
166,128
166,127
166,126
166,125
166,124
166,123
166,122
166,121
166,120
166,119
166,118
166,117
166,116
166,115
166,114
166,113
166,112
166,111
166,110
166,109
166,108
166,107
166,106
166,105
166,104
166,103
166,102
166,101
166,100
166,99
166,98
166,97
166,96
166,95
166,94
166,93
166,92
166,91
166,90
166,89
166,88
166,87
166,86
166,85
166,84
166,83
166,82
166,81
166,80
166,79
166,78
166,77
166,76
166,75
166,74
166,73
166,72
166,71
166,70
166,69
166,68
166,67
166,66
166,65
166,64
166,63
166,62
166,61
166,60
166,59
166,58
166,57
166,56
166,55
166,54
166,53
166,52
166,51
166,50
166,49
166,48
166,47
166,46
166,45
167,44
167,43
167,42
168,41
168,40
169,39
169,38
170,37
171,36
172,35
173,35
174,34
175,33
176,33
177,33
178,32
179,32
180,32
181,32
182,32
183,32
184,32
185,33
186,33
187,33
188,34
189,35
190,35
191,36
192,37
193,38
193,39
194,40
194,41
195,42
195,43
195,44
196,45
196,46
196,47
196,48
196,49
196,50
196,51
196,52
196,53
196,54
196,55
196,56
196,57
196,58
196,59
196,60
196,61
196,62
196,63
196,64
196,65
196,66
196,67
196,68
196,69
196,70
196,71
196,72
196,73
196,74
196,75
196,76
196,77
196,78
196,79
196,80
196,81
196,82
196,83
196,84
196,85
196,86
196,87
196,88
196,89
196,90
196,91
196,92
196,93
196,94
196,95
196,96
196,97
196,98
196,99
196,100
196,101
196,102
196,103
196,104
196,105
196,106
196,107
196,108
196,109
196,110
196,111
196,112
196,113
196,114
196,115
196,116
196,117
196,118
196,119
196,120
196,121
196,122
196,123
196,124
196,125
196,126
196,127
196,128
196,129
196,130
196,131
196,132
196,133
196,134
196,135
196,136
196,137
196,138
196,139
196,140
196,141
196,142
196,143
196,144
196,145
196,146
196,147
196,148
196,149
196,150
196,151
196,152
196,153
196,154
196,155
196,156
196,157
196,158
196,159
196,160
196,161
196,162
196,163
196,164
196,165
196,166
196,167
196,168
196,169
196,170
196,171
196,172
196,173
196,174
196,175
196,176
196,177
196,178
196,179
196,180
196,181
196,182
196,183
196,184
196,185
196,186
196,187
196,188
196,189
196,190
196,191
196,192
196,193
196,194
196,195
196,196
196,197
196,198
196,199
196,200
196,201
196,202
196,203
196,204
196,205
196,206
196,207
196,208
196,209
196,210
196,211
196,212
196,213
196,214
196,215
196,216
196,217
196,218
196,219
196,220
196,221
196,222
196,223
196,224
196,225
196,226
196,227
196,228
196,229
196,230
196,231
196,232
196,233
196,234
196,235
196,236
196,237
196,238
196,239
196,240
196,241
196,242
196,243
196,244
196,245
196,246
196,247
196,248
196,249
196,250
196,251
196,252
196,253
196,254
196,255
196,256
196,257
196,258
196,259
196,260
196,261
196,262
196,263
196,264
196,265
196,266
196,267
196,268
196,269
196,270
196,271
196,272
196,273
196,274
196,275
196,276
196,277
196,278
196,279
196,280
196,281
196,282
196,283
196,284
196,285
196,286
196,287
196,288
196,289
196,290
196,291
196,292
196,293
196,294
196,295
196,296
196,297
196,298
196,299
196,300
196,301
196,302
196,303
196,304
196,305
196,306
196,307
196,308
196,309
196,310
196,311
196,312
196,313
196,314
196,315
196,316
196,317
196,318
196,319
196,320
196,321
196,322
196,323
196,324
196,325
196,326
196,327
196,328
196,329
196,330
196,331
196,332
196,333
196,334
196,335
196,336
196,337
196,338
196,339
196,340
196,341
196,342
196,343
196,344
196,345
196,346
196,347
196,348
196,349
196,350
196,351
196,352
196,353
196,354
196,355
196,356
196,357
196,358
196,359
196,360
196,361
196,362
196,363
196,364
196,365
196,366
196,367
196,368
196,369
196,370
196,371
196,372
196,373
196,374
196,375
196,376
196,377
196,378
196,379
196,380
196,381
196,382
196,383
196,384
196,385
196,386
196,387
196,388
196,389
196,390
196,391
196,392
196,393
196,394
196,395
196,396
196,397
196,398
196,399
196,400
196,401
196,402
196,403
196,404
196,405
196,406
196,407
196,408
196,409
196,410
196,411
196,412
196,413
196,414
196,415
196,416
196,417
196,418
196,419
196,420
196,421
196,422
196,423
196,424
196,425
196,426
196,427
196,428
196,429
196,430
196,431
196,432
196,433
196,434
196,435
196,436
196,437
196,438
196,439
196,440
196,441
196,442
196,443
196,444
196,445
196,446
196,447
196,448
196,449
196,450
196,451
196,452
196,453
196,454
196,455
196,456
196,457
196,458
196,459
196,460
196,461
196,462
196,463
196,464
196,465
196,466
196,467
196,468
196,469
196,470
196,471
196,472
196,473
196,474
196,475
196,476
196,477
196,478
196,479
196,480
196,481
196,482
196,483
196,484
196,485
196,486
196,487
196,488
196,489
196,490
196,491
196,492
196,493
196,494
196,495
196,496
196,497
196,498
196,499
196,500
196,501
196,502
196,503
196,504
196,505
196,506
196,507
196,508
196,509
196,510
196,511
196,512
196,513
196,514
196,515
196,516
196,517
196,518
196,519
196,520
196,521
196,522
196,523
196,524
196,525
196,526
196,527
196,528
196,529
196,530
196,531
196,532
196,533
196,534
196,535
196,536
196,537
196,538
196,539
196,540
196,541
196,542
196,543
196,544
196,545
196,546
196,547
196,548
196,549
196,550
196,551
196,552
196,553
196,554
196,555
196,556
196,557
196,558
196,559
196,560
196,561
196,562
196,563
196,564
196,565
196,566
196,567
196,568
196,569
196,570
196,571
196,572
196,573
196,574
196,575
196,576
196,577
196,578
196,579
196,580
196,581
196,582
196,583
196,584
196,585
196,586
196,587
196,588
196,589
196,590
196,591
196,592
196,593
196,594
196,595
196,596
196,597
196,598
196,599
196,600
196,601
196,602
196,603
196,604
196,605
196,606
196,607
196,608
196,609
196,610
196,611
196,612
196,613
196,614
196,615
196,616
196,617
196,618
196,619
196,620
196,621
196,622
196,623
196,624
196,625
196,626
196,627
196,628
196,629
196,630
196,631
196,632
196,633
196,634
196,635
196,636
196,637
196,638
196,639
196,640
196,641
196,642
196,643
196,644
196,645
196,646
196,647
196,648
196,649
196,650
196,651
196,652
196,653
196,654
196,655
196,656
196,657
196,658
196,659
196,660
196,661
196,662
196,663
196,664
196,665
196,666
196,667
196,668
196,669
196,670
196,671
196,672
196,673
196,674
196,675
196,676
196,677
196,678
196,679
196,680
196,681
196,682
196,683
196,684
196,685
196,686
196,687
196,688
196,689
196,690
196,691
196,692
196,693
196,694
196,695
196,696
196,697
196,698
196,699
196,700
196,701
196,702
196,703
196,704
196,705
196,706
196,707
196,708
196,709
196,710
196,711
196,712
196,713
196,714
196,715
196,716
196,717
196,718
196,719
196,720
196,721
196,722
196,723
196,724
196,725
196,726
196,727
196,728
196,729
196,730
196,731
196,732
196,733
196,734
196,735
196,736
196,737
196,738
196,739
196,740
196,741
196,742
196,743
196,744
196,745
196,746
196,747
196,748
196,749
196,750
196,751
196,752
196,753
196,754
196,755
196,756
196,757
196,758
196,759
196,760
196,761
196,762
196,763
196,764
196,765
196,766
196,767
196,768
196,769
196,770
196,771
196,772
196,773
196,774
196,775
196,776
196,777
196,778
196,779
196,780
196,781
196,782
196,783
196,784
196,785
196,786
196,787
196,788
196,789
196,790
196,791
196,792
196,793
196,794
196,795
196,796
196,797
196,798
196,799
196,800
196,801
196,802
196,803
196,804
196,805
196,806
196,807
196,808
196,809
196,810
196,811
196,812
196,813
196,814
196,815
196,816
196,817
196,818
196,819
196,820
196,821
196,822
196,823
196,824
196,825
196,826
196,827
196,828
196,829
196,830
196,831
196,832
196,833
196,834
196,835
196,836
196,837
196,838
196,839
196,840
196,841
196,842
196,843
196,844
196,845
196,846
196,847
196,848
196,849
196,850
196,851
196,852
196,853
196,854
196,855
196,856
196,857
196,858
196,859
196,860
196,861
196,862
196,863
196,864
196,865
196,866
196,867
196,868
196,869
196,870
196,871
196,872
196,873
196,874
196,875
196,876
196,877
196,878
196,879
196,880
196,881
196,882
196,883
196,884
196,885
196,886
196,887
196,888
196,889
196,890
196,891
196,892
196,893
196,894
196,895
196,896
196,897
196,898
196,899
196,900
196,901
196,902
196,903
196,904
196,905
196,906
196,907
196,908
196,909
196,910
196,911
196,912
196,913
196,914
196,915
196,916
196,917
196,918
196,919
196,920
196,921
196,922
196,923
196,924
196,925
196,926
196,927
196,928
196,929
196,930
196,931
196,932
196,933
196,934
196,935
196,936
196,937
196,938
196,939
196,940
196,941
196,942
196,943
196,944
196,945
196,946
196,947
196,948
196,949
196,950
196,951
196,952
196,953
196,954
196,955
196,956
196,957
196,958
196,959
196,960
196,961
196,962
196,963
196,964
196,965
196,966
196,967
196,968
196,969
196,970
196,971
196,972
196,973
196,974
196,975
196,976
196,977
196,978
196,979
197,980
197,981
197,982
198,983
198,984
199,985
199,986
200,987
201,988
202,989
203,989
204,990
205,991
206,991
207,991
208,992
209,992
210,992
211,992
212,992
213,992
214,992
215,991
216,991
217,991
218,990
219,989
220,989
221,988
222,987
223,986
223,985
224,984
224,983
225,982
225,981
225,980
226,979
226,978
226,977
226,976
226,975
226,974
226,973
226,972
226,971
226,970
226,969
226,968
226,967
226,966
226,965
226,964
226,963
226,962
226,961
226,960
226,959
226,958
226,957
226,956
226,955
226,954
226,953
226,952
226,951
226,950
226,949
226,948
226,947
226,946
226,945
226,944
226,943
226,942
226,941
226,940
226,939
226,938
226,937
226,936
226,935
226,934
226,933
226,932
226,931
226,930
226,929
226,928
226,927
226,926
226,925
226,924
226,923
226,922
226,921
226,920
226,919
226,918
226,917
226,916
226,915
226,914
226,913
226,912
226,911
226,910
226,909
226,908
226,907
226,906
226,905
226,904
226,903
226,902
226,901
226,900
226,899
226,898
226,897
226,896
226,895
226,894
226,893
226,892
226,891
226,890
226,889
226,888
226,887
226,886
226,885
226,884
226,883
226,882
226,881
226,880
226,879
226,878
226,877
226,876
226,875
226,874
226,873
226,872
226,871
226,870
226,869
226,868
226,867
226,866
226,865
226,864
226,863
226,862
226,861
226,860
226,859
226,858
226,857
226,856
226,855
226,854
226,853
226,852
226,851
226,850
226,849
226,848
226,847
226,846
226,845
226,844
226,843
226,842
226,841
226,840
226,839
226,838
226,837
226,836
226,835
226,834
226,833
226,832
226,831
226,830
226,829
226,828
226,827
226,826
226,825
226,824
226,823
226,822
226,821
226,820
226,819
226,818
226,817
226,816
226,815
226,814
226,813
226,812
226,811
226,810
226,809
226,808
226,807
226,806
226,805
226,804
226,803
226,802
226,801
226,800
226,799
226,798
226,797
226,796
226,795
226,794
226,793
226,792
226,791
226,790
226,789
226,788
226,787
226,786
226,785
226,784
226,783
226,782
226,781
226,780
226,779
226,778
226,777
226,776
226,775
226,774
226,773
226,772
226,771
226,770
226,769
226,768
226,767
226,766
226,765
226,764
226,763
226,762
226,761
226,760
226,759
226,758
226,757
226,756
226,755
226,754
226,753
226,752
226,751
226,750
226,749
226,748
226,747
226,746
226,745
226,744
226,743
226,742
226,741
226,740
226,739
226,738
226,737
226,736
226,735
226,734
226,733
226,732
226,731
226,730
226,729
226,728
226,727
226,726
226,725
226,724
226,723
226,722
226,721
226,720
226,719
226,718
226,717
226,716
226,715
226,714
226,713
226,712
226,711
226,710
226,709
226,708
226,707
226,706
226,705
226,704
226,703
226,702
226,701
226,700
226,699
226,698
226,697
226,696
226,695
226,694
226,693
226,692
226,691
226,690
226,689
226,688
226,687
226,686
226,685
226,684
226,683
226,682
226,681
226,680
226,679
226,678
226,677
226,676
226,675
226,674
226,673
226,672
226,671
226,670
226,669
226,668
226,667
226,666
226,665
226,664
226,663
226,662
226,661
226,660
226,659
226,658
226,657
226,656
226,655
226,654
226,653
226,652
226,651
226,650
226,649
226,648
226,647
226,646
226,645
226,644
226,643
226,642
226,641
226,640
226,639
226,638
226,637
226,636
226,635
226,634
226,633
226,632
226,631
226,630
226,629
226,628
226,627
226,626
226,625
226,624
226,623
226,622
226,621
226,620
226,619
226,618
226,617
226,616
226,615
226,614
226,613
226,612
226,611
226,610
226,609
226,608
226,607
226,606
226,605
226,604
226,603
226,602
226,601
226,600
226,599
226,598
226,597
226,596
226,595
226,594
226,593
226,592
226,591
226,590
226,589
226,588
226,587
226,586
226,585
226,584
226,583
226,582
226,581
226,580
226,579
226,578
226,577
226,576
226,575
226,574
226,573
226,572
226,571
226,570
226,569
226,568
226,567
226,566
226,565
226,564
226,563
226,562
226,561
226,560
226,559
226,558
226,557
226,556
226,555
226,554
226,553
226,552
226,551
226,550
226,549
226,548
226,547
226,546
226,545
226,544
226,543
226,542
226,541
226,540
226,539
226,538
226,537
226,536
226,535
226,534
226,533
226,532
226,531
226,530
226,529
226,528
226,527
226,526
226,525
226,524
226,523
226,522
226,521
226,520
226,519
226,518
226,517
226,516
226,515
226,514
226,513
226,512
226,511
226,510
226,509
226,508
226,507
226,506
226,505
226,504
226,503
226,502
226,501
226,500
226,499
226,498
226,497
226,496
226,495
226,494
226,493
226,492
226,491
226,490
226,489
226,488
226,487
226,486
226,485
226,484
226,483
226,482
226,481
226,480
226,479
226,478
226,477
226,476
226,475
226,474
226,473
226,472
226,471
226,470
226,469
226,468
226,467
226,466
226,465
226,464
226,463
226,462
226,461
226,460
226,459
226,458
226,457
226,456
226,455
226,454
226,453
226,452
226,451
226,450
226,449
226,448
226,447
226,446
226,445
226,444
226,443
226,442
226,441
226,440
226,439
226,438
226,437
226,436
226,435
226,434
226,433
226,432
226,431
226,430
226,429
226,428
226,427
226,426
226,425
226,424
226,423
226,422
226,421
226,420
226,419
226,418
226,417
226,416
226,415
226,414
226,413
226,412
226,411
226,410
226,409
226,408
226,407
226,406
226,405
226,404
226,403
226,402
226,401
226,400
226,399
226,398
226,397
226,396
226,395
226,394
226,393
226,392
226,391
226,390
226,389
226,388
226,387
226,386
226,385
226,384
226,383
226,382
226,381
226,380
226,379
226,378
226,377
226,376
226,375
226,374
226,373
226,372
226,371
226,370
226,369
226,368
226,367
226,366
226,365
226,364
226,363
226,362
226,361
226,360
226,359
226,358
226,357
226,356
226,355
226,354
226,353
226,352
226,351
226,350
226,349
226,348
226,347
226,346
226,345
226,344
226,343
226,342
226,341
226,340
226,339
226,338
226,337
226,336
226,335
226,334
226,333
226,332
226,331
226,330
226,329
226,328
226,327
226,326
226,325
226,324
226,323
226,322
226,321
226,320
226,319
226,318
226,317
226,316
226,315
226,314
226,313
226,312
226,311
226,310
226,309
226,308
226,307
226,306
226,305
226,304
226,303
226,302
226,301
226,300
226,299
226,298
226,297
226,296
226,295
226,294
226,293
226,292
226,291
226,290
226,289
226,288
226,287
226,286
226,285
226,284
226,283
226,282
226,281
226,280
226,279
226,278
226,277
226,276
226,275
226,274
226,273
226,272
226,271
226,270
226,269
226,268
226,267
226,266
226,265
226,264
226,263
226,262
226,261
226,260
226,259
226,258
226,257
226,256
226,255
226,254
226,253
226,252
226,251
226,250
226,249
226,248
226,247
226,246
226,245
226,244
226,243
226,242
226,241
226,240
226,239
226,238
226,237
226,236
226,235
226,234
226,233
226,232
226,231
226,230
226,229
226,228
226,227
226,226
226,225
226,224
226,223
226,222
226,221
226,220
226,219
226,218
226,217
226,216
226,215
226,214
226,213
226,212
226,211
226,210
226,209
226,208
226,207
226,206
226,205
226,204
226,203
226,202
226,201
226,200
226,199
226,198
226,197
226,196
226,195
226,194
226,193
226,192
226,191
226,190
226,189
226,188
226,187
226,186
226,185
226,184
226,183
226,182
226,181
226,180
226,179
226,178
226,177
226,176
226,175
226,174
226,173
226,172
226,171
226,170
226,169
226,168
226,167
226,166
226,165
226,164
226,163
226,162
226,161
226,160
226,159
226,158
226,157
226,156
226,155
226,154
226,153
226,152
226,151
226,150
226,149
226,148
226,147
226,146
226,145
226,144
226,143
226,142
226,141
226,140
226,139
226,138
226,137
226,136
226,135
226,134
226,133
226,132
226,131
226,130
226,129
226,128
226,127
226,126
226,125
226,124
226,123
226,122
226,121
226,120
226,119
226,118
226,117
226,116
226,115
226,114
226,113
226,112
226,111
226,110
226,109
226,108
226,107
226,106
226,105
226,104
226,103
226,102
226,101
226,100
226,99
226,98
226,97
226,96
226,95
226,94
226,93
226,92
226,91
226,90
226,89
226,88
226,87
226,86
226,85
226,84
226,83
226,82
226,81
226,80
226,79
226,78
226,77
226,76
226,75
226,74
226,73
226,72
226,71
226,70
226,69
226,68
226,67
226,66
226,65
226,64
226,63
226,62
226,61
226,60
226,59
226,58
226,57
226,56
226,55
226,54
226,53
226,52
226,51
226,50
226,49
226,48
226,47
226,46
226,45
227,44
227,43
227,42
228,41
228,40
229,39
229,38
230,37
231,36
232,35
233,35
234,34
235,33
236,33
237,33
238,32
239,32
240,32
241,32
242,32
243,32
244,32
245,33
246,33
247,33
248,34
249,35
250,35
251,36
252,37
253,38
253,39
254,40
254,41
255,42
255,43
255,44
256,45
256,46
256,47
256,48
256,49
256,50
256,51
256,52
256,53
256,54
256,55
256,56
256,57
256,58
256,59
256,60
256,61
256,62
256,63
256,64
256,65
256,66
256,67
256,68
256,69
256,70
256,71
256,72
256,73
256,74
256,75
256,76
256,77
256,78
256,79
256,80
256,81
256,82
256,83
256,84
256,85
256,86
256,87
256,88
256,89
256,90
256,91
256,92
256,93
256,94
256,95
256,96
256,97
256,98
256,99
256,100
256,101
256,102
256,103
256,104
256,105
256,106
256,107
256,108
256,109
256,110
256,111
256,112
256,113
256,114
256,115
256,116
256,117
256,118
256,119
256,120
256,121
256,122
256,123
256,124
256,125
256,126
256,127
256,128
256,129
256,130
256,131
256,132
256,133
256,134
256,135
256,136
256,137
256,138
256,139
256,140
256,141
256,142
256,143
256,144
256,145
256,146
256,147
256,148
256,149
256,150
256,151
256,152
256,153
256,154
256,155
256,156
256,157
256,158
256,159
256,160
256,161
256,162
256,163
256,164
256,165
256,166
256,167
256,168
256,169
256,170
256,171
256,172
256,173
256,174
256,175
256,176
256,177
256,178
256,179
256,180
256,181
256,182
256,183
256,184
256,185
256,186
256,187
256,188
256,189
256,190
256,191
256,192
256,193
256,194
256,195
256,196
256,197
256,198
256,199
256,200
256,201
256,202
256,203
256,204
256,205
256,206
256,207
256,208
256,209
256,210
256,211
256,212
256,213
256,214
256,215
256,216
256,217
256,218
256,219
256,220
256,221
256,222
256,223
256,224
256,225
256,226
256,227
256,228
256,229
256,230
256,231
256,232
256,233
256,234
256,235
256,236
256,237
256,238
256,239
256,240
256,241
256,242
256,243
256,244
256,245
256,246
256,247
256,248
256,249
256,250
256,251
256,252
256,253
256,254
256,255
256,256
256,257
256,258
256,259
256,260
256,261
256,262
256,263
256,264
256,265
256,266
256,267
256,268
256,269
256,270
256,271
256,272
256,273
256,274
256,275
256,276
256,277
256,278
256,279
256,280
256,281
256,282
256,283
256,284
256,285
256,286
256,287
256,288
256,289
256,290
256,291
256,292
256,293
256,294
256,295
256,296
256,297
256,298
256,299
256,300
256,301
256,302
256,303
256,304
256,305
256,306
256,307
256,308
256,309
256,310
256,311
256,312
256,313
256,314
256,315
256,316
256,317
256,318
256,319
256,320
256,321
256,322
256,323
256,324
256,325
256,326
256,327
256,328
256,329
256,330
256,331
256,332
256,333
256,334
256,335
256,336
256,337
256,338
256,339
256,340
256,341
256,342
256,343
256,344
256,345
256,346
256,347
256,348
256,349
256,350
256,351
256,352
256,353
256,354
256,355
256,356
256,357
256,358
256,359
256,360
256,361
256,362
256,363
256,364
256,365
256,366
256,367
256,368
256,369
256,370
256,371
256,372
256,373
256,374
256,375
256,376
256,377
256,378
256,379
256,380
256,381
256,382
256,383
256,384
256,385
256,386
256,387
256,388
256,389
256,390
256,391
256,392
256,393
256,394
256,395
256,396
256,397
256,398
256,399
256,400
256,401
256,402
256,403
256,404
256,405
256,406
256,407
256,408
256,409
256,410
256,411
256,412
256,413
256,414
256,415
256,416
256,417
256,418
256,419
256,420
256,421
256,422
256,423
256,424
256,425
256,426
256,427
256,428
256,429
256,430
256,431
256,432
256,433
256,434
256,435
256,436
256,437
256,438
256,439
256,440
256,441
256,442
256,443
256,444
256,445
256,446
256,447
256,448
256,449
256,450
256,451
256,452
256,453
256,454
256,455
256,456
256,457
256,458
256,459
256,460
256,461
256,462
256,463
256,464
256,465
256,466
256,467
256,468
256,469
256,470
256,471
256,472
256,473
256,474
256,475
256,476
256,477
256,478
256,479
256,480
256,481
256,482
256,483
256,484
256,485
256,486
256,487
256,488
256,489
256,490
256,491
256,492
256,493
256,494
256,495
256,496
256,497
256,498
256,499
256,500
256,501
256,502
256,503
256,504
256,505
256,506
256,507
256,508
256,509
256,510
256,511
256,512
256,513
256,514
256,515
256,516
256,517
256,518
256,519
256,520
256,521
256,522
256,523
256,524
256,525
256,526
256,527
256,528
256,529
256,530
256,531
256,532
256,533
256,534
256,535
256,536
256,537
256,538
256,539
256,540
256,541
256,542
256,543
256,544
256,545
256,546
256,547
256,548
256,549
256,550
256,551
256,552
256,553
256,554
256,555
256,556
256,557
256,558
256,559
256,560
256,561
256,562
256,563
256,564
256,565
256,566
256,567
256,568
256,569
256,570
256,571
256,572
256,573
256,574
256,575
256,576
256,577
256,578
256,579
256,580
256,581
256,582
256,583
256,584
256,585
256,586
256,587
256,588
256,589
256,590
256,591
256,592
256,593
256,594
256,595
256,596
256,597
256,598
256,599
256,600
256,601
256,602
256,603
256,604
256,605
256,606
256,607
256,608
256,609
256,610
256,611
256,612
256,613
256,614
256,615
256,616
256,617
256,618
256,619
256,620
256,621
256,622
256,623
256,624
256,625
256,626
256,627
256,628
256,629
256,630
256,631
256,632
256,633
256,634
256,635
256,636
256,637
256,638
256,639
256,640
256,641
256,642
256,643
256,644
256,645
256,646
256,647
256,648
256,649
256,650
256,651
256,652
256,653
256,654
256,655
256,656
256,657
256,658
256,659
256,660
256,661
256,662
256,663
256,664
256,665
256,666
256,667
256,668
256,669
256,670
256,671
256,672
256,673
256,674
256,675
256,676
256,677
256,678
256,679
256,680
256,681
256,682
256,683
256,684
256,685
256,686
256,687
256,688
256,689
256,690
256,691
256,692
256,693
256,694
256,695
256,696
256,697
256,698
256,699
256,700
256,701
256,702
256,703
256,704
256,705
256,706
256,707
256,708
256,709
256,710
256,711
256,712
256,713
256,714
256,715
256,716
256,717
256,718
256,719
256,720
256,721
256,722
256,723
256,724
256,725
256,726
256,727
256,728
256,729
256,730
256,731
256,732
256,733
256,734
256,735
256,736
256,737
256,738
256,739
256,740
256,741
256,742
256,743
256,744
256,745
256,746
256,747
256,748
256,749
256,750
256,751
256,752
256,753
256,754
256,755
256,756
256,757
256,758
256,759
256,760
256,761
256,762
256,763
256,764
256,765
256,766
256,767
256,768
256,769
256,770
256,771
256,772
256,773
256,774
256,775
256,776
256,777
256,778
256,779
256,780
256,781
256,782
256,783
256,784
256,785
256,786
256,787
256,788
256,789
256,790
256,791
256,792
256,793
256,794
256,795
256,796
256,797
256,798
256,799
256,800
256,801
256,802
256,803
256,804
256,805
256,806
256,807
256,808
256,809
256,810
256,811
256,812
256,813
256,814
256,815
256,816
256,817
256,818
256,819
256,820
256,821
256,822
256,823
256,824
256,825
256,826
256,827
256,828
256,829
256,830
256,831
256,832
256,833
256,834
256,835
256,836
256,837
256,838
256,839
256,840
256,841
256,842
256,843
256,844
256,845
256,846
256,847
256,848
256,849
256,850
256,851
256,852
256,853
256,854
256,855
256,856
256,857
256,858
256,859
256,860
256,861
256,862
256,863
256,864
256,865
256,866
256,867
256,868
256,869
256,870
256,871
256,872
256,873
256,874
256,875
256,876
256,877
256,878
256,879
256,880
256,881
256,882
256,883
256,884
256,885
256,886
256,887
256,888
256,889
256,890
256,891
256,892
256,893
256,894
256,895
256,896
256,897
256,898
256,899
256,900
256,901
256,902
256,903
256,904
256,905
256,906
256,907
256,908
256,909
256,910
256,911
256,912
256,913
256,914
256,915
256,916
256,917
256,918
256,919
256,920
256,921
256,922
256,923
256,924
256,925
256,926
256,927
256,928
256,929
256,930
256,931
256,932
256,933
256,934
256,935
256,936
256,937
256,938
256,939
256,940
256,941
256,942
256,943
256,944
256,945
256,946
256,947
256,948
256,949
256,950
256,951
256,952
256,953
256,954
256,955
256,956
256,957
256,958
256,959
256,960
256,961
256,962
256,963
256,964
256,965
256,966
256,967
256,968
256,969
256,970
256,971
256,972
256,973
256,974
256,975
256,976
256,977
256,978
256,979
257,980
257,981
257,982
258,983
258,984
259,985
259,986
260,987
261,988
262,989
263,989
264,990
265,991
266,991
267,991
268,992
269,992
270,992
271,992
272,992
273,992
274,992
275,991
276,991
277,991
278,990
279,989
280,989
281,988
282,987
283,986
283,985
284,984
284,983
285,982
285,981
285,980
286,979
286,978
286,977
286,976
286,975
286,974
286,973
286,972
286,971
286,970
286,969
286,968
286,967
286,966
286,965
286,964
286,963
286,962
286,961
286,960
286,959
286,958
286,957
286,956
286,955
286,954
286,953
286,952
286,951
286,950
286,949
286,948
286,947
286,946
286,945
286,944
286,943
286,942
286,941
286,940
286,939
286,938
286,937
286,936
286,935
286,934
286,933
286,932
286,931
286,930
286,929
286,928
286,927
286,926
286,925
286,924
286,923
286,922
286,921
286,920
286,919
286,918
286,917
286,916
286,915
286,914
286,913
286,912
286,911
286,910
286,909
286,908
286,907
286,906
286,905
286,904
286,903
286,902
286,901
286,900
286,899
286,898
286,897
286,896
286,895
286,894
286,893
286,892
286,891
286,890
286,889
286,888
286,887
286,886
286,885
286,884
286,883
286,882
286,881
286,880
286,879
286,878
286,877
286,876
286,875
286,874
286,873
286,872
286,871
286,870
286,869
286,868
286,867
286,866
286,865
286,864
286,863
286,862
286,861
286,860
286,859
286,858
286,857
286,856
286,855
286,854
286,853
286,852
286,851
286,850
286,849
286,848
286,847
286,846
286,845
286,844
286,843
286,842
286,841
286,840
286,839
286,838
286,837
286,836
286,835
286,834
286,833
286,832
286,831
286,830
286,829
286,828
286,827
286,826
286,825
286,824
286,823
286,822
286,821
286,820
286,819
286,818
286,817
286,816
286,815
286,814
286,813
286,812
286,811
286,810
286,809
286,808
286,807
286,806
286,805
286,804
286,803
286,802
286,801
286,800
286,799
286,798
286,797
286,796
286,795
286,794
286,793
286,792
286,791
286,790
286,789
286,788
286,787
286,786
286,785
286,784
286,783
286,782
286,781
286,780
286,779
286,778
286,777
286,776
286,775
286,774
286,773
286,772
286,771
286,770
286,769
286,768
286,767
286,766
286,765
286,764
286,763
286,762
286,761
286,760
286,759
286,758
286,757
286,756
286,755
286,754
286,753
286,752
286,751
286,750
286,749
286,748
286,747
286,746
286,745
286,744
286,743
286,742
286,741
286,740
286,739
286,738
286,737
286,736
286,735
286,734
286,733
286,732
286,731
286,730
286,729
286,728
286,727
286,726
286,725
286,724
286,723
286,722
286,721
286,720
286,719
286,718
286,717
286,716
286,715
286,714
286,713
286,712
286,711
286,710
286,709
286,708
286,707
286,706
286,705
286,704
286,703
286,702
286,701
286,700
286,699
286,698
286,697
286,696
286,695
286,694
286,693
286,692
286,691
286,690
286,689
286,688
286,687
286,686
286,685
286,684
286,683
286,682
286,681
286,680
286,679
286,678
286,677
286,676
286,675
286,674
286,673
286,672
286,671
286,670
286,669
286,668
286,667
286,666
286,665
286,664
286,663
286,662
286,661
286,660
286,659
286,658
286,657
286,656
286,655
286,654
286,653
286,652
286,651
286,650
286,649
286,648
286,647
286,646
286,645
286,644
286,643
286,642
286,641
286,640
286,639
286,638
286,637
286,636
286,635
286,634
286,633
286,632
286,631
286,630
286,629
286,628
286,627
286,626
286,625
286,624
286,623
286,622
286,621
286,620
286,619
286,618
286,617
286,616
286,615
286,614
286,613
286,612
286,611
286,610
286,609
286,608
286,607
286,606
286,605
286,604
286,603
286,602
286,601
286,600
286,599
286,598
286,597
286,596
286,595
286,594
286,593
286,592
286,591
286,590
286,589
286,588
286,587
286,586
286,585
286,584
286,583
286,582
286,581
286,580
286,579
286,578
286,577
286,576
286,575
286,574
286,573
286,572
286,571
286,570
286,569
286,568
286,567
286,566
286,565
286,564
286,563
286,562
286,561
286,560
286,559
286,558
286,557
286,556
286,555
286,554
286,553
286,552
286,551
286,550
286,549
286,548
286,547
286,546
286,545
286,544
286,543
286,542
286,541
286,540
286,539
286,538
286,537
286,536
286,535
286,534
286,533
286,532
286,531
286,530
286,529
286,528
286,527
286,526
286,525
286,524
286,523
286,522
286,521
286,520
286,519
286,518
286,517
286,516
286,515
286,514
286,513
286,512
286,511
286,510
286,509
286,508
286,507
286,506
286,505
286,504
286,503
286,502
286,501
286,500
286,499
286,498
286,497
286,496
286,495
286,494
286,493
286,492
286,491
286,490
286,489
286,488
286,487
286,486
286,485
286,484
286,483
286,482
286,481
286,480
286,479
286,478
286,477
286,476
286,475
286,474
286,473
286,472
286,471
286,470
286,469
286,468
286,467
286,466
286,465
286,464
286,463
286,462
286,461
286,460
286,459
286,458
286,457
286,456
286,455
286,454
286,453
286,452
286,451
286,450
286,449
286,448
286,447
286,446
286,445
286,444
286,443
286,442
286,441
286,440
286,439
286,438
286,437
286,436
286,435
286,434
286,433
286,432
286,431
286,430
286,429
286,428
286,427
286,426
286,425
286,424
286,423
286,422
286,421
286,420
286,419
286,418
286,417
286,416
286,415
286,414
286,413
286,412
286,411
286,410
286,409
286,408
286,407
286,406
286,405
286,404
286,403
286,402
286,401
286,400
286,399
286,398
286,397
286,396
286,395
286,394
286,393
286,392
286,391
286,390
286,389
286,388
286,387
286,386
286,385
286,384
286,383
286,382
286,381
286,380
286,379
286,378
286,377
286,376
286,375
286,374
286,373
286,372
286,371
286,370
286,369
286,368
286,367
286,366
286,365
286,364
286,363
286,362
286,361
286,360
286,359
286,358
286,357
286,356
286,355
286,354
286,353
286,352
286,351
286,350
286,349
286,348
286,347
286,346
286,345
286,344
286,343
286,342
286,341
286,340
286,339
286,338
286,337
286,336
286,335
286,334
286,333
286,332
286,331
286,330
286,329
286,328
286,327
286,326
286,325
286,324
286,323
286,322
286,321
286,320
286,319
286,318
286,317
286,316
286,315
286,314
286,313
286,312
286,311
286,310
286,309
286,308
286,307
286,306
286,305
286,304
286,303
286,302
286,301
286,300
286,299
286,298
286,297
286,296
286,295
286,294
286,293
286,292
286,291
286,290
286,289
286,288
286,287
286,286
286,285
286,284
286,283
286,282
286,281
286,280
286,279
286,278
286,277
286,276
286,275
286,274
286,273
286,272
286,271
286,270
286,269
286,268
286,267
286,266
286,265
286,264
286,263
286,262
286,261
286,260
286,259
286,258
286,257
286,256
286,255
286,254
286,253
286,252
286,251
286,250
286,249
286,248
286,247
286,246
286,245
286,244
286,243
286,242
286,241
286,240
286,239
286,238
286,237
286,236
286,235
286,234
286,233
286,232
286,231
286,230
286,229
286,228
286,227
286,226
286,225
286,224
286,223
286,222
286,221
286,220
286,219
286,218
286,217
286,216
286,215
286,214
286,213
286,212
286,211
286,210
286,209
286,208
286,207
286,206
286,205
286,204
286,203
286,202
286,201
286,200
286,199
286,198
286,197
286,196
286,195
286,194
286,193
286,192
286,191
286,190
286,189
286,188
286,187
286,186
286,185
286,184
286,183
286,182
286,181
286,180
286,179
286,178
286,177
286,176
286,175
286,174
286,173
286,172
286,171
286,170
286,169
286,168
286,167
286,166
286,165
286,164
286,163
286,162
286,161
286,160
286,159
286,158
286,157
286,156
286,155
286,154
286,153
286,152
286,151
286,150
286,149
286,148
286,147
286,146
286,145
286,144
286,143
286,142
286,141
286,140
286,139
286,138
286,137
286,136
286,135
286,134
286,133
286,132
286,131
286,130
286,129
286,128
286,127
286,126
286,125
286,124
286,123
286,122
286,121
286,120
286,119
286,118
286,117
286,116
286,115
286,114
286,113
286,112
286,111
286,110
286,109
286,108
286,107
286,106
286,105
286,104
286,103
286,102
286,101
286,100
286,99
286,98
286,97
286,96
286,95
286,94
286,93
286,92
286,91
286,90
286,89
286,88
286,87
286,86
286,85
286,84
286,83
286,82
286,81
286,80
286,79
286,78
286,77
286,76
286,75
286,74
286,73
286,72
286,71
286,70
286,69
286,68
286,67
286,66
286,65
286,64
286,63
286,62
286,61
286,60
286,59
286,58
286,57
286,56
286,55
286,54
286,53
286,52
286,51
286,50
286,49
286,48
286,47
286,46
286,45
287,44
287,43
287,42
288,41
288,40
289,39
289,38
290,37
291,36
292,35
293,35
294,34
295,33
296,33
297,33
298,32
299,32
300,32
301,32
302,32
303,32
304,32
305,33
306,33
307,33
308,34
309,35
310,35
311,36
312,37
313,38
313,39
314,40
314,41
315,42
315,43
315,44
316,45
316,46
316,47
316,48
316,49
316,50
316,51
316,52
316,53
316,54
316,55
316,56
316,57
316,58
316,59
316,60
316,61
316,62
316,63
316,64
316,65
316,66
316,67
316,68
316,69
316,70
316,71
316,72
316,73
316,74
316,75
316,76
316,77
316,78
316,79
316,80
316,81
316,82
316,83
316,84
316,85
316,86
316,87
316,88
316,89
316,90
316,91
316,92
316,93
316,94
316,95
316,96
316,97
316,98
316,99
316,100
316,101
316,102
316,103
316,104
316,105
316,106
316,107
316,108
316,109
316,110
316,111
316,112
316,113
316,114
316,115
316,116
316,117
316,118
316,119
316,120
316,121
316,122
316,123
316,124
316,125
316,126
316,127
316,128
316,129
316,130
316,131
316,132
316,133
316,134
316,135
316,136
316,137
316,138
316,139
316,140
316,141
316,142
316,143
316,144
316,145
316,146
316,147
316,148
316,149
316,150
316,151
316,152
316,153
316,154
316,155
316,156
316,157
316,158
316,159
316,160
316,161
316,162
316,163
316,164
316,165
316,166
316,167
316,168
316,169
316,170
316,171
316,172
316,173
316,174
316,175
316,176
316,177
316,178
316,179
316,180
316,181
316,182
316,183
316,184
316,185
316,186
316,187
316,188
316,189
316,190
316,191
316,192
316,193
316,194
316,195
316,196
316,197
316,198
316,199
316,200
316,201
316,202
316,203
316,204
316,205
316,206
316,207
316,208
316,209
316,210
316,211
316,212
316,213
316,214
316,215
316,216
316,217
316,218
316,219
316,220
316,221
316,222
316,223
316,224
316,225
316,226
316,227
316,228
316,229
316,230
316,231
316,232
316,233
316,234
316,235
316,236
316,237
316,238
316,239
316,240
316,241
316,242
316,243
316,244
316,245
316,246
316,247
316,248
316,249
316,250
316,251
316,252
316,253
316,254
316,255
316,256
316,257
316,258
316,259
316,260
316,261
316,262
316,263
316,264
316,265
316,266
316,267
316,268
316,269
316,270
316,271
316,272
316,273
316,274
316,275
316,276
316,277
316,278
316,279
316,280
316,281
316,282
316,283
316,284
316,285
316,286
316,287
316,288
316,289
316,290
316,291
316,292
316,293
316,294
316,295
316,296
316,297
316,298
316,299
316,300
316,301
316,302
316,303
316,304
316,305
316,306
316,307
316,308
316,309
316,310
316,311
316,312
316,313
316,314
316,315
316,316
316,317
316,318
316,319
316,320
316,321
316,322
316,323
316,324
316,325
316,326
316,327
316,328
316,329
316,330
316,331
316,332
316,333
316,334
316,335
316,336
316,337
316,338
316,339
316,340
316,341
316,342
316,343
316,344
316,345
316,346
316,347
316,348
316,349
316,350
316,351
316,352
316,353
316,354
316,355
316,356
316,357
316,358
316,359
316,360
316,361
316,362
316,363
316,364
316,365
316,366
316,367
316,368
316,369
316,370
316,371
316,372
316,373
316,374
316,375
316,376
316,377
316,378
316,379
316,380
316,381
316,382
316,383
316,384
316,385
316,386
316,387
316,388
316,389
316,390
316,391
316,392
316,393
316,394
316,395
316,396
316,397
316,398
316,399
316,400
316,401
316,402
316,403
316,404
316,405
316,406
316,407
316,408
316,409
316,410
316,411
316,412
316,413
316,414
316,415
316,416
316,417
316,418
316,419
316,420
316,421
316,422
316,423
316,424
316,425
316,426
316,427
316,428
316,429
316,430
316,431
316,432
316,433
316,434
316,435
316,436
316,437
316,438
316,439
316,440
316,441
316,442
316,443
316,444
316,445
316,446
316,447
316,448
316,449
316,450
316,451
316,452
316,453
316,454
316,455
316,456
316,457
316,458
316,459
316,460
316,461
316,462
316,463
316,464
316,465
316,466
316,467
316,468
316,469
316,470
316,471
316,472
316,473
316,474
316,475
316,476
316,477
316,478
316,479
316,480
316,481
316,482
316,483
316,484
316,485
316,486
316,487
316,488
316,489
316,490
316,491
316,492
316,493
316,494
316,495
316,496
316,497
316,498
316,499
316,500
316,501
316,502
316,503
316,504
316,505
316,506
316,507
316,508
316,509
316,510
316,511
316,512
316,513
316,514
316,515
316,516
316,517
316,518
316,519
316,520
316,521
316,522
316,523
316,524
316,525
316,526
316,527
316,528
316,529
316,530
316,531
316,532
316,533
316,534
316,535
316,536
316,537
316,538
316,539
316,540
316,541
316,542
316,543
316,544
316,545
316,546
316,547
316,548
316,549
316,550
316,551
316,552
316,553
316,554
316,555
316,556
316,557
316,558
316,559
316,560
316,561
316,562
316,563
316,564
316,565
316,566
316,567
316,568
316,569
316,570
316,571
316,572
316,573
316,574
316,575
316,576
316,577
316,578
316,579
316,580
316,581
316,582
316,583
316,584
316,585
316,586
316,587
316,588
316,589
316,590
316,591
316,592
316,593
316,594
316,595
316,596
316,597
316,598
316,599
316,600
316,601
316,602
316,603
316,604
316,605
316,606
316,607
316,608
316,609
316,610
316,611
316,612
316,613
316,614
316,615
316,616
316,617
316,618
316,619
316,620
316,621
316,622
316,623
316,624
316,625
316,626
316,627
316,628
316,629
316,630
316,631
316,632
316,633
316,634
316,635
316,636
316,637
316,638
316,639
316,640
316,641
316,642
316,643
316,644
316,645
316,646
316,647
316,648
316,649
316,650
316,651
316,652
316,653
316,654
316,655
316,656
316,657
316,658
316,659
316,660
316,661
316,662
316,663
316,664
316,665
316,666
316,667
316,668
316,669
316,670
316,671
316,672
316,673
316,674
316,675
316,676
316,677
316,678
316,679
316,680
316,681
316,682
316,683
316,684
316,685
316,686
316,687
316,688
316,689
316,690
316,691
316,692
316,693
316,694
316,695
316,696
316,697
316,698
316,699
316,700
316,701
316,702
316,703
316,704
316,705
316,706
316,707
316,708
316,709
316,710
316,711
316,712
316,713
316,714
316,715
316,716
316,717
316,718
316,719
316,720
316,721
316,722
316,723
316,724
316,725
316,726
316,727
316,728
316,729
316,730
316,731
316,732
316,733
316,734
316,735
316,736
316,737
316,738
316,739
316,740
316,741
316,742
316,743
316,744
316,745
316,746
316,747
316,748
316,749
316,750
316,751
316,752
316,753
316,754
316,755
316,756
316,757
316,758
316,759
316,760
316,761
316,762
316,763
316,764
316,765
316,766
316,767
316,768
316,769
316,770
316,771
316,772
316,773
316,774
316,775
316,776
316,777
316,778
316,779
316,780
316,781
316,782
316,783
316,784
316,785
316,786
316,787
316,788
316,789
316,790
316,791
316,792
316,793
316,794
316,795
316,796
316,797
316,798
316,799
316,800
316,801
316,802
316,803
316,804
316,805
316,806
316,807
316,808
316,809
316,810
316,811
316,812
316,813
316,814
316,815
316,816
316,817
316,818
316,819
316,820
316,821
316,822
316,823
316,824
316,825
316,826
316,827
316,828
316,829
316,830
316,831
316,832
316,833
316,834
316,835
316,836
316,837
316,838
316,839
316,840
316,841
316,842
316,843
316,844
316,845
316,846
316,847
316,848
316,849
316,850
316,851
316,852
316,853
316,854
316,855
316,856
316,857
316,858
316,859
316,860
316,861
316,862
316,863
316,864
316,865
316,866
316,867
316,868
316,869
316,870
316,871
316,872
316,873
316,874
316,875
316,876
316,877
316,878
316,879
316,880
316,881
316,882
316,883
316,884
316,885
316,886
316,887
316,888
316,889
316,890
316,891
316,892
316,893
316,894
316,895
316,896
316,897
316,898
316,899
316,900
316,901
316,902
316,903
316,904
316,905
316,906
316,907
316,908
316,909
316,910
316,911
316,912
316,913
316,914
316,915
316,916
316,917
316,918
316,919
316,920
316,921
316,922
316,923
316,924
316,925
316,926
316,927
316,928
316,929
316,930
316,931
316,932
316,933
316,934
316,935
316,936
316,937
316,938
316,939
316,940
316,941
316,942
316,943
316,944
316,945
316,946
316,947
316,948
316,949
316,950
316,951
316,952
316,953
316,954
316,955
316,956
316,957
316,958
316,959
316,960
316,961
316,962
316,963
316,964
316,965
316,966
316,967
316,968
316,969
316,970
316,971
316,972
316,973
316,974
316,975
316,976
316,977
316,978
316,979
317,980
317,981
317,982
318,983
318,984
319,985
319,986
320,987
321,988
322,989
323,989
324,990
325,991
326,991
327,991
328,992
329,992
330,992
331,992
332,992
333,992
334,992
335,991
336,991
337,991
338,990
339,989
340,989
341,988
342,987
343,986
343,985
344,984
344,983
345,982
345,981
345,980
346,979
346,978
346,977
346,976
346,975
346,974
346,973
346,972
346,971
346,970
346,969
346,968
346,967
346,966
346,965
346,964
346,963
346,962
346,961
346,960
346,959
346,958
346,957
346,956
346,955
346,954
346,953
346,952
346,951
346,950
346,949
346,948
346,947
346,946
346,945
346,944
346,943
346,942
346,941
346,940
346,939
346,938
346,937
346,936
346,935
346,934
346,933
346,932
346,931
346,930
346,929
346,928
346,927
346,926
346,925
346,924
346,923
346,922
346,921
346,920
346,919
346,918
346,917
346,916
346,915
346,914
346,913
346,912
346,911
346,910
346,909
346,908
346,907
346,906
346,905
346,904
346,903
346,902
346,901
346,900
346,899
346,898
346,897
346,896
346,895
346,894
346,893
346,892
346,891
346,890
346,889
346,888
346,887
346,886
346,885
346,884
346,883
346,882
346,881
346,880
346,879
346,878
346,877
346,876
346,875
346,874
346,873
346,872
346,871
346,870
346,869
346,868
346,867
346,866
346,865
346,864
346,863
346,862
346,861
346,860
346,859
346,858
346,857
346,856
346,855
346,854
346,853
346,852
346,851
346,850
346,849
346,848
346,847
346,846
346,845
346,844
346,843
346,842
346,841
346,840
346,839
346,838
346,837
346,836
346,835
346,834
346,833
346,832
346,831
346,830
346,829
346,828
346,827
346,826
346,825
346,824
346,823
346,822
346,821
346,820
346,819
346,818
346,817
346,816
346,815
346,814
346,813
346,812
346,811
346,810
346,809
346,808
346,807
346,806
346,805
346,804
346,803
346,802
346,801
346,800
346,799
346,798
346,797
346,796
346,795
346,794
346,793
346,792
346,791
346,790
346,789
346,788
346,787
346,786
346,785
346,784
346,783
346,782
346,781
346,780
346,779
346,778
346,777
346,776
346,775
346,774
346,773
346,772
346,771
346,770
346,769
346,768
346,767
346,766
346,765
346,764
346,763
346,762
346,761
346,760
346,759
346,758
346,757
346,756
346,755
346,754
346,753
346,752
346,751
346,750
346,749
346,748
346,747
346,746
346,745
346,744
346,743
346,742
346,741
346,740
346,739
346,738
346,737
346,736
346,735
346,734
346,733
346,732
346,731
346,730
346,729
346,728
346,727
346,726
346,725
346,724
346,723
346,722
346,721
346,720
346,719
346,718
346,717
346,716
346,715
346,714
346,713
346,712
346,711
346,710
346,709
346,708
346,707
346,706
346,705
346,704
346,703
346,702
346,701
346,700
346,699
346,698
346,697
346,696
346,695
346,694
346,693
346,692
346,691
346,690
346,689
346,688
346,687
346,686
346,685
346,684
346,683
346,682
346,681
346,680
346,679
346,678
346,677
346,676
346,675
346,674
346,673
346,672
346,671
346,670
346,669
346,668
346,667
346,666
346,665
346,664
346,663
346,662
346,661
346,660
346,659
346,658
346,657
346,656
346,655
346,654
346,653
346,652
346,651
346,650
346,649
346,648
346,647
346,646
346,645
346,644
346,643
346,642
346,641
346,640
346,639
346,638
346,637
346,636
346,635
346,634
346,633
346,632
346,631
346,630
346,629
346,628
346,627
346,626
346,625
346,624
346,623
346,622
346,621
346,620
346,619
346,618
346,617
346,616
346,615
346,614
346,613
346,612
346,611
346,610
346,609
346,608
346,607
346,606
346,605
346,604
346,603
346,602
346,601
346,600
346,599
346,598
346,597
346,596
346,595
346,594
346,593
346,592
346,591
346,590
346,589
346,588
346,587
346,586
346,585
346,584
346,583
346,582
346,581
346,580
346,579
346,578
346,577
346,576
346,575
346,574
346,573
346,572
346,571
346,570
346,569
346,568
346,567
346,566
346,565
346,564
346,563
346,562
346,561
346,560
346,559
346,558
346,557
346,556
346,555
346,554
346,553
346,552
346,551
346,550
346,549
346,548
346,547
346,546
346,545
346,544
346,543
346,542
346,541
346,540
346,539
346,538
346,537
346,536
346,535
346,534
346,533
346,532
346,531
346,530
346,529
346,528
346,527
346,526
346,525
346,524
346,523
346,522
346,521
346,520
346,519
346,518
346,517
346,516
346,515
346,514
346,513
346,512
346,511
346,510
346,509
346,508
346,507
346,506
346,505
346,504
346,503
346,502
346,501
346,500
346,499
346,498
346,497
346,496
346,495
346,494
346,493
346,492
346,491
346,490
346,489
346,488
346,487
346,486
346,485
346,484
346,483
346,482
346,481
346,480
346,479
346,478
346,477
346,476
346,475
346,474
346,473
346,472
346,471
346,470
346,469
346,468
346,467
346,466
346,465
346,464
346,463
346,462
346,461
346,460
346,459
346,458
346,457
346,456
346,455
346,454
346,453
346,452
346,451
346,450
346,449
346,448
346,447
346,446
346,445
346,444
346,443
346,442
346,441
346,440
346,439
346,438
346,437
346,436
346,435
346,434
346,433
346,432
346,431
346,430
346,429
346,428
346,427
346,426
346,425
346,424
346,423
346,422
346,421
346,420
346,419
346,418
346,417
346,416
346,415
346,414
346,413
346,412
346,411
346,410
346,409
346,408
346,407
346,406
346,405
346,404
346,403
346,402
346,401
346,400
346,399
346,398
346,397
346,396
346,395
346,394
346,393
346,392
346,391
346,390
346,389
346,388
346,387
346,386
346,385
346,384
346,383
346,382
346,381
346,380
346,379
346,378
346,377
346,376
346,375
346,374
346,373
346,372
346,371
346,370
346,369
346,368
346,367
346,366
346,365
346,364
346,363
346,362
346,361
346,360
346,359
346,358
346,357
346,356
346,355
346,354
346,353
346,352
346,351
346,350
346,349
346,348
346,347
346,346
346,345
346,344
346,343
346,342
346,341
346,340
346,339
346,338
346,337
346,336
346,335
346,334
346,333
346,332
346,331
346,330
346,329
346,328
346,327
346,326
346,325
346,324
346,323
346,322
346,321
346,320
346,319
346,318
346,317
346,316
346,315
346,314
346,313
346,312
346,311
346,310
346,309
346,308
346,307
346,306
346,305
346,304
346,303
346,302
346,301
346,300
346,299
346,298
346,297
346,296
346,295
346,294
346,293
346,292
346,291
346,290
346,289
346,288
346,287
346,286
346,285
346,284
346,283
346,282
346,281
346,280
346,279
346,278
346,277
346,276
346,275
346,274
346,273
346,272
346,271
346,270
346,269
346,268
346,267
346,266
346,265
346,264
346,263
346,262
346,261
346,260
346,259
346,258
346,257
346,256
346,255
346,254
346,253
346,252
346,251
346,250
346,249
346,248
346,247
346,246
346,245
346,244
346,243
346,242
346,241
346,240
346,239
346,238
346,237
346,236
346,235
346,234
346,233
346,232
346,231
346,230
346,229
346,228
346,227
346,226
346,225
346,224
346,223
346,222
346,221
346,220
346,219
346,218
346,217
346,216
346,215
346,214
346,213
346,212
346,211
346,210
346,209
346,208
346,207
346,206
346,205
346,204
346,203
346,202
346,201
346,200
346,199
346,198
346,197
346,196
346,195
346,194
346,193
346,192
346,191
346,190
346,189
346,188
346,187
346,186
346,185
346,184
346,183
346,182
346,181
346,180
346,179
346,178
346,177
346,176
346,175
346,174
346,173
346,172
346,171
346,170
346,169
346,168
346,167
346,166
346,165
346,164
346,163
346,162
346,161
346,160
346,159
346,158
346,157
346,156
346,155
346,154
346,153
346,152
346,151
346,150
346,149
346,148
346,147
346,146
346,145
346,144
346,143
346,142
346,141
346,140
346,139
346,138
346,137
346,136
346,135
346,134
346,133
346,132
346,131
346,130
346,129
346,128
346,127
346,126
346,125
346,124
346,123
346,122
346,121
346,120
346,119
346,118
346,117
346,116
346,115
346,114
346,113
346,112
346,111
346,110
346,109
346,108
346,107
346,106
346,105
346,104
346,103
346,102
346,101
346,100
346,99
346,98
346,97
346,96
346,95
346,94
346,93
346,92
346,91
346,90
346,89
346,88
346,87
346,86
346,85
346,84
346,83
346,82
346,81
346,80
346,79
346,78
346,77
346,76
346,75
346,74
346,73
346,72
346,71
346,70
346,69
346,68
346,67
346,66
346,65
346,64
346,63
346,62
346,61
346,60
346,59
346,58
346,57
346,56
346,55
346,54
346,53
346,52
346,51
346,50
346,49
346,48
346,47
346,46
346,45
347,44
347,43
347,42
348,41
348,40
349,39
349,38
350,37
351,36
352,35
353,35
354,34
355,33
356,33
357,33
358,32
359,32
360,32
361,32
362,32
363,32
364,32
365,33
366,33
367,33
368,34
369,35
370,35
371,36
372,37
373,38
373,39
374,40
374,41
375,42
375,43
375,44
376,45
376,46
376,47
376,48
376,49
376,50
376,51
376,52
376,53
376,54
376,55
376,56
376,57
376,58
376,59
376,60
376,61
376,62
376,63
376,64
376,65
376,66
376,67
376,68
376,69
376,70
376,71
376,72
376,73
376,74
376,75
376,76
376,77
376,78
376,79
376,80
376,81
376,82
376,83
376,84
376,85
376,86
376,87
376,88
376,89
376,90
376,91
376,92
376,93
376,94
376,95
376,96
376,97
376,98
376,99
376,100
376,101
376,102
376,103
376,104
376,105
376,106
376,107
376,108
376,109
376,110
376,111
376,112
376,113
376,114
376,115
376,116
376,117
376,118
376,119
376,120
376,121
376,122
376,123
376,124
376,125
376,126
376,127
376,128
376,129
376,130
376,131
376,132
376,133
376,134
376,135
376,136
376,137
376,138
376,139
376,140
376,141
376,142
376,143
376,144
376,145
376,146
376,147
376,148
376,149
376,150
376,151
376,152
376,153
376,154
376,155
376,156
376,157
376,158
376,159
376,160
376,161
376,162
376,163
376,164
376,165
376,166
376,167
376,168
376,169
376,170
376,171
376,172
376,173
376,174
376,175
376,176
376,177
376,178
376,179
376,180
376,181
376,182
376,183
376,184
376,185
376,186
376,187
376,188
376,189
376,190
376,191
376,192
376,193
376,194
376,195
376,196
376,197
376,198
376,199
376,200
376,201
376,202
376,203
376,204
376,205
376,206
376,207
376,208
376,209
376,210
376,211
376,212
376,213
376,214
376,215
376,216
376,217
376,218
376,219
376,220
376,221
376,222
376,223
376,224
376,225
376,226
376,227
376,228
376,229
376,230
376,231
376,232
376,233
376,234
376,235
376,236
376,237
376,238
376,239
376,240
376,241
376,242
376,243
376,244
376,245
376,246
376,247
376,248
376,249
376,250
376,251
376,252
376,253
376,254
376,255
376,256
376,257
376,258
376,259
376,260
376,261
376,262
376,263
376,264
376,265
376,266
376,267
376,268
376,269
376,270
376,271
376,272
376,273
376,274
376,275
376,276
376,277
376,278
376,279
376,280
376,281
376,282
376,283
376,284
376,285
376,286
376,287
376,288
376,289
376,290
376,291
376,292
376,293
376,294
376,295
376,296
376,297
376,298
376,299
376,300
376,301
376,302
376,303
376,304
376,305
376,306
376,307
376,308
376,309
376,310
376,311
376,312
376,313
376,314
376,315
376,316
376,317
376,318
376,319
376,320
376,321
376,322
376,323
376,324
376,325
376,326
376,327
376,328
376,329
376,330
376,331
376,332
376,333
376,334
376,335
376,336
376,337
376,338
376,339
376,340
376,341
376,342
376,343
376,344
376,345
376,346
376,347
376,348
376,349
376,350
376,351
376,352
376,353
376,354
376,355
376,356
376,357
376,358
376,359
376,360
376,361
376,362
376,363
376,364
376,365
376,366
376,367
376,368
376,369
376,370
376,371
376,372
376,373
376,374
376,375
376,376
376,377
376,378
376,379
376,380
376,381
376,382
376,383
376,384
376,385
376,386
376,387
376,388
376,389
376,390
376,391
376,392
376,393
376,394
376,395
376,396
376,397
376,398
376,399
376,400
376,401
376,402
376,403
376,404
376,405
376,406
376,407
376,408
376,409
376,410
376,411
376,412
376,413
376,414
376,415
376,416
376,417
376,418
376,419
376,420
376,421
376,422
376,423
376,424
376,425
376,426
376,427
376,428
376,429
376,430
376,431
376,432
376,433
376,434
376,435
376,436
376,437
376,438
376,439
376,440
376,441
376,442
376,443
376,444
376,445
376,446
376,447
376,448
376,449
376,450
376,451
376,452
376,453
376,454
376,455
376,456
376,457
376,458
376,459
376,460
376,461
376,462
376,463
376,464
376,465
376,466
376,467
376,468
376,469
376,470
376,471
376,472
376,473
376,474
376,475
376,476
376,477
376,478
376,479
376,480
376,481
376,482
376,483
376,484
376,485
376,486
376,487
376,488
376,489
376,490
376,491
376,492
376,493
376,494
376,495
376,496
376,497
376,498
376,499
376,500
376,501
376,502
376,503
376,504
376,505
376,506
376,507
376,508
376,509
376,510
376,511
376,512
376,513
376,514
376,515
376,516
376,517
376,518
376,519
376,520
376,521
376,522
376,523
376,524
376,525
376,526
376,527
376,528
376,529
376,530
376,531
376,532
376,533
376,534
376,535
376,536
376,537
376,538
376,539
376,540
376,541
376,542
376,543
376,544
376,545
376,546
376,547
376,548
376,549
376,550
376,551
376,552
376,553
376,554
376,555
376,556
376,557
376,558
376,559
376,560
376,561
376,562
376,563
376,564
376,565
376,566
376,567
376,568
376,569
376,570
376,571
376,572
376,573
376,574
376,575
376,576
376,577
376,578
376,579
376,580
376,581
376,582
376,583
376,584
376,585
376,586
376,587
376,588
376,589
376,590
376,591
376,592
376,593
376,594
376,595
376,596
376,597
376,598
376,599
376,600
376,601
376,602
376,603
376,604
376,605
376,606
376,607
376,608
376,609
376,610
376,611
376,612
376,613
376,614
376,615
376,616
376,617
376,618
376,619
376,620
376,621
376,622
376,623
376,624
376,625
376,626
376,627
376,628
376,629
376,630
376,631
376,632
376,633
376,634
376,635
376,636
376,637
376,638
376,639
376,640
376,641
376,642
376,643
376,644
376,645
376,646
376,647
376,648
376,649
376,650
376,651
376,652
376,653
376,654
376,655
376,656
376,657
376,658
376,659
376,660
376,661
376,662
376,663
376,664
376,665
376,666
376,667
376,668
376,669
376,670
376,671
376,672
376,673
376,674
376,675
376,676
376,677
376,678
376,679
376,680
376,681
376,682
376,683
376,684
376,685
376,686
376,687
376,688
376,689
376,690
376,691
376,692
376,693
376,694
376,695
376,696
376,697
376,698
376,699
376,700
376,701
376,702
376,703
376,704
376,705
376,706
376,707
376,708
376,709
376,710
376,711
376,712
376,713
376,714
376,715
376,716
376,717
376,718
376,719
376,720
376,721
376,722
376,723
376,724
376,725
376,726
376,727
376,728
376,729
376,730
376,731
376,732
376,733
376,734
376,735
376,736
376,737
376,738
376,739
376,740
376,741
376,742
376,743
376,744
376,745
376,746
376,747
376,748
376,749
376,750
376,751
376,752
376,753
376,754
376,755
376,756
376,757
376,758
376,759
376,760
376,761
376,762
376,763
376,764
376,765
376,766
376,767
376,768
376,769
376,770
376,771
376,772
376,773
376,774
376,775
376,776
376,777
376,778
376,779
376,780
376,781
376,782
376,783
376,784
376,785
376,786
376,787
376,788
376,789
376,790
376,791
376,792
376,793
376,794
376,795
376,796
376,797
376,798
376,799
376,800
376,801
376,802
376,803
376,804
376,805
376,806
376,807
376,808
376,809
376,810
376,811
376,812
376,813
376,814
376,815
376,816
376,817
376,818
376,819
376,820
376,821
376,822
376,823
376,824
376,825
376,826
376,827
376,828
376,829
376,830
376,831
376,832
376,833
376,834
376,835
376,836
376,837
376,838
376,839
376,840
376,841
376,842
376,843
376,844
376,845
376,846
376,847
376,848
376,849
376,850
376,851
376,852
376,853
376,854
376,855
376,856
376,857
376,858
376,859
376,860
376,861
376,862
376,863
376,864
376,865
376,866
376,867
376,868
376,869
376,870
376,871
376,872
376,873
376,874
376,875
376,876
376,877
376,878
376,879
376,880
376,881
376,882
376,883
376,884
376,885
376,886
376,887
376,888
376,889
376,890
376,891
376,892
376,893
376,894
376,895
376,896
376,897
376,898
376,899
376,900
376,901
376,902
376,903
376,904
376,905
376,906
376,907
376,908
376,909
376,910
376,911
376,912
376,913
376,914
376,915
376,916
376,917
376,918
376,919
376,920
376,921
376,922
376,923
376,924
376,925
376,926
376,927
376,928
376,929
376,930
376,931
376,932
376,933
376,934
376,935
376,936
376,937
376,938
376,939
376,940
376,941
376,942
376,943
376,944
376,945
376,946
376,947
376,948
376,949
376,950
376,951
376,952
376,953
376,954
376,955
376,956
376,957
376,958
376,959
376,960
376,961
376,962
376,963
376,964
376,965
376,966
376,967
376,968
376,969
376,970
376,971
376,972
376,973
376,974
376,975
376,976
376,977
376,978
376,979
377,980
377,981
377,982
378,983
378,984
379,985
379,986
380,987
381,988
382,989
383,989
384,990
385,991
386,991
387,991
388,992
389,992
390,992
391,992
392,992
393,992
394,992
395,992
396,991
397,991
398,991
399,990
400,989
401,989
402,988
403,987
404,986
404,985
405,984
405,983
406,982
406,981
406,980
407,979
407,978
407,977
407,976
407,975
407,974
407,973
407,972
407,971
407,970
407,969
407,968
407,967
407,966
407,965
407,964
407,963
407,962
407,961
407,960
407,959
407,958
407,957
407,956
407,955
407,954
407,953
407,952
407,951
407,950
407,949
407,948
407,947
407,946
407,945
407,944
407,943
407,942
407,941
407,940
407,939
407,938
407,937
407,936
407,935
407,934
407,933
407,932
407,931
407,930
407,929
407,928
407,927
407,926
407,925
407,924
407,923
407,922
407,921
407,920
407,919
407,918
407,917
407,916
407,915
407,914
407,913
407,912
407,911
407,910
407,909
407,908
407,907
407,906
407,905
407,904
407,903
407,902
407,901
407,900
407,899
407,898
407,897
407,896
407,895
407,894
407,893
407,892
407,891
407,890
407,889
407,888
407,887
407,886
407,885
407,884
407,883
407,882
407,881
407,880
407,879
407,878
407,877
407,876
407,875
407,874
407,873
407,872
407,871
407,870
407,869
407,868
407,867
407,866
407,865
407,864
407,863
407,862
407,861
407,860
407,859
407,858
407,857
407,856
407,855
407,854
407,853
407,852
407,851
407,850
407,849
407,848
407,847
407,846
407,845
407,844
407,843
407,842
407,841
407,840
407,839
407,838
407,837
407,836
407,835
407,834
407,833
407,832
407,831
407,830
407,829
407,828
407,827
407,826
407,825
407,824
407,823
407,822
407,821
407,820
407,819
407,818
407,817
407,816
407,815
407,814
407,813
407,812
407,811
407,810
407,809
407,808
407,807
407,806
407,805
407,804
407,803
407,802
407,801
407,800
407,799
407,798
407,797
407,796
407,795
407,794
407,793
407,792
407,791
407,790
407,789
407,788
407,787
407,786
407,785
407,784
407,783
407,782
407,781
407,780
407,779
407,778
407,777
407,776
407,775
407,774
407,773
407,772
407,771
407,770
407,769
407,768
407,767
407,766
407,765
407,764
407,763
407,762
407,761
407,760
407,759
407,758
407,757
407,756
407,755
407,754
407,753
407,752
407,751
407,750
407,749
407,748
407,747
407,746
407,745
407,744
407,743
407,742
407,741
407,740
407,739
407,738
407,737
407,736
407,735
407,734
407,733
407,732
407,731
407,730
407,729
407,728
407,727
407,726
407,725
407,724
407,723
407,722
407,721
407,720
407,719
407,718
407,717
407,716
407,715
407,714
407,713
407,712
407,711
407,710
407,709
407,708
407,707
407,706
407,705
407,704
407,703
407,702
407,701
407,700
407,699
407,698
407,697
407,696
407,695
407,694
407,693
407,692
407,691
407,690
407,689
407,688
407,687
407,686
407,685
407,684
407,683
407,682
407,681
407,680
407,679
407,678
407,677
407,676
407,675
407,674
407,673
407,672
407,671
407,670
407,669
407,668
407,667
407,666
407,665
407,664
407,663
407,662
407,661
407,660
407,659
407,658
407,657
407,656
407,655
407,654
407,653
407,652
407,651
407,650
407,649
407,648
407,647
407,646
407,645
407,644
407,643
407,642
407,641
407,640
407,639
407,638
407,637
407,636
407,635
407,634
407,633
407,632
407,631
407,630
407,629
407,628
407,627
407,626
407,625
407,624
407,623
407,622
407,621
407,620
407,619
407,618
407,617
407,616
407,615
407,614
407,613
407,612
407,611
407,610
407,609
407,608
407,607
407,606
407,605
407,604
407,603
407,602
407,601
407,600
407,599
407,598
407,597
407,596
407,595
407,594
407,593
407,592
407,591
407,590
407,589
407,588
407,587
407,586
407,585
407,584
407,583
407,582
407,581
407,580
407,579
407,578
407,577
407,576
407,575
407,574
407,573
407,572
407,571
407,570
407,569
407,568
407,567
407,566
407,565
407,564
407,563
407,562
407,561
407,560
407,559
407,558
407,557
407,556
407,555
407,554
407,553
407,552
407,551
407,550
407,549
407,548
407,547
407,546
407,545
407,544
407,543
407,542
407,541
407,540
407,539
407,538
407,537
407,536
407,535
407,534
407,533
407,532
407,531
407,530
407,529
407,528
407,527
407,526
407,525
407,524
407,523
407,522
407,521
407,520
407,519
407,518
407,517
407,516
407,515
407,514
407,513
407,512
407,511
407,510
407,509
407,508
407,507
407,506
407,505
407,504
407,503
407,502
407,501
407,500
407,499
407,498
407,497
407,496
407,495
407,494
407,493
407,492
407,491
407,490
407,489
407,488
407,487
407,486
407,485
407,484
407,483
407,482
407,481
407,480
407,479
407,478
407,477
407,476
407,475
407,474
407,473
407,472
407,471
407,470
407,469
407,468
407,467
407,466
407,465
407,464
407,463
407,462
407,461
407,460
407,459
407,458
407,457
407,456
407,455
407,454
407,453
407,452
407,451
407,450
407,449
407,448
407,447
407,446
407,445
407,444
407,443
407,442
407,441
407,440
407,439
407,438
407,437
407,436
407,435
407,434
407,433
407,432
407,431
407,430
407,429
407,428
407,427
407,426
407,425
407,424
407,423
407,422
407,421
407,420
407,419
407,418
407,417
407,416
407,415
407,414
407,413
407,412
407,411
407,410
407,409
407,408
407,407
407,406
407,405
407,404
407,403
407,402
407,401
407,400
407,399
407,398
407,397
407,396
407,395
407,394
407,393
407,392
407,391
407,390
407,389
407,388
407,387
407,386
407,385
407,384
407,383
407,382
407,381
407,380
407,379
407,378
407,377
407,376
407,375
407,374
407,373
407,372
407,371
407,370
407,369
407,368
407,367
407,366
407,365
407,364
407,363
407,362
407,361
407,360
407,359
407,358
407,357
407,356
407,355
407,354
407,353
407,352
407,351
407,350
407,349
407,348
407,347
407,346
407,345
407,344
407,343
407,342
407,341
407,340
407,339
407,338
407,337
407,336
407,335
407,334
407,333
407,332
407,331
407,330
407,329
407,328
407,327
407,326
407,325
407,324
407,323
407,322
407,321
407,320
407,319
407,318
407,317
407,316
407,315
407,314
407,313
407,312
407,311
407,310
407,309
407,308
407,307
407,306
407,305
407,304
407,303
407,302
407,301
407,300
407,299
407,298
407,297
407,296
407,295
407,294
407,293
407,292
407,291
407,290
407,289
407,288
407,287
407,286
407,285
407,284
407,283
407,282
407,281
407,280
407,279
407,278
407,277
407,276
407,275
407,274
407,273
407,272
407,271
407,270
407,269
407,268
407,267
407,266
407,265
407,264
407,263
407,262
407,261
407,260
407,259
407,258
407,257
407,256
407,255
407,254
407,253
407,252
407,251
407,250
407,249
407,248
407,247
407,246
407,245
407,244
407,243
407,242
407,241
407,240
407,239
407,238
407,237
407,236
407,235
407,234
407,233
407,232
407,231
407,230
407,229
407,228
407,227
407,226
407,225
407,224
407,223
407,222
407,221
407,220
407,219
407,218
407,217
407,216
407,215
407,214
407,213
407,212
407,211
407,210
407,209
407,208
407,207
407,206
407,205
407,204
407,203
407,202
407,201
407,200
407,199
407,198
407,197
407,196
407,195
407,194
407,193
407,192
407,191
407,190
407,189
407,188
407,187
407,186
407,185
407,184
407,183
407,182
407,181
407,180
407,179
407,178
407,177
407,176
407,175
407,174
407,173
407,172
407,171
407,170
407,169
407,168
407,167
407,166
407,165
407,164
407,163
407,162
407,161
407,160
407,159
407,158
407,157
407,156
407,155
407,154
407,153
407,152
407,151
407,150
407,149
407,148
407,147
407,146
407,145
407,144
407,143
407,142
407,141
407,140
407,139
407,138
407,137
407,136
407,135
407,134
407,133
407,132
407,131
407,130
407,129
407,128
407,127
407,126
407,125
407,124
407,123
407,122
407,121
407,120
407,119
407,118
407,117
407,116
407,115
407,114
407,113
407,112
407,111
407,110
407,109
407,108
407,107
407,106
407,105
407,104
407,103
407,102
407,101
407,100
407,99
407,98
407,97
407,96
407,95
407,94
407,93
407,92
407,91
407,90
407,89
407,88
407,87
407,86
407,85
407,84
407,83
407,82
407,81
407,80
407,79
407,78
407,77
407,76
407,75
407,74
407,73
407,72
407,71
407,70
407,69
407,68
407,67
407,66
407,65
407,64
407,63
407,62
407,61
407,60
407,59
407,58
407,57
407,56
407,55
407,54
407,53
407,52
407,51
407,50
407,49
407,48
407,47
407,46
407,45
408,44
408,43
408,42
409,41
409,40
410,39
410,38
411,37
412,36
413,35
414,35
415,34
416,33
417,33
418,33
419,32
420,32
421,32
422,32
423,32
424,32
425,32
426,33
427,33
428,33
429,34
430,35
431,35
432,36
433,37
434,38
434,39
435,40
435,41
436,42
436,43
436,44
437,45
437,46
437,47
437,48
437,49
437,50
437,51
437,52
437,53
437,54
437,55
437,56
437,57
437,58
437,59
437,60
437,61
437,62
437,63
437,64
437,65
437,66
437,67
437,68
437,69
437,70
437,71
437,72
437,73
437,74
437,75
437,76
437,77
437,78
437,79
437,80
437,81
437,82
437,83
437,84
437,85
437,86
437,87
437,88
437,89
437,90
437,91
437,92
437,93
437,94
437,95
437,96
437,97
437,98
437,99
437,100
437,101
437,102
437,103
437,104
437,105
437,106
437,107
437,108
437,109
437,110
437,111
437,112
437,113
437,114
437,115
437,116
437,117
437,118
437,119
437,120
437,121
437,122
437,123
437,124
437,125
437,126
437,127
437,128
437,129
437,130
437,131
437,132
437,133
437,134
437,135
437,136
437,137
437,138
437,139
437,140
437,141
437,142
437,143
437,144
437,145
437,146
437,147
437,148
437,149
437,150
437,151
437,152
437,153
437,154
437,155
437,156
437,157
437,158
437,159
437,160
437,161
437,162
437,163
437,164
437,165
437,166
437,167
437,168
437,169
437,170
437,171
437,172
437,173
437,174
437,175
437,176
437,177
437,178
437,179
437,180
437,181
437,182
437,183
437,184
437,185
437,186
437,187
437,188
437,189
437,190
437,191
437,192
437,193
437,194
437,195
437,196
437,197
437,198
437,199
437,200
437,201
437,202
437,203
437,204
437,205
437,206
437,207
437,208
437,209
437,210
437,211
437,212
437,213
437,214
437,215
437,216
437,217
437,218
437,219
437,220
437,221
437,222
437,223
437,224
437,225
437,226
437,227
437,228
437,229
437,230
437,231
437,232
437,233
437,234
437,235
437,236
437,237
437,238
437,239
437,240
437,241
437,242
437,243
437,244
437,245
437,246
437,247
437,248
437,249
437,250
437,251
437,252
437,253
437,254
437,255
437,256
437,257
437,258
437,259
437,260
437,261
437,262
437,263
437,264
437,265
437,266
437,267
437,268
437,269
437,270
437,271
437,272
437,273
437,274
437,275
437,276
437,277
437,278
437,279
437,280
437,281
437,282
437,283
437,284
437,285
437,286
437,287
437,288
437,289
437,290
437,291
437,292
437,293
437,294
437,295
437,296
437,297
437,298
437,299
437,300
437,301
437,302
437,303
437,304
437,305
437,306
437,307
437,308
437,309
437,310
437,311
437,312
437,313
437,314
437,315
437,316
437,317
437,318
437,319
437,320
437,321
437,322
437,323
437,324
437,325
437,326
437,327
437,328
437,329
437,330
437,331
437,332
437,333
437,334
437,335
437,336
437,337
437,338
437,339
437,340
437,341
437,342
437,343
437,344
437,345
437,346
437,347
437,348
437,349
437,350
437,351
437,352
437,353
437,354
437,355
437,356
437,357
437,358
437,359
437,360
437,361
437,362
437,363
437,364
437,365
437,366
437,367
437,368
437,369
437,370
437,371
437,372
437,373
437,374
437,375
437,376
437,377
437,378
437,379
437,380
437,381
437,382
437,383
437,384
437,385
437,386
437,387
437,388
437,389
437,390
437,391
437,392
437,393
437,394
437,395
437,396
437,397
437,398
437,399
437,400
437,401
437,402
437,403
437,404
437,405
437,406
437,407
437,408
437,409
437,410
437,411
437,412
437,413
437,414
437,415
437,416
437,417
437,418
437,419
437,420
437,421
437,422
437,423
437,424
437,425
437,426
437,427
437,428
437,429
437,430
437,431
437,432
437,433
437,434
437,435
437,436
437,437
437,438
437,439
437,440
437,441
437,442
437,443
437,444
437,445
437,446
437,447
437,448
437,449
437,450
437,451
437,452
437,453
437,454
437,455
437,456
437,457
437,458
437,459
437,460
437,461
437,462
437,463
437,464
437,465
437,466
437,467
437,468
437,469
437,470
437,471
437,472
437,473
437,474
437,475
437,476
437,477
437,478
437,479
437,480
437,481
437,482
437,483
437,484
437,485
437,486
437,487
437,488
437,489
437,490
437,491
437,492
437,493
437,494
437,495
437,496
437,497
437,498
437,499
437,500
437,501
437,502
437,503
437,504
437,505
437,506
437,507
437,508
437,509
437,510
437,511
437,512
437,513
437,514
437,515
437,516
437,517
437,518
437,519
437,520
437,521
437,522
437,523
437,524
437,525
437,526
437,527
437,528
437,529
437,530
437,531
437,532
437,533
437,534
437,535
437,536
437,537
437,538
437,539
437,540
437,541
437,542
437,543
437,544
437,545
437,546
437,547
437,548
437,549
437,550
437,551
437,552
437,553
437,554
437,555
437,556
437,557
437,558
437,559
437,560
437,561
437,562
437,563
437,564
437,565
437,566
437,567
437,568
437,569
437,570
437,571
437,572
437,573
437,574
437,575
437,576
437,577
437,578
437,579
437,580
437,581
437,582
437,583
437,584
437,585
437,586
437,587
437,588
437,589
437,590
437,591
437,592
437,593
437,594
437,595
437,596
437,597
437,598
437,599
437,600
437,601
437,602
437,603
437,604
437,605
437,606
437,607
437,608
437,609
437,610
437,611
437,612
437,613
437,614
437,615
437,616
437,617
437,618
437,619
437,620
437,621
437,622
437,623
437,624
437,625
437,626
437,627
437,628
437,629
437,630
437,631
437,632
437,633
437,634
437,635
437,636
437,637
437,638
437,639
437,640
437,641
437,642
437,643
437,644
437,645
437,646
437,647
437,648
437,649
437,650
437,651
437,652
437,653
437,654
437,655
437,656
437,657
437,658
437,659
437,660
437,661
437,662
437,663
437,664
437,665
437,666
437,667
437,668
437,669
437,670
437,671
437,672
437,673
437,674
437,675
437,676
437,677
437,678
437,679
437,680
437,681
437,682
437,683
437,684
437,685
437,686
437,687
437,688
437,689
437,690
437,691
437,692
437,693
437,694
437,695
437,696
437,697
437,698
437,699
437,700
437,701
437,702
437,703
437,704
437,705
437,706
437,707
437,708
437,709
437,710
437,711
437,712
437,713
437,714
437,715
437,716
437,717
437,718
437,719
437,720
437,721
437,722
437,723
437,724
437,725
437,726
437,727
437,728
437,729
437,730
437,731
437,732
437,733
437,734
437,735
437,736
437,737
437,738
437,739
437,740
437,741
437,742
437,743
437,744
437,745
437,746
437,747
437,748
437,749
437,750
437,751
437,752
437,753
437,754
437,755
437,756
437,757
437,758
437,759
437,760
437,761
437,762
437,763
437,764
437,765
437,766
437,767
437,768
437,769
437,770
437,771
437,772
437,773
437,774
437,775
437,776
437,777
437,778
437,779
437,780
437,781
437,782
437,783
437,784
437,785
437,786
437,787
437,788
437,789
437,790
437,791
437,792
437,793
437,794
437,795
437,796
437,797
437,798
437,799
437,800
437,801
437,802
437,803
437,804
437,805
437,806
437,807
437,808
437,809
437,810
437,811
437,812
437,813
437,814
437,815
437,816
437,817
437,818
437,819
437,820
437,821
437,822
437,823
437,824
437,825
437,826
437,827
437,828
437,829
437,830
437,831
437,832
437,833
437,834
437,835
437,836
437,837
437,838
437,839
437,840
437,841
437,842
437,843
437,844
437,845
437,846
437,847
437,848
437,849
437,850
437,851
437,852
437,853
437,854
437,855
437,856
437,857
437,858
437,859
437,860
437,861
437,862
437,863
437,864
437,865
437,866
437,867
437,868
437,869
437,870
437,871
437,872
437,873
437,874
437,875
437,876
437,877
437,878
437,879
437,880
437,881
437,882
437,883
437,884
437,885
437,886
437,887
437,888
437,889
437,890
437,891
437,892
437,893
437,894
437,895
437,896
437,897
437,898
437,899
437,900
437,901
437,902
437,903
437,904
437,905
437,906
437,907
437,908
437,909
437,910
437,911
437,912
437,913
437,914
437,915
437,916
437,917
437,918
437,919
437,920
437,921
437,922
437,923
437,924
437,925
437,926
437,927
437,928
437,929
437,930
437,931
437,932
437,933
437,934
437,935
437,936
437,937
437,938
437,939
437,940
437,941
437,942
437,943
437,944
437,945
437,946
437,947
437,948
437,949
437,950
437,951
437,952
437,953
437,954
437,955
437,956
437,957
437,958
437,959
437,960
437,961
437,962
437,963
437,964
437,965
437,966
437,967
437,968
437,969
437,970
437,971
437,972
437,973
437,974
437,975
437,976
437,977
437,978
437,979
438,980
438,981
438,982
439,983
439,984
440,985
440,986
441,987
442,988
443,989
444,989
445,990
446,991
447,991
448,991
449,992
450,992
451,992
452,992
453,992
454,992
455,992
456,991
457,991
458,991
459,990
460,989
461,989
462,988
463,987
464,986
464,985
465,984
465,983
466,982
466,981
466,980
467,979
467,978
467,977
467,976
467,975
467,974
467,973
467,972
467,971
467,970
467,969
467,968
467,967
467,966
467,965
467,964
467,963
467,962
467,961
467,960
467,959
467,958
467,957
467,956
467,955
467,954
467,953
467,952
467,951
467,950
467,949
467,948
467,947
467,946
467,945
467,944
467,943
467,942
467,941
467,940
467,939
467,938
467,937
467,936
467,935
467,934
467,933
467,932
467,931
467,930
467,929
467,928
467,927
467,926
467,925
467,924
467,923
467,922
467,921
467,920
467,919
467,918
467,917
467,916
467,915
467,914
467,913
467,912
467,911
467,910
467,909
467,908
467,907
467,906
467,905
467,904
467,903
467,902
467,901
467,900
467,899
467,898
467,897
467,896
467,895
467,894
467,893
467,892
467,891
467,890
467,889
467,888
467,887
467,886
467,885
467,884
467,883
467,882
467,881
467,880
467,879
467,878
467,877
467,876
467,875
467,874
467,873
467,872
467,871
467,870
467,869
467,868
467,867
467,866
467,865
467,864
467,863
467,862
467,861
467,860
467,859
467,858
467,857
467,856
467,855
467,854
467,853
467,852
467,851
467,850
467,849
467,848
467,847
467,846
467,845
467,844
467,843
467,842
467,841
467,840
467,839
467,838
467,837
467,836
467,835
467,834
467,833
467,832
467,831
467,830
467,829
467,828
467,827
467,826
467,825
467,824
467,823
467,822
467,821
467,820
467,819
467,818
467,817
467,816
467,815
467,814
467,813
467,812
467,811
467,810
467,809
467,808
467,807
467,806
467,805
467,804
467,803
467,802
467,801
467,800
467,799
467,798
467,797
467,796
467,795
467,794
467,793
467,792
467,791
467,790
467,789
467,788
467,787
467,786
467,785
467,784
467,783
467,782
467,781
467,780
467,779
467,778
467,777
467,776
467,775
467,774
467,773
467,772
467,771
467,770
467,769
467,768
467,767
467,766
467,765
467,764
467,763
467,762
467,761
467,760
467,759
467,758
467,757
467,756
467,755
467,754
467,753
467,752
467,751
467,750
467,749
467,748
467,747
467,746
467,745
467,744
467,743
467,742
467,741
467,740
467,739
467,738
467,737
467,736
467,735
467,734
467,733
467,732
467,731
467,730
467,729
467,728
467,727
467,726
467,725
467,724
467,723
467,722
467,721
467,720
467,719
467,718
467,717
467,716
467,715
467,714
467,713
467,712
467,711
467,710
467,709
467,708
467,707
467,706
467,705
467,704
467,703
467,702
467,701
467,700
467,699
467,698
467,697
467,696
467,695
467,694
467,693
467,692
467,691
467,690
467,689
467,688
467,687
467,686
467,685
467,684
467,683
467,682
467,681
467,680
467,679
467,678
467,677
467,676
467,675
467,674
467,673
467,672
467,671
467,670
467,669
467,668
467,667
467,666
467,665
467,664
467,663
467,662
467,661
467,660
467,659
467,658
467,657
467,656
467,655
467,654
467,653
467,652
467,651
467,650
467,649
467,648
467,647
467,646
467,645
467,644
467,643
467,642
467,641
467,640
467,639
467,638
467,637
467,636
467,635
467,634
467,633
467,632
467,631
467,630
467,629
467,628
467,627
467,626
467,625
467,624
467,623
467,622
467,621
467,620
467,619
467,618
467,617
467,616
467,615
467,614
467,613
467,612
467,611
467,610
467,609
467,608
467,607
467,606
467,605
467,604
467,603
467,602
467,601
467,600
467,599
467,598
467,597
467,596
467,595
467,594
467,593
467,592
467,591
467,590
467,589
467,588
467,587
467,586
467,585
467,584
467,583
467,582
467,581
467,580
467,579
467,578
467,577
467,576
467,575
467,574
467,573
467,572
467,571
467,570
467,569
467,568
467,567
467,566
467,565
467,564
467,563
467,562
467,561
467,560
467,559
467,558
467,557
467,556
467,555
467,554
467,553
467,552
467,551
467,550
467,549
467,548
467,547
467,546
467,545
467,544
467,543
467,542
467,541
467,540
467,539
467,538
467,537
467,536
467,535
467,534
467,533
467,532
467,531
467,530
467,529
467,528
467,527
467,526
467,525
467,524
467,523
467,522
467,521
467,520
467,519
467,518
467,517
467,516
467,515
467,514
467,513
467,512
467,511
467,510
467,509
467,508
467,507
467,506
467,505
467,504
467,503
467,502
467,501
467,500
467,499
467,498
467,497
467,496
467,495
467,494
467,493
467,492
467,491
467,490
467,489
467,488
467,487
467,486
467,485
467,484
467,483
467,482
467,481
467,480
467,479
467,478
467,477
467,476
467,475
467,474
467,473
467,472
467,471
467,470
467,469
467,468
467,467
467,466
467,465
467,464
467,463
467,462
467,461
467,460
467,459
467,458
467,457
467,456
467,455
467,454
467,453
467,452
467,451
467,450
467,449
467,448
467,447
467,446
467,445
467,444
467,443
467,442
467,441
467,440
467,439
467,438
467,437
467,436
467,435
467,434
467,433
467,432
467,431
467,430
467,429
467,428
467,427
467,426
467,425
467,424
467,423
467,422
467,421
467,420
467,419
467,418
467,417
467,416
467,415
467,414
467,413
467,412
467,411
467,410
467,409
467,408
467,407
467,406
467,405
467,404
467,403
467,402
467,401
467,400
467,399
467,398
467,397
467,396
467,395
467,394
467,393
467,392
467,391
467,390
467,389
467,388
467,387
467,386
467,385
467,384
467,383
467,382
467,381
467,380
467,379
467,378
467,377
467,376
467,375
467,374
467,373
467,372
467,371
467,370
467,369
467,368
467,367
467,366
467,365
467,364
467,363
467,362
467,361
467,360
467,359
467,358
467,357
467,356
467,355
467,354
467,353
467,352
467,351
467,350
467,349
467,348
467,347
467,346
467,345
467,344
467,343
467,342
467,341
467,340
467,339
467,338
467,337
467,336
467,335
467,334
467,333
467,332
467,331
467,330
467,329
467,328
467,327
467,326
467,325
467,324
467,323
467,322
467,321
467,320
467,319
467,318
467,317
467,316
467,315
467,314
467,313
467,312
467,311
467,310
467,309
467,308
467,307
467,306
467,305
467,304
467,303
467,302
467,301
467,300
467,299
467,298
467,297
467,296
467,295
467,294
467,293
467,292
467,291
467,290
467,289
467,288
467,287
467,286
467,285
467,284
467,283
467,282
467,281
467,280
467,279
467,278
467,277
467,276
467,275
467,274
467,273
467,272
467,271
467,270
467,269
467,268
467,267
467,266
467,265
467,264
467,263
467,262
467,261
467,260
467,259
467,258
467,257
467,256
467,255
467,254
467,253
467,252
467,251
467,250
467,249
467,248
467,247
467,246
467,245
467,244
467,243
467,242
467,241
467,240
467,239
467,238
467,237
467,236
467,235
467,234
467,233
467,232
467,231
467,230
467,229
467,228
467,227
467,226
467,225
467,224
467,223
467,222
467,221
467,220
467,219
467,218
467,217
467,216
467,215
467,214
467,213
467,212
467,211
467,210
467,209
467,208
467,207
467,206
467,205
467,204
467,203
467,202
467,201
467,200
467,199
467,198
467,197
467,196
467,195
467,194
467,193
467,192
467,191
467,190
467,189
467,188
467,187
467,186
467,185
467,184
467,183
467,182
467,181
467,180
467,179
467,178
467,177
467,176
467,175
467,174
467,173
467,172
467,171
467,170
467,169
467,168
467,167
467,166
467,165
467,164
467,163
467,162
467,161
467,160
467,159
467,158
467,157
467,156
467,155
467,154
467,153
467,152
467,151
467,150
467,149
467,148
467,147
467,146
467,145
467,144
467,143
467,142
467,141
467,140
467,139
467,138
467,137
467,136
467,135
467,134
467,133
467,132
467,131
467,130
467,129
467,128
467,127
467,126
467,125
467,124
467,123
467,122
467,121
467,120
467,119
467,118
467,117
467,116
467,115
467,114
467,113
467,112
467,111
467,110
467,109
467,108
467,107
467,106
467,105
467,104
467,103
467,102
467,101
467,100
467,99
467,98
467,97
467,96
467,95
467,94
467,93
467,92
467,91
467,90
467,89
467,88
467,87
467,86
467,85
467,84
467,83
467,82
467,81
467,80
467,79
467,78
467,77
467,76
467,75
467,74
467,73
467,72
467,71
467,70
467,69
467,68
467,67
467,66
467,65
467,64
467,63
467,62
467,61
467,60
467,59
467,58
467,57
467,56
467,55
467,54
467,53
467,52
467,51
467,50
467,49
467,48
467,47
467,46
467,45
468,44
468,43
468,42
469,41
469,40
470,39
470,38
471,37
472,36
473,35
474,35
475,34
476,33
477,33
478,33
479,32
480,32
481,32
482,32
483,32
484,32
485,32
486,33
487,33
488,33
489,34
490,35
491,35
492,36
493,37
494,38
494,39
495,40
495,41
496,42
496,43
496,44
497,45
497,46
497,47
497,48
497,49
497,50
497,51
497,52
497,53
497,54
497,55
497,56
497,57
497,58
497,59
497,60
497,61
497,62
497,63
497,64
497,65
497,66
497,67
497,68
497,69
497,70
497,71
497,72
497,73
497,74
497,75
497,76
497,77
497,78
497,79
497,80
497,81
497,82
497,83
497,84
497,85
497,86
497,87
497,88
497,89
497,90
497,91
497,92
497,93
497,94
497,95
497,96
497,97
497,98
497,99
497,100
497,101
497,102
497,103
497,104
497,105
497,106
497,107
497,108
497,109
497,110
497,111
497,112
497,113
497,114
497,115
497,116
497,117
497,118
497,119
497,120
497,121
497,122
497,123
497,124
497,125
497,126
497,127
497,128
497,129
497,130
497,131
497,132
497,133
497,134
497,135
497,136
497,137
497,138
497,139
497,140
497,141
497,142
497,143
497,144
497,145
497,146
497,147
497,148
497,149
497,150
497,151
497,152
497,153
497,154
497,155
497,156
497,157
497,158
497,159
497,160
497,161
497,162
497,163
497,164
497,165
497,166
497,167
497,168
497,169
497,170
497,171
497,172
497,173
497,174
497,175
497,176
497,177
497,178
497,179
497,180
497,181
497,182
497,183
497,184
497,185
497,186
497,187
497,188
497,189
497,190
497,191
497,192
497,193
497,194
497,195
497,196
497,197
497,198
497,199
497,200
497,201
497,202
497,203
497,204
497,205
497,206
497,207
497,208
497,209
497,210
497,211
497,212
497,213
497,214
497,215
497,216
497,217
497,218
497,219
497,220
497,221
497,222
497,223
497,224
497,225
497,226
497,227
497,228
497,229
497,230
497,231
497,232
497,233
497,234
497,235
497,236
497,237
497,238
497,239
497,240
497,241
497,242
497,243
497,244
497,245
497,246
497,247
497,248
497,249
497,250
497,251
497,252
497,253
497,254
497,255
497,256
497,257
497,258
497,259
497,260
497,261
497,262
497,263
497,264
497,265
497,266
497,267
497,268
497,269
497,270
497,271
497,272
497,273
497,274
497,275
497,276
497,277
497,278
497,279
497,280
497,281
497,282
497,283
497,284
497,285
497,286
497,287
497,288
497,289
497,290
497,291
497,292
497,293
497,294
497,295
497,296
497,297
497,298
497,299
497,300
497,301
497,302
497,303
497,304
497,305
497,306
497,307
497,308
497,309
497,310
497,311
497,312
497,313
497,314
497,315
497,316
497,317
497,318
497,319
497,320
497,321
497,322
497,323
497,324
497,325
497,326
497,327
497,328
497,329
497,330
497,331
497,332
497,333
497,334
497,335
497,336
497,337
497,338
497,339
497,340
497,341
497,342
497,343
497,344
497,345
497,346
497,347
497,348
497,349
497,350
497,351
497,352
497,353
497,354
497,355
497,356
497,357
497,358
497,359
497,360
497,361
497,362
497,363
497,364
497,365
497,366
497,367
497,368
497,369
497,370
497,371
497,372
497,373
497,374
497,375
497,376
497,377
497,378
497,379
497,380
497,381
497,382
497,383
497,384
497,385
497,386
497,387
497,388
497,389
497,390
497,391
497,392
497,393
497,394
497,395
497,396
497,397
497,398
497,399
497,400
497,401
497,402
497,403
497,404
497,405
497,406
497,407
497,408
497,409
497,410
497,411
497,412
497,413
497,414
497,415
497,416
497,417
497,418
497,419
497,420
497,421
497,422
497,423
497,424
497,425
497,426
497,427
497,428
497,429
497,430
497,431
497,432
497,433
497,434
497,435
497,436
497,437
497,438
497,439
497,440
497,441
497,442
497,443
497,444
497,445
497,446
497,447
497,448
497,449
497,450
497,451
497,452
497,453
497,454
497,455
497,456
497,457
497,458
497,459
497,460
497,461
497,462
497,463
497,464
497,465
497,466
497,467
497,468
497,469
497,470
497,471
497,472
497,473
497,474
497,475
497,476
497,477
497,478
497,479
497,480
497,481
497,482
497,483
497,484
497,485
497,486
497,487
497,488
497,489
497,490
497,491
497,492
497,493
497,494
497,495
497,496
497,497
497,498
497,499
497,500
497,501
497,502
497,503
497,504
497,505
497,506
497,507
497,508
497,509
497,510
497,511
497,512
497,513
497,514
497,515
497,516
497,517
497,518
497,519
497,520
497,521
497,522
497,523
497,524
497,525
497,526
497,527
497,528
497,529
497,530
497,531
497,532
497,533
497,534
497,535
497,536
497,537
497,538
497,539
497,540
497,541
497,542
497,543
497,544
497,545
497,546
497,547
497,548
497,549
497,550
497,551
497,552
497,553
497,554
497,555
497,556
497,557
497,558
497,559
497,560
497,561
497,562
497,563
497,564
497,565
497,566
497,567
497,568
497,569
497,570
497,571
497,572
497,573
497,574
497,575
497,576
497,577
497,578
497,579
497,580
497,581
497,582
497,583
497,584
497,585
497,586
497,587
497,588
497,589
497,590
497,591
497,592
497,593
497,594
497,595
497,596
497,597
497,598
497,599
497,600
497,601
497,602
497,603
497,604
497,605
497,606
497,607
497,608
497,609
497,610
497,611
497,612
497,613
497,614
497,615
497,616
497,617
497,618
497,619
497,620
497,621
497,622
497,623
497,624
497,625
497,626
497,627
497,628
497,629
497,630
497,631
497,632
497,633
497,634
497,635
497,636
497,637
497,638
497,639
497,640
497,641
497,642
497,643
497,644
497,645
497,646
497,647
497,648
497,649
497,650
497,651
497,652
497,653
497,654
497,655
497,656
497,657
497,658
497,659
497,660
497,661
497,662
497,663
497,664
497,665
497,666
497,667
497,668
497,669
497,670
497,671
497,672
497,673
497,674
497,675
497,676
497,677
497,678
497,679
497,680
497,681
497,682
497,683
497,684
497,685
497,686
497,687
497,688
497,689
497,690
497,691
497,692
497,693
497,694
497,695
497,696
497,697
497,698
497,699
497,700
497,701
497,702
497,703
497,704
497,705
497,706
497,707
497,708
497,709
497,710
497,711
497,712
497,713
497,714
497,715
497,716
497,717
497,718
497,719
497,720
497,721
497,722
497,723
497,724
497,725
497,726
497,727
497,728
497,729
497,730
497,731
497,732
497,733
497,734
497,735
497,736
497,737
497,738
497,739
497,740
497,741
497,742
497,743
497,744
497,745
497,746
497,747
497,748
497,749
497,750
497,751
497,752
497,753
497,754
497,755
497,756
497,757
497,758
497,759
497,760
497,761
497,762
497,763
497,764
497,765
497,766
497,767
497,768
497,769
497,770
497,771
497,772
497,773
497,774
497,775
497,776
497,777
497,778
497,779
497,780
497,781
497,782
497,783
497,784
497,785
497,786
497,787
497,788
497,789
497,790
497,791
497,792
497,793
497,794
497,795
497,796
497,797
497,798
497,799
497,800
497,801
497,802
497,803
497,804
497,805
497,806
497,807
497,808
497,809
497,810
497,811
497,812
497,813
497,814
497,815
497,816
497,817
497,818
497,819
497,820
497,821
497,822
497,823
497,824
497,825
497,826
497,827
497,828
497,829
497,830
497,831
497,832
497,833
497,834
497,835
497,836
497,837
497,838
497,839
497,840
497,841
497,842
497,843
497,844
497,845
497,846
497,847
497,848
497,849
497,850
497,851
497,852
497,853
497,854
497,855
497,856
497,857
497,858
497,859
497,860
497,861
497,862
497,863
497,864
497,865
497,866
497,867
497,868
497,869
497,870
497,871
497,872
497,873
497,874
497,875
497,876
497,877
497,878
497,879
497,880
497,881
497,882
497,883
497,884
497,885
497,886
497,887
497,888
497,889
497,890
497,891
497,892
497,893
497,894
497,895
497,896
497,897
497,898
497,899
497,900
497,901
497,902
497,903
497,904
497,905
497,906
497,907
497,908
497,909
497,910
497,911
497,912
497,913
497,914
497,915
497,916
497,917
497,918
497,919
497,920
497,921
497,922
497,923
497,924
497,925
497,926
497,927
497,928
497,929
497,930
497,931
497,932
497,933
497,934
497,935
497,936
497,937
497,938
497,939
497,940
497,941
497,942
497,943
497,944
497,945
497,946
497,947
497,948
497,949
497,950
497,951
497,952
497,953
497,954
497,955
497,956
497,957
497,958
497,959
497,960
497,961
497,962
497,963
497,964
497,965
497,966
497,967
497,968
497,969
497,970
497,971
497,972
497,973
497,974
497,975
497,976
497,977
497,978
497,979
498,980
498,981
498,982
499,983
499,984
500,985
500,986
501,987
502,988
503,989
504,989
505,990
506,991
507,991
508,991
509,992
510,992
511,992
512,992
513,992
514,992
515,992
516,991
517,991
518,991
519,990
520,989
521,989
522,988
523,987
524,986
524,985
525,984
525,983
526,982
526,981
526,980
527,979
527,978
527,977
527,976
527,975
527,974
527,973
527,972
527,971
527,970
527,969
527,968
527,967
527,966
527,965
527,964
527,963
527,962
527,961
527,960
527,959
527,958
527,957
527,956
527,955
527,954
527,953
527,952
527,951
527,950
527,949
527,948
527,947
527,946
527,945
527,944
527,943
527,942
527,941
527,940
527,939
527,938
527,937
527,936
527,935
527,934
527,933
527,932
527,931
527,930
527,929
527,928
527,927
527,926
527,925
527,924
527,923
527,922
527,921
527,920
527,919
527,918
527,917
527,916
527,915
527,914
527,913
527,912
527,911
527,910
527,909
527,908
527,907
527,906
527,905
527,904
527,903
527,902
527,901
527,900
527,899
527,898
527,897
527,896
527,895
527,894
527,893
527,892
527,891
527,890
527,889
527,888
527,887
527,886
527,885
527,884
527,883
527,882
527,881
527,880
527,879
527,878
527,877
527,876
527,875
527,874
527,873
527,872
527,871
527,870
527,869
527,868
527,867
527,866
527,865
527,864
527,863
527,862
527,861
527,860
527,859
527,858
527,857
527,856
527,855
527,854
527,853
527,852
527,851
527,850
527,849
527,848
527,847
527,846
527,845
527,844
527,843
527,842
527,841
527,840
527,839
527,838
527,837
527,836
527,835
527,834
527,833
527,832
527,831
527,830
527,829
527,828
527,827
527,826
527,825
527,824
527,823
527,822
527,821
527,820
527,819
527,818
527,817
527,816
527,815
527,814
527,813
527,812
527,811
527,810
527,809
527,808
527,807
527,806
527,805
527,804
527,803
527,802
527,801
527,800
527,799
527,798
527,797
527,796
527,795
527,794
527,793
527,792
527,791
527,790
527,789
527,788
527,787
527,786
527,785
527,784
527,783
527,782
527,781
527,780
527,779
527,778
527,777
527,776
527,775
527,774
527,773
527,772
527,771
527,770
527,769
527,768
527,767
527,766
527,765
527,764
527,763
527,762
527,761
527,760
527,759
527,758
527,757
527,756
527,755
527,754
527,753
527,752
527,751
527,750
527,749
527,748
527,747
527,746
527,745
527,744
527,743
527,742
527,741
527,740
527,739
527,738
527,737
527,736
527,735
527,734
527,733
527,732
527,731
527,730
527,729
527,728
527,727
527,726
527,725
527,724
527,723
527,722
527,721
527,720
527,719
527,718
527,717
527,716
527,715
527,714
527,713
527,712
527,711
527,710
527,709
527,708
527,707
527,706
527,705
527,704
527,703
527,702
527,701
527,700
527,699
527,698
527,697
527,696
527,695
527,694
527,693
527,692
527,691
527,690
527,689
527,688
527,687
527,686
527,685
527,684
527,683
527,682
527,681
527,680
527,679
527,678
527,677
527,676
527,675
527,674
527,673
527,672
527,671
527,670
527,669
527,668
527,667
527,666
527,665
527,664
527,663
527,662
527,661
527,660
527,659
527,658
527,657
527,656
527,655
527,654
527,653
527,652
527,651
527,650
527,649
527,648
527,647
527,646
527,645
527,644
527,643
527,642
527,641
527,640
527,639
527,638
527,637
527,636
527,635
527,634
527,633
527,632
527,631
527,630
527,629
527,628
527,627
527,626
527,625
527,624
527,623
527,622
527,621
527,620
527,619
527,618
527,617
527,616
527,615
527,614
527,613
527,612
527,611
527,610
527,609
527,608
527,607
527,606
527,605
527,604
527,603
527,602
527,601
527,600
527,599
527,598
527,597
527,596
527,595
527,594
527,593
527,592
527,591
527,590
527,589
527,588
527,587
527,586
527,585
527,584
527,583
527,582
527,581
527,580
527,579
527,578
527,577
527,576
527,575
527,574
527,573
527,572
527,571
527,570
527,569
527,568
527,567
527,566
527,565
527,564
527,563
527,562
527,561
527,560
527,559
527,558
527,557
527,556
527,555
527,554
527,553
527,552
527,551
527,550
527,549
527,548
527,547
527,546
527,545
527,544
527,543
527,542
527,541
527,540
527,539
527,538
527,537
527,536
527,535
527,534
527,533
527,532
527,531
527,530
527,529
527,528
527,527
527,526
527,525
527,524
527,523
527,522
527,521
527,520
527,519
527,518
527,517
527,516
527,515
527,514
527,513
527,512
527,511
527,510
527,509
527,508
527,507
527,506
527,505
527,504
527,503
527,502
527,501
527,500
527,499
527,498
527,497
527,496
527,495
527,494
527,493
527,492
527,491
527,490
527,489
527,488
527,487
527,486
527,485
527,484
527,483
527,482
527,481
527,480
527,479
527,478
527,477
527,476
527,475
527,474
527,473
527,472
527,471
527,470
527,469
527,468
527,467
527,466
527,465
527,464
527,463
527,462
527,461
527,460
527,459
527,458
527,457
527,456
527,455
527,454
527,453
527,452
527,451
527,450
527,449
527,448
527,447
527,446
527,445
527,444
527,443
527,442
527,441
527,440
527,439
527,438
527,437
527,436
527,435
527,434
527,433
527,432
527,431
527,430
527,429
527,428
527,427
527,426
527,425
527,424
527,423
527,422
527,421
527,420
527,419
527,418
527,417
527,416
527,415
527,414
527,413
527,412
527,411
527,410
527,409
527,408
527,407
527,406
527,405
527,404
527,403
527,402
527,401
527,400
527,399
527,398
527,397
527,396
527,395
527,394
527,393
527,392
527,391
527,390
527,389
527,388
527,387
527,386
527,385
527,384
527,383
527,382
527,381
527,380
527,379
527,378
527,377
527,376
527,375
527,374
527,373
527,372
527,371
527,370
527,369
527,368
527,367
527,366
527,365
527,364
527,363
527,362
527,361
527,360
527,359
527,358
527,357
527,356
527,355
527,354
527,353
527,352
527,351
527,350
527,349
527,348
527,347
527,346
527,345
527,344
527,343
527,342
527,341
527,340
527,339
527,338
527,337
527,336
527,335
527,334
527,333
527,332
527,331
527,330
527,329
527,328
527,327
527,326
527,325
527,324
527,323
527,322
527,321
527,320
527,319
527,318
527,317
527,316
527,315
527,314
527,313
527,312
527,311
527,310
527,309
527,308
527,307
527,306
527,305
527,304
527,303
527,302
527,301
527,300
527,299
527,298
527,297
527,296
527,295
527,294
527,293
527,292
527,291
527,290
527,289
527,288
527,287
527,286
527,285
527,284
527,283
527,282
527,281
527,280
527,279
527,278
527,277
527,276
527,275
527,274
527,273
527,272
527,271
527,270
527,269
527,268
527,267
527,266
527,265
527,264
527,263
527,262
527,261
527,260
527,259
527,258
527,257
527,256
527,255
527,254
527,253
527,252
527,251
527,250
527,249
527,248
527,247
527,246
527,245
527,244
527,243
527,242
527,241
527,240
527,239
527,238
527,237
527,236
527,235
527,234
527,233
527,232
527,231
527,230
527,229
527,228
527,227
527,226
527,225
527,224
527,223
527,222
527,221
527,220
527,219
527,218
527,217
527,216
527,215
527,214
527,213
527,212
527,211
527,210
527,209
527,208
527,207
527,206
527,205
527,204
527,203
527,202
527,201
527,200
527,199
527,198
527,197
527,196
527,195
527,194
527,193
527,192
527,191
527,190
527,189
527,188
527,187
527,186
527,185
527,184
527,183
527,182
527,181
527,180
527,179
527,178
527,177
527,176
527,175
527,174
527,173
527,172
527,171
527,170
527,169
527,168
527,167
527,166
527,165
527,164
527,163
527,162
527,161
527,160
527,159
527,158
527,157
527,156
527,155
527,154
527,153
527,152
527,151
527,150
527,149
527,148
527,147
527,146
527,145
527,144
527,143
527,142
527,141
527,140
527,139
527,138
527,137
527,136
527,135
527,134
527,133
527,132
527,131
527,130
527,129
527,128
527,127
527,126
527,125
527,124
527,123
527,122
527,121
527,120
527,119
527,118
527,117
527,116
527,115
527,114
527,113
527,112
527,111
527,110
527,109
527,108
527,107
527,106
527,105
527,104
527,103
527,102
527,101
527,100
527,99
527,98
527,97
527,96
527,95
527,94
527,93
527,92
527,91
527,90
527,89
527,88
527,87
527,86
527,85
527,84
527,83
527,82
527,81
527,80
527,79
527,78
527,77
527,76
527,75
527,74
527,73
527,72
527,71
527,70
527,69
527,68
527,67
527,66
527,65
527,64
527,63
527,62
527,61
527,60
527,59
527,58
527,57
527,56
527,55
527,54
527,53
527,52
527,51
527,50
527,49
527,48
527,47
527,46
527,45
528,44
528,43
528,42
529,41
529,40
530,39
530,38
531,37
532,36
533,35
534,35
535,34
536,33
537,33
538,33
539,32
540,32
541,32
542,32
543,32
544,32
545,32
546,33
547,33
548,33
549,34
550,35
551,35
552,36
553,37
554,38
554,39
555,40
555,41
556,42
556,43
556,44
557,45
557,46
557,47
557,48
557,49
557,50
557,51
557,52
557,53
557,54
557,55
557,56
557,57
557,58
557,59
557,60
557,61
557,62
557,63
557,64
557,65
557,66
557,67
557,68
557,69
557,70
557,71
557,72
557,73
557,74
557,75
557,76
557,77
557,78
557,79
557,80
557,81
557,82
557,83
557,84
557,85
557,86
557,87
557,88
557,89
557,90
557,91
557,92
557,93
557,94
557,95
557,96
557,97
557,98
557,99
557,100
557,101
557,102
557,103
557,104
557,105
557,106
557,107
557,108
557,109
557,110
557,111
557,112
557,113
557,114
557,115
557,116
557,117
557,118
557,119
557,120
557,121
557,122
557,123
557,124
557,125
557,126
557,127
557,128
557,129
557,130
557,131
557,132
557,133
557,134
557,135
557,136
557,137
557,138
557,139
557,140
557,141
557,142
557,143
557,144
557,145
557,146
557,147
557,148
557,149
557,150
557,151
557,152
557,153
557,154
557,155
557,156
557,157
557,158
557,159
557,160
557,161
557,162
557,163
557,164
557,165
557,166
557,167
557,168
557,169
557,170
557,171
557,172
557,173
557,174
557,175
557,176
557,177
557,178
557,179
557,180
557,181
557,182
557,183
557,184
557,185
557,186
557,187
557,188
557,189
557,190
557,191
557,192
557,193
557,194
557,195
557,196
557,197
557,198
557,199
557,200
557,201
557,202
557,203
557,204
557,205
557,206
557,207
557,208
557,209
557,210
557,211
557,212
557,213
557,214
557,215
557,216
557,217
557,218
557,219
557,220
557,221
557,222
557,223
557,224
557,225
557,226
557,227
557,228
557,229
557,230
557,231
557,232
557,233
557,234
557,235
557,236
557,237
557,238
557,239
557,240
557,241
557,242
557,243
557,244
557,245
557,246
557,247
557,248
557,249
557,250
557,251
557,252
557,253
557,254
557,255
557,256
557,257
557,258
557,259
557,260
557,261
557,262
557,263
557,264
557,265
557,266
557,267
557,268
557,269
557,270
557,271
557,272
557,273
557,274
557,275
557,276
557,277
557,278
557,279
557,280
557,281
557,282
557,283
557,284
557,285
557,286
557,287
557,288
557,289
557,290
557,291
557,292
557,293
557,294
557,295
557,296
557,297
557,298
557,299
557,300
557,301
557,302
557,303
557,304
557,305
557,306
557,307
557,308
557,309
557,310
557,311
557,312
557,313
557,314
557,315
557,316
557,317
557,318
557,319
557,320
557,321
557,322
557,323
557,324
557,325
557,326
557,327
557,328
557,329
557,330
557,331
557,332
557,333
557,334
557,335
557,336
557,337
557,338
557,339
557,340
557,341
557,342
557,343
557,344
557,345
557,346
557,347
557,348
557,349
557,350
557,351
557,352
557,353
557,354
557,355
557,356
557,357
557,358
557,359
557,360
557,361
557,362
557,363
557,364
557,365
557,366
557,367
557,368
557,369
557,370
557,371
557,372
557,373
557,374
557,375
557,376
557,377
557,378
557,379
557,380
557,381
557,382
557,383
557,384
557,385
557,386
557,387
557,388
557,389
557,390
557,391
557,392
557,393
557,394
557,395
557,396
557,397
557,398
557,399
557,400
557,401
557,402
557,403
557,404
557,405
557,406
557,407
557,408
557,409
557,410
557,411
557,412
557,413
557,414
557,415
557,416
557,417
557,418
557,419
557,420
557,421
557,422
557,423
557,424
557,425
557,426
557,427
557,428
557,429
557,430
557,431
557,432
557,433
557,434
557,435
557,436
557,437
557,438
557,439
557,440
557,441
557,442
557,443
557,444
557,445
557,446
557,447
557,448
557,449
557,450
557,451
557,452
557,453
557,454
557,455
557,456
557,457
557,458
557,459
557,460
557,461
557,462
557,463
557,464
557,465
557,466
557,467
557,468
557,469
557,470
557,471
557,472
557,473
557,474
557,475
557,476
557,477
557,478
557,479
557,480
557,481
557,482
557,483
557,484
557,485
557,486
557,487
557,488
557,489
557,490
557,491
557,492
557,493
557,494
557,495
557,496
557,497
557,498
557,499
557,500
557,501
557,502
557,503
557,504
557,505
557,506
557,507
557,508
557,509
557,510
557,511
557,512
557,513
557,514
557,515
557,516
557,517
557,518
557,519
557,520
557,521
557,522
557,523
557,524
557,525
557,526
557,527
557,528
557,529
557,530
557,531
557,532
557,533
557,534
557,535
557,536
557,537
557,538
557,539
557,540
557,541
557,542
557,543
557,544
557,545
557,546
557,547
557,548
557,549
557,550
557,551
557,552
557,553
557,554
557,555
557,556
557,557
557,558
557,559
557,560
557,561
557,562
557,563
557,564
557,565
557,566
557,567
557,568
557,569
557,570
557,571
557,572
557,573
557,574
557,575
557,576
557,577
557,578
557,579
557,580
557,581
557,582
557,583
557,584
557,585
557,586
557,587
557,588
557,589
557,590
557,591
557,592
557,593
557,594
557,595
557,596
557,597
557,598
557,599
557,600
557,601
557,602
557,603
557,604
557,605
557,606
557,607
557,608
557,609
557,610
557,611
557,612
557,613
557,614
557,615
557,616
557,617
557,618
557,619
557,620
557,621
557,622
557,623
557,624
557,625
557,626
557,627
557,628
557,629
557,630
557,631
557,632
557,633
557,634
557,635
557,636
557,637
557,638
557,639
557,640
557,641
557,642
557,643
557,644
557,645
557,646
557,647
557,648
557,649
557,650
557,651
557,652
557,653
557,654
557,655
557,656
557,657
557,658
557,659
557,660
557,661
557,662
557,663
557,664
557,665
557,666
557,667
557,668
557,669
557,670
557,671
557,672
557,673
557,674
557,675
557,676
557,677
557,678
557,679
557,680
557,681
557,682
557,683
557,684
557,685
557,686
557,687
557,688
557,689
557,690
557,691
557,692
557,693
557,694
557,695
557,696
557,697
557,698
557,699
557,700
557,701
557,702
557,703
557,704
557,705
557,706
557,707
557,708
557,709
557,710
557,711
557,712
557,713
557,714
557,715
557,716
557,717
557,718
557,719
557,720
557,721
557,722
557,723
557,724
557,725
557,726
557,727
557,728
557,729
557,730
557,731
557,732
557,733
557,734
557,735
557,736
557,737
557,738
557,739
557,740
557,741
557,742
557,743
557,744
557,745
557,746
557,747
557,748
557,749
557,750
557,751
557,752
557,753
557,754
557,755
557,756
557,757
557,758
557,759
557,760
557,761
557,762
557,763
557,764
557,765
557,766
557,767
557,768
557,769
557,770
557,771
557,772
557,773
557,774
557,775
557,776
557,777
557,778
557,779
557,780
557,781
557,782
557,783
557,784
557,785
557,786
557,787
557,788
557,789
557,790
557,791
557,792
557,793
557,794
557,795
557,796
557,797
557,798
557,799
557,800
557,801
557,802
557,803
557,804
557,805
557,806
557,807
557,808
557,809
557,810
557,811
557,812
557,813
557,814
557,815
557,816
557,817
557,818
557,819
557,820
557,821
557,822
557,823
557,824
557,825
557,826
557,827
557,828
557,829
557,830
557,831
557,832
557,833
557,834
557,835
557,836
557,837
557,838
557,839
557,840
557,841
557,842
557,843
557,844
557,845
557,846
557,847
557,848
557,849
557,850
557,851
557,852
557,853
557,854
557,855
557,856
557,857
557,858
557,859
557,860
557,861
557,862
557,863
557,864
557,865
557,866
557,867
557,868
557,869
557,870
557,871
557,872
557,873
557,874
557,875
557,876
557,877
557,878
557,879
557,880
557,881
557,882
557,883
557,884
557,885
557,886
557,887
557,888
557,889
557,890
557,891
557,892
557,893
557,894
557,895
557,896
557,897
557,898
557,899
557,900
557,901
557,902
557,903
557,904
557,905
557,906
557,907
557,908
557,909
557,910
557,911
557,912
557,913
557,914
557,915
557,916
557,917
557,918
557,919
557,920
557,921
557,922
557,923
557,924
557,925
557,926
557,927
557,928
557,929
557,930
557,931
557,932
557,933
557,934
557,935
557,936
557,937
557,938
557,939
557,940
557,941
557,942
557,943
557,944
557,945
557,946
557,947
557,948
557,949
557,950
557,951
557,952
557,953
557,954
557,955
557,956
557,957
557,958
557,959
557,960
557,961
557,962
557,963
557,964
557,965
557,966
557,967
557,968
557,969
557,970
557,971
557,972
557,973
557,974
557,975
557,976
557,977
557,978
557,979
558,980
558,981
558,982
559,983
559,984
560,985
560,986
561,987
562,988
563,989
564,989
565,990
566,991
567,991
568,991
569,992
570,992
571,992
572,992
573,992
574,992
575,992
576,991
577,991
578,991
579,990
580,989
581,989
582,988
583,987
584,986
584,985
585,984
585,983
586,982
586,981
586,980
587,979
587,978
587,977
587,976
587,975
587,974
587,973
587,972
587,971
587,970
587,969
587,968
587,967
587,966
587,965
587,964
587,963
587,962
587,961
587,960
587,959
587,958
587,957
587,956
587,955
587,954
587,953
587,952
587,951
587,950
587,949
587,948
587,947
587,946
587,945
587,944
587,943
587,942
587,941
587,940
587,939
587,938
587,937
587,936
587,935
587,934
587,933
587,932
587,931
587,930
587,929
587,928
587,927
587,926
587,925
587,924
587,923
587,922
587,921
587,920
587,919
587,918
587,917
587,916
587,915
587,914
587,913
587,912
587,911
587,910
587,909
587,908
587,907
587,906
587,905
587,904
587,903
587,902
587,901
587,900
587,899
587,898
587,897
587,896
587,895
587,894
587,893
587,892
587,891
587,890
587,889
587,888
587,887
587,886
587,885
587,884
587,883
587,882
587,881
587,880
587,879
587,878
587,877
587,876
587,875
587,874
587,873
587,872
587,871
587,870
587,869
587,868
587,867
587,866
587,865
587,864
587,863
587,862
587,861
587,860
587,859
587,858
587,857
587,856
587,855
587,854
587,853
587,852
587,851
587,850
587,849
587,848
587,847
587,846
587,845
587,844
587,843
587,842
587,841
587,840
587,839
587,838
587,837
587,836
587,835
587,834
587,833
587,832
587,831
587,830
587,829
587,828
587,827
587,826
587,825
587,824
587,823
587,822
587,821
587,820
587,819
587,818
587,817
587,816
587,815
587,814
587,813
587,812
587,811
587,810
587,809
587,808
587,807
587,806
587,805
587,804
587,803
587,802
587,801
587,800
587,799
587,798
587,797
587,796
587,795
587,794
587,793
587,792
587,791
587,790
587,789
587,788
587,787
587,786
587,785
587,784
587,783
587,782
587,781
587,780
587,779
587,778
587,777
587,776
587,775
587,774
587,773
587,772
587,771
587,770
587,769
587,768
587,767
587,766
587,765
587,764
587,763
587,762
587,761
587,760
587,759
587,758
587,757
587,756
587,755
587,754
587,753
587,752
587,751
587,750
587,749
587,748
587,747
587,746
587,745
587,744
587,743
587,742
587,741
587,740
587,739
587,738
587,737
587,736
587,735
587,734
587,733
587,732
587,731
587,730
587,729
587,728
587,727
587,726
587,725
587,724
587,723
587,722
587,721
587,720
587,719
587,718
587,717
587,716
587,715
587,714
587,713
587,712
587,711
587,710
587,709
587,708
587,707
587,706
587,705
587,704
587,703
587,702
587,701
587,700
587,699
587,698
587,697
587,696
587,695
587,694
587,693
587,692
587,691
587,690
587,689
587,688
587,687
587,686
587,685
587,684
587,683
587,682
587,681
587,680
587,679
587,678
587,677
587,676
587,675
587,674
587,673
587,672
587,671
587,670
587,669
587,668
587,667
587,666
587,665
587,664
587,663
587,662
587,661
587,660
587,659
587,658
587,657
587,656
587,655
587,654
587,653
587,652
587,651
587,650
587,649
587,648
587,647
587,646
587,645
587,644
587,643
587,642
587,641
587,640
587,639
587,638
587,637
587,636
587,635
587,634
587,633
587,632
587,631
587,630
587,629
587,628
587,627
587,626
587,625
587,624
587,623
587,622
587,621
587,620
587,619
587,618
587,617
587,616
587,615
587,614
587,613
587,612
587,611
587,610
587,609
587,608
587,607
587,606
587,605
587,604
587,603
587,602
587,601
587,600
587,599
587,598
587,597
587,596
587,595
587,594
587,593
587,592
587,591
587,590
587,589
587,588
587,587
587,586
587,585
587,584
587,583
587,582
587,581
587,580
587,579
587,578
587,577
587,576
587,575
587,574
587,573
587,572
587,571
587,570
587,569
587,568
587,567
587,566
587,565
587,564
587,563
587,562
587,561
587,560
587,559
587,558
587,557
587,556
587,555
587,554
587,553
587,552
587,551
587,550
587,549
587,548
587,547
587,546
587,545
587,544
587,543
587,542
587,541
587,540
587,539
587,538
587,537
587,536
587,535
587,534
587,533
587,532
587,531
587,530
587,529
587,528
587,527
587,526
587,525
587,524
587,523
587,522
587,521
587,520
587,519
587,518
587,517
587,516
587,515
587,514
587,513
587,512
587,511
587,510
587,509
587,508
587,507
587,506
587,505
587,504
587,503
587,502
587,501
587,500
587,499
587,498
587,497
587,496
587,495
587,494
587,493
587,492
587,491
587,490
587,489
587,488
587,487
587,486
587,485
587,484
587,483
587,482
587,481
587,480
587,479
587,478
587,477
587,476
587,475
587,474
587,473
587,472
587,471
587,470
587,469
587,468
587,467
587,466
587,465
587,464
587,463
587,462
587,461
587,460
587,459
587,458
587,457
587,456
587,455
587,454
587,453
587,452
587,451
587,450
587,449
587,448
587,447
587,446
587,445
587,444
587,443
587,442
587,441
587,440
587,439
587,438
587,437
587,436
587,435
587,434
587,433
587,432
587,431
587,430
587,429
587,428
587,427
587,426
587,425
587,424
587,423
587,422
587,421
587,420
587,419
587,418
587,417
587,416
587,415
587,414
587,413
587,412
587,411
587,410
587,409
587,408
587,407
587,406
587,405
587,404
587,403
587,402
587,401
587,400
587,399
587,398
587,397
587,396
587,395
587,394
587,393
587,392
587,391
587,390
587,389
587,388
587,387
587,386
587,385
587,384
587,383
587,382
587,381
587,380
587,379
587,378
587,377
587,376
587,375
587,374
587,373
587,372
587,371
587,370
587,369
587,368
587,367
587,366
587,365
587,364
587,363
587,362
587,361
587,360
587,359
587,358
587,357
587,356
587,355
587,354
587,353
587,352
587,351
587,350
587,349
587,348
587,347
587,346
587,345
587,344
587,343
587,342
587,341
587,340
587,339
587,338
587,337
587,336
587,335
587,334
587,333
587,332
587,331
587,330
587,329
587,328
587,327
587,326
587,325
587,324
587,323
587,322
587,321
587,320
587,319
587,318
587,317
587,316
587,315
587,314
587,313
587,312
587,311
587,310
587,309
587,308
587,307
587,306
587,305
587,304
587,303
587,302
587,301
587,300
587,299
587,298
587,297
587,296
587,295
587,294
587,293
587,292
587,291
587,290
587,289
587,288
587,287
587,286
587,285
587,284
587,283
587,282
587,281
587,280
587,279
587,278
587,277
587,276
587,275
587,274
587,273
587,272
587,271
587,270
587,269
587,268
587,267
587,266
587,265
587,264
587,263
587,262
587,261
587,260
587,259
587,258
587,257
587,256
587,255
587,254
587,253
587,252
587,251
587,250
587,249
587,248
587,247
587,246
587,245
587,244
587,243
587,242
587,241
587,240
587,239
587,238
587,237
587,236
587,235
587,234
587,233
587,232
587,231
587,230
587,229
587,228
587,227
587,226
587,225
587,224
587,223
587,222
587,221
587,220
587,219
587,218
587,217
587,216
587,215
587,214
587,213
587,212
587,211
587,210
587,209
587,208
587,207
587,206
587,205
587,204
587,203
587,202
587,201
587,200
587,199
587,198
587,197
587,196
587,195
587,194
587,193
587,192
587,191
587,190
587,189
587,188
587,187
587,186
587,185
587,184
587,183
587,182
587,181
587,180
587,179
587,178
587,177
587,176
587,175
587,174
587,173
587,172
587,171
587,170
587,169
587,168
587,167
587,166
587,165
587,164
587,163
587,162
587,161
587,160
587,159
587,158
587,157
587,156
587,155
587,154
587,153
587,152
587,151
587,150
587,149
587,148
587,147
587,146
587,145
587,144
587,143
587,142
587,141
587,140
587,139
587,138
587,137
587,136
587,135
587,134
587,133
587,132
587,131
587,130
587,129
587,128
587,127
587,126
587,125
587,124
587,123
587,122
587,121
587,120
587,119
587,118
587,117
587,116
587,115
587,114
587,113
587,112
587,111
587,110
587,109
587,108
587,107
587,106
587,105
587,104
587,103
587,102
587,101
587,100
587,99
587,98
587,97
587,96
587,95
587,94
587,93
587,92
587,91
587,90
587,89
587,88
587,87
587,86
587,85
587,84
587,83
587,82
587,81
587,80
587,79
587,78
587,77
587,76
587,75
587,74
587,73
587,72
587,71
587,70
587,69
587,68
587,67
587,66
587,65
587,64
587,63
587,62
587,61
587,60
587,59
587,58
587,57
587,56
587,55
587,54
587,53
587,52
587,51
587,50
587,49
587,48
587,47
587,46
587,45
588,44
588,43
588,42
589,41
589,40
590,39
590,38
591,37
592,36
593,35
594,35
595,34
596,33
597,33
598,33
599,32
600,32
601,32
602,32
603,32
604,32
605,32
606,33
607,33
608,33
609,34
610,35
611,35
612,36
613,37
614,38
614,39
615,40
615,41
616,42
616,43
616,44
617,45
617,46
617,47
617,48
617,49
617,50
617,51
617,52
617,53
617,54
617,55
617,56
617,57
617,58
617,59
617,60
617,61
617,62
617,63
617,64
617,65
617,66
617,67
617,68
617,69
617,70
617,71
617,72
617,73
617,74
617,75
617,76
617,77
617,78
617,79
617,80
617,81
617,82
617,83
617,84
617,85
617,86
617,87
617,88
617,89
617,90
617,91
617,92
617,93
617,94
617,95
617,96
617,97
617,98
617,99
617,100
617,101
617,102
617,103
617,104
617,105
617,106
617,107
617,108
617,109
617,110
617,111
617,112
617,113
617,114
617,115
617,116
617,117
617,118
617,119
617,120
617,121
617,122
617,123
617,124
617,125
617,126
617,127
617,128
617,129
617,130
617,131
617,132
617,133
617,134
617,135
617,136
617,137
617,138
617,139
617,140
617,141
617,142
617,143
617,144
617,145
617,146
617,147
617,148
617,149
617,150
617,151
617,152
617,153
617,154
617,155
617,156
617,157
617,158
617,159
617,160
617,161
617,162
617,163
617,164
617,165
617,166
617,167
617,168
617,169
617,170
617,171
617,172
617,173
617,174
617,175
617,176
617,177
617,178
617,179
617,180
617,181
617,182
617,183
617,184
617,185
617,186
617,187
617,188
617,189
617,190
617,191
617,192
617,193
617,194
617,195
617,196
617,197
617,198
617,199
617,200
617,201
617,202
617,203
617,204
617,205
617,206
617,207
617,208
617,209
617,210
617,211
617,212
617,213
617,214
617,215
617,216
617,217
617,218
617,219
617,220
617,221
617,222
617,223
617,224
617,225
617,226
617,227
617,228
617,229
617,230
617,231
617,232
617,233
617,234
617,235
617,236
617,237
617,238
617,239
617,240
617,241
617,242
617,243
617,244
617,245
617,246
617,247
617,248
617,249
617,250
617,251
617,252
617,253
617,254
617,255
617,256
617,257
617,258
617,259
617,260
617,261
617,262
617,263
617,264
617,265
617,266
617,267
617,268
617,269
617,270
617,271
617,272
617,273
617,274
617,275
617,276
617,277
617,278
617,279
617,280
617,281
617,282
617,283
617,284
617,285
617,286
617,287
617,288
617,289
617,290
617,291
617,292
617,293
617,294
617,295
617,296
617,297
617,298
617,299
617,300
617,301
617,302
617,303
617,304
617,305
617,306
617,307
617,308
617,309
617,310
617,311
617,312
617,313
617,314
617,315
617,316
617,317
617,318
617,319
617,320
617,321
617,322
617,323
617,324
617,325
617,326
617,327
617,328
617,329
617,330
617,331
617,332
617,333
617,334
617,335
617,336
617,337
617,338
617,339
617,340
617,341
617,342
617,343
617,344
617,345
617,346
617,347
617,348
617,349
617,350
617,351
617,352
617,353
617,354
617,355
617,356
617,357
617,358
617,359
617,360
617,361
617,362
617,363
617,364
617,365
617,366
617,367
617,368
617,369
617,370
617,371
617,372
617,373
617,374
617,375
617,376
617,377
617,378
617,379
617,380
617,381
617,382
617,383
617,384
617,385
617,386
617,387
617,388
617,389
617,390
617,391
617,392
617,393
617,394
617,395
617,396
617,397
617,398
617,399
617,400
617,401
617,402
617,403
617,404
617,405
617,406
617,407
617,408
617,409
617,410
617,411
617,412
617,413
617,414
617,415
617,416
617,417
617,418
617,419
617,420
617,421
617,422
617,423
617,424
617,425
617,426
617,427
617,428
617,429
617,430
617,431
617,432
617,433
617,434
617,435
617,436
617,437
617,438
617,439
617,440
617,441
617,442
617,443
617,444
617,445
617,446
617,447
617,448
617,449
617,450
617,451
617,452
617,453
617,454
617,455
617,456
617,457
617,458
617,459
617,460
617,461
617,462
617,463
617,464
617,465
617,466
617,467
617,468
617,469
617,470
617,471
617,472
617,473
617,474
617,475
617,476
617,477
617,478
617,479
617,480
617,481
617,482
617,483
617,484
617,485
617,486
617,487
617,488
617,489
617,490
617,491
617,492
617,493
617,494
617,495
617,496
617,497
617,498
617,499
617,500
617,501
617,502
617,503
617,504
617,505
617,506
617,507
617,508
617,509
617,510
617,511
617,512
617,513
617,514
617,515
617,516
617,517
617,518
617,519
617,520
617,521
617,522
617,523
617,524
617,525
617,526
617,527
617,528
617,529
617,530
617,531
617,532
617,533
617,534
617,535
617,536
617,537
617,538
617,539
617,540
617,541
617,542
617,543
617,544
617,545
617,546
617,547
617,548
617,549
617,550
617,551
617,552
617,553
617,554
617,555
617,556
617,557
617,558
617,559
617,560
617,561
617,562
617,563
617,564
617,565
617,566
617,567
617,568
617,569
617,570
617,571
617,572
617,573
617,574
617,575
617,576
617,577
617,578
617,579
617,580
617,581
617,582
617,583
617,584
617,585
617,586
617,587
617,588
617,589
617,590
617,591
617,592
617,593
617,594
617,595
617,596
617,597
617,598
617,599
617,600
617,601
617,602
617,603
617,604
617,605
617,606
617,607
617,608
617,609
617,610
617,611
617,612
617,613
617,614
617,615
617,616
617,617
617,618
617,619
617,620
617,621
617,622
617,623
617,624
617,625
617,626
617,627
617,628
617,629
617,630
617,631
617,632
617,633
617,634
617,635
617,636
617,637
617,638
617,639
617,640
617,641
617,642
617,643
617,644
617,645
617,646
617,647
617,648
617,649
617,650
617,651
617,652
617,653
617,654
617,655
617,656
617,657
617,658
617,659
617,660
617,661
617,662
617,663
617,664
617,665
617,666
617,667
617,668
617,669
617,670
617,671
617,672
617,673
617,674
617,675
617,676
617,677
617,678
617,679
617,680
617,681
617,682
617,683
617,684
617,685
617,686
617,687
617,688
617,689
617,690
617,691
617,692
617,693
617,694
617,695
617,696
617,697
617,698
617,699
617,700
617,701
617,702
617,703
617,704
617,705
617,706
617,707
617,708
617,709
617,710
617,711
617,712
617,713
617,714
617,715
617,716
617,717
617,718
617,719
617,720
617,721
617,722
617,723
617,724
617,725
617,726
617,727
617,728
617,729
617,730
617,731
617,732
617,733
617,734
617,735
617,736
617,737
617,738
617,739
617,740
617,741
617,742
617,743
617,744
617,745
617,746
617,747
617,748
617,749
617,750
617,751
617,752
617,753
617,754
617,755
617,756
617,757
617,758
617,759
617,760
617,761
617,762
617,763
617,764
617,765
617,766
617,767
617,768
617,769
617,770
617,771
617,772
617,773
617,774
617,775
617,776
617,777
617,778
617,779
617,780
617,781
617,782
617,783
617,784
617,785
617,786
617,787
617,788
617,789
617,790
617,791
617,792
617,793
617,794
617,795
617,796
617,797
617,798
617,799
617,800
617,801
617,802
617,803
617,804
617,805
617,806
617,807
617,808
617,809
617,810
617,811
617,812
617,813
617,814
617,815
617,816
617,817
617,818
617,819
617,820
617,821
617,822
617,823
617,824
617,825
617,826
617,827
617,828
617,829
617,830
617,831
617,832
617,833
617,834
617,835
617,836
617,837
617,838
617,839
617,840
617,841
617,842
617,843
617,844
617,845
617,846
617,847
617,848
617,849
617,850
617,851
617,852
617,853
617,854
617,855
617,856
617,857
617,858
617,859
617,860
617,861
617,862
617,863
617,864
617,865
617,866
617,867
617,868
617,869
617,870
617,871
617,872
617,873
617,874
617,875
617,876
617,877
617,878
617,879
617,880
617,881
617,882
617,883
617,884
617,885
617,886
617,887
617,888
617,889
617,890
617,891
617,892
617,893
617,894
617,895
617,896
617,897
617,898
617,899
617,900
617,901
617,902
617,903
617,904
617,905
617,906
617,907
617,908
617,909
617,910
617,911
617,912
617,913
617,914
617,915
617,916
617,917
617,918
617,919
617,920
617,921
617,922
617,923
617,924
617,925
617,926
617,927
617,928
617,929
617,930
617,931
617,932
617,933
617,934
617,935
617,936
617,937
617,938
617,939
617,940
617,941
617,942
617,943
617,944
617,945
617,946
617,947
617,948
617,949
617,950
617,951
617,952
617,953
617,954
617,955
617,956
617,957
617,958
617,959
617,960
617,961
617,962
617,963
617,964
617,965
617,966
617,967
617,968
617,969
617,970
617,971
617,972
617,973
617,974
617,975
617,976
617,977
617,978
617,979
618,980
618,981
618,982
619,983
619,984
620,985
620,986
621,987
622,988
623,989
624,989
625,990
626,991
627,991
628,991
629,992
630,992
631,992
632,992
633,992
634,992
635,992
636,992
637,991
638,991
639,991
640,990
641,989
642,989
643,988
644,987
645,986
645,985
646,984
646,983
647,982
647,981
647,980
648,979
648,978
648,977
648,976
648,975
648,974
648,973
648,972
648,971
648,970
648,969
648,968
648,967
648,966
648,965
648,964
648,963
648,962
648,961
648,960
648,959
648,958
648,957
648,956
648,955
648,954
648,953
648,952
648,951
648,950
648,949
648,948
648,947
648,946
648,945
648,944
648,943
648,942
648,941
648,940
648,939
648,938
648,937
648,936
648,935
648,934
648,933
648,932
648,931
648,930
648,929
648,928
648,927
648,926
648,925
648,924
648,923
648,922
648,921
648,920
648,919
648,918
648,917
648,916
648,915
648,914
648,913
648,912
648,911
648,910
648,909
648,908
648,907
648,906
648,905
648,904
648,903
648,902
648,901
648,900
648,899
648,898
648,897
648,896
648,895
648,894
648,893
648,892
648,891
648,890
648,889
648,888
648,887
648,886
648,885
648,884
648,883
648,882
648,881
648,880
648,879
648,878
648,877
648,876
648,875
648,874
648,873
648,872
648,871
648,870
648,869
648,868
648,867
648,866
648,865
648,864
648,863
648,862
648,861
648,860
648,859
648,858
648,857
648,856
648,855
648,854
648,853
648,852
648,851
648,850
648,849
648,848
648,847
648,846
648,845
648,844
648,843
648,842
648,841
648,840
648,839
648,838
648,837
648,836
648,835
648,834
648,833
648,832
648,831
648,830
648,829
648,828
648,827
648,826
648,825
648,824
648,823
648,822
648,821
648,820
648,819
648,818
648,817
648,816
648,815
648,814
648,813
648,812
648,811
648,810
648,809
648,808
648,807
648,806
648,805
648,804
648,803
648,802
648,801
648,800
648,799
648,798
648,797
648,796
648,795
648,794
648,793
648,792
648,791
648,790
648,789
648,788
648,787
648,786
648,785
648,784
648,783
648,782
648,781
648,780
648,779
648,778
648,777
648,776
648,775
648,774
648,773
648,772
648,771
648,770
648,769
648,768
648,767
648,766
648,765
648,764
648,763
648,762
648,761
648,760
648,759
648,758
648,757
648,756
648,755
648,754
648,753
648,752
648,751
648,750
648,749
648,748
648,747
648,746
648,745
648,744
648,743
648,742
648,741
648,740
648,739
648,738
648,737
648,736
648,735
648,734
648,733
648,732
648,731
648,730
648,729
648,728
648,727
648,726
648,725
648,724
648,723
648,722
648,721
648,720
648,719
648,718
648,717
648,716
648,715
648,714
648,713
648,712
648,711
648,710
648,709
648,708
648,707
648,706
648,705
648,704
648,703
648,702
648,701
648,700
648,699
648,698
648,697
648,696
648,695
648,694
648,693
648,692
648,691
648,690
648,689
648,688
648,687
648,686
648,685
648,684
648,683
648,682
648,681
648,680
648,679
648,678
648,677
648,676
648,675
648,674
648,673
648,672
648,671
648,670
648,669
648,668
648,667
648,666
648,665
648,664
648,663
648,662
648,661
648,660
648,659
648,658
648,657
648,656
648,655
648,654
648,653
648,652
648,651
648,650
648,649
648,648
648,647
648,646
648,645
648,644
648,643
648,642
648,641
648,640
648,639
648,638
648,637
648,636
648,635
648,634
648,633
648,632
648,631
648,630
648,629
648,628
648,627
648,626
648,625
648,624
648,623
648,622
648,621
648,620
648,619
648,618
648,617
648,616
648,615
648,614
648,613
648,612
648,611
648,610
648,609
648,608
648,607
648,606
648,605
648,604
648,603
648,602
648,601
648,600
648,599
648,598
648,597
648,596
648,595
648,594
648,593
648,592
648,591
648,590
648,589
648,588
648,587
648,586
648,585
648,584
648,583
648,582
648,581
648,580
648,579
648,578
648,577
648,576
648,575
648,574
648,573
648,572
648,571
648,570
648,569
648,568
648,567
648,566
648,565
648,564
648,563
648,562
648,561
648,560
648,559
648,558
648,557
648,556
648,555
648,554
648,553
648,552
648,551
648,550
648,549
648,548
648,547
648,546
648,545
648,544
648,543
648,542
648,541
648,540
648,539
648,538
648,537
648,536
648,535
648,534
648,533
648,532
648,531
648,530
648,529
648,528
648,527
648,526
648,525
648,524
648,523
648,522
648,521
648,520
648,519
648,518
648,517
648,516
648,515
648,514
648,513
648,512
648,511
648,510
648,509
648,508
648,507
648,506
648,505
648,504
648,503
648,502
648,501
648,500
648,499
648,498
648,497
648,496
648,495
648,494
648,493
648,492
648,491
648,490
648,489
648,488
648,487
648,486
648,485
648,484
648,483
648,482
648,481
648,480
648,479
648,478
648,477
648,476
648,475
648,474
648,473
648,472
648,471
648,470
648,469
648,468
648,467
648,466
648,465
648,464
648,463
648,462
648,461
648,460
648,459
648,458
648,457
648,456
648,455
648,454
648,453
648,452
648,451
648,450
648,449
648,448
648,447
648,446
648,445
648,444
648,443
648,442
648,441
648,440
648,439
648,438
648,437
648,436
648,435
648,434
648,433
648,432
648,431
648,430
648,429
648,428
648,427
648,426
648,425
648,424
648,423
648,422
648,421
648,420
648,419
648,418
648,417
648,416
648,415
648,414
648,413
648,412
648,411
648,410
648,409
648,408
648,407
648,406
648,405
648,404
648,403
648,402
648,401
648,400
648,399
648,398
648,397
648,396
648,395
648,394
648,393
648,392
648,391
648,390
648,389
648,388
648,387
648,386
648,385
648,384
648,383
648,382
648,381
648,380
648,379
648,378
648,377
648,376
648,375
648,374
648,373
648,372
648,371
648,370
648,369
648,368
648,367
648,366
648,365
648,364
648,363
648,362
648,361
648,360
648,359
648,358
648,357
648,356
648,355
648,354
648,353
648,352
648,351
648,350
648,349
648,348
648,347
648,346
648,345
648,344
648,343
648,342
648,341
648,340
648,339
648,338
648,337
648,336
648,335
648,334
648,333
648,332
648,331
648,330
648,329
648,328
648,327
648,326
648,325
648,324
648,323
648,322
648,321
648,320
648,319
648,318
648,317
648,316
648,315
648,314
648,313
648,312
648,311
648,310
648,309
648,308
648,307
648,306
648,305
648,304
648,303
648,302
648,301
648,300
648,299
648,298
648,297
648,296
648,295
648,294
648,293
648,292
648,291
648,290
648,289
648,288
648,287
648,286
648,285
648,284
648,283
648,282
648,281
648,280
648,279
648,278
648,277
648,276
648,275
648,274
648,273
648,272
648,271
648,270
648,269
648,268
648,267
648,266
648,265
648,264
648,263
648,262
648,261
648,260
648,259
648,258
648,257
648,256
648,255
648,254
648,253
648,252
648,251
648,250
648,249
648,248
648,247
648,246
648,245
648,244
648,243
648,242
648,241
648,240
648,239
648,238
648,237
648,236
648,235
648,234
648,233
648,232
648,231
648,230
648,229
648,228
648,227
648,226
648,225
648,224
648,223
648,222
648,221
648,220
648,219
648,218
648,217
648,216
648,215
648,214
648,213
648,212
648,211
648,210
648,209
648,208
648,207
648,206
648,205
648,204
648,203
648,202
648,201
648,200
648,199
648,198
648,197
648,196
648,195
648,194
648,193
648,192
648,191
648,190
648,189
648,188
648,187
648,186
648,185
648,184
648,183
648,182
648,181
648,180
648,179
648,178
648,177
648,176
648,175
648,174
648,173
648,172
648,171
648,170
648,169
648,168
648,167
648,166
648,165
648,164
648,163
648,162
648,161
648,160
648,159
648,158
648,157
648,156
648,155
648,154
648,153
648,152
648,151
648,150
648,149
648,148
648,147
648,146
648,145
648,144
648,143
648,142
648,141
648,140
648,139
648,138
648,137
648,136
648,135
648,134
648,133
648,132
648,131
648,130
648,129
648,128
648,127
648,126
648,125
648,124
648,123
648,122
648,121
648,120
648,119
648,118
648,117
648,116
648,115
648,114
648,113
648,112
648,111
648,110
648,109
648,108
648,107
648,106
648,105
648,104
648,103
648,102
648,101
648,100
648,99
648,98
648,97
648,96
648,95
648,94
648,93
648,92
648,91
648,90
648,89
648,88
648,87
648,86
648,85
648,84
648,83
648,82
648,81
648,80
648,79
648,78
648,77
648,76
648,75
648,74
648,73
648,72
648,71
648,70
648,69
648,68
648,67
648,66
648,65
648,64
648,63
648,62
648,61
648,60
648,59
648,58
648,57
648,56
648,55
648,54
648,53
648,52
648,51
648,50
648,49
648,48
648,47
648,46
648,45
649,44
649,43
649,42
650,41
650,40
651,39
651,38
652,37
653,36
654,35
655,35
656,34
657,33
658,33
659,33
660,32
661,32
662,32
663,32
664,32
665,32
666,32
667,33
668,33
669,33
670,34
671,35
672,35
673,36
674,37
675,38
675,39
676,40
676,41
677,42
677,43
677,44
678,45
678,46
678,47
678,48
678,49
678,50
678,51
678,52
678,53
678,54
678,55
678,56
678,57
678,58
678,59
678,60
678,61
678,62
678,63
678,64
678,65
678,66
678,67
678,68
678,69
678,70
678,71
678,72
678,73
678,74
678,75
678,76
678,77
678,78
678,79
678,80
678,81
678,82
678,83
678,84
678,85
678,86
678,87
678,88
678,89
678,90
678,91
678,92
678,93
678,94
678,95
678,96
678,97
678,98
678,99
678,100
678,101
678,102
678,103
678,104
678,105
678,106
678,107
678,108
678,109
678,110
678,111
678,112
678,113
678,114
678,115
678,116
678,117
678,118
678,119
678,120
678,121
678,122
678,123
678,124
678,125
678,126
678,127
678,128
678,129
678,130
678,131
678,132
678,133
678,134
678,135
678,136
678,137
678,138
678,139
678,140
678,141
678,142
678,143
678,144
678,145
678,146
678,147
678,148
678,149
678,150
678,151
678,152
678,153
678,154
678,155
678,156
678,157
678,158
678,159
678,160
678,161
678,162
678,163
678,164
678,165
678,166
678,167
678,168
678,169
678,170
678,171
678,172
678,173
678,174
678,175
678,176
678,177
678,178
678,179
678,180
678,181
678,182
678,183
678,184
678,185
678,186
678,187
678,188
678,189
678,190
678,191
678,192
678,193
678,194
678,195
678,196
678,197
678,198
678,199
678,200
678,201
678,202
678,203
678,204
678,205
678,206
678,207
678,208
678,209
678,210
678,211
678,212
678,213
678,214
678,215
678,216
678,217
678,218
678,219
678,220
678,221
678,222
678,223
678,224
678,225
678,226
678,227
678,228
678,229
678,230
678,231
678,232
678,233
678,234
678,235
678,236
678,237
678,238
678,239
678,240
678,241
678,242
678,243
678,244
678,245
678,246
678,247
678,248
678,249
678,250
678,251
678,252
678,253
678,254
678,255
678,256
678,257
678,258
678,259
678,260
678,261
678,262
678,263
678,264
678,265
678,266
678,267
678,268
678,269
678,270
678,271
678,272
678,273
678,274
678,275
678,276
678,277
678,278
678,279
678,280
678,281
678,282
678,283
678,284
678,285
678,286
678,287
678,288
678,289
678,290
678,291
678,292
678,293
678,294
678,295
678,296
678,297
678,298
678,299
678,300
678,301
678,302
678,303
678,304
678,305
678,306
678,307
678,308
678,309
678,310
678,311
678,312
678,313
678,314
678,315
678,316
678,317
678,318
678,319
678,320
678,321
678,322
678,323
678,324
678,325
678,326
678,327
678,328
678,329
678,330
678,331
678,332
678,333
678,334
678,335
678,336
678,337
678,338
678,339
678,340
678,341
678,342
678,343
678,344
678,345
678,346
678,347
678,348
678,349
678,350
678,351
678,352
678,353
678,354
678,355
678,356
678,357
678,358
678,359
678,360
678,361
678,362
678,363
678,364
678,365
678,366
678,367
678,368
678,369
678,370
678,371
678,372
678,373
678,374
678,375
678,376
678,377
678,378
678,379
678,380
678,381
678,382
678,383
678,384
678,385
678,386
678,387
678,388
678,389
678,390
678,391
678,392
678,393
678,394
678,395
678,396
678,397
678,398
678,399
678,400
678,401
678,402
678,403
678,404
678,405
678,406
678,407
678,408
678,409
678,410
678,411
678,412
678,413
678,414
678,415
678,416
678,417
678,418
678,419
678,420
678,421
678,422
678,423
678,424
678,425
678,426
678,427
678,428
678,429
678,430
678,431
678,432
678,433
678,434
678,435
678,436
678,437
678,438
678,439
678,440
678,441
678,442
678,443
678,444
678,445
678,446
678,447
678,448
678,449
678,450
678,451
678,452
678,453
678,454
678,455
678,456
678,457
678,458
678,459
678,460
678,461
678,462
678,463
678,464
678,465
678,466
678,467
678,468
678,469
678,470
678,471
678,472
678,473
678,474
678,475
678,476
678,477
678,478
678,479
678,480
678,481
678,482
678,483
678,484
678,485
678,486
678,487
678,488
678,489
678,490
678,491
678,492
678,493
678,494
678,495
678,496
678,497
678,498
678,499
678,500
678,501
678,502
678,503
678,504
678,505
678,506
678,507
678,508
678,509
678,510
678,511
678,512
678,513
678,514
678,515
678,516
678,517
678,518
678,519
678,520
678,521
678,522
678,523
678,524
678,525
678,526
678,527
678,528
678,529
678,530
678,531
678,532
678,533
678,534
678,535
678,536
678,537
678,538
678,539
678,540
678,541
678,542
678,543
678,544
678,545
678,546
678,547
678,548
678,549
678,550
678,551
678,552
678,553
678,554
678,555
678,556
678,557
678,558
678,559
678,560
678,561
678,562
678,563
678,564
678,565
678,566
678,567
678,568
678,569
678,570
678,571
678,572
678,573
678,574
678,575
678,576
678,577
678,578
678,579
678,580
678,581
678,582
678,583
678,584
678,585
678,586
678,587
678,588
678,589
678,590
678,591
678,592
678,593
678,594
678,595
678,596
678,597
678,598
678,599
678,600
678,601
678,602
678,603
678,604
678,605
678,606
678,607
678,608
678,609
678,610
678,611
678,612
678,613
678,614
678,615
678,616
678,617
678,618
678,619
678,620
678,621
678,622
678,623
678,624
678,625
678,626
678,627
678,628
678,629
678,630
678,631
678,632
678,633
678,634
678,635
678,636
678,637
678,638
678,639
678,640
678,641
678,642
678,643
678,644
678,645
678,646
678,647
678,648
678,649
678,650
678,651
678,652
678,653
678,654
678,655
678,656
678,657
678,658
678,659
678,660
678,661
678,662
678,663
678,664
678,665
678,666
678,667
678,668
678,669
678,670
678,671
678,672
678,673
678,674
678,675
678,676
678,677
678,678
678,679
678,680
678,681
678,682
678,683
678,684
678,685
678,686
678,687
678,688
678,689
678,690
678,691
678,692
678,693
678,694
678,695
678,696
678,697
678,698
678,699
678,700
678,701
678,702
678,703
678,704
678,705
678,706
678,707
678,708
678,709
678,710
678,711
678,712
678,713
678,714
678,715
678,716
678,717
678,718
678,719
678,720
678,721
678,722
678,723
678,724
678,725
678,726
678,727
678,728
678,729
678,730
678,731
678,732
678,733
678,734
678,735
678,736
678,737
678,738
678,739
678,740
678,741
678,742
678,743
678,744
678,745
678,746
678,747
678,748
678,749
678,750
678,751
678,752
678,753
678,754
678,755
678,756
678,757
678,758
678,759
678,760
678,761
678,762
678,763
678,764
678,765
678,766
678,767
678,768
678,769
678,770
678,771
678,772
678,773
678,774
678,775
678,776
678,777
678,778
678,779
678,780
678,781
678,782
678,783
678,784
678,785
678,786
678,787
678,788
678,789
678,790
678,791
678,792
678,793
678,794
678,795
678,796
678,797
678,798
678,799
678,800
678,801
678,802
678,803
678,804
678,805
678,806
678,807
678,808
678,809
678,810
678,811
678,812
678,813
678,814
678,815
678,816
678,817
678,818
678,819
678,820
678,821
678,822
678,823
678,824
678,825
678,826
678,827
678,828
678,829
678,830
678,831
678,832
678,833
678,834
678,835
678,836
678,837
678,838
678,839
678,840
678,841
678,842
678,843
678,844
678,845
678,846
678,847
678,848
678,849
678,850
678,851
678,852
678,853
678,854
678,855
678,856
678,857
678,858
678,859
678,860
678,861
678,862
678,863
678,864
678,865
678,866
678,867
678,868
678,869
678,870
678,871
678,872
678,873
678,874
678,875
678,876
678,877
678,878
678,879
678,880
678,881
678,882
678,883
678,884
678,885
678,886
678,887
678,888
678,889
678,890
678,891
678,892
678,893
678,894
678,895
678,896
678,897
678,898
678,899
678,900
678,901
678,902
678,903
678,904
678,905
678,906
678,907
678,908
678,909
678,910
678,911
678,912
678,913
678,914
678,915
678,916
678,917
678,918
678,919
678,920
678,921
678,922
678,923
678,924
678,925
678,926
678,927
678,928
678,929
678,930
678,931
678,932
678,933
678,934
678,935
678,936
678,937
678,938
678,939
678,940
678,941
678,942
678,943
678,944
678,945
678,946
678,947
678,948
678,949
678,950
678,951
678,952
678,953
678,954
678,955
678,956
678,957
678,958
678,959
678,960
678,961
678,962
678,963
678,964
678,965
678,966
678,967
678,968
678,969
678,970
678,971
678,972
678,973
678,974
678,975
678,976
678,977
678,978
678,979
679,980
679,981
679,982
680,983
680,984
681,985
681,986
682,987
683,988
684,989
685,989
686,990
687,991
688,991
689,991
690,992
691,992
692,992
693,992
694,992
695,992
696,992
697,991
698,991
699,991
700,990
701,989
702,989
703,988
704,987
705,986
705,985
706,984
706,983
707,982
707,981
707,980
708,979
708,978
708,977
708,976
708,975
708,974
708,973
708,972
708,971
708,970
708,969
708,968
708,967
708,966
708,965
708,964
708,963
708,962
708,961
708,960
708,959
708,958
708,957
708,956
708,955
708,954
708,953
708,952
708,951
708,950
708,949
708,948
708,947
708,946
708,945
708,944
708,943
708,942
708,941
708,940
708,939
708,938
708,937
708,936
708,935
708,934
708,933
708,932
708,931
708,930
708,929
708,928
708,927
708,926
708,925
708,924
708,923
708,922
708,921
708,920
708,919
708,918
708,917
708,916
708,915
708,914
708,913
708,912
708,911
708,910
708,909
708,908
708,907
708,906
708,905
708,904
708,903
708,902
708,901
708,900
708,899
708,898
708,897
708,896
708,895
708,894
708,893
708,892
708,891
708,890
708,889
708,888
708,887
708,886
708,885
708,884
708,883
708,882
708,881
708,880
708,879
708,878
708,877
708,876
708,875
708,874
708,873
708,872
708,871
708,870
708,869
708,868
708,867
708,866
708,865
708,864
708,863
708,862
708,861
708,860
708,859
708,858
708,857
708,856
708,855
708,854
708,853
708,852
708,851
708,850
708,849
708,848
708,847
708,846
708,845
708,844
708,843
708,842
708,841
708,840
708,839
708,838
708,837
708,836
708,835
708,834
708,833
708,832
708,831
708,830
708,829
708,828
708,827
708,826
708,825
708,824
708,823
708,822
708,821
708,820
708,819
708,818
708,817
708,816
708,815
708,814
708,813
708,812
708,811
708,810
708,809
708,808
708,807
708,806
708,805
708,804
708,803
708,802
708,801
708,800
708,799
708,798
708,797
708,796
708,795
708,794
708,793
708,792
708,791
708,790
708,789
708,788
708,787
708,786
708,785
708,784
708,783
708,782
708,781
708,780
708,779
708,778
708,777
708,776
708,775
708,774
708,773
708,772
708,771
708,770
708,769
708,768
708,767
708,766
708,765
708,764
708,763
708,762
708,761
708,760
708,759
708,758
708,757
708,756
708,755
708,754
708,753
708,752
708,751
708,750
708,749
708,748
708,747
708,746
708,745
708,744
708,743
708,742
708,741
708,740
708,739
708,738
708,737
708,736
708,735
708,734
708,733
708,732
708,731
708,730
708,729
708,728
708,727
708,726
708,725
708,724
708,723
708,722
708,721
708,720
708,719
708,718
708,717
708,716
708,715
708,714
708,713
708,712
708,711
708,710
708,709
708,708
708,707
708,706
708,705
708,704
708,703
708,702
708,701
708,700
708,699
708,698
708,697
708,696
708,695
708,694
708,693
708,692
708,691
708,690
708,689
708,688
708,687
708,686
708,685
708,684
708,683
708,682
708,681
708,680
708,679
708,678
708,677
708,676
708,675
708,674
708,673
708,672
708,671
708,670
708,669
708,668
708,667
708,666
708,665
708,664
708,663
708,662
708,661
708,660
708,659
708,658
708,657
708,656
708,655
708,654
708,653
708,652
708,651
708,650
708,649
708,648
708,647
708,646
708,645
708,644
708,643
708,642
708,641
708,640
708,639
708,638
708,637
708,636
708,635
708,634
708,633
708,632
708,631
708,630
708,629
708,628
708,627
708,626
708,625
708,624
708,623
708,622
708,621
708,620
708,619
708,618
708,617
708,616
708,615
708,614
708,613
708,612
708,611
708,610
708,609
708,608
708,607
708,606
708,605
708,604
708,603
708,602
708,601
708,600
708,599
708,598
708,597
708,596
708,595
708,594
708,593
708,592
708,591
708,590
708,589
708,588
708,587
708,586
708,585
708,584
708,583
708,582
708,581
708,580
708,579
708,578
708,577
708,576
708,575
708,574
708,573
708,572
708,571
708,570
708,569
708,568
708,567
708,566
708,565
708,564
708,563
708,562
708,561
708,560
708,559
708,558
708,557
708,556
708,555
708,554
708,553
708,552
708,551
708,550
708,549
708,548
708,547
708,546
708,545
708,544
708,543
708,542
708,541
708,540
708,539
708,538
708,537
708,536
708,535
708,534
708,533
708,532
708,531
708,530
708,529
708,528
708,527
708,526
708,525
708,524
708,523
708,522
708,521
708,520
708,519
708,518
708,517
708,516
708,515
708,514
708,513
708,512
708,511
708,510
708,509
708,508
708,507
708,506
708,505
708,504
708,503
708,502
708,501
708,500
708,499
708,498
708,497
708,496
708,495
708,494
708,493
708,492
708,491
708,490
708,489
708,488
708,487
708,486
708,485
708,484
708,483
708,482
708,481
708,480
708,479
708,478
708,477
708,476
708,475
708,474
708,473
708,472
708,471
708,470
708,469
708,468
708,467
708,466
708,465
708,464
708,463
708,462
708,461
708,460
708,459
708,458
708,457
708,456
708,455
708,454
708,453
708,452
708,451
708,450
708,449
708,448
708,447
708,446
708,445
708,444
708,443
708,442
708,441
708,440
708,439
708,438
708,437
708,436
708,435
708,434
708,433
708,432
708,431
708,430
708,429
708,428
708,427
708,426
708,425
708,424
708,423
708,422
708,421
708,420
708,419
708,418
708,417
708,416
708,415
708,414
708,413
708,412
708,411
708,410
708,409
708,408
708,407
708,406
708,405
708,404
708,403
708,402
708,401
708,400
708,399
708,398
708,397
708,396
708,395
708,394
708,393
708,392
708,391
708,390
708,389
708,388
708,387
708,386
708,385
708,384
708,383
708,382
708,381
708,380
708,379
708,378
708,377
708,376
708,375
708,374
708,373
708,372
708,371
708,370
708,369
708,368
708,367
708,366
708,365
708,364
708,363
708,362
708,361
708,360
708,359
708,358
708,357
708,356
708,355
708,354
708,353
708,352
708,351
708,350
708,349
708,348
708,347
708,346
708,345
708,344
708,343
708,342
708,341
708,340
708,339
708,338
708,337
708,336
708,335
708,334
708,333
708,332
708,331
708,330
708,329
708,328
708,327
708,326
708,325
708,324
708,323
708,322
708,321
708,320
708,319
708,318
708,317
708,316
708,315
708,314
708,313
708,312
708,311
708,310
708,309
708,308
708,307
708,306
708,305
708,304
708,303
708,302
708,301
708,300
708,299
708,298
708,297
708,296
708,295
708,294
708,293
708,292
708,291
708,290
708,289
708,288
708,287
708,286
708,285
708,284
708,283
708,282
708,281
708,280
708,279
708,278
708,277
708,276
708,275
708,274
708,273
708,272
708,271
708,270
708,269
708,268
708,267
708,266
708,265
708,264
708,263
708,262
708,261
708,260
708,259
708,258
708,257
708,256
708,255
708,254
708,253
708,252
708,251
708,250
708,249
708,248
708,247
708,246
708,245
708,244
708,243
708,242
708,241
708,240
708,239
708,238
708,237
708,236
708,235
708,234
708,233
708,232
708,231
708,230
708,229
708,228
708,227
708,226
708,225
708,224
708,223
708,222
708,221
708,220
708,219
708,218
708,217
708,216
708,215
708,214
708,213
708,212
708,211
708,210
708,209
708,208
708,207
708,206
708,205
708,204
708,203
708,202
708,201
708,200
708,199
708,198
708,197
708,196
708,195
708,194
708,193
708,192
708,191
708,190
708,189
708,188
708,187
708,186
708,185
708,184
708,183
708,182
708,181
708,180
708,179
708,178
708,177
708,176
708,175
708,174
708,173
708,172
708,171
708,170
708,169
708,168
708,167
708,166
708,165
708,164
708,163
708,162
708,161
708,160
708,159
708,158
708,157
708,156
708,155
708,154
708,153
708,152
708,151
708,150
708,149
708,148
708,147
708,146
708,145
708,144
708,143
708,142
708,141
708,140
708,139
708,138
708,137
708,136
708,135
708,134
708,133
708,132
708,131
708,130
708,129
708,128
708,127
708,126
708,125
708,124
708,123
708,122
708,121
708,120
708,119
708,118
708,117
708,116
708,115
708,114
708,113
708,112
708,111
708,110
708,109
708,108
708,107
708,106
708,105
708,104
708,103
708,102
708,101
708,100
708,99
708,98
708,97
708,96
708,95
708,94
708,93
708,92
708,91
708,90
708,89
708,88
708,87
708,86
708,85
708,84
708,83
708,82
708,81
708,80
708,79
708,78
708,77
708,76
708,75
708,74
708,73
708,72
708,71
708,70
708,69
708,68
708,67
708,66
708,65
708,64
708,63
708,62
708,61
708,60
708,59
708,58
708,57
708,56
708,55
708,54
708,53
708,52
708,51
708,50
708,49
708,48
708,47
708,46
708,45
709,44
709,43
709,42
710,41
710,40
711,39
711,38
712,37
713,36
714,35
715,35
716,34
717,33
718,33
719,33
720,32
721,32
722,32
723,32
724,32
725,32
726,32
727,33
728,33
729,33
730,34
731,35
732,35
733,36
734,37
735,38
735,39
736,40
736,41
737,42
737,43
737,44
738,45
738,46
738,47
738,48
738,49
738,50
738,51
738,52
738,53
738,54
738,55
738,56
738,57
738,58
738,59
738,60
738,61
738,62
738,63
738,64
738,65
738,66
738,67
738,68
738,69
738,70
738,71
738,72
738,73
738,74
738,75
738,76
738,77
738,78
738,79
738,80
738,81
738,82
738,83
738,84
738,85
738,86
738,87
738,88
738,89
738,90
738,91
738,92
738,93
738,94
738,95
738,96
738,97
738,98
738,99
738,100
738,101
738,102
738,103
738,104
738,105
738,106
738,107
738,108
738,109
738,110
738,111
738,112
738,113
738,114
738,115
738,116
738,117
738,118
738,119
738,120
738,121
738,122
738,123
738,124
738,125
738,126
738,127
738,128
738,129
738,130
738,131
738,132
738,133
738,134
738,135
738,136
738,137
738,138
738,139
738,140
738,141
738,142
738,143
738,144
738,145
738,146
738,147
738,148
738,149
738,150
738,151
738,152
738,153
738,154
738,155
738,156
738,157
738,158
738,159
738,160
738,161
738,162
738,163
738,164
738,165
738,166
738,167
738,168
738,169
738,170
738,171
738,172
738,173
738,174
738,175
738,176
738,177
738,178
738,179
738,180
738,181
738,182
738,183
738,184
738,185
738,186
738,187
738,188
738,189
738,190
738,191
738,192
738,193
738,194
738,195
738,196
738,197
738,198
738,199
738,200
738,201
738,202
738,203
738,204
738,205
738,206
738,207
738,208
738,209
738,210
738,211
738,212
738,213
738,214
738,215
738,216
738,217
738,218
738,219
738,220
738,221
738,222
738,223
738,224
738,225
738,226
738,227
738,228
738,229
738,230
738,231
738,232
738,233
738,234
738,235
738,236
738,237
738,238
738,239
738,240
738,241
738,242
738,243
738,244
738,245
738,246
738,247
738,248
738,249
738,250
738,251
738,252
738,253
738,254
738,255
738,256
738,257
738,258
738,259
738,260
738,261
738,262
738,263
738,264
738,265
738,266
738,267
738,268
738,269
738,270
738,271
738,272
738,273
738,274
738,275
738,276
738,277
738,278
738,279
738,280
738,281
738,282
738,283
738,284
738,285
738,286
738,287
738,288
738,289
738,290
738,291
738,292
738,293
738,294
738,295
738,296
738,297
738,298
738,299
738,300
738,301
738,302
738,303
738,304
738,305
738,306
738,307
738,308
738,309
738,310
738,311
738,312
738,313
738,314
738,315
738,316
738,317
738,318
738,319
738,320
738,321
738,322
738,323
738,324
738,325
738,326
738,327
738,328
738,329
738,330
738,331
738,332
738,333
738,334
738,335
738,336
738,337
738,338
738,339
738,340
738,341
738,342
738,343
738,344
738,345
738,346
738,347
738,348
738,349
738,350
738,351
738,352
738,353
738,354
738,355
738,356
738,357
738,358
738,359
738,360
738,361
738,362
738,363
738,364
738,365
738,366
738,367
738,368
738,369
738,370
738,371
738,372
738,373
738,374
738,375
738,376
738,377
738,378
738,379
738,380
738,381
738,382
738,383
738,384
738,385
738,386
738,387
738,388
738,389
738,390
738,391
738,392
738,393
738,394
738,395
738,396
738,397
738,398
738,399
738,400
738,401
738,402
738,403
738,404
738,405
738,406
738,407
738,408
738,409
738,410
738,411
738,412
738,413
738,414
738,415
738,416
738,417
738,418
738,419
738,420
738,421
738,422
738,423
738,424
738,425
738,426
738,427
738,428
738,429
738,430
738,431
738,432
738,433
738,434
738,435
738,436
738,437
738,438
738,439
738,440
738,441
738,442
738,443
738,444
738,445
738,446
738,447
738,448
738,449
738,450
738,451
738,452
738,453
738,454
738,455
738,456
738,457
738,458
738,459
738,460
738,461
738,462
738,463
738,464
738,465
738,466
738,467
738,468
738,469
738,470
738,471
738,472
738,473
738,474
738,475
738,476
738,477
738,478
738,479
738,480
738,481
738,482
738,483
738,484
738,485
738,486
738,487
738,488
738,489
738,490
738,491
738,492
738,493
738,494
738,495
738,496
738,497
738,498
738,499
738,500
738,501
738,502
738,503
738,504
738,505
738,506
738,507
738,508
738,509
738,510
738,511
738,512
738,513
738,514
738,515
738,516
738,517
738,518
738,519
738,520
738,521
738,522
738,523
738,524
738,525
738,526
738,527
738,528
738,529
738,530
738,531
738,532
738,533
738,534
738,535
738,536
738,537
738,538
738,539
738,540
738,541
738,542
738,543
738,544
738,545
738,546
738,547
738,548
738,549
738,550
738,551
738,552
738,553
738,554
738,555
738,556
738,557
738,558
738,559
738,560
738,561
738,562
738,563
738,564
738,565
738,566
738,567
738,568
738,569
738,570
738,571
738,572
738,573
738,574
738,575
738,576
738,577
738,578
738,579
738,580
738,581
738,582
738,583
738,584
738,585
738,586
738,587
738,588
738,589
738,590
738,591
738,592
738,593
738,594
738,595
738,596
738,597
738,598
738,599
738,600
738,601
738,602
738,603
738,604
738,605
738,606
738,607
738,608
738,609
738,610
738,611
738,612
738,613
738,614
738,615
738,616
738,617
738,618
738,619
738,620
738,621
738,622
738,623
738,624
738,625
738,626
738,627
738,628
738,629
738,630
738,631
738,632
738,633
738,634
738,635
738,636
738,637
738,638
738,639
738,640
738,641
738,642
738,643
738,644
738,645
738,646
738,647
738,648
738,649
738,650
738,651
738,652
738,653
738,654
738,655
738,656
738,657
738,658
738,659
738,660
738,661
738,662
738,663
738,664
738,665
738,666
738,667
738,668
738,669
738,670
738,671
738,672
738,673
738,674
738,675
738,676
738,677
738,678
738,679
738,680
738,681
738,682
738,683
738,684
738,685
738,686
738,687
738,688
738,689
738,690
738,691
738,692
738,693
738,694
738,695
738,696
738,697
738,698
738,699
738,700
738,701
738,702
738,703
738,704
738,705
738,706
738,707
738,708
738,709
738,710
738,711
738,712
738,713
738,714
738,715
738,716
738,717
738,718
738,719
738,720
738,721
738,722
738,723
738,724
738,725
738,726
738,727
738,728
738,729
738,730
738,731
738,732
738,733
738,734
738,735
738,736
738,737
738,738
738,739
738,740
738,741
738,742
738,743
738,744
738,745
738,746
738,747
738,748
738,749
738,750
738,751
738,752
738,753
738,754
738,755
738,756
738,757
738,758
738,759
738,760
738,761
738,762
738,763
738,764
738,765
738,766
738,767
738,768
738,769
738,770
738,771
738,772
738,773
738,774
738,775
738,776
738,777
738,778
738,779
738,780
738,781
738,782
738,783
738,784
738,785
738,786
738,787
738,788
738,789
738,790
738,791
738,792
738,793
738,794
738,795
738,796
738,797
738,798
738,799
738,800
738,801
738,802
738,803
738,804
738,805
738,806
738,807
738,808
738,809
738,810
738,811
738,812
738,813
738,814
738,815
738,816
738,817
738,818
738,819
738,820
738,821
738,822
738,823
738,824
738,825
738,826
738,827
738,828
738,829
738,830
738,831
738,832
738,833
738,834
738,835
738,836
738,837
738,838
738,839
738,840
738,841
738,842
738,843
738,844
738,845
738,846
738,847
738,848
738,849
738,850
738,851
738,852
738,853
738,854
738,855
738,856
738,857
738,858
738,859
738,860
738,861
738,862
738,863
738,864
738,865
738,866
738,867
738,868
738,869
738,870
738,871
738,872
738,873
738,874
738,875
738,876
738,877
738,878
738,879
738,880
738,881
738,882
738,883
738,884
738,885
738,886
738,887
738,888
738,889
738,890
738,891
738,892
738,893
738,894
738,895
738,896
738,897
738,898
738,899
738,900
738,901
738,902
738,903
738,904
738,905
738,906
738,907
738,908
738,909
738,910
738,911
738,912
738,913
738,914
738,915
738,916
738,917
738,918
738,919
738,920
738,921
738,922
738,923
738,924
738,925
738,926
738,927
738,928
738,929
738,930
738,931
738,932
738,933
738,934
738,935
738,936
738,937
738,938
738,939
738,940
738,941
738,942
738,943
738,944
738,945
738,946
738,947
738,948
738,949
738,950
738,951
738,952
738,953
738,954
738,955
738,956
738,957
738,958
738,959
738,960
738,961
738,962
738,963
738,964
738,965
738,966
738,967
738,968
738,969
738,970
738,971
738,972
738,973
738,974
738,975
738,976
738,977
738,978
738,979
739,980
739,981
739,982
740,983
740,984
741,985
741,986
742,987
743,988
744,989
745,989
746,990
747,991
748,991
749,991
750,992
751,992
752,992
753,992
754,992
755,992
756,992
757,991
758,991
759,991
760,990
761,989
762,989
763,988
764,987
765,986
765,985
766,984
766,983
767,982
767,981
767,980
768,979
768,978
768,977
768,976
768,975
768,974
768,973
768,972
768,971
768,970
768,969
768,968
768,967
768,966
768,965
768,964
768,963
768,962
768,961
768,960
768,959
768,958
768,957
768,956
768,955
768,954
768,953
768,952
768,951
768,950
768,949
768,948
768,947
768,946
768,945
768,944
768,943
768,942
768,941
768,940
768,939
768,938
768,937
768,936
768,935
768,934
768,933
768,932
768,931
768,930
768,929
768,928
768,927
768,926
768,925
768,924
768,923
768,922
768,921
768,920
768,919
768,918
768,917
768,916
768,915
768,914
768,913
768,912
768,911
768,910
768,909
768,908
768,907
768,906
768,905
768,904
768,903
768,902
768,901
768,900
768,899
768,898
768,897
768,896
768,895
768,894
768,893
768,892
768,891
768,890
768,889
768,888
768,887
768,886
768,885
768,884
768,883
768,882
768,881
768,880
768,879
768,878
768,877
768,876
768,875
768,874
768,873
768,872
768,871
768,870
768,869
768,868
768,867
768,866
768,865
768,864
768,863
768,862
768,861
768,860
768,859
768,858
768,857
768,856
768,855
768,854
768,853
768,852
768,851
768,850
768,849
768,848
768,847
768,846
768,845
768,844
768,843
768,842
768,841
768,840
768,839
768,838
768,837
768,836
768,835
768,834
768,833
768,832
768,831
768,830
768,829
768,828
768,827
768,826
768,825
768,824
768,823
768,822
768,821
768,820
768,819
768,818
768,817
768,816
768,815
768,814
768,813
768,812
768,811
768,810
768,809
768,808
768,807
768,806
768,805
768,804
768,803
768,802
768,801
768,800
768,799
768,798
768,797
768,796
768,795
768,794
768,793
768,792
768,791
768,790
768,789
768,788
768,787
768,786
768,785
768,784
768,783
768,782
768,781
768,780
768,779
768,778
768,777
768,776
768,775
768,774
768,773
768,772
768,771
768,770
768,769
768,768
768,767
768,766
768,765
768,764
768,763
768,762
768,761
768,760
768,759
768,758
768,757
768,756
768,755
768,754
768,753
768,752
768,751
768,750
768,749
768,748
768,747
768,746
768,745
768,744
768,743
768,742
768,741
768,740
768,739
768,738
768,737
768,736
768,735
768,734
768,733
768,732
768,731
768,730
768,729
768,728
768,727
768,726
768,725
768,724
768,723
768,722
768,721
768,720
768,719
768,718
768,717
768,716
768,715
768,714
768,713
768,712
768,711
768,710
768,709
768,708
768,707
768,706
768,705
768,704
768,703
768,702
768,701
768,700
768,699
768,698
768,697
768,696
768,695
768,694
768,693
768,692
768,691
768,690
768,689
768,688
768,687
768,686
768,685
768,684
768,683
768,682
768,681
768,680
768,679
768,678
768,677
768,676
768,675
768,674
768,673
768,672
768,671
768,670
768,669
768,668
768,667
768,666
768,665
768,664
768,663
768,662
768,661
768,660
768,659
768,658
768,657
768,656
768,655
768,654
768,653
768,652
768,651
768,650
768,649
768,648
768,647
768,646
768,645
768,644
768,643
768,642
768,641
768,640
768,639
768,638
768,637
768,636
768,635
768,634
768,633
768,632
768,631
768,630
768,629
768,628
768,627
768,626
768,625
768,624
768,623
768,622
768,621
768,620
768,619
768,618
768,617
768,616
768,615
768,614
768,613
768,612
768,611
768,610
768,609
768,608
768,607
768,606
768,605
768,604
768,603
768,602
768,601
768,600
768,599
768,598
768,597
768,596
768,595
768,594
768,593
768,592
768,591
768,590
768,589
768,588
768,587
768,586
768,585
768,584
768,583
768,582
768,581
768,580
768,579
768,578
768,577
768,576
768,575
768,574
768,573
768,572
768,571
768,570
768,569
768,568
768,567
768,566
768,565
768,564
768,563
768,562
768,561
768,560
768,559
768,558
768,557
768,556
768,555
768,554
768,553
768,552
768,551
768,550
768,549
768,548
768,547
768,546
768,545
768,544
768,543
768,542
768,541
768,540
768,539
768,538
768,537
768,536
768,535
768,534
768,533
768,532
768,531
768,530
768,529
768,528
768,527
768,526
768,525
768,524
768,523
768,522
768,521
768,520
768,519
768,518
768,517
768,516
768,515
768,514
768,513
768,512
768,511
768,510
768,509
768,508
768,507
768,506
768,505
768,504
768,503
768,502
768,501
768,500
768,499
768,498
768,497
768,496
768,495
768,494
768,493
768,492
768,491
768,490
768,489
768,488
768,487
768,486
768,485
768,484
768,483
768,482
768,481
768,480
768,479
768,478
768,477
768,476
768,475
768,474
768,473
768,472
768,471
768,470
768,469
768,468
768,467
768,466
768,465
768,464
768,463
768,462
768,461
768,460
768,459
768,458
768,457
768,456
768,455
768,454
768,453
768,452
768,451
768,450
768,449
768,448
768,447
768,446
768,445
768,444
768,443
768,442
768,441
768,440
768,439
768,438
768,437
768,436
768,435
768,434
768,433
768,432
768,431
768,430
768,429
768,428
768,427
768,426
768,425
768,424
768,423
768,422
768,421
768,420
768,419
768,418
768,417
768,416
768,415
768,414
768,413
768,412
768,411
768,410
768,409
768,408
768,407
768,406
768,405
768,404
768,403
768,402
768,401
768,400
768,399
768,398
768,397
768,396
768,395
768,394
768,393
768,392
768,391
768,390
768,389
768,388
768,387
768,386
768,385
768,384
768,383
768,382
768,381
768,380
768,379
768,378
768,377
768,376
768,375
768,374
768,373
768,372
768,371
768,370
768,369
768,368
768,367
768,366
768,365
768,364
768,363
768,362
768,361
768,360
768,359
768,358
768,357
768,356
768,355
768,354
768,353
768,352
768,351
768,350
768,349
768,348
768,347
768,346
768,345
768,344
768,343
768,342
768,341
768,340
768,339
768,338
768,337
768,336
768,335
768,334
768,333
768,332
768,331
768,330
768,329
768,328
768,327
768,326
768,325
768,324
768,323
768,322
768,321
768,320
768,319
768,318
768,317
768,316
768,315
768,314
768,313
768,312
768,311
768,310
768,309
768,308
768,307
768,306
768,305
768,304
768,303
768,302
768,301
768,300
768,299
768,298
768,297
768,296
768,295
768,294
768,293
768,292
768,291
768,290
768,289
768,288
768,287
768,286
768,285
768,284
768,283
768,282
768,281
768,280
768,279
768,278
768,277
768,276
768,275
768,274
768,273
768,272
768,271
768,270
768,269
768,268
768,267
768,266
768,265
768,264
768,263
768,262
768,261
768,260
768,259
768,258
768,257
768,256
768,255
768,254
768,253
768,252
768,251
768,250
768,249
768,248
768,247
768,246
768,245
768,244
768,243
768,242
768,241
768,240
768,239
768,238
768,237
768,236
768,235
768,234
768,233
768,232
768,231
768,230
768,229
768,228
768,227
768,226
768,225
768,224
768,223
768,222
768,221
768,220
768,219
768,218
768,217
768,216
768,215
768,214
768,213
768,212
768,211
768,210
768,209
768,208
768,207
768,206
768,205
768,204
768,203
768,202
768,201
768,200
768,199
768,198
768,197
768,196
768,195
768,194
768,193
768,192
768,191
768,190
768,189
768,188
768,187
768,186
768,185
768,184
768,183
768,182
768,181
768,180
768,179
768,178
768,177
768,176
768,175
768,174
768,173
768,172
768,171
768,170
768,169
768,168
768,167
768,166
768,165
768,164
768,163
768,162
768,161
768,160
768,159
768,158
768,157
768,156
768,155
768,154
768,153
768,152
768,151
768,150
768,149
768,148
768,147
768,146
768,145
768,144
768,143
768,142
768,141
768,140
768,139
768,138
768,137
768,136
768,135
768,134
768,133
768,132
768,131
768,130
768,129
768,128
768,127
768,126
768,125
768,124
768,123
768,122
768,121
768,120
768,119
768,118
768,117
768,116
768,115
768,114
768,113
768,112
768,111
768,110
768,109
768,108
768,107
768,106
768,105
768,104
768,103
768,102
768,101
768,100
768,99
768,98
768,97
768,96
768,95
768,94
768,93
768,92
768,91
768,90
768,89
768,88
768,87
768,86
768,85
768,84
768,83
768,82
768,81
768,80
768,79
768,78
768,77
768,76
768,75
768,74
768,73
768,72
768,71
768,70
768,69
768,68
768,67
768,66
768,65
768,64
768,63
768,62
768,61
768,60
768,59
768,58
768,57
768,56
768,55
768,54
768,53
768,52
768,51
768,50
768,49
768,48
768,47
768,46
768,45
769,44
769,43
769,42
770,41
770,40
771,39
771,38
772,37
773,36
774,35
775,35
776,34
777,33
778,33
779,33
780,32
781,32
782,32
783,32
784,32
785,32
786,32
787,33
788,33
789,33
790,34
791,35
792,35
793,36
794,37
795,38
795,39
796,40
796,41
797,42
797,43
797,44
798,45
798,46
798,47
798,48
798,49
798,50
798,51
798,52
798,53
798,54
798,55
798,56
798,57
798,58
798,59
798,60
798,61
798,62
798,63
798,64
798,65
798,66
798,67
798,68
798,69
798,70
798,71
798,72
798,73
798,74
798,75
798,76
798,77
798,78
798,79
798,80
798,81
798,82
798,83
798,84
798,85
798,86
798,87
798,88
798,89
798,90
798,91
798,92
798,93
798,94
798,95
798,96
798,97
798,98
798,99
798,100
798,101
798,102
798,103
798,104
798,105
798,106
798,107
798,108
798,109
798,110
798,111
798,112
798,113
798,114
798,115
798,116
798,117
798,118
798,119
798,120
798,121
798,122
798,123
798,124
798,125
798,126
798,127
798,128
798,129
798,130
798,131
798,132
798,133
798,134
798,135
798,136
798,137
798,138
798,139
798,140
798,141
798,142
798,143
798,144
798,145
798,146
798,147
798,148
798,149
798,150
798,151
798,152
798,153
798,154
798,155
798,156
798,157
798,158
798,159
798,160
798,161
798,162
798,163
798,164
798,165
798,166
798,167
798,168
798,169
798,170
798,171
798,172
798,173
798,174
798,175
798,176
798,177
798,178
798,179
798,180
798,181
798,182
798,183
798,184
798,185
798,186
798,187
798,188
798,189
798,190
798,191
798,192
798,193
798,194
798,195
798,196
798,197
798,198
798,199
798,200
798,201
798,202
798,203
798,204
798,205
798,206
798,207
798,208
798,209
798,210
798,211
798,212
798,213
798,214
798,215
798,216
798,217
798,218
798,219
798,220
798,221
798,222
798,223
798,224
798,225
798,226
798,227
798,228
798,229
798,230
798,231
798,232
798,233
798,234
798,235
798,236
798,237
798,238
798,239
798,240
798,241
798,242
798,243
798,244
798,245
798,246
798,247
798,248
798,249
798,250
798,251
798,252
798,253
798,254
798,255
798,256
798,257
798,258
798,259
798,260
798,261
798,262
798,263
798,264
798,265
798,266
798,267
798,268
798,269
798,270
798,271
798,272
798,273
798,274
798,275
798,276
798,277
798,278
798,279
798,280
798,281
798,282
798,283
798,284
798,285
798,286
798,287
798,288
798,289
798,290
798,291
798,292
798,293
798,294
798,295
798,296
798,297
798,298
798,299
798,300
798,301
798,302
798,303
798,304
798,305
798,306
798,307
798,308
798,309
798,310
798,311
798,312
798,313
798,314
798,315
798,316
798,317
798,318
798,319
798,320
798,321
798,322
798,323
798,324
798,325
798,326
798,327
798,328
798,329
798,330
798,331
798,332
798,333
798,334
798,335
798,336
798,337
798,338
798,339
798,340
798,341
798,342
798,343
798,344
798,345
798,346
798,347
798,348
798,349
798,350
798,351
798,352
798,353
798,354
798,355
798,356
798,357
798,358
798,359
798,360
798,361
798,362
798,363
798,364
798,365
798,366
798,367
798,368
798,369
798,370
798,371
798,372
798,373
798,374
798,375
798,376
798,377
798,378
798,379
798,380
798,381
798,382
798,383
798,384
798,385
798,386
798,387
798,388
798,389
798,390
798,391
798,392
798,393
798,394
798,395
798,396
798,397
798,398
798,399
798,400
798,401
798,402
798,403
798,404
798,405
798,406
798,407
798,408
798,409
798,410
798,411
798,412
798,413
798,414
798,415
798,416
798,417
798,418
798,419
798,420
798,421
798,422
798,423
798,424
798,425
798,426
798,427
798,428
798,429
798,430
798,431
798,432
798,433
798,434
798,435
798,436
798,437
798,438
798,439
798,440
798,441
798,442
798,443
798,444
798,445
798,446
798,447
798,448
798,449
798,450
798,451
798,452
798,453
798,454
798,455
798,456
798,457
798,458
798,459
798,460
798,461
798,462
798,463
798,464
798,465
798,466
798,467
798,468
798,469
798,470
798,471
798,472
798,473
798,474
798,475
798,476
798,477
798,478
798,479
798,480
798,481
798,482
798,483
798,484
798,485
798,486
798,487
798,488
798,489
798,490
798,491
798,492
798,493
798,494
798,495
798,496
798,497
798,498
798,499
798,500
798,501
798,502
798,503
798,504
798,505
798,506
798,507
798,508
798,509
798,510
798,511
798,512
798,513
798,514
798,515
798,516
798,517
798,518
798,519
798,520
798,521
798,522
798,523
798,524
798,525
798,526
798,527
798,528
798,529
798,530
798,531
798,532
798,533
798,534
798,535
798,536
798,537
798,538
798,539
798,540
798,541
798,542
798,543
798,544
798,545
798,546
798,547
798,548
798,549
798,550
798,551
798,552
798,553
798,554
798,555
798,556
798,557
798,558
798,559
798,560
798,561
798,562
798,563
798,564
798,565
798,566
798,567
798,568
798,569
798,570
798,571
798,572
798,573
798,574
798,575
798,576
798,577
798,578
798,579
798,580
798,581
798,582
798,583
798,584
798,585
798,586
798,587
798,588
798,589
798,590
798,591
798,592
798,593
798,594
798,595
798,596
798,597
798,598
798,599
798,600
798,601
798,602
798,603
798,604
798,605
798,606
798,607
798,608
798,609
798,610
798,611
798,612
798,613
798,614
798,615
798,616
798,617
798,618
798,619
798,620
798,621
798,622
798,623
798,624
798,625
798,626
798,627
798,628
798,629
798,630
798,631
798,632
798,633
798,634
798,635
798,636
798,637
798,638
798,639
798,640
798,641
798,642
798,643
798,644
798,645
798,646
798,647
798,648
798,649
798,650
798,651
798,652
798,653
798,654
798,655
798,656
798,657
798,658
798,659
798,660
798,661
798,662
798,663
798,664
798,665
798,666
798,667
798,668
798,669
798,670
798,671
798,672
798,673
798,674
798,675
798,676
798,677
798,678
798,679
798,680
798,681
798,682
798,683
798,684
798,685
798,686
798,687
798,688
798,689
798,690
798,691
798,692
798,693
798,694
798,695
798,696
798,697
798,698
798,699
798,700
798,701
798,702
798,703
798,704
798,705
798,706
798,707
798,708
798,709
798,710
798,711
798,712
798,713
798,714
798,715
798,716
798,717
798,718
798,719
798,720
798,721
798,722
798,723
798,724
798,725
798,726
798,727
798,728
798,729
798,730
798,731
798,732
798,733
798,734
798,735
798,736
798,737
798,738
798,739
798,740
798,741
798,742
798,743
798,744
798,745
798,746
798,747
798,748
798,749
798,750
798,751
798,752
798,753
798,754
798,755
798,756
798,757
798,758
798,759
798,760
798,761
798,762
798,763
798,764
798,765
798,766
798,767
798,768
798,769
798,770
798,771
798,772
798,773
798,774
798,775
798,776
798,777
798,778
798,779
798,780
798,781
798,782
798,783
798,784
798,785
798,786
798,787
798,788
798,789
798,790
798,791
798,792
798,793
798,794
798,795
798,796
798,797
798,798
798,799
798,800
798,801
798,802
798,803
798,804
798,805
798,806
798,807
798,808
798,809
798,810
798,811
798,812
798,813
798,814
798,815
798,816
798,817
798,818
798,819
798,820
798,821
798,822
798,823
798,824
798,825
798,826
798,827
798,828
798,829
798,830
798,831
798,832
798,833
798,834
798,835
798,836
798,837
798,838
798,839
798,840
798,841
798,842
798,843
798,844
798,845
798,846
798,847
798,848
798,849
798,850
798,851
798,852
798,853
798,854
798,855
798,856
798,857
798,858
798,859
798,860
798,861
798,862
798,863
798,864
798,865
798,866
798,867
798,868
798,869
798,870
798,871
798,872
798,873
798,874
798,875
798,876
798,877
798,878
798,879
798,880
798,881
798,882
798,883
798,884
798,885
798,886
798,887
798,888
798,889
798,890
798,891
798,892
798,893
798,894
798,895
798,896
798,897
798,898
798,899
798,900
798,901
798,902
798,903
798,904
798,905
798,906
798,907
798,908
798,909
798,910
798,911
798,912
798,913
798,914
798,915
798,916
798,917
798,918
798,919
798,920
798,921
798,922
798,923
798,924
798,925
798,926
798,927
798,928
798,929
798,930
798,931
798,932
798,933
798,934
798,935
798,936
798,937
798,938
798,939
798,940
798,941
798,942
798,943
798,944
798,945
798,946
798,947
798,948
798,949
798,950
798,951
798,952
798,953
798,954
798,955
798,956
798,957
798,958
798,959
798,960
798,961
798,962
798,963
798,964
798,965
798,966
798,967
798,968
798,969
798,970
798,971
798,972
798,973
798,974
798,975
798,976
798,977
798,978
798,979
799,980
799,981
799,982
800,983
800,984
801,985
801,986
802,987
803,988
804,989
805,989
806,990
807,991
808,991
809,991
810,992
811,992
812,992
813,992
814,992
815,992
816,992
817,991
818,991
819,991
820,990
821,989
822,989
823,988
824,987
825,986
825,985
826,984
826,983
827,982
827,981
827,980
828,979
828,978
828,977
828,976
828,975
828,974
828,973
828,972
828,971
828,970
828,969
828,968
828,967
828,966
828,965
828,964
828,963
828,962
828,961
828,960
828,959
828,958
828,957
828,956
828,955
828,954
828,953
828,952
828,951
828,950
828,949
828,948
828,947
828,946
828,945
828,944
828,943
828,942
828,941
828,940
828,939
828,938
828,937
828,936
828,935
828,934
828,933
828,932
828,931
828,930
828,929
828,928
828,927
828,926
828,925
828,924
828,923
828,922
828,921
828,920
828,919
828,918
828,917
828,916
828,915
828,914
828,913
828,912
828,911
828,910
828,909
828,908
828,907
828,906
828,905
828,904
828,903
828,902
828,901
828,900
828,899
828,898
828,897
828,896
828,895
828,894
828,893
828,892
828,891
828,890
828,889
828,888
828,887
828,886
828,885
828,884
828,883
828,882
828,881
828,880
828,879
828,878
828,877
828,876
828,875
828,874
828,873
828,872
828,871
828,870
828,869
828,868
828,867
828,866
828,865
828,864
828,863
828,862
828,861
828,860
828,859
828,858
828,857
828,856
828,855
828,854
828,853
828,852
828,851
828,850
828,849
828,848
828,847
828,846
828,845
828,844
828,843
828,842
828,841
828,840
828,839
828,838
828,837
828,836
828,835
828,834
828,833
828,832
828,831
828,830
828,829
828,828
828,827
828,826
828,825
828,824
828,823
828,822
828,821
828,820
828,819
828,818
828,817
828,816
828,815
828,814
828,813
828,812
828,811
828,810
828,809
828,808
828,807
828,806
828,805
828,804
828,803
828,802
828,801
828,800
828,799
828,798
828,797
828,796
828,795
828,794
828,793
828,792
828,791
828,790
828,789
828,788
828,787
828,786
828,785
828,784
828,783
828,782
828,781
828,780
828,779
828,778
828,777
828,776
828,775
828,774
828,773
828,772
828,771
828,770
828,769
828,768
828,767
828,766
828,765
828,764
828,763
828,762
828,761
828,760
828,759
828,758
828,757
828,756
828,755
828,754
828,753
828,752
828,751
828,750
828,749
828,748
828,747
828,746
828,745
828,744
828,743
828,742
828,741
828,740
828,739
828,738
828,737
828,736
828,735
828,734
828,733
828,732
828,731
828,730
828,729
828,728
828,727
828,726
828,725
828,724
828,723
828,722
828,721
828,720
828,719
828,718
828,717
828,716
828,715
828,714
828,713
828,712
828,711
828,710
828,709
828,708
828,707
828,706
828,705
828,704
828,703
828,702
828,701
828,700
828,699
828,698
828,697
828,696
828,695
828,694
828,693
828,692
828,691
828,690
828,689
828,688
828,687
828,686
828,685
828,684
828,683
828,682
828,681
828,680
828,679
828,678
828,677
828,676
828,675
828,674
828,673
828,672
828,671
828,670
828,669
828,668
828,667
828,666
828,665
828,664
828,663
828,662
828,661
828,660
828,659
828,658
828,657
828,656
828,655
828,654
828,653
828,652
828,651
828,650
828,649
828,648
828,647
828,646
828,645
828,644
828,643
828,642
828,641
828,640
828,639
828,638
828,637
828,636
828,635
828,634
828,633
828,632
828,631
828,630
828,629
828,628
828,627
828,626
828,625
828,624
828,623
828,622
828,621
828,620
828,619
828,618
828,617
828,616
828,615
828,614
828,613
828,612
828,611
828,610
828,609
828,608
828,607
828,606
828,605
828,604
828,603
828,602
828,601
828,600
828,599
828,598
828,597
828,596
828,595
828,594
828,593
828,592
828,591
828,590
828,589
828,588
828,587
828,586
828,585
828,584
828,583
828,582
828,581
828,580
828,579
828,578
828,577
828,576
828,575
828,574
828,573
828,572
828,571
828,570
828,569
828,568
828,567
828,566
828,565
828,564
828,563
828,562
828,561
828,560
828,559
828,558
828,557
828,556
828,555
828,554
828,553
828,552
828,551
828,550
828,549
828,548
828,547
828,546
828,545
828,544
828,543
828,542
828,541
828,540
828,539
828,538
828,537
828,536
828,535
828,534
828,533
828,532
828,531
828,530
828,529
828,528
828,527
828,526
828,525
828,524
828,523
828,522
828,521
828,520
828,519
828,518
828,517
828,516
828,515
828,514
828,513
828,512
828,511
828,510
828,509
828,508
828,507
828,506
828,505
828,504
828,503
828,502
828,501
828,500
828,499
828,498
828,497
828,496
828,495
828,494
828,493
828,492
828,491
828,490
828,489
828,488
828,487
828,486
828,485
828,484
828,483
828,482
828,481
828,480
828,479
828,478
828,477
828,476
828,475
828,474
828,473
828,472
828,471
828,470
828,469
828,468
828,467
828,466
828,465
828,464
828,463
828,462
828,461
828,460
828,459
828,458
828,457
828,456
828,455
828,454
828,453
828,452
828,451
828,450
828,449
828,448
828,447
828,446
828,445
828,444
828,443
828,442
828,441
828,440
828,439
828,438
828,437
828,436
828,435
828,434
828,433
828,432
828,431
828,430
828,429
828,428
828,427
828,426
828,425
828,424
828,423
828,422
828,421
828,420
828,419
828,418
828,417
828,416
828,415
828,414
828,413
828,412
828,411
828,410
828,409
828,408
828,407
828,406
828,405
828,404
828,403
828,402
828,401
828,400
828,399
828,398
828,397
828,396
828,395
828,394
828,393
828,392
828,391
828,390
828,389
828,388
828,387
828,386
828,385
828,384
828,383
828,382
828,381
828,380
828,379
828,378
828,377
828,376
828,375
828,374
828,373
828,372
828,371
828,370
828,369
828,368
828,367
828,366
828,365
828,364
828,363
828,362
828,361
828,360
828,359
828,358
828,357
828,356
828,355
828,354
828,353
828,352
828,351
828,350
828,349
828,348
828,347
828,346
828,345
828,344
828,343
828,342
828,341
828,340
828,339
828,338
828,337
828,336
828,335
828,334
828,333
828,332
828,331
828,330
828,329
828,328
828,327
828,326
828,325
828,324
828,323
828,322
828,321
828,320
828,319
828,318
828,317
828,316
828,315
828,314
828,313
828,312
828,311
828,310
828,309
828,308
828,307
828,306
828,305
828,304
828,303
828,302
828,301
828,300
828,299
828,298
828,297
828,296
828,295
828,294
828,293
828,292
828,291
828,290
828,289
828,288
828,287
828,286
828,285
828,284
828,283
828,282
828,281
828,280
828,279
828,278
828,277
828,276
828,275
828,274
828,273
828,272
828,271
828,270
828,269
828,268
828,267
828,266
828,265
828,264
828,263
828,262
828,261
828,260
828,259
828,258
828,257
828,256
828,255
828,254
828,253
828,252
828,251
828,250
828,249
828,248
828,247
828,246
828,245
828,244
828,243
828,242
828,241
828,240
828,239
828,238
828,237
828,236
828,235
828,234
828,233
828,232
828,231
828,230
828,229
828,228
828,227
828,226
828,225
828,224
828,223
828,222
828,221
828,220
828,219
828,218
828,217
828,216
828,215
828,214
828,213
828,212
828,211
828,210
828,209
828,208
828,207
828,206
828,205
828,204
828,203
828,202
828,201
828,200
828,199
828,198
828,197
828,196
828,195
828,194
828,193
828,192
828,191
828,190
828,189
828,188
828,187
828,186
828,185
828,184
828,183
828,182
828,181
828,180
828,179
828,178
828,177
828,176
828,175
828,174
828,173
828,172
828,171
828,170
828,169
828,168
828,167
828,166
828,165
828,164
828,163
828,162
828,161
828,160
828,159
828,158
828,157
828,156
828,155
828,154
828,153
828,152
828,151
828,150
828,149
828,148
828,147
828,146
828,145
828,144
828,143
828,142
828,141
828,140
828,139
828,138
828,137
828,136
828,135
828,134
828,133
828,132
828,131
828,130
828,129
828,128
828,127
828,126
828,125
828,124
828,123
828,122
828,121
828,120
828,119
828,118
828,117
828,116
828,115
828,114
828,113
828,112
828,111
828,110
828,109
828,108
828,107
828,106
828,105
828,104
828,103
828,102
828,101
828,100
828,99
828,98
828,97
828,96
828,95
828,94
828,93
828,92
828,91
828,90
828,89
828,88
828,87
828,86
828,85
828,84
828,83
828,82
828,81
828,80
828,79
828,78
828,77
828,76
828,75
828,74
828,73
828,72
828,71
828,70
828,69
828,68
828,67
828,66
828,65
828,64
828,63
828,62
828,61
828,60
828,59
828,58
828,57
828,56
828,55
828,54
828,53
828,52
828,51
828,50
828,49
828,48
828,47
828,46
828,45
829,44
829,43
829,42
830,41
830,40
831,39
831,38
832,37
833,36
834,35
835,35
836,34
837,33
838,33
839,33
840,32
841,32
842,32
843,32
844,32
845,32
846,32
847,33
848,33
849,33
850,34
851,35
852,35
853,36
854,37
855,38
855,39
856,40
856,41
857,42
857,43
857,44
858,45
858,46
858,47
858,48
858,49
858,50
858,51
858,52
858,53
858,54
858,55
858,56
858,57
858,58
858,59
858,60
858,61
858,62
858,63
858,64
858,65
858,66
858,67
858,68
858,69
858,70
858,71
858,72
858,73
858,74
858,75
858,76
858,77
858,78
858,79
858,80
858,81
858,82
858,83
858,84
858,85
858,86
858,87
858,88
858,89
858,90
858,91
858,92
858,93
858,94
858,95
858,96
858,97
858,98
858,99
858,100
858,101
858,102
858,103
858,104
858,105
858,106
858,107
858,108
858,109
858,110
858,111
858,112
858,113
858,114
858,115
858,116
858,117
858,118
858,119
858,120
858,121
858,122
858,123
858,124
858,125
858,126
858,127
858,128
858,129
858,130
858,131
858,132
858,133
858,134
858,135
858,136
858,137
858,138
858,139
858,140
858,141
858,142
858,143
858,144
858,145
858,146
858,147
858,148
858,149
858,150
858,151
858,152
858,153
858,154
858,155
858,156
858,157
858,158
858,159
858,160
858,161
858,162
858,163
858,164
858,165
858,166
858,167
858,168
858,169
858,170
858,171
858,172
858,173
858,174
858,175
858,176
858,177
858,178
858,179
858,180
858,181
858,182
858,183
858,184
858,185
858,186
858,187
858,188
858,189
858,190
858,191
858,192
858,193
858,194
858,195
858,196
858,197
858,198
858,199
858,200
858,201
858,202
858,203
858,204
858,205
858,206
858,207
858,208
858,209
858,210
858,211
858,212
858,213
858,214
858,215
858,216
858,217
858,218
858,219
858,220
858,221
858,222
858,223
858,224
858,225
858,226
858,227
858,228
858,229
858,230
858,231
858,232
858,233
858,234
858,235
858,236
858,237
858,238
858,239
858,240
858,241
858,242
858,243
858,244
858,245
858,246
858,247
858,248
858,249
858,250
858,251
858,252
858,253
858,254
858,255
858,256
858,257
858,258
858,259
858,260
858,261
858,262
858,263
858,264
858,265
858,266
858,267
858,268
858,269
858,270
858,271
858,272
858,273
858,274
858,275
858,276
858,277
858,278
858,279
858,280
858,281
858,282
858,283
858,284
858,285
858,286
858,287
858,288
858,289
858,290
858,291
858,292
858,293
858,294
858,295
858,296
858,297
858,298
858,299
858,300
858,301
858,302
858,303
858,304
858,305
858,306
858,307
858,308
858,309
858,310
858,311
858,312
858,313
858,314
858,315
858,316
858,317
858,318
858,319
858,320
858,321
858,322
858,323
858,324
858,325
858,326
858,327
858,328
858,329
858,330
858,331
858,332
858,333
858,334
858,335
858,336
858,337
858,338
858,339
858,340
858,341
858,342
858,343
858,344
858,345
858,346
858,347
858,348
858,349
858,350
858,351
858,352
858,353
858,354
858,355
858,356
858,357
858,358
858,359
858,360
858,361
858,362
858,363
858,364
858,365
858,366
858,367
858,368
858,369
858,370
858,371
858,372
858,373
858,374
858,375
858,376
858,377
858,378
858,379
858,380
858,381
858,382
858,383
858,384
858,385
858,386
858,387
858,388
858,389
858,390
858,391
858,392
858,393
858,394
858,395
858,396
858,397
858,398
858,399
858,400
858,401
858,402
858,403
858,404
858,405
858,406
858,407
858,408
858,409
858,410
858,411
858,412
858,413
858,414
858,415
858,416
858,417
858,418
858,419
858,420
858,421
858,422
858,423
858,424
858,425
858,426
858,427
858,428
858,429
858,430
858,431
858,432
858,433
858,434
858,435
858,436
858,437
858,438
858,439
858,440
858,441
858,442
858,443
858,444
858,445
858,446
858,447
858,448
858,449
858,450
858,451
858,452
858,453
858,454
858,455
858,456
858,457
858,458
858,459
858,460
858,461
858,462
858,463
858,464
858,465
858,466
858,467
858,468
858,469
858,470
858,471
858,472
858,473
858,474
858,475
858,476
858,477
858,478
858,479
858,480
858,481
858,482
858,483
858,484
858,485
858,486
858,487
858,488
858,489
858,490
858,491
858,492
858,493
858,494
858,495
858,496
858,497
858,498
858,499
858,500
858,501
858,502
858,503
858,504
858,505
858,506
858,507
858,508
858,509
858,510
858,511
858,512
858,513
858,514
858,515
858,516
858,517
858,518
858,519
858,520
858,521
858,522
858,523
858,524
858,525
858,526
858,527
858,528
858,529
858,530
858,531
858,532
858,533
858,534
858,535
858,536
858,537
858,538
858,539
858,540
858,541
858,542
858,543
858,544
858,545
858,546
858,547
858,548
858,549
858,550
858,551
858,552
858,553
858,554
858,555
858,556
858,557
858,558
858,559
858,560
858,561
858,562
858,563
858,564
858,565
858,566
858,567
858,568
858,569
858,570
858,571
858,572
858,573
858,574
858,575
858,576
858,577
858,578
858,579
858,580
858,581
858,582
858,583
858,584
858,585
858,586
858,587
858,588
858,589
858,590
858,591
858,592
858,593
858,594
858,595
858,596
858,597
858,598
858,599
858,600
858,601
858,602
858,603
858,604
858,605
858,606
858,607
858,608
858,609
858,610
858,611
858,612
858,613
858,614
858,615
858,616
858,617
858,618
858,619
858,620
858,621
858,622
858,623
858,624
858,625
858,626
858,627
858,628
858,629
858,630
858,631
858,632
858,633
858,634
858,635
858,636
858,637
858,638
858,639
858,640
858,641
858,642
858,643
858,644
858,645
858,646
858,647
858,648
858,649
858,650
858,651
858,652
858,653
858,654
858,655
858,656
858,657
858,658
858,659
858,660
858,661
858,662
858,663
858,664
858,665
858,666
858,667
858,668
858,669
858,670
858,671
858,672
858,673
858,674
858,675
858,676
858,677
858,678
858,679
858,680
858,681
858,682
858,683
858,684
858,685
858,686
858,687
858,688
858,689
858,690
858,691
858,692
858,693
858,694
858,695
858,696
858,697
858,698
858,699
858,700
858,701
858,702
858,703
858,704
858,705
858,706
858,707
858,708
858,709
858,710
858,711
858,712
858,713
858,714
858,715
858,716
858,717
858,718
858,719
858,720
858,721
858,722
858,723
858,724
858,725
858,726
858,727
858,728
858,729
858,730
858,731
858,732
858,733
858,734
858,735
858,736
858,737
858,738
858,739
858,740
858,741
858,742
858,743
858,744
858,745
858,746
858,747
858,748
858,749
858,750
858,751
858,752
858,753
858,754
858,755
858,756
858,757
858,758
858,759
858,760
858,761
858,762
858,763
858,764
858,765
858,766
858,767
858,768
858,769
858,770
858,771
858,772
858,773
858,774
858,775
858,776
858,777
858,778
858,779
858,780
858,781
858,782
858,783
858,784
858,785
858,786
858,787
858,788
858,789
858,790
858,791
858,792
858,793
858,794
858,795
858,796
858,797
858,798
858,799
858,800
858,801
858,802
858,803
858,804
858,805
858,806
858,807
858,808
858,809
858,810
858,811
858,812
858,813
858,814
858,815
858,816
858,817
858,818
858,819
858,820
858,821
858,822
858,823
858,824
858,825
858,826
858,827
858,828
858,829
858,830
858,831
858,832
858,833
858,834
858,835
858,836
858,837
858,838
858,839
858,840
858,841
858,842
858,843
858,844
858,845
858,846
858,847
858,848
858,849
858,850
858,851
858,852
858,853
858,854
858,855
858,856
858,857
858,858
858,859
858,860
858,861
858,862
858,863
858,864
858,865
858,866
858,867
858,868
858,869
858,870
858,871
858,872
858,873
858,874
858,875
858,876
858,877
858,878
858,879
858,880
858,881
858,882
858,883
858,884
858,885
858,886
858,887
858,888
858,889
858,890
858,891
858,892
858,893
858,894
858,895
858,896
858,897
858,898
858,899
858,900
858,901
858,902
858,903
858,904
858,905
858,906
858,907
858,908
858,909
858,910
858,911
858,912
858,913
858,914
858,915
858,916
858,917
858,918
858,919
858,920
858,921
858,922
858,923
858,924
858,925
858,926
858,927
858,928
858,929
858,930
858,931
858,932
858,933
858,934
858,935
858,936
858,937
858,938
858,939
858,940
858,941
858,942
858,943
858,944
858,945
858,946
858,947
858,948
858,949
858,950
858,951
858,952
858,953
858,954
858,955
858,956
858,957
858,958
858,959
858,960
858,961
858,962
858,963
858,964
858,965
858,966
858,967
858,968
858,969
858,970
858,971
858,972
858,973
858,974
858,975
858,976
858,977
858,978
858,979
859,980
859,981
859,982
860,983
860,984
861,985
861,986
862,987
863,988
864,989
865,989
866,990
867,991
868,991
869,991
870,992
871,992
872,992
873,992
874,992
875,992
876,992
877,992
878,991
879,991
880,991
881,990
882,989
883,989
884,988
885,987
886,986
886,985
887,984
887,983
888,982
888,981
888,980
889,979
889,978
889,977
889,976
889,975
889,974
889,973
889,972
889,971
889,970
889,969
889,968
889,967
889,966
889,965
889,964
889,963
889,962
889,961
889,960
889,959
889,958
889,957
889,956
889,955
889,954
889,953
889,952
889,951
889,950
889,949
889,948
889,947
889,946
889,945
889,944
889,943
889,942
889,941
889,940
889,939
889,938
889,937
889,936
889,935
889,934
889,933
889,932
889,931
889,930
889,929
889,928
889,927
889,926
889,925
889,924
889,923
889,922
889,921
889,920
889,919
889,918
889,917
889,916
889,915
889,914
889,913
889,912
889,911
889,910
889,909
889,908
889,907
889,906
889,905
889,904
889,903
889,902
889,901
889,900
889,899
889,898
889,897
889,896
889,895
889,894
889,893
889,892
889,891
889,890
889,889
889,888
889,887
889,886
889,885
889,884
889,883
889,882
889,881
889,880
889,879
889,878
889,877
889,876
889,875
889,874
889,873
889,872
889,871
889,870
889,869
889,868
889,867
889,866
889,865
889,864
889,863
889,862
889,861
889,860
889,859
889,858
889,857
889,856
889,855
889,854
889,853
889,852
889,851
889,850
889,849
889,848
889,847
889,846
889,845
889,844
889,843
889,842
889,841
889,840
889,839
889,838
889,837
889,836
889,835
889,834
889,833
889,832
889,831
889,830
889,829
889,828
889,827
889,826
889,825
889,824
889,823
889,822
889,821
889,820
889,819
889,818
889,817
889,816
889,815
889,814
889,813
889,812
889,811
889,810
889,809
889,808
889,807
889,806
889,805
889,804
889,803
889,802
889,801
889,800
889,799
889,798
889,797
889,796
889,795
889,794
889,793
889,792
889,791
889,790
889,789
889,788
889,787
889,786
889,785
889,784
889,783
889,782
889,781
889,780
889,779
889,778
889,777
889,776
889,775
889,774
889,773
889,772
889,771
889,770
889,769
889,768
889,767
889,766
889,765
889,764
889,763
889,762
889,761
889,760
889,759
889,758
889,757
889,756
889,755
889,754
889,753
889,752
889,751
889,750
889,749
889,748
889,747
889,746
889,745
889,744
889,743
889,742
889,741
889,740
889,739
889,738
889,737
889,736
889,735
889,734
889,733
889,732
889,731
889,730
889,729
889,728
889,727
889,726
889,725
889,724
889,723
889,722
889,721
889,720
889,719
889,718
889,717
889,716
889,715
889,714
889,713
889,712
889,711
889,710
889,709
889,708
889,707
889,706
889,705
889,704
889,703
889,702
889,701
889,700
889,699
889,698
889,697
889,696
889,695
889,694
889,693
889,692
889,691
889,690
889,689
889,688
889,687
889,686
889,685
889,684
889,683
889,682
889,681
889,680
889,679
889,678
889,677
889,676
889,675
889,674
889,673
889,672
889,671
889,670
889,669
889,668
889,667
889,666
889,665
889,664
889,663
889,662
889,661
889,660
889,659
889,658
889,657
889,656
889,655
889,654
889,653
889,652
889,651
889,650
889,649
889,648
889,647
889,646
889,645
889,644
889,643
889,642
889,641
889,640
889,639
889,638
889,637
889,636
889,635
889,634
889,633
889,632
889,631
889,630
889,629
889,628
889,627
889,626
889,625
889,624
889,623
889,622
889,621
889,620
889,619
889,618
889,617
889,616
889,615
889,614
889,613
889,612
889,611
889,610
889,609
889,608
889,607
889,606
889,605
889,604
889,603
889,602
889,601
889,600
889,599
889,598
889,597
889,596
889,595
889,594
889,593
889,592
889,591
889,590
889,589
889,588
889,587
889,586
889,585
889,584
889,583
889,582
889,581
889,580
889,579
889,578
889,577
889,576
889,575
889,574
889,573
889,572
889,571
889,570
889,569
889,568
889,567
889,566
889,565
889,564
889,563
889,562
889,561
889,560
889,559
889,558
889,557
889,556
889,555
889,554
889,553
889,552
889,551
889,550
889,549
889,548
889,547
889,546
889,545
889,544
889,543
889,542
889,541
889,540
889,539
889,538
889,537
889,536
889,535
889,534
889,533
889,532
889,531
889,530
889,529
889,528
889,527
889,526
889,525
889,524
889,523
889,522
889,521
889,520
889,519
889,518
889,517
889,516
889,515
889,514
889,513
889,512
889,511
889,510
889,509
889,508
889,507
889,506
889,505
889,504
889,503
889,502
889,501
889,500
889,499
889,498
889,497
889,496
889,495
889,494
889,493
889,492
889,491
889,490
889,489
889,488
889,487
889,486
889,485
889,484
889,483
889,482
889,481
889,480
889,479
889,478
889,477
889,476
889,475
889,474
889,473
889,472
889,471
889,470
889,469
889,468
889,467
889,466
889,465
889,464
889,463
889,462
889,461
889,460
889,459
889,458
889,457
889,456
889,455
889,454
889,453
889,452
889,451
889,450
889,449
889,448
889,447
889,446
889,445
889,444
889,443
889,442
889,441
889,440
889,439
889,438
889,437
889,436
889,435
889,434
889,433
889,432
889,431
889,430
889,429
889,428
889,427
889,426
889,425
889,424
889,423
889,422
889,421
889,420
889,419
889,418
889,417
889,416
889,415
889,414
889,413
889,412
889,411
889,410
889,409
889,408
889,407
889,406
889,405
889,404
889,403
889,402
889,401
889,400
889,399
889,398
889,397
889,396
889,395
889,394
889,393
889,392
889,391
889,390
889,389
889,388
889,387
889,386
889,385
889,384
889,383
889,382
889,381
889,380
889,379
889,378
889,377
889,376
889,375
889,374
889,373
889,372
889,371
889,370
889,369
889,368
889,367
889,366
889,365
889,364
889,363
889,362
889,361
889,360
889,359
889,358
889,357
889,356
889,355
889,354
889,353
889,352
889,351
889,350
889,349
889,348
889,347
889,346
889,345
889,344
889,343
889,342
889,341
889,340
889,339
889,338
889,337
889,336
889,335
889,334
889,333
889,332
889,331
889,330
889,329
889,328
889,327
889,326
889,325
889,324
889,323
889,322
889,321
889,320
889,319
889,318
889,317
889,316
889,315
889,314
889,313
889,312
889,311
889,310
889,309
889,308
889,307
889,306
889,305
889,304
889,303
889,302
889,301
889,300
889,299
889,298
889,297
889,296
889,295
889,294
889,293
889,292
889,291
889,290
889,289
889,288
889,287
889,286
889,285
889,284
889,283
889,282
889,281
889,280
889,279
889,278
889,277
889,276
889,275
889,274
889,273
889,272
889,271
889,270
889,269
889,268
889,267
889,266
889,265
889,264
889,263
889,262
889,261
889,260
889,259
889,258
889,257
889,256
889,255
889,254
889,253
889,252
889,251
889,250
889,249
889,248
889,247
889,246
889,245
889,244
889,243
889,242
889,241
889,240
889,239
889,238
889,237
889,236
889,235
889,234
889,233
889,232
889,231
889,230
889,229
889,228
889,227
889,226
889,225
889,224
889,223
889,222
889,221
889,220
889,219
889,218
889,217
889,216
889,215
889,214
889,213
889,212
889,211
889,210
889,209
889,208
889,207
889,206
889,205
889,204
889,203
889,202
889,201
889,200
889,199
889,198
889,197
889,196
889,195
889,194
889,193
889,192
889,191
889,190
889,189
889,188
889,187
889,186
889,185
889,184
889,183
889,182
889,181
889,180
889,179
889,178
889,177
889,176
889,175
889,174
889,173
889,172
889,171
889,170
889,169
889,168
889,167
889,166
889,165
889,164
889,163
889,162
889,161
889,160
889,159
889,158
889,157
889,156
889,155
889,154
889,153
889,152
889,151
889,150
889,149
889,148
889,147
889,146
889,145
889,144
889,143
889,142
889,141
889,140
889,139
889,138
889,137
889,136
889,135
889,134
889,133
889,132
889,131
889,130
889,129
889,128
889,127
889,126
889,125
889,124
889,123
889,122
889,121
889,120
889,119
889,118
889,117
889,116
889,115
889,114
889,113
889,112
889,111
889,110
889,109
889,108
889,107
889,106
889,105
889,104
889,103
889,102
889,101
889,100
889,99
889,98
889,97
889,96
889,95
889,94
889,93
889,92
889,91
889,90
889,89
889,88
889,87
889,86
889,85
889,84
889,83
889,82
889,81
889,80
889,79
889,78
889,77
889,76
889,75
889,74
889,73
889,72
889,71
889,70
889,69
889,68
889,67
889,66
889,65
889,64
889,63
889,62
889,61
889,60
889,59
889,58
889,57
889,56
889,55
889,54
889,53
889,52
889,51
889,50
889,49
889,48
889,47
889,46
889,45
890,44
890,43
890,42
891,41
891,40
892,39
892,38
893,37
894,36
895,35
896,35
897,34
898,33
899,33
900,33
901,32
902,32
903,32
904,32
905,32
906,32
907,32
908,33
909,33
910,33
911,34
912,35
913,35
914,36
915,37
916,38
916,39
917,40
917,41
918,42
918,43
918,44
919,45
919,46
919,47
919,48
919,49
919,50
919,51
919,52
919,53
919,54
919,55
919,56
919,57
919,58
919,59
919,60
919,61
919,62
919,63
919,64
919,65
919,66
919,67
919,68
919,69
919,70
919,71
919,72
919,73
919,74
919,75
919,76
919,77
919,78
919,79
919,80
919,81
919,82
919,83
919,84
919,85
919,86
919,87
919,88
919,89
919,90
919,91
919,92
919,93
919,94
919,95
919,96
919,97
919,98
919,99
919,100
919,101
919,102
919,103
919,104
919,105
919,106
919,107
919,108
919,109
919,110
919,111
919,112
919,113
919,114
919,115
919,116
919,117
919,118
919,119
919,120
919,121
919,122
919,123
919,124
919,125
919,126
919,127
919,128
919,129
919,130
919,131
919,132
919,133
919,134
919,135
919,136
919,137
919,138
919,139
919,140
919,141
919,142
919,143
919,144
919,145
919,146
919,147
919,148
919,149
919,150
919,151
919,152
919,153
919,154
919,155
919,156
919,157
919,158
919,159
919,160
919,161
919,162
919,163
919,164
919,165
919,166
919,167
919,168
919,169
919,170
919,171
919,172
919,173
919,174
919,175
919,176
919,177
919,178
919,179
919,180
919,181
919,182
919,183
919,184
919,185
919,186
919,187
919,188
919,189
919,190
919,191
919,192
919,193
919,194
919,195
919,196
919,197
919,198
919,199
919,200
919,201
919,202
919,203
919,204
919,205
919,206
919,207
919,208
919,209
919,210
919,211
919,212
919,213
919,214
919,215
919,216
919,217
919,218
919,219
919,220
919,221
919,222
919,223
919,224
919,225
919,226
919,227
919,228
919,229
919,230
919,231
919,232
919,233
919,234
919,235
919,236
919,237
919,238
919,239
919,240
919,241
919,242
919,243
919,244
919,245
919,246
919,247
919,248
919,249
919,250
919,251
919,252
919,253
919,254
919,255
919,256
919,257
919,258
919,259
919,260
919,261
919,262
919,263
919,264
919,265
919,266
919,267
919,268
919,269
919,270
919,271
919,272
919,273
919,274
919,275
919,276
919,277
919,278
919,279
919,280
919,281
919,282
919,283
919,284
919,285
919,286
919,287
919,288
919,289
919,290
919,291
919,292
919,293
919,294
919,295
919,296
919,297
919,298
919,299
919,300
919,301
919,302
919,303
919,304
919,305
919,306
919,307
919,308
919,309
919,310
919,311
919,312
919,313
919,314
919,315
919,316
919,317
919,318
919,319
919,320
919,321
919,322
919,323
919,324
919,325
919,326
919,327
919,328
919,329
919,330
919,331
919,332
919,333
919,334
919,335
919,336
919,337
919,338
919,339
919,340
919,341
919,342
919,343
919,344
919,345
919,346
919,347
919,348
919,349
919,350
919,351
919,352
919,353
919,354
919,355
919,356
919,357
919,358
919,359
919,360
919,361
919,362
919,363
919,364
919,365
919,366
919,367
919,368
919,369
919,370
919,371
919,372
919,373
919,374
919,375
919,376
919,377
919,378
919,379
919,380
919,381
919,382
919,383
919,384
919,385
919,386
919,387
919,388
919,389
919,390
919,391
919,392
919,393
919,394
919,395
919,396
919,397
919,398
919,399
919,400
919,401
919,402
919,403
919,404
919,405
919,406
919,407
919,408
919,409
919,410
919,411
919,412
919,413
919,414
919,415
919,416
919,417
919,418
919,419
919,420
919,421
919,422
919,423
919,424
919,425
919,426
919,427
919,428
919,429
919,430
919,431
919,432
919,433
919,434
919,435
919,436
919,437
919,438
919,439
919,440
919,441
919,442
919,443
919,444
919,445
919,446
919,447
919,448
919,449
919,450
919,451
919,452
919,453
919,454
919,455
919,456
919,457
919,458
919,459
919,460
919,461
919,462
919,463
919,464
919,465
919,466
919,467
919,468
919,469
919,470
919,471
919,472
919,473
919,474
919,475
919,476
919,477
919,478
919,479
919,480
919,481
919,482
919,483
919,484
919,485
919,486
919,487
919,488
919,489
919,490
919,491
919,492
919,493
919,494
919,495
919,496
919,497
919,498
919,499
919,500
919,501
919,502
919,503
919,504
919,505
919,506
919,507
919,508
919,509
919,510
919,511
919,512
919,513
919,514
919,515
919,516
919,517
919,518
919,519
919,520
919,521
919,522
919,523
919,524
919,525
919,526
919,527
919,528
919,529
919,530
919,531
919,532
919,533
919,534
919,535
919,536
919,537
919,538
919,539
919,540
919,541
919,542
919,543
919,544
919,545
919,546
919,547
919,548
919,549
919,550
919,551
919,552
919,553
919,554
919,555
919,556
919,557
919,558
919,559
919,560
919,561
919,562
919,563
919,564
919,565
919,566
919,567
919,568
919,569
919,570
919,571
919,572
919,573
919,574
919,575
919,576
919,577
919,578
919,579
919,580
919,581
919,582
919,583
919,584
919,585
919,586
919,587
919,588
919,589
919,590
919,591
919,592
919,593
919,594
919,595
919,596
919,597
919,598
919,599
919,600
919,601
919,602
919,603
919,604
919,605
919,606
919,607
919,608
919,609
919,610
919,611
919,612
919,613
919,614
919,615
919,616
919,617
919,618
919,619
919,620
919,621
919,622
919,623
919,624
919,625
919,626
919,627
919,628
919,629
919,630
919,631
919,632
919,633
919,634
919,635
919,636
919,637
919,638
919,639
919,640
919,641
919,642
919,643
919,644
919,645
919,646
919,647
919,648
919,649
919,650
919,651
919,652
919,653
919,654
919,655
919,656
919,657
919,658
919,659
919,660
919,661
919,662
919,663
919,664
919,665
919,666
919,667
919,668
919,669
919,670
919,671
919,672
919,673
919,674
919,675
919,676
919,677
919,678
919,679
919,680
919,681
919,682
919,683
919,684
919,685
919,686
919,687
919,688
919,689
919,690
919,691
919,692
919,693
919,694
919,695
919,696
919,697
919,698
919,699
919,700
919,701
919,702
919,703
919,704
919,705
919,706
919,707
919,708
919,709
919,710
919,711
919,712
919,713
919,714
919,715
919,716
919,717
919,718
919,719
919,720
919,721
919,722
919,723
919,724
919,725
919,726
919,727
919,728
919,729
919,730
919,731
919,732
919,733
919,734
919,735
919,736
919,737
919,738
919,739
919,740
919,741
919,742
919,743
919,744
919,745
919,746
919,747
919,748
919,749
919,750
919,751
919,752
919,753
919,754
919,755
919,756
919,757
919,758
919,759
919,760
919,761
919,762
919,763
919,764
919,765
919,766
919,767
919,768
919,769
919,770
919,771
919,772
919,773
919,774
919,775
919,776
919,777
919,778
919,779
919,780
919,781
919,782
919,783
919,784
919,785
919,786
919,787
919,788
919,789
919,790
919,791
919,792
919,793
919,794
919,795
919,796
919,797
919,798
919,799
919,800
919,801
919,802
919,803
919,804
919,805
919,806
919,807
919,808
919,809
919,810
919,811
919,812
919,813
919,814
919,815
919,816
919,817
919,818
919,819
919,820
919,821
919,822
919,823
919,824
919,825
919,826
919,827
919,828
919,829
919,830
919,831
919,832
919,833
919,834
919,835
919,836
919,837
919,838
919,839
919,840
919,841
919,842
919,843
919,844
919,845
919,846
919,847
919,848
919,849
919,850
919,851
919,852
919,853
919,854
919,855
919,856
919,857
919,858
919,859
919,860
919,861
919,862
919,863
919,864
919,865
919,866
919,867
919,868
919,869
919,870
919,871
919,872
919,873
919,874
919,875
919,876
919,877
919,878
919,879
919,880
919,881
919,882
919,883
919,884
919,885
919,886
919,887
919,888
919,889
919,890
919,891
919,892
919,893
919,894
919,895
919,896
919,897
919,898
919,899
919,900
919,901
919,902
919,903
919,904
919,905
919,906
919,907
919,908
919,909
919,910
919,911
919,912
919,913
919,914
919,915
919,916
919,917
919,918
919,919
919,920
919,921
919,922
919,923
919,924
919,925
919,926
919,927
919,928
919,929
919,930
919,931
919,932
919,933
919,934
919,935
919,936
919,937
919,938
919,939
919,940
919,941
919,942
919,943
919,944
919,945
919,946
919,947
919,948
919,949
919,950
919,951
919,952
919,953
919,954
919,955
919,956
919,957
919,958
919,959
919,960
919,961
919,962
919,963
919,964
919,965
919,966
919,967
919,968
919,969
919,970
919,971
919,972
919,973
919,974
919,975
919,976
919,977
919,978
919,979
920,980
920,981
920,982
921,983
921,984
922,985
922,986
923,987
924,988
925,989
926,989
927,990
928,991
929,991
930,991
931,992
932,992
933,992
934,992
935,992
936,992
937,992
938,991
939,991
940,991
941,990
942,989
943,989
944,988
945,987
946,986
946,985
947,984
947,983
948,982
948,981
948,980
949,979
949,978
949,977
949,976
949,975
949,974
949,973
949,972
949,971
949,970
949,969
949,968
949,967
949,966
949,965
949,964
949,963
949,962
949,961
949,960
949,959
949,958
949,957
949,956
949,955
949,954
949,953
949,952
949,951
949,950
949,949
949,948
949,947
949,946
949,945
949,944
949,943
949,942
949,941
949,940
949,939
949,938
949,937
949,936
949,935
949,934
949,933
949,932
949,931
949,930
949,929
949,928
949,927
949,926
949,925
949,924
949,923
949,922
949,921
949,920
949,919
949,918
949,917
949,916
949,915
949,914
949,913
949,912
949,911
949,910
949,909
949,908
949,907
949,906
949,905
949,904
949,903
949,902
949,901
949,900
949,899
949,898
949,897
949,896
949,895
949,894
949,893
949,892
949,891
949,890
949,889
949,888
949,887
949,886
949,885
949,884
949,883
949,882
949,881
949,880
949,879
949,878
949,877
949,876
949,875
949,874
949,873
949,872
949,871
949,870
949,869
949,868
949,867
949,866
949,865
949,864
949,863
949,862
949,861
949,860
949,859
949,858
949,857
949,856
949,855
949,854
949,853
949,852
949,851
949,850
949,849
949,848
949,847
949,846
949,845
949,844
949,843
949,842
949,841
949,840
949,839
949,838
949,837
949,836
949,835
949,834
949,833
949,832
949,831
949,830
949,829
949,828
949,827
949,826
949,825
949,824
949,823
949,822
949,821
949,820
949,819
949,818
949,817
949,816
949,815
949,814
949,813
949,812
949,811
949,810
949,809
949,808
949,807
949,806
949,805
949,804
949,803
949,802
949,801
949,800
949,799
949,798
949,797
949,796
949,795
949,794
949,793
949,792
949,791
949,790
949,789
949,788
949,787
949,786
949,785
949,784
949,783
949,782
949,781
949,780
949,779
949,778
949,777
949,776
949,775
949,774
949,773
949,772
949,771
949,770
949,769
949,768
949,767
949,766
949,765
949,764
949,763
949,762
949,761
949,760
949,759
949,758
949,757
949,756
949,755
949,754
949,753
949,752
949,751
949,750
949,749
949,748
949,747
949,746
949,745
949,744
949,743
949,742
949,741
949,740
949,739
949,738
949,737
949,736
949,735
949,734
949,733
949,732
949,731
949,730
949,729
949,728
949,727
949,726
949,725
949,724
949,723
949,722
949,721
949,720
949,719
949,718
949,717
949,716
949,715
949,714
949,713
949,712
949,711
949,710
949,709
949,708
949,707
949,706
949,705
949,704
949,703
949,702
949,701
949,700
949,699
949,698
949,697
949,696
949,695
949,694
949,693
949,692
949,691
949,690
949,689
949,688
949,687
949,686
949,685
949,684
949,683
949,682
949,681
949,680
949,679
949,678
949,677
949,676
949,675
949,674
949,673
949,672
949,671
949,670
949,669
949,668
949,667
949,666
949,665
949,664
949,663
949,662
949,661
949,660
949,659
949,658
949,657
949,656
949,655
949,654
949,653
949,652
949,651
949,650
949,649
949,648
949,647
949,646
949,645
949,644
949,643
949,642
949,641
949,640
949,639
949,638
949,637
949,636
949,635
949,634
949,633
949,632
949,631
949,630
949,629
949,628
949,627
949,626
949,625
949,624
949,623
949,622
949,621
949,620
949,619
949,618
949,617
949,616
949,615
949,614
949,613
949,612
949,611
949,610
949,609
949,608
949,607
949,606
949,605
949,604
949,603
949,602
949,601
949,600
949,599
949,598
949,597
949,596
949,595
949,594
949,593
949,592
949,591
949,590
949,589
949,588
949,587
949,586
949,585
949,584
949,583
949,582
949,581
949,580
949,579
949,578
949,577
949,576
949,575
949,574
949,573
949,572
949,571
949,570
949,569
949,568
949,567
949,566
949,565
949,564
949,563
949,562
949,561
949,560
949,559
949,558
949,557
949,556
949,555
949,554
949,553
949,552
949,551
949,550
949,549
949,548
949,547
949,546
949,545
949,544
949,543
949,542
949,541
949,540
949,539
949,538
949,537
949,536
949,535
949,534
949,533
949,532
949,531
949,530
949,529
949,528
949,527
949,526
949,525
949,524
949,523
949,522
949,521
949,520
949,519
949,518
949,517
949,516
949,515
949,514
949,513
949,512
949,511
949,510
949,509
949,508
949,507
949,506
949,505
949,504
949,503
949,502
949,501
949,500
949,499
949,498
949,497
949,496
949,495
949,494
949,493
949,492
949,491
949,490
949,489
949,488
949,487
949,486
949,485
949,484
949,483
949,482
949,481
949,480
949,479
949,478
949,477
949,476
949,475
949,474
949,473
949,472
949,471
949,470
949,469
949,468
949,467
949,466
949,465
949,464
949,463
949,462
949,461
949,460
949,459
949,458
949,457
949,456
949,455
949,454
949,453
949,452
949,451
949,450
949,449
949,448
949,447
949,446
949,445
949,444
949,443
949,442
949,441
949,440
949,439
949,438
949,437
949,436
949,435
949,434
949,433
949,432
949,431
949,430
949,429
949,428
949,427
949,426
949,425
949,424
949,423
949,422
949,421
949,420
949,419
949,418
949,417
949,416
949,415
949,414
949,413
949,412
949,411
949,410
949,409
949,408
949,407
949,406
949,405
949,404
949,403
949,402
949,401
949,400
949,399
949,398
949,397
949,396
949,395
949,394
949,393
949,392
949,391
949,390
949,389
949,388
949,387
949,386
949,385
949,384
949,383
949,382
949,381
949,380
949,379
949,378
949,377
949,376
949,375
949,374
949,373
949,372
949,371
949,370
949,369
949,368
949,367
949,366
949,365
949,364
949,363
949,362
949,361
949,360
949,359
949,358
949,357
949,356
949,355
949,354
949,353
949,352
949,351
949,350
949,349
949,348
949,347
949,346
949,345
949,344
949,343
949,342
949,341
949,340
949,339
949,338
949,337
949,336
949,335
949,334
949,333
949,332
949,331
949,330
949,329
949,328
949,327
949,326
949,325
949,324
949,323
949,322
949,321
949,320
949,319
949,318
949,317
949,316
949,315
949,314
949,313
949,312
949,311
949,310
949,309
949,308
949,307
949,306
949,305
949,304
949,303
949,302
949,301
949,300
949,299
949,298
949,297
949,296
949,295
949,294
949,293
949,292
949,291
949,290
949,289
949,288
949,287
949,286
949,285
949,284
949,283
949,282
949,281
949,280
949,279
949,278
949,277
949,276
949,275
949,274
949,273
949,272
949,271
949,270
949,269
949,268
949,267
949,266
949,265
949,264
949,263
949,262
949,261
949,260
949,259
949,258
949,257
949,256
949,255
949,254
949,253
949,252
949,251
949,250
949,249
949,248
949,247
949,246
949,245
949,244
949,243
949,242
949,241
949,240
949,239
949,238
949,237
949,236
949,235
949,234
949,233
949,232
949,231
949,230
949,229
949,228
949,227
949,226
949,225
949,224
949,223
949,222
949,221
949,220
949,219
949,218
949,217
949,216
949,215
949,214
949,213
949,212
949,211
949,210
949,209
949,208
949,207
949,206
949,205
949,204
949,203
949,202
949,201
949,200
949,199
949,198
949,197
949,196
949,195
949,194
949,193
949,192
949,191
949,190
949,189
949,188
949,187
949,186
949,185
949,184
949,183
949,182
949,181
949,180
949,179
949,178
949,177
949,176
949,175
949,174
949,173
949,172
949,171
949,170
949,169
949,168
949,167
949,166
949,165
949,164
949,163
949,162
949,161
949,160
949,159
949,158
949,157
949,156
949,155
949,154
949,153
949,152
949,151
949,150
949,149
949,148
949,147
949,146
949,145
949,144
949,143
949,142
949,141
949,140
949,139
949,138
949,137
949,136
949,135
949,134
949,133
949,132
949,131
949,130
949,129
949,128
949,127
949,126
949,125
949,124
949,123
949,122
949,121
949,120
949,119
949,118
949,117
949,116
949,115
949,114
949,113
949,112
949,111
949,110
949,109
949,108
949,107
949,106
949,105
949,104
949,103
949,102
949,101
949,100
949,99
949,98
949,97
949,96
949,95
949,94
949,93
949,92
949,91
949,90
949,89
949,88
949,87
949,86
949,85
949,84
949,83
949,82
949,81
949,80
949,79
949,78
949,77
949,76
949,75
949,74
949,73
949,72
949,71
949,70
949,69
949,68
949,67
949,66
949,65
949,64
949,63
949,62
949,61
949,60
949,59
949,58
949,57
949,56
949,55
949,54
949,53
949,52
949,51
949,50
949,49
949,48
949,47
949,46
949,45
950,44
950,43
950,42
951,41
951,40
952,39
952,38
953,37
954,36
955,35
956,35
957,34
958,33
959,33
960,33
961,32
962,32
963,32
964,32
965,32
966,32
967,32
968,33
969,33
970,33
971,34
972,35
973,35
974,36
975,37
976,38
976,39
977,40
977,41
978,42
978,43
978,44
979,45
979,46
979,47
979,48
979,49
979,50
979,51
979,52
979,53
979,54
979,55
979,56
979,57
979,58
979,59
979,60
979,61
979,62
979,63
979,64
979,65
979,66
979,67
979,68
979,69
979,70
979,71
979,72
979,73
979,74
979,75
979,76
979,77
979,78
979,79
979,80
979,81
979,82
979,83
979,84
979,85
979,86
979,87
979,88
979,89
979,90
979,91
979,92
979,93
979,94
979,95
979,96
979,97
979,98
979,99
979,100
979,101
979,102
979,103
979,104
979,105
979,106
979,107
979,108
979,109
979,110
979,111
979,112
979,113
979,114
979,115
979,116
979,117
979,118
979,119
979,120
979,121
979,122
979,123
979,124
979,125
979,126
979,127
979,128
979,129
979,130
979,131
979,132
979,133
979,134
979,135
979,136
979,137
979,138
979,139
979,140
979,141
979,142
979,143
979,144
979,145
979,146
979,147
979,148
979,149
979,150
979,151
979,152
979,153
979,154
979,155
979,156
979,157
979,158
979,159
979,160
979,161
979,162
979,163
979,164
979,165
979,166
979,167
979,168
979,169
979,170
979,171
979,172
979,173
979,174
979,175
979,176
979,177
979,178
979,179
979,180
979,181
979,182
979,183
979,184
979,185
979,186
979,187
979,188
979,189
979,190
979,191
979,192
979,193
979,194
979,195
979,196
979,197
979,198
979,199
979,200
979,201
979,202
979,203
979,204
979,205
979,206
979,207
979,208
979,209
979,210
979,211
979,212
979,213
979,214
979,215
979,216
979,217
979,218
979,219
979,220
979,221
979,222
979,223
979,224
979,225
979,226
979,227
979,228
979,229
979,230
979,231
979,232
979,233
979,234
979,235
979,236
979,237
979,238
979,239
979,240
979,241
979,242
979,243
979,244
979,245
979,246
979,247
979,248
979,249
979,250
979,251
979,252
979,253
979,254
979,255
979,256
979,257
979,258
979,259
979,260
979,261
979,262
979,263
979,264
979,265
979,266
979,267
979,268
979,269
979,270
979,271
979,272
979,273
979,274
979,275
979,276
979,277
979,278
979,279
979,280
979,281
979,282
979,283
979,284
979,285
979,286
979,287
979,288
979,289
979,290
979,291
979,292
979,293
979,294
979,295
979,296
979,297
979,298
979,299
979,300
979,301
979,302
979,303
979,304
979,305
979,306
979,307
979,308
979,309
979,310
979,311
979,312
979,313
979,314
979,315
979,316
979,317
979,318
979,319
979,320
979,321
979,322
979,323
979,324
979,325
979,326
979,327
979,328
979,329
979,330
979,331
979,332
979,333
979,334
979,335
979,336
979,337
979,338
979,339
979,340
979,341
979,342
979,343
979,344
979,345
979,346
979,347
979,348
979,349
979,350
979,351
979,352
979,353
979,354
979,355
979,356
979,357
979,358
979,359
979,360
979,361
979,362
979,363
979,364
979,365
979,366
979,367
979,368
979,369
979,370
979,371
979,372
979,373
979,374
979,375
979,376
979,377
979,378
979,379
979,380
979,381
979,382
979,383
979,384
979,385
979,386
979,387
979,388
979,389
979,390
979,391
979,392
979,393
979,394
979,395
979,396
979,397
979,398
979,399
979,400
979,401
979,402
979,403
979,404
979,405
979,406
979,407
979,408
979,409
979,410
979,411
979,412
979,413
979,414
979,415
979,416
979,417
979,418
979,419
979,420
979,421
979,422
979,423
979,424
979,425
979,426
979,427
979,428
979,429
979,430
979,431
979,432
979,433
979,434
979,435
979,436
979,437
979,438
979,439
979,440
979,441
979,442
979,443
979,444
979,445
979,446
979,447
979,448
979,449
979,450
979,451
979,452
979,453
979,454
979,455
979,456
979,457
979,458
979,459
979,460
979,461
979,462
979,463
979,464
979,465
979,466
979,467
979,468
979,469
979,470
979,471
979,472
979,473
979,474
979,475
979,476
979,477
979,478
979,479
979,480
979,481
979,482
979,483
979,484
979,485
979,486
979,487
979,488
979,489
979,490
979,491
979,492
979,493
979,494
979,495
979,496
979,497
979,498
979,499
979,500
979,501
979,502
979,503
979,504
979,505
979,506
979,507
979,508
979,509
979,510
979,511
979,512
979,513
979,514
979,515
979,516
979,517
979,518
979,519
979,520
979,521
979,522
979,523
979,524
979,525
979,526
979,527
979,528
979,529
979,530
979,531
979,532
979,533
979,534
979,535
979,536
979,537
979,538
979,539
979,540
979,541
979,542
979,543
979,544
979,545
979,546
979,547
979,548
979,549
979,550
979,551
979,552
979,553
979,554
979,555
979,556
979,557
979,558
979,559
979,560
979,561
979,562
979,563
979,564
979,565
979,566
979,567
979,568
979,569
979,570
979,571
979,572
979,573
979,574
979,575
979,576
979,577
979,578
979,579
979,580
979,581
979,582
979,583
979,584
979,585
979,586
979,587
979,588
979,589
979,590
979,591
979,592
979,593
979,594
979,595
979,596
979,597
979,598
979,599
979,600
979,601
979,602
979,603
979,604
979,605
979,606
979,607
979,608
979,609
979,610
979,611
979,612
979,613
979,614
979,615
979,616
979,617
979,618
979,619
979,620
979,621
979,622
979,623
979,624
979,625
979,626
979,627
979,628
979,629
979,630
979,631
979,632
979,633
979,634
979,635
979,636
979,637
979,638
979,639
979,640
979,641
979,642
979,643
979,644
979,645
979,646
979,647
979,648
979,649
979,650
979,651
979,652
979,653
979,654
979,655
979,656
979,657
979,658
979,659
979,660
979,661
979,662
979,663
979,664
979,665
979,666
979,667
979,668
979,669
979,670
979,671
979,672
979,673
979,674
979,675
979,676
979,677
979,678
979,679
979,680
979,681
979,682
979,683
979,684
979,685
979,686
979,687
979,688
979,689
979,690
979,691
979,692
979,693
979,694
979,695
979,696
979,697
979,698
979,699
979,700
979,701
979,702
979,703
979,704
979,705
979,706
979,707
979,708
979,709
979,710
979,711
979,712
979,713
979,714
979,715
979,716
979,717
979,718
979,719
979,720
979,721
979,722
979,723
979,724
979,725
979,726
979,727
979,728
979,729
979,730
979,731
979,732
979,733
979,734
979,735
979,736
979,737
979,738
979,739
979,740
979,741
979,742
979,743
979,744
979,745
979,746
979,747
979,748
979,749
979,750
979,751
979,752
979,753
979,754
979,755
979,756
979,757
979,758
979,759
979,760
979,761
979,762
979,763
979,764
979,765
979,766
979,767
979,768
979,769
979,770
979,771
979,772
979,773
979,774
979,775
979,776
979,777
979,778
979,779
979,780
979,781
979,782
979,783
979,784
979,785
979,786
979,787
979,788
979,789
979,790
979,791
979,792
979,793
979,794
979,795
979,796
979,797
979,798
979,799
979,800
979,801
979,802
979,803
979,804
979,805
979,806
979,807
979,808
979,809
979,810
979,811
979,812
979,813
979,814
979,815
979,816
979,817
979,818
979,819
979,820
979,821
979,822
979,823
979,824
979,825
979,826
979,827
979,828
979,829
979,830
979,831
979,832
979,833
979,834
979,835
979,836
979,837
979,838
979,839
979,840
979,841
979,842
979,843
979,844
979,845
979,846
979,847
979,848
979,849
979,850
979,851
979,852
979,853
979,854
979,855
979,856
979,857
979,858
979,859
979,860
979,861
979,862
979,863
979,864
979,865
979,866
979,867
979,868
979,869
979,870
979,871
979,872
979,873
979,874
979,875
979,876
979,877
979,878
979,879
979,880
979,881
979,882
979,883
979,884
979,885
979,886
979,887
979,888
979,889
979,890
979,891
979,892
979,893
979,894
979,895
979,896
979,897
979,898
979,899
979,900
979,901
979,902
979,903
979,904
979,905
979,906
979,907
979,908
979,909
979,910
979,911
979,912
979,913
979,914
979,915
979,916
979,917
979,918
979,919
979,920
979,921
979,922
979,923
979,924
979,925
979,926
979,927
979,928
979,929
979,930
979,931
979,932
979,933
979,934
979,935
979,936
979,937
979,938
979,939
979,940
979,941
979,942
979,943
979,944
979,945
979,946
979,947
979,948
979,949
979,950
979,951
979,952
979,953
979,954
979,955
979,956
979,957
979,958
979,959
979,960
979,961
979,962
979,963
979,964
979,965
979,966
979,967
979,968
979,969
979,970
979,971
979,972
979,973
979,974
979,975
979,976
979,977
979,978
979,979
979,980
979,981
979,982
979,983
979,984
979,985
979,986
979,987
979,988
979,989
979,990
979,991
979,992
979,993
979,994
979,995
979,996
979,997
979,998
979,999
979,1000
979,1001
979,1002
979,1003
979,1004
979,1005
979,1006
979,1007
979,1008
979,1010
978,1010
977,1010
976,1010
975,1010
974,1010
973,1010
972,1010
971,1010
970,1010
969,1010
968,1010
967,1010
966,1010
965,1010
964,1010
963,1010
962,1010
961,1010
960,1010
959,1010
958,1010
957,1010
956,1010
955,1010
954,1010
953,1010
952,1010
951,1010
950,1010
949,1010
948,1010
947,1010
946,1010
945,1010
944,1010
943,1010
942,1010
941,1010
940,1010
939,1010
938,1010
937,1010
936,1010
935,1010
934,1010
933,1010
932,1010
931,1010
930,1010
929,1010
928,1010
927,1010
926,1010
925,1010
924,1010
923,1010
922,1010
921,1010
920,1010
919,1010
918,1010
917,1010
916,1010
915,1010
914,1010
913,1010
912,1010
911,1010
910,1010
909,1010
908,1010
907,1010
906,1010
905,1010
904,1010
903,1010
902,1010
901,1010
900,1010
899,1010
898,1010
897,1010
896,1010
895,1010
894,1010
893,1010
892,1010
891,1010
890,1010
889,1010
888,1010
887,1010
886,1010
885,1010
884,1010
883,1010
882,1010
881,1010
880,1010
879,1010
878,1010
877,1010
876,1010
875,1010
874,1010
873,1010
872,1010
871,1010
870,1010
869,1010
868,1010
867,1010
866,1010
865,1010
864,1010
863,1010
862,1010
861,1010
860,1010
859,1010
858,1010
857,1010
856,1010
855,1010
854,1010
853,1010
852,1010
851,1010
850,1010
849,1010
848,1010
847,1010
846,1010
845,1010
844,1010
843,1010
842,1010
841,1010
840,1010
839,1010
838,1010
837,1010
836,1010
835,1010
834,1010
833,1010
832,1010
831,1010
830,1010
829,1010
828,1010
827,1010
826,1010
825,1010
824,1010
823,1010
822,1010
821,1010
820,1010
819,1010
818,1010
817,1010
816,1010
815,1010
814,1010
813,1010
812,1010
811,1010
810,1010
809,1010
808,1010
807,1010
806,1010
805,1010
804,1010
803,1010
802,1010
801,1010
800,1010
799,1010
798,1010
797,1010
796,1010
795,1010
794,1010
793,1010
792,1010
791,1010
790,1010
789,1010
788,1010
787,1010
786,1010
785,1010
784,1010
783,1010
782,1010
781,1010
780,1010
779,1010
778,1010
777,1010
776,1010
775,1010
774,1010
773,1010
772,1010
771,1010
770,1010
769,1010
768,1010
767,1010
766,1010
765,1010
764,1010
763,1010
762,1010
761,1010
760,1010
759,1010
758,1010
757,1010
756,1010
755,1010
754,1010
753,1010
752,1010
751,1010
750,1010
749,1010
748,1010
747,1010
746,1010
745,1010
744,1010
743,1010
742,1010
741,1010
740,1010
739,1010
738,1010
737,1010
736,1010
735,1010
734,1010
733,1010
732,1010
731,1010
730,1010
729,1010
728,1010
727,1010
726,1010
725,1010
724,1010
723,1010
722,1010
721,1010
720,1010
719,1010
718,1010
717,1010
716,1010
715,1010
714,1010
713,1010
712,1010
711,1010
710,1010
709,1010
708,1010
707,1010
706,1010
705,1010
704,1010
703,1010
702,1010
701,1010
700,1010
699,1010
698,1010
697,1010
696,1010
695,1010
694,1010
693,1010
692,1010
691,1010
690,1010
689,1010
688,1010
687,1010
686,1010
685,1010
684,1010
683,1010
682,1010
681,1010
680,1010
679,1010
678,1010
677,1010
676,1010
675,1010
674,1010
673,1010
672,1010
671,1010
670,1010
669,1010
668,1010
667,1010
666,1010
665,1010
664,1010
663,1010
662,1010
661,1010
660,1010
659,1010
658,1010
657,1010
656,1010
655,1010
654,1010
653,1010
652,1010
651,1010
650,1010
649,1010
648,1010
647,1010
646,1010
645,1010
644,1010
643,1010
642,1010
641,1010
640,1010
639,1010
638,1010
637,1010
636,1010
635,1010
634,1010
633,1010
632,1010
631,1010
630,1010
629,1010
628,1010
627,1010
626,1010
625,1010
624,1010
623,1010
622,1010
621,1010
620,1010
619,1010
618,1010
617,1010
616,1010
615,1010
614,1010
613,1010
612,1010
611,1010
610,1010
609,1010
608,1010
607,1010
606,1010
605,1010
604,1010
603,1010
602,1010
601,1010
600,1010
599,1010
598,1010
597,1010
596,1010
595,1010
594,1010
593,1010
592,1010
591,1010
590,1010
589,1010
588,1010
587,1010
586,1010
585,1010
584,1010
583,1010
582,1010
581,1010
580,1010
579,1010
578,1010
577,1010
576,1010
575,1010
574,1010
573,1010
572,1010
571,1010
570,1010
569,1010
568,1010
567,1010
566,1010
565,1010
564,1010
563,1010
562,1010
561,1010
560,1010
559,1010
558,1010
557,1010
556,1010
555,1010
554,1010
553,1010
552,1010
551,1010
550,1010
549,1010
548,1010
547,1010
546,1010
545,1010
544,1010
543,1010
542,1010
541,1010
540,1010
539,1010
538,1010
537,1010
536,1010
535,1010
534,1010
533,1010
532,1010
531,1010
530,1010
529,1010
528,1010
527,1010
526,1010
525,1010
524,1010
523,1010
522,1010
521,1010
520,1010
519,1010
518,1010
517,1010
516,1010
515,1010
514,1010
513,1010
512,1010
511,1010
510,1010
509,1010
508,1010
507,1010
506,1010
505,1010
504,1010
503,1010
502,1010
501,1010
500,1010
499,1010
498,1010
497,1010
496,1010
495,1010
494,1010
493,1010
492,1010
491,1010
490,1010
489,1010
488,1010
487,1010
486,1010
485,1010
484,1010
483,1010
482,1010
481,1010
480,1010
479,1010
478,1010
477,1010
476,1010
475,1010
474,1010
473,1010
472,1010
471,1010
470,1010
469,1010
468,1010
467,1010
466,1010
465,1010
464,1010
463,1010
462,1010
461,1010
460,1010
459,1010
458,1010
457,1010
456,1010
455,1010
454,1010
453,1010
452,1010
451,1010
450,1010
449,1010
448,1010
447,1010
446,1010
445,1010
444,1010
443,1010
442,1010
441,1010
440,1010
439,1010
438,1010
437,1010
436,1010
435,1010
434,1010
433,1010
432,1010
431,1010
430,1010
429,1010
428,1010
427,1010
426,1010
425,1010
424,1010
423,1010
422,1010
421,1010
420,1010
419,1010
418,1010
417,1010
416,1010
415,1010
414,1010
413,1010
412,1010
411,1010
410,1010
409,1010
408,1010
407,1010
406,1010
405,1010
404,1010
403,1010
402,1010
401,1010
400,1010
399,1010
398,1010
397,1010
396,1010
395,1010
394,1010
393,1010
392,1010
391,1010
390,1010
389,1010
388,1010
387,1010
386,1010
385,1010
384,1010
383,1010
382,1010
381,1010
380,1010
379,1010
378,1010
377,1010
376,1010
375,1010
374,1010
373,1010
372,1010
371,1010
370,1010
369,1010
368,1010
367,1010
366,1010
365,1010
364,1010
363,1010
362,1010
361,1010
360,1010
359,1010
358,1010
357,1010
356,1010
355,1010
354,1010
353,1010
352,1010
351,1010
350,1010
349,1010
348,1010
347,1010
346,1010
345,1010
344,1010
343,1010
342,1010
341,1010
340,1010
339,1010
338,1010
337,1010
336,1010
335,1010
334,1010
333,1010
332,1010
331,1010
330,1010
329,1010
328,1010
327,1010
326,1010
325,1010
324,1010
323,1010
322,1010
321,1010
320,1010
319,1010
318,1010
317,1010
316,1010
315,1010
314,1010
313,1010
312,1010
311,1010
310,1010
309,1010
308,1010
307,1010
306,1010
305,1010
304,1010
303,1010
302,1010
301,1010
300,1010
299,1010
298,1010
297,1010
296,1010
295,1010
294,1010
293,1010
292,1010
291,1010
290,1010
289,1010
288,1010
287,1010
286,1010
285,1010
284,1010
283,1010
282,1010
281,1010
280,1010
279,1010
278,1010
277,1010
276,1010
275,1010
274,1010
273,1010
272,1010
271,1010
270,1010
269,1010
268,1010
267,1010
266,1010
265,1010
264,1010
263,1010
262,1010
261,1010
260,1010
259,1010
258,1010
257,1010
256,1010
255,1010
254,1010
253,1010
252,1010
251,1010
250,1010
249,1010
248,1010
247,1010
246,1010
245,1010
244,1010
243,1010
242,1010
241,1010
240,1010
239,1010
238,1010
237,1010
236,1010
235,1010
234,1010
233,1010
232,1010
231,1010
230,1010
229,1010
228,1010
227,1010
226,1010
225,1010
224,1010
223,1010
222,1010
221,1010
220,1010
219,1010
218,1010
217,1010
216,1010
215,1010
214,1010
213,1010
212,1010
211,1010
210,1010
209,1010
208,1010
207,1010
206,1010
205,1010
204,1010
203,1010
202,1010
201,1010
200,1010
199,1010
198,1010
197,1010
196,1010
195,1010
194,1010
193,1010
192,1010
191,1010
190,1010
189,1010
188,1010
187,1010
186,1010
185,1010
184,1010
183,1010
182,1010
181,1010
180,1010
179,1010
178,1010
177,1010
176,1010
175,1010
174,1010
173,1010
172,1010
171,1010
170,1010
169,1010
168,1010
167,1010
166,1010
165,1010
164,1010
163,1010
162,1010
161,1010
160,1010
159,1010
158,1010
157,1010
156,1010
155,1010
154,1010
153,1010
152,1010
151,1010
150,1010
149,1010
148,1010
147,1010
146,1010
145,1010
144,1010
143,1010
142,1010
141,1010
140,1010
139,1010
138,1010
137,1010
136,1010
135,1010
134,1010
133,1010
132,1010
131,1010
130,1010
129,1010
128,1010
127,1010
126,1010
125,1010
124,1010
123,1010
122,1010
121,1010
120,1010
119,1010
118,1010
117,1010
116,1010
115,1010
114,1010
113,1010
112,1010
111,1010
110,1010
109,1010
108,1010
107,1010
106,1010
105,1010
104,1010
103,1010
102,1010
101,1010
100,1010
99,1010
98,1010
97,1010
96,1010
95,1010
94,1010
93,1010
92,1010
91,1010
90,1010
89,1010
88,1010
87,1010
86,1010
85,1010
84,1010
83,1010
82,1010
81,1010
80,1010
79,1010
78,1010
77,1010
76,1010
75,1010
74,1010
73,1010
72,1010
71,1010
70,1010
69,1010
68,1010
67,1010
66,1010
65,1010
64,1010
63,1010
62,1010
61,1010
60,1010
59,1010
58,1010
57,1010
56,1010
55,1010
54,1010
53,1010
52,1010
51,1010
50,1010
49,1010
48,1010
47,1010
46,1010
45,1010
45,1009
45,1008
45,1007
45,1006
45,1005
45,1004
45,1003
45,1002
45,1001
45,1000
45,999
45,998
45,997
45,996
45,995
45,994
45,993
45,992
45,991
45,990
45,989
45,988
45,987
45,986
45,985
45,984
45,983
45,982
45,981
45,980
45,979
45,978
45,977
45,976
45,975
45,974
45,973
45,972
45,971
45,970
45,969
45,968
45,967
45,966
45,965
45,964
45,963
45,962
45,961
45,960
45,959
45,958
45,957
45,956
45,955
45,954
45,953
45,952
45,951
45,950
45,949
45,948
45,947
45,946
45,945
45,944
45,943
45,942
45,941
45,940
45,939
45,938
45,937
45,936
45,935
45,934
45,933
45,932
45,931
45,930
45,929
45,928
45,927
45,926
45,925
45,924
45,923
45,922
45,921
45,920
45,919
45,918
45,917
45,916
45,915
45,914
45,913
45,912
45,911
45,910
45,909
45,908
45,907
45,906
45,905
45,904
45,903
45,902
45,901
45,900
45,899
45,898
45,897
45,896
45,895
45,894
45,893
45,892
45,891
45,890
45,889
45,888
45,887
45,886
45,885
45,884
45,883
45,882
45,881
45,880
45,879
45,878
45,877
45,876
45,875
45,874
45,873
45,872
45,871
45,870
45,869
45,868
45,867
45,866
45,865
45,864
45,863
45,862
45,861
45,860
45,859
45,858
45,857
45,856
45,855
45,854
45,853
45,852
45,851
45,850
45,849
45,848
45,847
45,846
45,845
45,844
45,843
45,842
45,841
45,840
45,839
45,838
45,837
45,836
45,835
45,834
45,833
45,832
45,831
45,830
45,829
45,828
45,827
45,826
45,825
45,824
45,823
45,822
45,821
45,820
45,819
45,818
45,817
45,816
45,815
45,814
45,813
45,812
45,811
45,810
45,809
45,808
45,807
45,806
45,805
45,804
45,803
45,802
45,801
45,800
45,799
45,798
45,797
45,796
45,795
45,794
45,793
45,792
45,791
45,790
45,789
45,788
45,787
45,786
45,785
45,784
45,783
45,782
45,781
45,780
45,779
45,778
45,777
45,776
45,775
45,774
45,773
45,772
45,771
45,770
45,769
45,768
45,767
45,766
45,765
45,764
45,763
45,762
45,761
45,760
45,759
45,758
45,757
45,756
45,755
45,754
45,753
45,752
45,751
45,750
45,749
45,748
45,747
45,746
45,745
45,744
45,743
45,742
45,741
45,740
45,739
45,738
45,737
45,736
45,735
45,734
45,733
45,732
45,731
45,730
45,729
45,728
45,727
45,726
45,725
45,724
45,723
45,722
45,721
45,720
45,719
45,718
45,717
45,716
45,715
45,714
45,713
45,712
45,711
45,710
45,709
45,708
45,707
45,706
45,705
45,704
45,703
45,702
45,701
45,700
45,699
45,698
45,697
45,696
45,695
45,694
45,693
45,692
45,691
45,690
45,689
45,688
45,687
45,686
45,685
45,684
45,683
45,682
45,681
45,680
45,679
45,678
45,677
45,676
45,675
45,674
45,673
45,672
45,671
45,670
45,669
45,668
45,667
45,666
45,665
45,664
45,663
45,662
45,661
45,660
45,659
45,658
45,657
45,656
45,655
45,654
45,653
45,652
45,651
45,650
45,649
45,648
45,647
45,646
45,645
45,644
45,643
45,642
45,641
45,640
45,639
45,638
45,637
45,636
45,635
45,634
45,633
45,632
45,631
45,630
45,629
45,628
45,627
45,626
45,625
45,624
45,623
45,622
45,621
45,620
45,619
45,618
45,617
45,616
45,615
45,614
45,613
45,612
45,611
45,610
45,609
45,608
45,607
45,606
45,605
45,604
45,603
45,602
45,601
45,600
45,599
45,598
45,597
45,596
45,595
45,594
45,593
45,592
45,591
45,590
45,589
45,588
45,587
45,586
45,585
45,584
45,583
45,582
45,581
45,580
45,579
45,578
45,577
45,576
45,575
45,574
45,573
45,572
45,571
45,570
45,569
45,568
45,567
45,566
45,565
45,564
45,563
45,562
45,561
45,560
45,559
45,558
45,557
45,556
45,555
45,554
45,553
45,552
45,551
45,550
45,549
45,548
45,547
45,546
45,545
45,544
45,543
45,542
45,541
45,540
45,539
45,538
45,537
45,536
45,535
45,534
45,533
45,532
45,531
45,530
45,529
45,528
45,527
45,526
45,525
45,524
45,523
45,522
45,521
45,520
45,519
45,518
45,517
45,516
45,515
45,514
45,513
45,512
45,511
45,510
45,509
45,508
45,507
45,506
45,505
45,504
45,503
45,502
45,501
45,500
45,499
45,498
45,497
45,496
45,495
45,494
45,493
45,492
45,491
45,490
45,489
45,488
45,487
45,486
45,485
45,484
45,483
45,482
45,481
45,480
45,479
45,478
45,477
45,476
45,475
45,474
45,473
45,472
45,471
45,470
45,469
45,468
45,467
45,466
45,465
45,464
45,463
45,462
45,461
45,460
45,459
45,458
45,457
45,456
45,455
45,454
45,453
45,452
45,451
45,450
45,449
45,448
45,447
45,446
45,445
45,444
45,443
45,442
45,441
45,440
45,439
45,438
45,437
45,436
45,435
45,434
45,433
45,432
45,431
45,430
45,429
45,428
45,427
45,426
45,425
45,424
45,423
45,422
45,421
45,420
45,419
45,418
45,417
45,416
45,415
45,414
45,413
45,412
45,411
45,410
45,409
45,408
45,407
45,406
45,405
45,404
45,403
45,402
45,401
45,400
45,399
45,398
45,397
45,396
45,395
45,394
45,393
45,392
45,391
45,390
45,389
45,388
45,387
45,386
45,385
45,384
45,383
45,382
45,381
45,380
45,379
45,378
45,377
45,376
45,375
45,374
45,373
45,372
45,371
45,370
45,369
45,368
45,367
45,366
45,365
45,364
45,363
45,362
45,361
45,360
45,359
45,358
45,357
45,356
45,355
45,354
45,353
45,352
45,351
45,350
45,349
45,348
45,347
45,346
45,345
45,344
45,343
45,342
45,341
45,340
45,339
45,338
45,337
45,336
45,335
45,334
45,333
45,332
45,331
45,330
45,329
45,328
45,327
45,326
45,325
45,324
45,323
45,322
45,321
45,320
45,319
45,318
45,317
45,316
45,315
45,314
45,313
45,312
45,311
45,310
45,309
45,308
45,307
45,306
45,305
45,304
45,303
45,302
45,301
45,300
45,299
45,298
45,297
45,296
45,295
45,294
45,293
45,292
45,291
45,290
45,289
45,288
45,287
45,286
45,285
45,284
45,283
45,282
45,281
45,280
45,279
45,278
45,277
45,276
45,275
45,274
45,273
45,272
45,271
45,270
45,269
45,268
45,267
45,266
45,265
45,264
45,263
45,262
45,261
45,260
45,259
45,258
45,257
45,256
45,255
45,254
45,253
45,252
45,251
45,250
45,249
45,248
45,247
45,246
45,245
45,244
45,243
45,242
45,241
45,240
45,239
45,238
45,237
45,236
45,235
45,234
45,233
45,232
45,231
45,230
45,229
45,228
45,227
45,226
45,225
45,224
45,223
45,222
45,221
45,220
45,219
45,218
45,217
45,216
45,215
45,214
45,213
45,212
45,211
45,210
45,209
45,208
45,207
45,206
45,205
45,204
45,203
45,202
45,201
45,200
45,199
45,198
45,197
45,196
45,195
45,194
45,193
45,192
45,191
45,190
45,189
45,188
45,187
45,186
45,185
45,184
45,183
45,182
45,181
45,180
45,179
45,178
45,177
45,176
45,175
45,174
45,173
45,172
45,171
45,170
45,169
45,168
45,167
45,166
45,165
45,164
45,163
45,162
45,161
45,160
45,159
45,158
45,157
45,156
45,155
45,154
45,153
45,152
45,151
45,150
45,149
45,148
45,147
45,146
45,145
45,144
45,143
45,142
45,141
45,140
45,139
45,138
45,137
45,136
45,135
45,134
45,133
45,132
45,131
45,130
45,129
45,128
45,127
45,126
45,125
45,124
45,123
45,122
45,121
45,120
45,119
45,118
45,117
45,116
45,115
45,114
45,113
45,112
45,111
45,110
45,109
45,108
45,107
45,106
45,105
45,104
45,103
45,102
45,101
45,100
45,99
45,98
45,97
45,96
45,95
45,94
45,93
45,92
45,91
45,90
45,89
45,88
45,87
45,86
45,85
45,84
45,83
45,82
45,81
45,80
45,79
45,78
45,77
45,76
45,75
45,74
45,73
45,72
45,71
45,70
45,69
45,68
45,67
45,66
45,65
45,64
45,63
45,62
45,61
45,60
45,59
45,58
45,57
45,56
45,55
45,54
45,53
45,52
45,51
45,50
45,49
45,48
45,47
45,46
45,45
45,44
45,43
46,42
46,41
46,40
47,39
47,38
48,37
48,36
49,35
50,34
51,33
52,33
53,32
54,31
55,31
56,31
