n,t_s,x,y,pixel_clk,pixel_index,line_clk,line_index,frame_clk
0,0.0,-1.0,-1.0,0,-1,0,-1,0
1,0.001,-0.995555555555556,-1.0,0,-1,0,-1,0
2,0.002,-0.991111111111111,-1.0,0,-1,0,-1,0
3,0.003,-0.986666666666667,-1.0,0,-1,0,-1,0
4,0.004,-0.982222222222222,-1.0,0,-1,0,-1,0
5,0.005,-0.977777777777778,-1.0,0,-1,0,-1,0
6,0.006,-0.973333333333333,-1.0,0,-1,0,-1,0
7,0.007,-0.968888888888889,-1.0,0,-1,0,-1,0
8,0.008,-0.964444444444444,-1.0,0,-1,0,-1,0
9,0.009,-0.96,-1.0,0,-1,0,-1,0
10,0.01,-0.955555555555556,-1.0,0,-1,0,-1,0
11,0.011,-0.951111111111111,-1.0,0,-1,0,-1,0
12,0.012,-0.946666666666667,-1.0,0,-1,0,-1,0
13,0.013,-0.942222222222222,-1.0,0,-1,0,-1,0
14,0.014,-0.937777777777778,-1.0,0,-1,0,-1,0
15,0.015,-0.933333333333333,-1.0,0,-1,0,-1,0
16,0.016,-0.928888888888889,-1.0,0,-1,0,-1,0
17,0.017,-0.924444444444444,-1.0,0,-1,0,-1,0
18,0.018,-0.92,-1.0,0,-1,0,-1,0
19,0.019,-0.915555555555556,-1.0,0,-1,0,-1,0
20,0.02,-0.911111111111111,-1.0,0,-1,0,-1,0
21,0.021,-0.906666666666667,-1.0,0,-1,0,-1,0
22,0.022,-0.902222222222222,-1.0,0,-1,0,-1,0
23,0.023,-0.897777777777778,-1.0,0,-1,0,-1,0
24,0.024,-0.893333333333333,-1.0,0,-1,0,-1,0
25,0.025,-0.888888888888889,-1.0,0,-1,0,-1,0
26,0.026,-0.884444444444444,-1.0,0,-1,0,-1,0
27,0.027,-0.88,-1.0,0,-1,0,-1,0
28,0.028,-0.875555555555556,-1.0,0,-1,0,-1,0
29,0.029,-0.871111111111111,-1.0,0,-1,0,-1,0
30,0.03,-0.866666666666667,-1.0,0,-1,0,-1,0
31,0.031,-0.862222222222222,-1.0,0,-1,0,-1,0
32,0.032,-0.857777777777778,-1.0,0,-1,0,-1,0
33,0.033,-0.853333333333333,-1.0,0,-1,0,-1,0
34,0.034,-0.848888888888889,-1.0,0,-1,0,-1,0
35,0.035,-0.844444444444444,-1.0,0,-1,0,-1,0
36,0.036,-0.84,-1.0,0,-1,0,-1,0
37,0.037,-0.835555555555556,-1.0,0,-1,0,-1,0
38,0.038,-0.831111111111111,-1.0,0,-1,0,-1,0
39,0.039,-0.826666666666667,-1.0,0,-1,0,-1,0
40,0.04,-0.822222222222222,-1.0,0,-1,0,-1,0
41,0.041,-0.817777777777778,-1.0,0,-1,0,-1,0
42,0.042,-0.813333333333333,-1.0,0,-1,0,-1,0
43,0.043,-0.808888888888889,-1.0,0,-1,0,-1,0
44,0.044,-0.804444444444444,-1.0,0,-1,0,-1,0
45,0.045,-0.8,-1.0,0,-1,0,-1,0
46,0.046,-0.795555555555556,-1.0,0,-1,0,-1,0
47,0.047,-0.791111111111111,-1.0,0,-1,0,-1,0
48,0.048,-0.786666666666667,-1.0,0,-1,0,-1,0
49,0.049,-0.782222222222222,-1.0,0,-1,0,-1,0
50,0.05,-0.777777777777778,-1.0,0,-1,0,-1,0
51,0.051,-0.773333333333333,-1.0,0,-1,0,-1,0
52,0.052,-0.768888888888889,-1.0,0,-1,0,-1,0
53,0.053,-0.764444444444444,-1.0,0,-1,0,-1,0
54,0.054,-0.76,-1.0,0,-1,0,-1,0
55,0.055,-0.755555555555556,-1.0,0,-1,0,-1,0
56,0.056,-0.751111111111111,-1.0,0,-1,0,-1,0
57,0.057,-0.746666666666667,-1.0,0,-1,0,-1,0
58,0.058,-0.742222222222222,-1.0,0,-1,0,-1,0
59,0.059,-0.737777777777778,-1.0,0,-1,0,-1,0
60,0.06,-0.733333333333333,-1.0,0,-1,0,-1,0
61,0.061,-0.728888888888889,-1.0,0,-1,0,-1,0
62,0.062,-0.724444444444444,-1.0,0,-1,0,-1,0
63,0.063,-0.72,-1.0,0,-1,0,-1,0
64,0.064,-0.715555555555556,-1.0,0,-1,0,-1,0
65,0.065,-0.711111111111111,-1.0,0,-1,0,-1,0
66,0.066,-0.706666666666667,-1.0,0,-1,0,-1,0
67,0.067,-0.702222222222222,-1.0,0,-1,0,-1,0
68,0.068,-0.697777777777778,-1.0,0,-1,0,-1,0
69,0.069,-0.693333333333333,-1.0,0,-1,0,-1,0
70,0.07,-0.688888888888889,-1.0,0,-1,0,-1,0
71,0.071,-0.684444444444444,-1.0,0,-1,0,-1,0
72,0.072,-0.68,-1.0,0,-1,0,-1,0
73,0.073,-0.675555555555556,-1.0,0,-1,0,-1,0
74,0.074,-0.671111111111111,-1.0,0,-1,0,-1,0
75,0.075,-0.666666666666667,-1.0,0,-1,0,-1,0
76,0.076,-0.662222222222222,-1.0,0,-1,0,-1,0
77,0.077,-0.657777777777778,-1.0,0,-1,0,-1,0
78,0.078,-0.653333333333333,-1.0,0,-1,0,-1,0
79,0.079,-0.648888888888889,-1.0,0,-1,0,-1,0
80,0.08,-0.644444444444444,-1.0,0,-1,0,-1,0
81,0.081,-0.64,-1.0,0,-1,0,-1,0
82,0.082,-0.635555555555556,-1.0,0,-1,0,-1,0
83,0.083,-0.631111111111111,-1.0,0,-1,0,-1,0
84,0.084,-0.626666666666667,-1.0,0,-1,0,-1,0
85,0.085,-0.622222222222222,-1.0,0,-1,0,-1,0
86,0.086,-0.617777777777778,-1.0,0,-1,0,-1,0
87,0.087,-0.613333333333333,-1.0,0,-1,0,-1,0
88,0.088,-0.608888888888889,-1.0,0,-1,0,-1,0
89,0.089,-0.604444444444444,-1.0,0,-1,0,-1,0
90,0.09,-0.6,-1.0,0,-1,0,-1,0
91,0.091,-0.595555555555556,-1.0,0,-1,0,-1,0
92,0.092,-0.591111111111111,-1.0,0,-1,0,-1,0
93,0.093,-0.586666666666667,-1.0,0,-1,0,-1,0
94,0.094,-0.582222222222222,-1.0,0,-1,0,-1,0
95,0.095,-0.577777777777778,-1.0,0,-1,0,-1,0
96,0.096,-0.573333333333333,-1.0,0,-1,0,-1,0
97,0.097,-0.568888888888889,-1.0,0,-1,0,-1,0
98,0.098,-0.564444444444445,-1.0,0,-1,0,-1,0
99,0.099,-0.56,-1.0,0,-1,0,-1,0
100,0.1,-0.555555555555556,-1.0,0,-1,0,-1,0
101,0.101,-0.551111111111111,-1.0,0,-1,0,-1,0
102,0.102,-0.546666666666667,-1.0,0,-1,0,-1,0
103,0.103,-0.542222222222222,-1.0,0,-1,0,-1,0
104,0.104,-0.537777777777778,-1.0,0,-1,0,-1,0
105,0.105,-0.533333333333333,-1.0,0,-1,0,-1,0
106,0.106,-0.528888888888889,-1.0,0,-1,0,-1,0
107,0.107,-0.524444444444444,-1.0,0,-1,0,-1,0
108,0.108,-0.52,-1.0,0,-1,0,-1,0
109,0.109,-0.515555555555556,-1.0,0,-1,0,-1,0
110,0.11,-0.511111111111111,-1.0,0,-1,0,-1,0
111,0.111,-0.506666666666667,-1.0,0,-1,0,-1,0
112,0.112,-0.502222222222222,-1.0,0,-1,0,-1,0
113,0.113,-0.497777777777778,-1.0,0,-1,0,-1,0
114,0.114,-0.493333333333333,-1.0,0,-1,0,-1,0
115,0.115,-0.488888888888889,-1.0,0,-1,0,-1,0
116,0.116,-0.484444444444444,-1.0,0,-1,0,-1,0
117,0.117,-0.48,-1.0,0,-1,0,-1,0
118,0.118,-0.475555555555556,-1.0,0,-1,0,-1,0
119,0.119,-0.471111111111111,-1.0,0,-1,0,-1,0
120,0.12,-0.466666666666667,-1.0,0,-1,0,-1,0
121,0.121,-0.462222222222222,-1.0,0,-1,0,-1,0
122,0.122,-0.457777777777778,-1.0,0,-1,0,-1,0
123,0.123,-0.453333333333333,-1.0,0,-1,0,-1,0
124,0.124,-0.448888888888889,-1.0,0,-1,0,-1,0
125,0.125,-0.444444444444444,-1.0,0,-1,0,-1,0
126,0.126,-0.44,-1.0,0,-1,0,-1,0
127,0.127,-0.435555555555556,-1.0,0,-1,0,-1,0
128,0.128,-0.431111111111111,-1.0,0,-1,0,-1,0
129,0.129,-0.426666666666667,-1.0,0,-1,0,-1,0
130,0.13,-0.422222222222222,-1.0,0,-1,0,-1,0
131,0.131,-0.417777777777778,-1.0,0,-1,0,-1,0
132,0.132,-0.413333333333333,-1.0,0,-1,0,-1,0
133,0.133,-0.408888888888889,-1.0,0,-1,0,-1,0
134,0.134,-0.404444444444445,-1.0,0,-1,0,-1,0
135,0.135,-0.4,-1.0,0,-1,0,-1,0
136,0.136,-0.395555555555556,-1.0,0,-1,0,-1,0
137,0.137,-0.391111111111111,-1.0,0,-1,0,-1,0
138,0.138,-0.386666666666667,-1.0,0,-1,0,-1,0
139,0.139,-0.382222222222222,-1.0,0,-1,0,-1,0
140,0.14,-0.377777777777778,-1.0,0,-1,0,-1,0
141,0.141,-0.373333333333333,-1.0,0,-1,0,-1,0
142,0.142,-0.368888888888889,-1.0,0,-1,0,-1,0
143,0.143,-0.364444444444444,-1.0,0,-1,0,-1,0
144,0.144,-0.36,-1.0,0,-1,0,-1,0
145,0.145,-0.355555555555556,-1.0,0,-1,0,-1,0
146,0.146,-0.351111111111111,-1.0,0,-1,0,-1,0
147,0.147,-0.346666666666667,-1.0,0,-1,0,-1,0
148,0.148,-0.342222222222222,-1.0,0,-1,0,-1,0
149,0.149,-0.337777777777778,-1.0,0,-1,0,-1,0
150,0.15,-0.333333333333333,-1.0,0,-1,0,-1,0
151,0.151,-0.328888888888889,-1.0,0,-1,0,-1,0
152,0.152,-0.324444444444444,-1.0,0,-1,0,-1,0
153,0.153,-0.32,-1.0,0,-1,0,-1,0
154,0.154,-0.315555555555556,-1.0,0,-1,0,-1,0
155,0.155,-0.311111111111111,-1.0,0,-1,0,-1,0
156,0.156,-0.306666666666667,-1.0,0,-1,0,-1,0
157,0.157,-0.302222222222222,-1.0,0,-1,0,-1,0
158,0.158,-0.297777777777778,-1.0,0,-1,0,-1,0
159,0.159,-0.293333333333333,-1.0,0,-1,0,-1,0
160,0.16,-0.288888888888889,-1.0,0,-1,0,-1,0
161,0.161,-0.284444444444445,-1.0,0,-1,0,-1,0
162,0.162,-0.28,-1.0,0,-1,0,-1,0
163,0.163,-0.275555555555556,-1.0,0,-1,0,-1,0
164,0.164,-0.271111111111111,-1.0,0,-1,0,-1,0
165,0.165,-0.266666666666667,-1.0,0,-1,0,-1,0
166,0.166,-0.262222222222222,-1.0,0,-1,0,-1,0
167,0.167,-0.257777777777778,-1.0,0,-1,0,-1,0
168,0.168,-0.253333333333333,-1.0,0,-1,0,-1,0
169,0.169,-0.248888888888889,-1.0,0,-1,0,-1,0
170,0.17,-0.244444444444444,-1.0,0,-1,0,-1,0
171,0.171,-0.24,-1.0,0,-1,0,-1,0
172,0.172,-0.235555555555556,-1.0,0,-1,0,-1,0
173,0.173,-0.231111111111111,-1.0,0,-1,0,-1,0
174,0.174,-0.226666666666667,-1.0,0,-1,0,-1,0
175,0.175,-0.222222222222222,-1.0,0,-1,0,-1,0
176,0.176,-0.217777777777778,-1.0,0,-1,0,-1,0
177,0.177,-0.213333333333333,-1.0,0,-1,0,-1,0
178,0.178,-0.208888888888889,-1.0,0,-1,0,-1,0
179,0.179,-0.204444444444444,-1.0,0,-1,0,-1,0
180,0.18,-0.2,-1.0,0,-1,0,-1,0
181,0.181,-0.195555555555556,-1.0,0,-1,0,-1,0
182,0.182,-0.191111111111111,-1.0,0,-1,0,-1,0
183,0.183,-0.186666666666667,-1.0,0,-1,0,-1,0
184,0.184,-0.182222222222222,-1.0,0,-1,0,-1,0
185,0.185,-0.177777777777778,-1.0,0,-1,0,-1,0
186,0.186,-0.173333333333333,-1.0,0,-1,0,-1,0
187,0.187,-0.168888888888889,-1.0,0,-1,0,-1,0
188,0.188,-0.164444444444444,-1.0,0,-1,0,-1,0
189,0.189,-0.16,-1.0,0,-1,0,-1,0
190,0.19,-0.155555555555556,-1.0,0,-1,0,-1,0
191,0.191,-0.151111111111111,-1.0,0,-1,0,-1,0
192,0.192,-0.146666666666667,-1.0,0,-1,0,-1,0
193,0.193,-0.142222222222222,-1.0,0,-1,0,-1,0
194,0.194,-0.137777777777778,-1.0,0,-1,0,-1,0
195,0.195,-0.133333333333333,-1.0,0,-1,0,-1,0
196,0.196,-0.128888888888889,-1.0,0,-1,0,-1,0
197,0.197,-0.124444444444444,-1.0,0,-1,0,-1,0
198,0.198,-0.12,-1.0,0,-1,0,-1,0
199,0.199,-0.115555555555556,-1.0,0,-1,0,-1,0
200,0.2,-0.111111111111111,-1.0,0,-1,0,-1,0
201,0.201,-0.106666666666667,-1.0,0,-1,0,-1,0
202,0.202,-0.102222222222222,-1.0,0,-1,0,-1,0
203,0.203,-0.0977777777777777,-1.0,0,-1,0,-1,0
204,0.204,-0.0933333333333334,-1.0,0,-1,0,-1,0
205,0.205,-0.0888888888888889,-1.0,0,-1,0,-1,0
206,0.206,-0.0844444444444444,-1.0,0,-1,0,-1,0
207,0.207,-0.08,-1.0,0,-1,0,-1,0
208,0.208,-0.0755555555555556,-1.0,0,-1,0,-1,0
209,0.209,-0.0711111111111111,-1.0,0,-1,0,-1,0
210,0.21,-0.0666666666666667,-1.0,0,-1,0,-1,0
211,0.211,-0.0622222222222222,-1.0,0,-1,0,-1,0
212,0.212,-0.0577777777777778,-1.0,0,-1,0,-1,0
213,0.213,-0.0533333333333333,-1.0,0,-1,0,-1,0
214,0.214,-0.0488888888888889,-1.0,0,-1,0,-1,0
215,0.215,-0.0444444444444444,-1.0,0,-1,0,-1,0
216,0.216,-0.04,-1.0,0,-1,0,-1,0
217,0.217,-0.0355555555555556,-1.0,0,-1,0,-1,0
218,0.218,-0.0311111111111111,-1.0,0,-1,0,-1,0
219,0.219,-0.0266666666666666,-1.0,0,-1,0,-1,0
220,0.22,-0.0222222222222223,-1.0,0,-1,0,-1,0
221,0.221,-0.0177777777777778,-1.0,0,-1,0,-1,0
222,0.222,-0.0133333333333333,-1.0,0,-1,0,-1,0
223,0.223,-0.0088888888888888,-1.0,0,-1,0,-1,0
224,0.224,-0.0044444444444444,-1.0,0,-1,0,-1,0
225,0.225,0.0,-1.0,0,-1,0,-1,0
226,0.226,0.0044444444444444,-1.0,0,-1,0,-1,0
227,0.227,0.0088888888888889,-1.0,0,-1,0,-1,0
228,0.228,0.0133333333333334,-1.0,0,-1,0,-1,0
229,0.229,0.0177777777777777,-1.0,0,-1,0,-1,0
230,0.23,0.0222222222222221,-1.0,0,-1,0,-1,0
231,0.231,0.0266666666666666,-1.0,0,-1,0,-1,0
232,0.232,0.0311111111111111,-1.0,0,-1,0,-1,0
233,0.233,0.0355555555555556,-1.0,0,-1,0,-1,0
234,0.234,0.04,-1.0,0,-1,0,-1,0
235,0.235,0.0444444444444445,-1.0,0,-1,0,-1,0
236,0.236,0.048888888888889,-1.0,0,-1,0,-1,0
237,0.237,0.0533333333333332,-1.0,0,-1,0,-1,0
238,0.238,0.0577777777777777,-1.0,0,-1,0,-1,0
239,0.239,0.0622222222222222,-1.0,0,-1,0,-1,0
240,0.24,0.0666666666666667,-1.0,0,-1,0,-1,0
241,0.241,0.0711111111111111,-1.0,0,-1,0,-1,0
242,0.242,0.0755555555555556,-1.0,0,-1,0,-1,0
243,0.243,0.0800000000000001,-1.0,0,-1,0,-1,0
244,0.244,0.0844444444444445,-1.0,0,-1,0,-1,0
245,0.245,0.0888888888888888,-1.0,0,-1,0,-1,0
246,0.246,0.0933333333333333,-1.0,0,-1,0,-1,0
247,0.247,0.0977777777777777,-1.0,0,-1,0,-1,0
248,0.248,0.102222222222222,-1.0,0,-1,0,-1,0
249,0.249,0.106666666666667,-1.0,0,-1,0,-1,0
250,0.25,0.111111111111111,-1.0,0,-1,0,-1,0
251,0.251,0.115555555555556,-1.0,0,-1,0,-1,0
252,0.252,0.12,-1.0,0,-1,0,-1,0
253,0.253,0.124444444444444,-1.0,0,-1,0,-1,0
254,0.254,0.128888888888889,-1.0,0,-1,0,-1,0
255,0.255,0.133333333333333,-1.0,0,-1,0,-1,0
256,0.256,0.137777777777778,-1.0,0,-1,0,-1,0
257,0.257,0.142222222222222,-1.0,0,-1,0,-1,0
258,0.258,0.146666666666667,-1.0,0,-1,0,-1,0
259,0.259,0.151111111111111,-1.0,0,-1,0,-1,0
260,0.26,0.155555555555555,-1.0,0,-1,0,-1,0
261,0.261,0.16,-1.0,0,-1,0,-1,0
262,0.262,0.164444444444444,-1.0,0,-1,0,-1,0
263,0.263,0.168888888888889,-1.0,0,-1,0,-1,0
264,0.264,0.173333333333333,-1.0,0,-1,0,-1,0
265,0.265,0.177777777777778,-1.0,0,-1,0,-1,0
266,0.266,0.182222222222222,-1.0,0,-1,0,-1,0
267,0.267,0.186666666666667,-1.0,0,-1,0,-1,0
268,0.268,0.191111111111111,-1.0,0,-1,0,-1,0
269,0.269,0.195555555555555,-1.0,0,-1,0,-1,0
270,0.27,0.2,-1.0,0,-1,0,-1,0
271,0.271,0.204444444444444,-1.0,0,-1,0,-1,0
272,0.272,0.208888888888889,-1.0,0,-1,0,-1,0
273,0.273,0.213333333333333,-1.0,0,-1,0,-1,0
274,0.274,0.217777777777778,-1.0,0,-1,0,-1,0
275,0.275,0.222222222222222,-1.0,0,-1,0,-1,0
276,0.276,0.226666666666667,-1.0,0,-1,0,-1,0
277,0.277,0.231111111111111,-1.0,0,-1,0,-1,0
278,0.278,0.235555555555556,-1.0,0,-1,0,-1,0
279,0.279,0.24,-1.0,0,-1,0,-1,0
280,0.28,0.244444444444444,-1.0,0,-1,0,-1,0
281,0.281,0.248888888888889,-1.0,0,-1,0,-1,0
282,0.282,0.253333333333333,-1.0,0,-1,0,-1,0
283,0.283,0.257777777777778,-1.0,0,-1,0,-1,0
284,0.284,0.262222222222222,-1.0,0,-1,0,-1,0
285,0.285,0.266666666666667,-1.0,0,-1,0,-1,0
286,0.286,0.271111111111111,-1.0,0,-1,0,-1,0
287,0.287,0.275555555555556,-1.0,0,-1,0,-1,0
288,0.288,0.28,-1.0,0,-1,0,-1,0
289,0.289,0.284444444444445,-1.0,0,-1,0,-1,0
290,0.29,0.288888888888889,-1.0,0,-1,0,-1,0
291,0.291,0.293333333333333,-1.0,0,-1,0,-1,0
292,0.292,0.297777777777778,-1.0,0,-1,0,-1,0
293,0.293,0.302222222222222,-1.0,0,-1,0,-1,0
294,0.294,0.306666666666667,-1.0,0,-1,0,-1,0
295,0.295,0.311111111111111,-1.0,0,-1,0,-1,0
296,0.296,0.315555555555556,-1.0,0,-1,0,-1,0
297,0.297,0.32,-1.0,0,-1,0,-1,0
298,0.298,0.324444444444445,-1.0,0,-1,0,-1,0
299,0.299,0.328888888888889,-1.0,0,-1,0,-1,0
300,0.3,0.333333333333333,-1.0,0,-1,0,-1,0
301,0.301,0.337777777777778,-1.0,0,-1,0,-1,0
302,0.302,0.342222222222222,-1.0,0,-1,0,-1,0
303,0.303,0.346666666666667,-1.0,0,-1,0,-1,0
304,0.304,0.351111111111111,-1.0,0,-1,0,-1,0
305,0.305,0.355555555555556,-1.0,0,-1,0,-1,0
306,0.306,0.36,-1.0,0,-1,0,-1,0
307,0.307,0.364444444444444,-1.0,0,-1,0,-1,0
308,0.308,0.368888888888889,-1.0,0,-1,0,-1,0
309,0.309,0.373333333333333,-1.0,0,-1,0,-1,0
310,0.31,0.377777777777778,-1.0,0,-1,0,-1,0
311,0.311,0.382222222222222,-1.0,0,-1,0,-1,0
312,0.312,0.386666666666667,-1.0,0,-1,0,-1,0
313,0.313,0.391111111111111,-1.0,0,-1,0,-1,0
314,0.314,0.395555555555556,-1.0,0,-1,0,-1,0
315,0.315,0.4,-1.0,0,-1,0,-1,0
316,0.316,0.404444444444444,-1.0,0,-1,0,-1,0
317,0.317,0.408888888888889,-1.0,0,-1,0,-1,0
318,0.318,0.413333333333333,-1.0,0,-1,0,-1,0
319,0.319,0.417777777777778,-1.0,0,-1,0,-1,0
320,0.32,0.422222222222222,-1.0,0,-1,0,-1,0
321,0.321,0.426666666666667,-1.0,0,-1,0,-1,0
322,0.322,0.431111111111111,-1.0,0,-1,0,-1,0
323,0.323,0.435555555555555,-1.0,0,-1,0,-1,0
324,0.324,0.44,-1.0,0,-1,0,-1,0
325,0.325,0.444444444444444,-1.0,0,-1,0,-1,0
326,0.326,0.448888888888889,-1.0,0,-1,0,-1,0
327,0.327,0.453333333333333,-1.0,0,-1,0,-1,0
328,0.328,0.457777777777778,-1.0,0,-1,0,-1,0
329,0.329,0.462222222222222,-1.0,0,-1,0,-1,0
330,0.33,0.466666666666667,-1.0,0,-1,0,-1,0
331,0.331,0.471111111111111,-1.0,0,-1,0,-1,0
332,0.332,0.475555555555556,-1.0,0,-1,0,-1,0
333,0.333,0.48,-1.0,0,-1,0,-1,0
334,0.334,0.484444444444444,-1.0,0,-1,0,-1,0
335,0.335,0.488888888888889,-1.0,0,-1,0,-1,0
336,0.336,0.493333333333333,-1.0,0,-1,0,-1,0
337,0.337,0.497777777777778,-1.0,0,-1,0,-1,0
338,0.338,0.502222222222222,-1.0,0,-1,0,-1,0
339,0.339,0.506666666666667,-1.0,0,-1,0,-1,0
340,0.34,0.511111111111111,-1.0,0,-1,0,-1,0
341,0.341,0.515555555555556,-1.0,0,-1,0,-1,0
342,0.342,0.52,-1.0,0,-1,0,-1,0
343,0.343,0.524444444444444,-1.0,0,-1,0,-1,0
344,0.344,0.528888888888889,-1.0,0,-1,0,-1,0
345,0.345,0.533333333333333,-1.0,0,-1,0,-1,0
346,0.346,0.537777777777778,-1.0,0,-1,0,-1,0
347,0.347,0.542222222222222,-1.0,0,-1,0,-1,0
348,0.348,0.546666666666667,-1.0,0,-1,0,-1,0
349,0.349,0.551111111111111,-1.0,0,-1,0,-1,0
350,0.35,0.555555555555556,-1.0,0,-1,0,-1,0
351,0.351,0.56,-1.0,0,-1,0,-1,0
352,0.352,0.564444444444445,-1.0,0,-1,0,-1,0
353,0.353,0.568888888888889,-1.0,0,-1,0,-1,0
354,0.354,0.573333333333333,-1.0,0,-1,0,-1,0
355,0.355,0.577777777777778,-1.0,0,-1,0,-1,0
356,0.356,0.582222222222222,-1.0,0,-1,0,-1,0
357,0.357,0.586666666666667,-1.0,0,-1,0,-1,0
358,0.358,0.591111111111111,-1.0,0,-1,0,-1,0
359,0.359,0.595555555555556,-1.0,0,-1,0,-1,0
360,0.36,0.6,-1.0,0,-1,0,-1,0
361,0.361,0.604444444444444,-1.0,0,-1,0,-1,0
362,0.362,0.608888888888889,-1.0,0,-1,0,-1,0
363,0.363,0.613333333333333,-1.0,0,-1,0,-1,0
364,0.364,0.617777777777778,-1.0,0,-1,0,-1,0
365,0.365,0.622222222222222,-1.0,0,-1,0,-1,0
366,0.366,0.626666666666667,-1.0,0,-1,0,-1,0
367,0.367,0.631111111111111,-1.0,0,-1,0,-1,0
368,0.368,0.635555555555556,-1.0,0,-1,0,-1,0
369,0.369,0.64,-1.0,0,-1,0,-1,0
370,0.37,0.644444444444444,-1.0,0,-1,0,-1,0
371,0.371,0.648888888888889,-1.0,0,-1,0,-1,0
372,0.372,0.653333333333333,-1.0,0,-1,0,-1,0
373,0.373,0.657777777777778,-1.0,0,-1,0,-1,0
374,0.374,0.662222222222222,-1.0,0,-1,0,-1,0
375,0.375,0.666666666666667,-1.0,0,-1,0,-1,0
376,0.376,0.671111111111111,-1.0,0,-1,0,-1,0
377,0.377,0.675555555555555,-1.0,0,-1,0,-1,0
378,0.378,0.68,-1.0,0,-1,0,-1,0
379,0.379,0.684444444444444,-1.0,0,-1,0,-1,0
380,0.38,0.688888888888889,-1.0,0,-1,0,-1,0
381,0.381,0.693333333333333,-1.0,0,-1,0,-1,0
382,0.382,0.697777777777778,-1.0,0,-1,0,-1,0
383,0.383,0.702222222222222,-1.0,0,-1,0,-1,0
384,0.384,0.706666666666667,-1.0,0,-1,0,-1,0
385,0.385,0.711111111111111,-1.0,0,-1,0,-1,0
386,0.386,0.715555555555556,-1.0,0,-1,0,-1,0
387,0.387,0.72,-1.0,0,-1,0,-1,0
388,0.388,0.724444444444444,-1.0,0,-1,0,-1,0
389,0.389,0.728888888888889,-1.0,0,-1,0,-1,0
390,0.39,0.733333333333333,-1.0,0,-1,0,-1,0
391,0.391,0.737777777777778,-1.0,0,-1,0,-1,0
392,0.392,0.742222222222222,-1.0,0,-1,0,-1,0
393,0.393,0.746666666666667,-1.0,0,-1,0,-1,0
394,0.394,0.751111111111111,-1.0,0,-1,0,-1,0
395,0.395,0.755555555555556,-1.0,0,-1,0,-1,0
396,0.396,0.76,-1.0,0,-1,0,-1,0
397,0.397,0.764444444444444,-1.0,0,-1,0,-1,0
398,0.398,0.768888888888889,-1.0,0,-1,0,-1,0
399,0.399,0.773333333333333,-1.0,0,-1,0,-1,0
400,0.4,0.777777777777778,-1.0,0,-1,0,-1,0
401,0.401,0.782222222222222,-1.0,0,-1,0,-1,0
402,0.402,0.786666666666667,-1.0,0,-1,0,-1,0
403,0.403,0.791111111111111,-1.0,0,-1,0,-1,0
404,0.404,0.795555555555556,-1.0,0,-1,0,-1,0
405,0.405,0.8,-1.0,0,-1,0,-1,0
406,0.406,0.804444444444445,-1.0,0,-1,0,-1,0
407,0.407,0.808888888888889,-1.0,0,-1,0,-1,0
408,0.408,0.813333333333333,-1.0,0,-1,0,-1,0
409,0.409,0.817777777777778,-1.0,0,-1,0,-1,0
410,0.41,0.822222222222222,-1.0,0,-1,0,-1,0
411,0.411,0.826666666666667,-1.0,0,-1,0,-1,0
412,0.412,0.831111111111111,-1.0,0,-1,0,-1,0
413,0.413,0.835555555555556,-1.0,0,-1,0,-1,0
414,0.414,0.84,-1.0,0,-1,0,-1,0
415,0.415,0.844444444444445,-1.0,0,-1,0,-1,0
416,0.416,0.848888888888889,-1.0,0,-1,0,-1,0
417,0.417,0.853333333333333,-1.0,0,-1,0,-1,0
418,0.418,0.857777777777778,-1.0,0,-1,0,-1,0
419,0.419,0.862222222222222,-1.0,0,-1,0,-1,0
420,0.42,0.866666666666667,-1.0,0,-1,0,-1,0
421,0.421,0.871111111111111,-1.0,0,-1,0,-1,0
422,0.422,0.875555555555556,-1.0,0,-1,0,-1,0
423,0.423,0.88,-1.0,0,-1,0,-1,0
424,0.424,0.884444444444444,-1.0,0,-1,0,-1,0
425,0.425,0.888888888888889,-1.0,0,-1,0,-1,0
426,0.426,0.893333333333333,-1.0,0,-1,0,-1,0
427,0.427,0.897777777777778,-1.0,0,-1,0,-1,0
428,0.428,0.902222222222222,-1.0,0,-1,0,-1,0
429,0.429,0.906666666666667,-1.0,0,-1,0,-1,0
430,0.43,0.911111111111111,-1.0,0,-1,0,-1,0
431,0.431,0.915555555555555,-1.0,0,-1,0,-1,0
432,0.432,0.92,-1.0,0,-1,0,-1,0
433,0.433,0.924444444444444,-1.0,0,-1,0,-1,0
434,0.434,0.928888888888889,-1.0,0,-1,0,-1,0
435,0.435,0.933333333333333,-1.0,0,-1,0,-1,0
436,0.436,0.937777777777778,-1.0,0,-1,0,-1,0
437,0.437,0.942222222222222,-1.0,0,-1,0,-1,0
438,0.438,0.946666666666667,-1.0,0,-1,0,-1,0
439,0.439,0.951111111111111,-1.0,0,-1,0,-1,0
440,0.44,0.955555555555555,-1.0,0,-1,0,-1,0
441,0.441,0.96,-1.0,0,-1,0,-1,0
442,0.442,0.964444444444444,-1.0,0,-1,0,-1,0
443,0.443,0.968888888888889,-1.0,0,-1,0,-1,0
444,0.444,0.973333333333333,-1.0,0,-1,0,-1,0
445,0.445,0.977777777777778,-0.995910020449898,0,-1,0,-1,0
446,0.446,0.982222222222222,-0.991820040899795,0,-1,0,-1,0
447,0.447,0.986666666666667,-0.991820040899795,0,-1,0,-1,0
448,0.448,0.991111111111111,-0.987730061349693,0,-1,0,-1,0
449,0.449,0.991111111111111,-0.983640081799591,0,-1,0,-1,0
450,0.45,0.995555555555556,-0.979550102249489,0,-1,0,-1,0
451,0.451,0.995555555555556,-0.975460122699387,0,-1,0,-1,0
452,0.452,1.0,-0.971370143149284,0,-1,0,-1,0
453,0.453,1.0,-0.967280163599182,0,-1,0,-1,0
454,0.454,1.0,-0.96319018404908,0,-1,0,-1,0
455,0.455,1.0,-0.959100204498977,0,-1,0,-1,0
456,0.456,1.0,-0.955010224948875,1,0,1,0,1
457,0.457,1.0,-0.950920245398773,0,-1,0,-1,0
458,0.458,1.0,-0.946830265848671,0,-1,0,-1,0
459,0.459,1.0,-0.942740286298569,0,-1,0,-1,0
460,0.46,1.0,-0.938650306748466,0,-1,0,-1,0
461,0.461,1.0,-0.934560327198364,0,-1,0,-1,0
462,0.462,1.0,-0.930470347648262,0,-1,0,-1,0
463,0.463,1.0,-0.926380368098159,0,-1,0,-1,0
464,0.464,1.0,-0.922290388548057,0,-1,0,-1,0
465,0.465,1.0,-0.918200408997955,0,-1,0,-1,0
466,0.466,1.0,-0.914110429447853,0,-1,0,-1,0
467,0.467,1.0,-0.910020449897751,0,-1,0,-1,0
468,0.468,1.0,-0.905930470347648,0,-1,0,-1,0
469,0.469,1.0,-0.901840490797546,0,-1,0,-1,0
470,0.47,1.0,-0.897750511247444,0,-1,0,-1,0
471,0.471,1.0,-0.893660531697342,0,-1,0,-1,0
472,0.472,1.0,-0.889570552147239,0,-1,0,-1,0
473,0.473,1.0,-0.885480572597137,0,-1,0,-1,0
474,0.474,1.0,-0.881390593047035,0,-1,0,-1,0
475,0.475,1.0,-0.877300613496933,0,-1,0,-1,0
476,0.476,1.0,-0.87321063394683,0,-1,0,-1,0
477,0.477,1.0,-0.869120654396728,0,-1,0,-1,0
478,0.478,1.0,-0.865030674846626,0,-1,0,-1,0
479,0.479,1.0,-0.860940695296524,0,-1,0,-1,0
480,0.48,1.0,-0.856850715746421,0,-1,0,-1,0
481,0.481,1.0,-0.852760736196319,0,-1,0,-1,0
482,0.482,1.0,-0.848670756646217,0,-1,0,-1,0
483,0.483,1.0,-0.844580777096114,0,-1,0,-1,0
484,0.484,1.0,-0.840490797546012,0,-1,0,-1,0
485,0.485,1.0,-0.83640081799591,0,-1,0,-1,0
486,0.486,1.0,-0.832310838445808,0,-1,0,-1,0
487,0.487,1.0,-0.828220858895706,1,1,0,0,0
488,0.488,1.0,-0.824130879345603,0,-1,0,-1,0
489,0.489,1.0,-0.820040899795501,0,-1,0,-1,0
490,0.49,1.0,-0.815950920245399,0,-1,0,-1,0
491,0.491,1.0,-0.811860940695297,0,-1,0,-1,0
492,0.492,1.0,-0.807770961145194,0,-1,0,-1,0
493,0.493,1.0,-0.803680981595092,0,-1,0,-1,0
494,0.494,1.0,-0.79959100204499,0,-1,0,-1,0
495,0.495,1.0,-0.795501022494888,0,-1,0,-1,0
496,0.496,1.0,-0.791411042944785,0,-1,0,-1,0
497,0.497,1.0,-0.787321063394683,0,-1,0,-1,0
498,0.498,1.0,-0.783231083844581,0,-1,0,-1,0
499,0.499,1.0,-0.779141104294478,0,-1,0,-1,0
500,0.5,1.0,-0.775051124744376,0,-1,0,-1,0
501,0.501,1.0,-0.770961145194274,0,-1,0,-1,0
502,0.502,1.0,-0.766871165644172,0,-1,0,-1,0
503,0.503,1.0,-0.76278118609407,0,-1,0,-1,0
504,0.504,1.0,-0.758691206543967,0,-1,0,-1,0
505,0.505,1.0,-0.754601226993865,0,-1,0,-1,0
506,0.506,1.0,-0.750511247443763,0,-1,0,-1,0
507,0.507,1.0,-0.746421267893661,0,-1,0,-1,0
508,0.508,1.0,-0.742331288343558,0,-1,0,-1,0
509,0.509,1.0,-0.738241308793456,0,-1,0,-1,0
510,0.51,1.0,-0.734151329243354,0,-1,0,-1,0
511,0.511,1.0,-0.730061349693252,0,-1,0,-1,0
512,0.512,1.0,-0.725971370143149,0,-1,0,-1,0
513,0.513,1.0,-0.721881390593047,0,-1,0,-1,0
514,0.514,1.0,-0.717791411042945,0,-1,0,-1,0
515,0.515,1.0,-0.713701431492842,0,-1,0,-1,0
516,0.516,1.0,-0.70961145194274,0,-1,0,-1,0
517,0.517,1.0,-0.705521472392638,0,-1,0,-1,0
518,0.518,1.0,-0.701431492842536,1,2,0,0,0
519,0.519,1.0,-0.697341513292434,0,-1,0,-1,0
520,0.52,1.0,-0.693251533742331,0,-1,0,-1,0
521,0.521,1.0,-0.689161554192229,0,-1,0,-1,0
522,0.522,1.0,-0.685071574642127,0,-1,0,-1,0
523,0.523,1.0,-0.680981595092025,0,-1,0,-1,0
524,0.524,1.0,-0.676891615541922,0,-1,0,-1,0
525,0.525,1.0,-0.67280163599182,0,-1,0,-1,0
526,0.526,1.0,-0.668711656441718,0,-1,0,-1,0
527,0.527,1.0,-0.664621676891616,0,-1,0,-1,0
528,0.528,1.0,-0.660531697341513,0,-1,0,-1,0
529,0.529,1.0,-0.656441717791411,0,-1,0,-1,0
530,0.53,1.0,-0.652351738241309,0,-1,0,-1,0
531,0.531,1.0,-0.648261758691207,0,-1,0,-1,0
532,0.532,1.0,-0.644171779141104,0,-1,0,-1,0
533,0.533,1.0,-0.640081799591002,0,-1,0,-1,0
534,0.534,1.0,-0.6359918200409,0,-1,0,-1,0
535,0.535,1.0,-0.631901840490798,0,-1,0,-1,0
536,0.536,1.0,-0.627811860940695,0,-1,0,-1,0
537,0.537,1.0,-0.623721881390593,0,-1,0,-1,0
538,0.538,1.0,-0.619631901840491,0,-1,0,-1,0
539,0.539,1.0,-0.615541922290389,0,-1,0,-1,0
540,0.54,1.0,-0.611451942740286,0,-1,0,-1,0
541,0.541,1.0,-0.607361963190184,0,-1,0,-1,0
542,0.542,1.0,-0.603271983640082,0,-1,0,-1,0
543,0.543,1.0,-0.59918200408998,0,-1,0,-1,0
544,0.544,1.0,-0.595092024539877,0,-1,0,-1,0
545,0.545,1.0,-0.591002044989775,0,-1,0,-1,0
546,0.546,1.0,-0.586912065439673,0,-1,0,-1,0
547,0.547,1.0,-0.582822085889571,0,-1,0,-1,0
548,0.548,1.0,-0.578732106339468,1,3,0,0,0
549,0.549,1.0,-0.574642126789366,0,-1,0,-1,0
550,0.55,1.0,-0.570552147239264,0,-1,0,-1,0
551,0.551,1.0,-0.566462167689162,0,-1,0,-1,0
552,0.552,1.0,-0.562372188139059,0,-1,0,-1,0
553,0.553,1.0,-0.558282208588957,0,-1,0,-1,0
554,0.554,1.0,-0.554192229038855,0,-1,0,-1,0
555,0.555,1.0,-0.550102249488753,0,-1,0,-1,0
556,0.556,1.0,-0.54601226993865,0,-1,0,-1,0
557,0.557,1.0,-0.541922290388548,0,-1,0,-1,0
558,0.558,1.0,-0.537832310838446,0,-1,0,-1,0
559,0.559,1.0,-0.533742331288344,0,-1,0,-1,0
560,0.56,1.0,-0.529652351738241,0,-1,0,-1,0
561,0.561,1.0,-0.525562372188139,0,-1,0,-1,0
562,0.562,1.0,-0.521472392638037,0,-1,0,-1,0
563,0.563,1.0,-0.517382413087935,0,-1,0,-1,0
564,0.564,1.0,-0.513292433537832,0,-1,0,-1,0
565,0.565,1.0,-0.50920245398773,0,-1,0,-1,0
566,0.566,1.0,-0.505112474437628,0,-1,0,-1,0
567,0.567,1.0,-0.501022494887525,0,-1,0,-1,0
568,0.568,1.0,-0.496932515337423,0,-1,0,-1,0
569,0.569,1.0,-0.492842535787321,0,-1,0,-1,0
570,0.57,1.0,-0.488752556237219,0,-1,0,-1,0
571,0.571,1.0,-0.484662576687117,0,-1,0,-1,0
572,0.572,1.0,-0.480572597137014,0,-1,0,-1,0
573,0.573,1.0,-0.476482617586912,0,-1,0,-1,0
574,0.574,1.0,-0.47239263803681,0,-1,0,-1,0
575,0.575,1.0,-0.468302658486708,0,-1,0,-1,0
576,0.576,1.0,-0.464212678936605,0,-1,0,-1,0
577,0.577,1.0,-0.460122699386503,0,-1,0,-1,0
578,0.578,1.0,-0.456032719836401,0,-1,0,-1,0
579,0.579,1.0,-0.451942740286299,1,4,0,0,0
580,0.58,1.0,-0.447852760736196,0,-1,0,-1,0
581,0.581,1.0,-0.443762781186094,0,-1,0,-1,0
582,0.582,1.0,-0.439672801635992,0,-1,0,-1,0
583,0.583,1.0,-0.43558282208589,0,-1,0,-1,0
584,0.584,1.0,-0.431492842535787,0,-1,0,-1,0
585,0.585,1.0,-0.427402862985685,0,-1,0,-1,0
586,0.586,1.0,-0.423312883435583,0,-1,0,-1,0
587,0.587,1.0,-0.419222903885481,0,-1,0,-1,0
588,0.588,1.0,-0.415132924335378,0,-1,0,-1,0
589,0.589,1.0,-0.411042944785276,0,-1,0,-1,0
590,0.59,1.0,-0.406952965235174,0,-1,0,-1,0
591,0.591,1.0,-0.402862985685072,0,-1,0,-1,0
592,0.592,1.0,-0.398773006134969,0,-1,0,-1,0
593,0.593,1.0,-0.394683026584867,0,-1,0,-1,0
594,0.594,1.0,-0.390593047034765,0,-1,0,-1,0
595,0.595,1.0,-0.386503067484663,0,-1,0,-1,0
596,0.596,1.0,-0.38241308793456,0,-1,0,-1,0
597,0.597,1.0,-0.378323108384458,0,-1,0,-1,0
598,0.598,1.0,-0.374233128834356,0,-1,0,-1,0
599,0.599,1.0,-0.370143149284254,0,-1,0,-1,0
600,0.6,1.0,-0.366053169734151,0,-1,0,-1,0
601,0.601,1.0,-0.361963190184049,0,-1,0,-1,0
602,0.602,1.0,-0.357873210633947,0,-1,0,-1,0
603,0.603,1.0,-0.353783231083845,0,-1,0,-1,0
604,0.604,1.0,-0.349693251533742,0,-1,0,-1,0
605,0.605,1.0,-0.34560327198364,0,-1,0,-1,0
606,0.606,1.0,-0.341513292433538,0,-1,0,-1,0
607,0.607,1.0,-0.337423312883436,0,-1,0,-1,0
608,0.608,1.0,-0.333333333333333,0,-1,0,-1,0
609,0.609,1.0,-0.329243353783231,0,-1,0,-1,0
610,0.61,1.0,-0.325153374233129,1,5,0,0,0
611,0.611,1.0,-0.321063394683027,0,-1,0,-1,0
612,0.612,1.0,-0.316973415132924,0,-1,0,-1,0
613,0.613,1.0,-0.312883435582822,0,-1,0,-1,0
614,0.614,1.0,-0.30879345603272,0,-1,0,-1,0
615,0.615,1.0,-0.304703476482618,0,-1,0,-1,0
616,0.616,1.0,-0.300613496932515,0,-1,0,-1,0
617,0.617,1.0,-0.296523517382413,0,-1,0,-1,0
618,0.618,1.0,-0.292433537832311,0,-1,0,-1,0
619,0.619,1.0,-0.288343558282209,0,-1,0,-1,0
620,0.62,1.0,-0.284253578732106,0,-1,0,-1,0
621,0.621,1.0,-0.280163599182004,0,-1,0,-1,0
622,0.622,1.0,-0.276073619631902,0,-1,0,-1,0
623,0.623,1.0,-0.2719836400818,0,-1,0,-1,0
624,0.624,1.0,-0.267893660531697,0,-1,0,-1,0
625,0.625,1.0,-0.263803680981595,0,-1,0,-1,0
626,0.626,1.0,-0.259713701431493,0,-1,0,-1,0
627,0.627,1.0,-0.255623721881391,0,-1,0,-1,0
628,0.628,1.0,-0.251533742331288,0,-1,0,-1,0
629,0.629,1.0,-0.247443762781186,0,-1,0,-1,0
630,0.63,1.0,-0.243353783231084,0,-1,0,-1,0
631,0.631,1.0,-0.239263803680982,0,-1,0,-1,0
632,0.632,1.0,-0.235173824130879,0,-1,0,-1,0
633,0.633,1.0,-0.231083844580777,0,-1,0,-1,0
634,0.634,1.0,-0.226993865030675,0,-1,0,-1,0
635,0.635,1.0,-0.222903885480573,0,-1,0,-1,0
636,0.636,1.0,-0.21881390593047,0,-1,0,-1,0
637,0.637,1.0,-0.214723926380368,0,-1,0,-1,0
638,0.638,1.0,-0.210633946830266,0,-1,0,-1,0
639,0.639,1.0,-0.206543967280164,0,-1,0,-1,0
640,0.64,1.0,-0.202453987730061,0,-1,0,-1,0
641,0.641,1.0,-0.198364008179959,1,6,0,0,0
642,0.642,1.0,-0.194274028629857,0,-1,0,-1,0
643,0.643,1.0,-0.190184049079755,0,-1,0,-1,0
644,0.644,1.0,-0.186094069529652,0,-1,0,-1,0
645,0.645,1.0,-0.18200408997955,0,-1,0,-1,0
646,0.646,1.0,-0.177914110429448,0,-1,0,-1,0
647,0.647,1.0,-0.173824130879346,0,-1,0,-1,0
648,0.648,1.0,-0.169734151329243,0,-1,0,-1,0
649,0.649,1.0,-0.165644171779141,0,-1,0,-1,0
650,0.65,1.0,-0.161554192229039,0,-1,0,-1,0
651,0.651,1.0,-0.157464212678937,0,-1,0,-1,0
652,0.652,1.0,-0.153374233128834,0,-1,0,-1,0
653,0.653,1.0,-0.149284253578732,0,-1,0,-1,0
654,0.654,1.0,-0.14519427402863,0,-1,0,-1,0
655,0.655,1.0,-0.141104294478528,0,-1,0,-1,0
656,0.656,1.0,-0.137014314928425,0,-1,0,-1,0
657,0.657,1.0,-0.132924335378323,0,-1,0,-1,0
658,0.658,1.0,-0.128834355828221,0,-1,0,-1,0
659,0.659,1.0,-0.124744376278119,0,-1,0,-1,0
660,0.66,1.0,-0.120654396728016,0,-1,0,-1,0
661,0.661,1.0,-0.116564417177914,0,-1,0,-1,0
662,0.662,1.0,-0.112474437627812,0,-1,0,-1,0
663,0.663,1.0,-0.10838445807771,0,-1,0,-1,0
664,0.664,1.0,-0.104294478527607,0,-1,0,-1,0
665,0.665,1.0,-0.100204498977505,0,-1,0,-1,0
666,0.666,1.0,-0.0961145194274029,0,-1,0,-1,0
667,0.667,1.0,-0.0920245398773006,0,-1,0,-1,0
668,0.668,1.0,-0.0879345603271984,0,-1,0,-1,0
669,0.669,1.0,-0.0838445807770961,0,-1,0,-1,0
670,0.67,1.0,-0.0797546012269938,0,-1,0,-1,0
671,0.671,1.0,-0.0756646216768916,0,-1,0,-1,0
672,0.672,1.0,-0.0715746421267893,1,7,0,0,0
673,0.673,1.0,-0.0674846625766872,0,-1,0,-1,0
674,0.674,1.0,-0.0633946830265849,0,-1,0,-1,0
675,0.675,1.0,-0.0593047034764826,0,-1,0,-1,0
676,0.676,1.0,-0.0552147239263804,0,-1,0,-1,0
677,0.677,1.0,-0.0511247443762781,0,-1,0,-1,0
678,0.678,1.0,-0.0470347648261759,0,-1,0,-1,0
679,0.679,1.0,-0.0429447852760736,0,-1,0,-1,0
680,0.68,1.0,-0.0388548057259713,0,-1,0,-1,0
681,0.681,1.0,-0.0347648261758691,0,-1,0,-1,0
682,0.682,1.0,-0.0306748466257669,0,-1,0,-1,0
683,0.683,1.0,-0.0265848670756647,0,-1,0,-1,0
684,0.684,1.0,-0.0224948875255624,0,-1,0,-1,0
685,0.685,1.0,-0.0184049079754601,0,-1,0,-1,0
686,0.686,1.0,-0.0143149284253579,0,-1,0,-1,0
687,0.687,1.0,-0.0102249488752556,0,-1,0,-1,0
688,0.688,1.0,-0.0061349693251533,0,-1,0,-1,0
689,0.689,1.0,-0.002044989775051,0,-1,0,-1,0
690,0.69,1.0,0.0020449897750511,0,-1,0,-1,0
691,0.691,1.0,0.0061349693251533,0,-1,0,-1,0
692,0.692,1.0,0.0102249488752557,0,-1,0,-1,0
693,0.693,1.0,0.0143149284253579,0,-1,0,-1,0
694,0.694,1.0,0.01840490797546,0,-1,0,-1,0
695,0.695,1.0,0.0224948875255624,0,-1,0,-1,0
696,0.696,1.0,0.0265848670756645,0,-1,0,-1,0
697,0.697,1.0,0.0306748466257669,0,-1,0,-1,0
698,0.698,1.0,0.0347648261758691,0,-1,0,-1,0
699,0.699,1.0,0.0388548057259714,0,-1,0,-1,0
700,0.7,1.0,0.0429447852760736,0,-1,0,-1,0
701,0.701,1.0,0.047034764826176,0,-1,0,-1,0
702,0.702,1.0,0.0511247443762781,1,8,0,0,0
703,0.703,1.0,0.0552147239263803,0,-1,0,-1,0
704,0.704,1.0,0.0593047034764826,0,-1,0,-1,0
705,0.705,1.0,0.0633946830265848,0,-1,0,-1,0
706,0.706,1.0,0.0674846625766872,0,-1,0,-1,0
707,0.707,1.0,0.0715746421267893,0,-1,0,-1,0
708,0.708,1.0,0.0756646216768917,0,-1,0,-1,0
709,0.709,1.0,0.0797546012269938,0,-1,0,-1,0
710,0.71,1.0,0.0838445807770962,0,-1,0,-1,0
711,0.711,1.0,0.0879345603271984,0,-1,0,-1,0
712,0.712,1.0,0.0920245398773005,0,-1,0,-1,0
713,0.713,1.0,0.0961145194274029,0,-1,0,-1,0
714,0.714,1.0,0.100204498977505,0,-1,0,-1,0
715,0.715,1.0,0.104294478527607,0,-1,0,-1,0
716,0.716,1.0,0.10838445807771,0,-1,0,-1,0
717,0.717,1.0,0.112474437627812,0,-1,0,-1,0
718,0.718,1.0,0.116564417177914,0,-1,0,-1,0
719,0.719,1.0,0.120654396728016,0,-1,0,-1,0
720,0.72,1.0,0.124744376278119,0,-1,0,-1,0
721,0.721,1.0,0.128834355828221,0,-1,0,-1,0
722,0.722,1.0,0.132924335378323,0,-1,0,-1,0
723,0.723,1.0,0.137014314928425,0,-1,0,-1,0
724,0.724,1.0,0.141104294478528,0,-1,0,-1,0
725,0.725,1.0,0.14519427402863,0,-1,0,-1,0
726,0.726,1.0,0.149284253578732,0,-1,0,-1,0
727,0.727,1.0,0.153374233128834,0,-1,0,-1,0
728,0.728,1.0,0.157464212678937,0,-1,0,-1,0
729,0.729,1.0,0.161554192229039,0,-1,0,-1,0
730,0.73,1.0,0.165644171779141,0,-1,0,-1,0
731,0.731,1.0,0.169734151329243,0,-1,0,-1,0
732,0.732,1.0,0.173824130879346,0,-1,0,-1,0
733,0.733,1.0,0.177914110429448,1,9,0,0,0
734,0.734,1.0,0.18200408997955,0,-1,0,-1,0
735,0.735,1.0,0.186094069529652,0,-1,0,-1,0
736,0.736,1.0,0.190184049079755,0,-1,0,-1,0
737,0.737,1.0,0.194274028629857,0,-1,0,-1,0
738,0.738,1.0,0.198364008179959,0,-1,0,-1,0
739,0.739,1.0,0.202453987730061,0,-1,0,-1,0
740,0.74,1.0,0.206543967280164,0,-1,0,-1,0
741,0.741,1.0,0.210633946830266,0,-1,0,-1,0
742,0.742,1.0,0.214723926380368,0,-1,0,-1,0
743,0.743,1.0,0.21881390593047,0,-1,0,-1,0
744,0.744,1.0,0.222903885480572,0,-1,0,-1,0
745,0.745,1.0,0.226993865030675,0,-1,0,-1,0
746,0.746,1.0,0.231083844580777,0,-1,0,-1,0
747,0.747,1.0,0.235173824130879,0,-1,0,-1,0
748,0.748,1.0,0.239263803680982,0,-1,0,-1,0
749,0.749,1.0,0.243353783231084,0,-1,0,-1,0
750,0.75,1.0,0.247443762781186,0,-1,0,-1,0
751,0.751,1.0,0.251533742331288,0,-1,0,-1,0
752,0.752,1.0,0.255623721881391,0,-1,0,-1,0
753,0.753,1.0,0.259713701431493,0,-1,0,-1,0
754,0.754,1.0,0.263803680981595,0,-1,0,-1,0
755,0.755,1.0,0.267893660531697,0,-1,0,-1,0
756,0.756,1.0,0.2719836400818,0,-1,0,-1,0
757,0.757,1.0,0.276073619631902,0,-1,0,-1,0
758,0.758,1.0,0.280163599182004,0,-1,0,-1,0
759,0.759,1.0,0.284253578732106,0,-1,0,-1,0
760,0.76,1.0,0.288343558282208,0,-1,0,-1,0
761,0.761,1.0,0.292433537832311,0,-1,0,-1,0
762,0.762,1.0,0.296523517382413,0,-1,0,-1,0
763,0.763,1.0,0.300613496932515,0,-1,0,-1,0
764,0.764,1.0,0.304703476482618,1,10,0,0,0
765,0.765,1.0,0.30879345603272,0,-1,0,-1,0
766,0.766,1.0,0.312883435582822,0,-1,0,-1,0
767,0.767,1.0,0.316973415132924,0,-1,0,-1,0
768,0.768,1.0,0.321063394683027,0,-1,0,-1,0
769,0.769,1.0,0.325153374233129,0,-1,0,-1,0
770,0.77,1.0,0.329243353783231,0,-1,0,-1,0
771,0.771,1.0,0.333333333333333,0,-1,0,-1,0
772,0.772,1.0,0.337423312883436,0,-1,0,-1,0
773,0.773,1.0,0.341513292433538,0,-1,0,-1,0
774,0.774,1.0,0.34560327198364,0,-1,0,-1,0
775,0.775,1.0,0.349693251533742,0,-1,0,-1,0
776,0.776,1.0,0.353783231083845,0,-1,0,-1,0
777,0.777,1.0,0.357873210633947,0,-1,0,-1,0
778,0.778,1.0,0.361963190184049,0,-1,0,-1,0
779,0.779,1.0,0.366053169734151,0,-1,0,-1,0
780,0.78,1.0,0.370143149284254,0,-1,0,-1,0
781,0.781,1.0,0.374233128834356,0,-1,0,-1,0
782,0.782,1.0,0.378323108384458,0,-1,0,-1,0
783,0.783,1.0,0.38241308793456,0,-1,0,-1,0
784,0.784,1.0,0.386503067484663,0,-1,0,-1,0
785,0.785,1.0,0.390593047034765,0,-1,0,-1,0
786,0.786,1.0,0.394683026584867,0,-1,0,-1,0
787,0.787,1.0,0.398773006134969,0,-1,0,-1,0
788,0.788,1.0,0.402862985685072,0,-1,0,-1,0
789,0.789,1.0,0.406952965235174,0,-1,0,-1,0
790,0.79,1.0,0.411042944785276,0,-1,0,-1,0
791,0.791,1.0,0.415132924335378,0,-1,0,-1,0
792,0.792,1.0,0.419222903885481,0,-1,0,-1,0
793,0.793,1.0,0.423312883435583,0,-1,0,-1,0
794,0.794,1.0,0.427402862985685,0,-1,0,-1,0
795,0.795,1.0,0.431492842535787,1,11,0,0,0
796,0.796,1.0,0.43558282208589,0,-1,0,-1,0
797,0.797,1.0,0.439672801635992,0,-1,0,-1,0
798,0.798,1.0,0.443762781186094,0,-1,0,-1,0
799,0.799,1.0,0.447852760736196,0,-1,0,-1,0
800,0.8,1.0,0.451942740286299,0,-1,0,-1,0
801,0.801,1.0,0.456032719836401,0,-1,0,-1,0
802,0.802,1.0,0.460122699386503,0,-1,0,-1,0
803,0.803,1.0,0.464212678936605,0,-1,0,-1,0
804,0.804,1.0,0.468302658486708,0,-1,0,-1,0
805,0.805,1.0,0.47239263803681,0,-1,0,-1,0
806,0.806,1.0,0.476482617586912,0,-1,0,-1,0
807,0.807,1.0,0.480572597137014,0,-1,0,-1,0
808,0.808,1.0,0.484662576687117,0,-1,0,-1,0
809,0.809,1.0,0.488752556237219,0,-1,0,-1,0
810,0.81,1.0,0.492842535787321,0,-1,0,-1,0
811,0.811,1.0,0.496932515337423,0,-1,0,-1,0
812,0.812,1.0,0.501022494887525,0,-1,0,-1,0
813,0.813,1.0,0.505112474437628,0,-1,0,-1,0
814,0.814,1.0,0.50920245398773,0,-1,0,-1,0
815,0.815,1.0,0.513292433537832,0,-1,0,-1,0
816,0.816,1.0,0.517382413087935,0,-1,0,-1,0
817,0.817,1.0,0.521472392638037,0,-1,0,-1,0
818,0.818,1.0,0.525562372188139,0,-1,0,-1,0
819,0.819,1.0,0.529652351738241,0,-1,0,-1,0
820,0.82,1.0,0.533742331288344,0,-1,0,-1,0
821,0.821,1.0,0.537832310838446,0,-1,0,-1,0
822,0.822,1.0,0.541922290388548,0,-1,0,-1,0
823,0.823,1.0,0.54601226993865,0,-1,0,-1,0
824,0.824,1.0,0.550102249488753,0,-1,0,-1,0
825,0.825,1.0,0.554192229038855,0,-1,0,-1,0
826,0.826,1.0,0.558282208588957,1,12,0,0,0
827,0.827,1.0,0.562372188139059,0,-1,0,-1,0
828,0.828,1.0,0.566462167689161,0,-1,0,-1,0
829,0.829,1.0,0.570552147239264,0,-1,0,-1,0
830,0.83,1.0,0.574642126789366,0,-1,0,-1,0
831,0.831,1.0,0.578732106339468,0,-1,0,-1,0
832,0.832,1.0,0.582822085889571,0,-1,0,-1,0
833,0.833,1.0,0.586912065439673,0,-1,0,-1,0
834,0.834,1.0,0.591002044989775,0,-1,0,-1,0
835,0.835,1.0,0.595092024539877,0,-1,0,-1,0
836,0.836,1.0,0.59918200408998,0,-1,0,-1,0
837,0.837,1.0,0.603271983640082,0,-1,0,-1,0
838,0.838,1.0,0.607361963190184,0,-1,0,-1,0
839,0.839,1.0,0.611451942740286,0,-1,0,-1,0
840,0.84,1.0,0.615541922290389,0,-1,0,-1,0
841,0.841,1.0,0.619631901840491,0,-1,0,-1,0
842,0.842,1.0,0.623721881390593,0,-1,0,-1,0
843,0.843,1.0,0.627811860940695,0,-1,0,-1,0
844,0.844,1.0,0.631901840490797,0,-1,0,-1,0
845,0.845,1.0,0.6359918200409,0,-1,0,-1,0
846,0.846,1.0,0.640081799591002,0,-1,0,-1,0
847,0.847,1.0,0.644171779141104,0,-1,0,-1,0
848,0.848,1.0,0.648261758691207,0,-1,0,-1,0
849,0.849,1.0,0.652351738241309,0,-1,0,-1,0
850,0.85,1.0,0.656441717791411,0,-1,0,-1,0
851,0.851,1.0,0.660531697341513,0,-1,0,-1,0
852,0.852,1.0,0.664621676891616,0,-1,0,-1,0
853,0.853,1.0,0.668711656441718,0,-1,0,-1,0
854,0.854,1.0,0.67280163599182,0,-1,0,-1,0
855,0.855,1.0,0.676891615541922,0,-1,0,-1,0
856,0.856,1.0,0.680981595092025,1,13,0,0,0
857,0.857,1.0,0.685071574642127,0,-1,0,-1,0
858,0.858,1.0,0.689161554192229,0,-1,0,-1,0
859,0.859,1.0,0.693251533742331,0,-1,0,-1,0
860,0.86,1.0,0.697341513292433,0,-1,0,-1,0
861,0.861,1.0,0.701431492842536,0,-1,0,-1,0
862,0.862,1.0,0.705521472392638,0,-1,0,-1,0
863,0.863,1.0,0.70961145194274,0,-1,0,-1,0
864,0.864,1.0,0.713701431492842,0,-1,0,-1,0
865,0.865,1.0,0.717791411042945,0,-1,0,-1,0
866,0.866,1.0,0.721881390593047,0,-1,0,-1,0
867,0.867,1.0,0.725971370143149,0,-1,0,-1,0
868,0.868,1.0,0.730061349693252,0,-1,0,-1,0
869,0.869,1.0,0.734151329243354,0,-1,0,-1,0
870,0.87,1.0,0.738241308793456,0,-1,0,-1,0
871,0.871,1.0,0.742331288343558,0,-1,0,-1,0
872,0.872,1.0,0.746421267893661,0,-1,0,-1,0
873,0.873,1.0,0.750511247443763,0,-1,0,-1,0
874,0.874,1.0,0.754601226993865,0,-1,0,-1,0
875,0.875,1.0,0.758691206543967,0,-1,0,-1,0
876,0.876,1.0,0.762781186094069,0,-1,0,-1,0
877,0.877,1.0,0.766871165644172,0,-1,0,-1,0
878,0.878,1.0,0.770961145194274,0,-1,0,-1,0
879,0.879,1.0,0.775051124744376,0,-1,0,-1,0
880,0.88,1.0,0.779141104294478,0,-1,0,-1,0
881,0.881,1.0,0.783231083844581,0,-1,0,-1,0
882,0.882,1.0,0.787321063394683,0,-1,0,-1,0
883,0.883,1.0,0.791411042944785,0,-1,0,-1,0
884,0.884,1.0,0.795501022494888,0,-1,0,-1,0
885,0.885,1.0,0.79959100204499,0,-1,0,-1,0
886,0.886,1.0,0.803680981595092,0,-1,0,-1,0
887,0.887,1.0,0.807770961145194,1,14,0,0,0
888,0.888,1.0,0.811860940695297,0,-1,0,-1,0
889,0.889,1.0,0.815950920245399,0,-1,0,-1,0
890,0.89,1.0,0.820040899795501,0,-1,0,-1,0
891,0.891,1.0,0.824130879345603,0,-1,0,-1,0
892,0.892,1.0,0.828220858895706,0,-1,0,-1,0
893,0.893,1.0,0.832310838445808,0,-1,0,-1,0
894,0.894,1.0,0.83640081799591,0,-1,0,-1,0
895,0.895,1.0,0.840490797546012,0,-1,0,-1,0
896,0.896,1.0,0.844580777096114,0,-1,0,-1,0
897,0.897,1.0,0.848670756646217,0,-1,0,-1,0
898,0.898,1.0,0.852760736196319,0,-1,0,-1,0
899,0.899,1.0,0.856850715746421,0,-1,0,-1,0
900,0.9,1.0,0.860940695296524,0,-1,0,-1,0
901,0.901,1.0,0.865030674846626,0,-1,0,-1,0
902,0.902,1.0,0.869120654396728,0,-1,0,-1,0
903,0.903,1.0,0.87321063394683,0,-1,0,-1,0
904,0.904,1.0,0.877300613496933,0,-1,0,-1,0
905,0.905,1.0,0.881390593047035,0,-1,0,-1,0
906,0.906,1.0,0.885480572597137,0,-1,0,-1,0
907,0.907,1.0,0.889570552147239,0,-1,0,-1,0
908,0.908,1.0,0.893660531697342,0,-1,0,-1,0
909,0.909,1.0,0.897750511247444,0,-1,0,-1,0
910,0.91,1.0,0.901840490797546,0,-1,0,-1,0
911,0.911,1.0,0.905930470347648,0,-1,0,-1,0
912,0.912,1.0,0.91002044989775,0,-1,0,-1,0
913,0.913,1.0,0.914110429447853,0,-1,0,-1,0
914,0.914,1.0,0.918200408997955,0,-1,0,-1,0
915,0.915,1.0,0.922290388548057,0,-1,0,-1,0
916,0.916,1.0,0.926380368098159,0,-1,0,-1,0
917,0.917,1.0,0.930470347648262,0,-1,0,-1,0
918,0.918,1.0,0.934560327198364,1,15,0,0,0
919,0.919,1.0,0.938650306748466,0,-1,0,-1,0
920,0.92,1.0,0.942740286298569,0,-1,0,-1,0
921,0.921,1.0,0.946830265848671,0,-1,0,-1,0
922,0.922,1.0,0.950920245398773,0,-1,0,-1,0
923,0.923,0.995555555555556,0.955010224948875,0,-1,0,-1,0
924,0.924,0.995555555555556,0.959100204498978,0,-1,0,-1,0
925,0.925,0.995555555555556,0.96319018404908,0,-1,0,-1,0
926,0.926,0.991111111111111,0.967280163599182,0,-1,0,-1,0
927,0.927,0.991111111111111,0.971370143149284,0,-1,0,-1,0
928,0.928,0.986666666666667,0.975460122699386,0,-1,0,-1,0
929,0.929,0.982222222222222,0.979550102249489,0,-1,0,-1,0
930,0.93,0.977777777777778,0.983640081799591,0,-1,0,-1,0
931,0.931,0.973333333333333,0.987730061349693,0,-1,0,-1,0
932,0.932,0.968888888888889,0.991820040899795,0,-1,0,-1,0
933,0.933,0.964444444444444,0.991820040899795,0,-1,0,-1,0
934,0.934,0.96,0.995910020449898,0,-1,0,-1,0
935,0.935,0.955555555555555,0.995910020449898,0,-1,0,-1,0
936,0.936,0.951111111111111,0.995910020449898,0,-1,0,-1,0
937,0.937,0.946666666666667,1.0,0,-1,0,-1,0
938,0.938,0.942222222222222,1.0,0,-1,0,-1,0
939,0.939,0.937777777777778,1.0,0,-1,0,-1,0
940,0.94,0.933333333333333,1.0,0,-1,0,-1,0
941,0.941,0.928888888888889,1.0,0,-1,0,-1,0
942,0.942,0.924444444444444,1.0,0,-1,0,-1,0
943,0.943,0.92,1.0,0,-1,0,-1,0
944,0.944,0.915555555555555,0.995910020449898,0,-1,0,-1,0
945,0.945,0.911111111111111,0.995910020449898,0,-1,0,-1,0
946,0.946,0.906666666666667,0.995910020449898,0,-1,0,-1,0
947,0.947,0.902222222222222,0.991820040899795,0,-1,0,-1,0
948,0.948,0.897777777777778,0.991820040899795,0,-1,0,-1,0
949,0.949,0.893333333333333,0.987730061349693,0,-1,0,-1,0
950,0.95,0.888888888888889,0.983640081799591,0,-1,0,-1,0
951,0.951,0.884444444444444,0.979550102249489,0,-1,0,-1,0
952,0.952,0.88,0.975460122699386,0,-1,0,-1,0
953,0.953,0.875555555555556,0.971370143149284,0,-1,0,-1,0
954,0.954,0.875555555555556,0.967280163599182,0,-1,0,-1,0
955,0.955,0.871111111111111,0.96319018404908,0,-1,0,-1,0
956,0.956,0.871111111111111,0.959100204498978,0,-1,0,-1,0
957,0.957,0.871111111111111,0.955010224948875,0,-1,0,-1,0
958,0.958,0.866666666666667,0.950920245398773,0,-1,0,-1,0
959,0.959,0.866666666666667,0.946830265848671,0,-1,0,-1,0
960,0.96,0.866666666666667,0.942740286298569,0,-1,0,-1,0
961,0.961,0.866666666666667,0.938650306748466,0,-1,0,-1,0
962,0.962,0.866666666666667,0.934560327198364,1,16,1,1,0
963,0.963,0.866666666666667,0.930470347648262,0,-1,0,-1,0
964,0.964,0.866666666666667,0.926380368098159,0,-1,0,-1,0
965,0.965,0.866666666666667,0.922290388548057,0,-1,0,-1,0
966,0.966,0.866666666666667,0.918200408997955,0,-1,0,-1,0
967,0.967,0.866666666666667,0.914110429447853,0,-1,0,-1,0
968,0.968,0.866666666666667,0.91002044989775,0,-1,0,-1,0
969,0.969,0.866666666666667,0.905930470347648,0,-1,0,-1,0
970,0.97,0.866666666666667,0.901840490797546,0,-1,0,-1,0
971,0.971,0.866666666666667,0.897750511247444,0,-1,0,-1,0
972,0.972,0.866666666666667,0.893660531697342,0,-1,0,-1,0
973,0.973,0.866666666666667,0.889570552147239,0,-1,0,-1,0
974,0.974,0.866666666666667,0.885480572597137,0,-1,0,-1,0
975,0.975,0.866666666666667,0.881390593047035,0,-1,0,-1,0
976,0.976,0.866666666666667,0.877300613496933,0,-1,0,-1,0
977,0.977,0.866666666666667,0.87321063394683,0,-1,0,-1,0
978,0.978,0.866666666666667,0.869120654396728,0,-1,0,-1,0
979,0.979,0.866666666666667,0.865030674846626,0,-1,0,-1,0
980,0.98,0.866666666666667,0.860940695296524,0,-1,0,-1,0
981,0.981,0.866666666666667,0.856850715746421,0,-1,0,-1,0
982,0.982,0.866666666666667,0.852760736196319,0,-1,0,-1,0
983,0.983,0.866666666666667,0.848670756646217,0,-1,0,-1,0
984,0.984,0.866666666666667,0.844580777096114,0,-1,0,-1,0
985,0.985,0.866666666666667,0.840490797546012,0,-1,0,-1,0
986,0.986,0.866666666666667,0.83640081799591,0,-1,0,-1,0
987,0.987,0.866666666666667,0.832310838445808,0,-1,0,-1,0
988,0.988,0.866666666666667,0.828220858895706,0,-1,0,-1,0
989,0.989,0.866666666666667,0.824130879345603,0,-1,0,-1,0
990,0.99,0.866666666666667,0.820040899795501,0,-1,0,-1,0
991,0.991,0.866666666666667,0.815950920245399,0,-1,0,-1,0
992,0.992,0.866666666666667,0.811860940695297,1,17,0,1,0
993,0.993,0.866666666666667,0.807770961145194,0,-1,0,-1,0
994,0.994,0.866666666666667,0.803680981595092,0,-1,0,-1,0
995,0.995,0.866666666666667,0.79959100204499,0,-1,0,-1,0
996,0.996,0.866666666666667,0.795501022494888,0,-1,0,-1,0
997,0.997,0.866666666666667,0.791411042944785,0,-1,0,-1,0
998,0.998,0.866666666666667,0.787321063394683,0,-1,0,-1,0
999,0.999,0.866666666666667,0.783231083844581,0,-1,0,-1,0
1000,1.0,0.866666666666667,0.779141104294478,0,-1,0,-1,0
1001,1.001,0.866666666666667,0.775051124744376,0,-1,0,-1,0
1002,1.002,0.866666666666667,0.770961145194274,0,-1,0,-1,0
1003,1.003,0.866666666666667,0.766871165644172,0,-1,0,-1,0
1004,1.004,0.866666666666667,0.762781186094069,0,-1,0,-1,0
1005,1.005,0.866666666666667,0.758691206543967,0,-1,0,-1,0
1006,1.006,0.866666666666667,0.754601226993865,0,-1,0,-1,0
1007,1.007,0.866666666666667,0.750511247443763,0,-1,0,-1,0
1008,1.008,0.866666666666667,0.746421267893661,0,-1,0,-1,0
1009,1.009,0.866666666666667,0.742331288343558,0,-1,0,-1,0
1010,1.01,0.866666666666667,0.738241308793456,0,-1,0,-1,0
1011,1.011,0.866666666666667,0.734151329243354,0,-1,0,-1,0
1012,1.012,0.866666666666667,0.730061349693252,0,-1,0,-1,0
1013,1.013,0.866666666666667,0.725971370143149,0,-1,0,-1,0
1014,1.014,0.866666666666667,0.721881390593047,0,-1,0,-1,0
1015,1.015,0.866666666666667,0.717791411042945,0,-1,0,-1,0
1016,1.016,0.866666666666667,0.713701431492842,0,-1,0,-1,0
1017,1.017,0.866666666666667,0.70961145194274,0,-1,0,-1,0
1018,1.018,0.866666666666667,0.705521472392638,0,-1,0,-1,0
1019,1.019,0.866666666666667,0.701431492842536,0,-1,0,-1,0
1020,1.02,0.866666666666667,0.697341513292433,0,-1,0,-1,0
1021,1.021,0.866666666666667,0.693251533742331,0,-1,0,-1,0
1022,1.022,0.866666666666667,0.689161554192229,1,18,0,1,0
1023,1.023,0.866666666666667,0.685071574642127,0,-1,0,-1,0
1024,1.024,0.866666666666667,0.680981595092025,0,-1,0,-1,0
1025,1.025,0.866666666666667,0.676891615541922,0,-1,0,-1,0
1026,1.026,0.866666666666667,0.67280163599182,0,-1,0,-1,0
1027,1.027,0.866666666666667,0.668711656441718,0,-1,0,-1,0
1028,1.028,0.866666666666667,0.664621676891616,0,-1,0,-1,0
1029,1.029,0.866666666666667,0.660531697341513,0,-1,0,-1,0
1030,1.03,0.866666666666667,0.656441717791411,0,-1,0,-1,0
1031,1.031,0.866666666666667,0.652351738241309,0,-1,0,-1,0
1032,1.032,0.866666666666667,0.648261758691207,0,-1,0,-1,0
1033,1.033,0.866666666666667,0.644171779141104,0,-1,0,-1,0
1034,1.034,0.866666666666667,0.640081799591002,0,-1,0,-1,0
1035,1.035,0.866666666666667,0.6359918200409,0,-1,0,-1,0
1036,1.036,0.866666666666667,0.631901840490797,0,-1,0,-1,0
1037,1.037,0.866666666666667,0.627811860940695,0,-1,0,-1,0
1038,1.038,0.866666666666667,0.623721881390593,0,-1,0,-1,0
1039,1.039,0.866666666666667,0.619631901840491,0,-1,0,-1,0
1040,1.04,0.866666666666667,0.615541922290389,0,-1,0,-1,0
1041,1.041,0.866666666666667,0.611451942740286,0,-1,0,-1,0
1042,1.042,0.866666666666667,0.607361963190184,0,-1,0,-1,0
1043,1.043,0.866666666666667,0.603271983640082,0,-1,0,-1,0
1044,1.044,0.866666666666667,0.59918200408998,0,-1,0,-1,0
1045,1.045,0.866666666666667,0.595092024539877,0,-1,0,-1,0
1046,1.046,0.866666666666667,0.591002044989775,0,-1,0,-1,0
1047,1.047,0.866666666666667,0.586912065439673,0,-1,0,-1,0
1048,1.048,0.866666666666667,0.582822085889571,0,-1,0,-1,0
1049,1.049,0.866666666666667,0.578732106339468,0,-1,0,-1,0
1050,1.05,0.866666666666667,0.574642126789366,0,-1,0,-1,0
1051,1.051,0.866666666666667,0.570552147239264,0,-1,0,-1,0
1052,1.052,0.866666666666667,0.566462167689161,1,19,0,1,0
1053,1.053,0.866666666666667,0.562372188139059,0,-1,0,-1,0
1054,1.054,0.866666666666667,0.558282208588957,0,-1,0,-1,0
1055,1.055,0.866666666666667,0.554192229038855,0,-1,0,-1,0
1056,1.056,0.866666666666667,0.550102249488753,0,-1,0,-1,0
1057,1.057,0.866666666666667,0.54601226993865,0,-1,0,-1,0
1058,1.058,0.866666666666667,0.541922290388548,0,-1,0,-1,0
1059,1.059,0.866666666666667,0.537832310838446,0,-1,0,-1,0
1060,1.06,0.866666666666667,0.533742331288344,0,-1,0,-1,0
1061,1.061,0.866666666666667,0.529652351738241,0,-1,0,-1,0
1062,1.062,0.866666666666667,0.525562372188139,0,-1,0,-1,0
1063,1.063,0.866666666666667,0.521472392638037,0,-1,0,-1,0
1064,1.064,0.866666666666667,0.517382413087935,0,-1,0,-1,0
1065,1.065,0.866666666666667,0.513292433537832,0,-1,0,-1,0
1066,1.066,0.866666666666667,0.50920245398773,0,-1,0,-1,0
1067,1.067,0.866666666666667,0.505112474437628,0,-1,0,-1,0
1068,1.068,0.866666666666667,0.501022494887525,0,-1,0,-1,0
1069,1.069,0.866666666666667,0.496932515337423,0,-1,0,-1,0
1070,1.07,0.866666666666667,0.492842535787321,0,-1,0,-1,0
1071,1.071,0.866666666666667,0.488752556237219,0,-1,0,-1,0
1072,1.072,0.866666666666667,0.484662576687117,0,-1,0,-1,0
1073,1.073,0.866666666666667,0.480572597137014,0,-1,0,-1,0
1074,1.074,0.866666666666667,0.476482617586912,0,-1,0,-1,0
1075,1.075,0.866666666666667,0.47239263803681,0,-1,0,-1,0
1076,1.076,0.866666666666667,0.468302658486708,0,-1,0,-1,0
1077,1.077,0.866666666666667,0.464212678936605,0,-1,0,-1,0
1078,1.078,0.866666666666667,0.460122699386503,0,-1,0,-1,0
1079,1.079,0.866666666666667,0.456032719836401,0,-1,0,-1,0
1080,1.08,0.866666666666667,0.451942740286299,0,-1,0,-1,0
1081,1.081,0.866666666666667,0.447852760736196,0,-1,0,-1,0
1082,1.082,0.866666666666667,0.443762781186094,1,20,0,1,0
1083,1.083,0.866666666666667,0.439672801635992,0,-1,0,-1,0
1084,1.084,0.866666666666667,0.43558282208589,0,-1,0,-1,0
1085,1.085,0.866666666666667,0.431492842535787,0,-1,0,-1,0
1086,1.086,0.866666666666667,0.427402862985685,0,-1,0,-1,0
1087,1.087,0.866666666666667,0.423312883435583,0,-1,0,-1,0
1088,1.088,0.866666666666667,0.419222903885481,0,-1,0,-1,0
1089,1.089,0.866666666666667,0.415132924335378,0,-1,0,-1,0
1090,1.09,0.866666666666667,0.411042944785276,0,-1,0,-1,0
1091,1.091,0.866666666666667,0.406952965235174,0,-1,0,-1,0
1092,1.092,0.866666666666667,0.402862985685072,0,-1,0,-1,0
1093,1.093,0.866666666666667,0.398773006134969,0,-1,0,-1,0
1094,1.094,0.866666666666667,0.394683026584867,0,-1,0,-1,0
1095,1.095,0.866666666666667,0.390593047034765,0,-1,0,-1,0
1096,1.096,0.866666666666667,0.386503067484663,0,-1,0,-1,0
1097,1.097,0.866666666666667,0.38241308793456,0,-1,0,-1,0
1098,1.098,0.866666666666667,0.378323108384458,0,-1,0,-1,0
1099,1.099,0.866666666666667,0.374233128834356,0,-1,0,-1,0
1100,1.1,0.866666666666667,0.370143149284254,0,-1,0,-1,0
1101,1.101,0.866666666666667,0.366053169734151,0,-1,0,-1,0
1102,1.102,0.866666666666667,0.361963190184049,0,-1,0,-1,0
1103,1.103,0.866666666666667,0.357873210633947,0,-1,0,-1,0
1104,1.104,0.866666666666667,0.353783231083845,0,-1,0,-1,0
1105,1.105,0.866666666666667,0.349693251533742,0,-1,0,-1,0
1106,1.106,0.866666666666667,0.34560327198364,0,-1,0,-1,0
1107,1.107,0.866666666666667,0.341513292433538,0,-1,0,-1,0
1108,1.108,0.866666666666667,0.337423312883436,0,-1,0,-1,0
1109,1.109,0.866666666666667,0.333333333333333,0,-1,0,-1,0
1110,1.11,0.866666666666667,0.329243353783231,0,-1,0,-1,0
1111,1.111,0.866666666666667,0.325153374233129,0,-1,0,-1,0
1112,1.112,0.866666666666667,0.321063394683027,1,21,0,1,0
1113,1.113,0.866666666666667,0.316973415132924,0,-1,0,-1,0
1114,1.114,0.866666666666667,0.312883435582822,0,-1,0,-1,0
1115,1.115,0.866666666666667,0.30879345603272,0,-1,0,-1,0
1116,1.116,0.866666666666667,0.304703476482618,0,-1,0,-1,0
1117,1.117,0.866666666666667,0.300613496932515,0,-1,0,-1,0
1118,1.118,0.866666666666667,0.296523517382413,0,-1,0,-1,0
1119,1.119,0.866666666666667,0.292433537832311,0,-1,0,-1,0
1120,1.12,0.866666666666667,0.288343558282208,0,-1,0,-1,0
1121,1.121,0.866666666666667,0.284253578732106,0,-1,0,-1,0
1122,1.122,0.866666666666667,0.280163599182004,0,-1,0,-1,0
1123,1.123,0.866666666666667,0.276073619631902,0,-1,0,-1,0
1124,1.124,0.866666666666667,0.2719836400818,0,-1,0,-1,0
1125,1.125,0.866666666666667,0.267893660531697,0,-1,0,-1,0
1126,1.126,0.866666666666667,0.263803680981595,0,-1,0,-1,0
1127,1.127,0.866666666666667,0.259713701431493,0,-1,0,-1,0
1128,1.128,0.866666666666667,0.255623721881391,0,-1,0,-1,0
1129,1.129,0.866666666666667,0.251533742331288,0,-1,0,-1,0
1130,1.13,0.866666666666667,0.247443762781186,0,-1,0,-1,0
1131,1.131,0.866666666666667,0.243353783231084,0,-1,0,-1,0
1132,1.132,0.866666666666667,0.239263803680982,0,-1,0,-1,0
1133,1.133,0.866666666666667,0.235173824130879,0,-1,0,-1,0
1134,1.134,0.866666666666667,0.231083844580777,0,-1,0,-1,0
1135,1.135,0.866666666666667,0.226993865030675,0,-1,0,-1,0
1136,1.136,0.866666666666667,0.222903885480572,0,-1,0,-1,0
1137,1.137,0.866666666666667,0.21881390593047,0,-1,0,-1,0
1138,1.138,0.866666666666667,0.214723926380368,0,-1,0,-1,0
1139,1.139,0.866666666666667,0.210633946830266,0,-1,0,-1,0
1140,1.14,0.866666666666667,0.206543967280164,0,-1,0,-1,0
1141,1.141,0.866666666666667,0.202453987730061,0,-1,0,-1,0
1142,1.142,0.866666666666667,0.198364008179959,1,22,0,1,0
1143,1.143,0.866666666666667,0.194274028629857,0,-1,0,-1,0
1144,1.144,0.866666666666667,0.190184049079755,0,-1,0,-1,0
1145,1.145,0.866666666666667,0.186094069529652,0,-1,0,-1,0
1146,1.146,0.866666666666667,0.18200408997955,0,-1,0,-1,0
1147,1.147,0.866666666666667,0.177914110429448,0,-1,0,-1,0
1148,1.148,0.866666666666667,0.173824130879346,0,-1,0,-1,0
1149,1.149,0.866666666666667,0.169734151329243,0,-1,0,-1,0
1150,1.15,0.866666666666667,0.165644171779141,0,-1,0,-1,0
1151,1.151,0.866666666666667,0.161554192229039,0,-1,0,-1,0
1152,1.152,0.866666666666667,0.157464212678937,0,-1,0,-1,0
1153,1.153,0.866666666666667,0.153374233128834,0,-1,0,-1,0
1154,1.154,0.866666666666667,0.149284253578732,0,-1,0,-1,0
1155,1.155,0.866666666666667,0.14519427402863,0,-1,0,-1,0
1156,1.156,0.866666666666667,0.141104294478528,0,-1,0,-1,0
1157,1.157,0.866666666666667,0.137014314928425,0,-1,0,-1,0
1158,1.158,0.866666666666667,0.132924335378323,0,-1,0,-1,0
1159,1.159,0.866666666666667,0.128834355828221,0,-1,0,-1,0
1160,1.16,0.866666666666667,0.124744376278119,0,-1,0,-1,0
1161,1.161,0.866666666666667,0.120654396728016,0,-1,0,-1,0
1162,1.162,0.866666666666667,0.116564417177914,0,-1,0,-1,0
1163,1.163,0.866666666666667,0.112474437627812,0,-1,0,-1,0
1164,1.164,0.866666666666667,0.10838445807771,0,-1,0,-1,0
1165,1.165,0.866666666666667,0.104294478527607,0,-1,0,-1,0
1166,1.166,0.866666666666667,0.100204498977505,0,-1,0,-1,0
1167,1.167,0.866666666666667,0.0961145194274029,0,-1,0,-1,0
1168,1.168,0.866666666666667,0.0920245398773005,0,-1,0,-1,0
1169,1.169,0.866666666666667,0.0879345603271984,0,-1,0,-1,0
1170,1.17,0.866666666666667,0.0838445807770962,0,-1,0,-1,0
1171,1.171,0.866666666666667,0.0797546012269938,0,-1,0,-1,0
1172,1.172,0.866666666666667,0.0756646216768917,1,23,0,1,0
1173,1.173,0.866666666666667,0.0715746421267893,0,-1,0,-1,0
1174,1.174,0.866666666666667,0.0674846625766872,0,-1,0,-1,0
1175,1.175,0.866666666666667,0.0633946830265848,0,-1,0,-1,0
1176,1.176,0.866666666666667,0.0593047034764826,0,-1,0,-1,0
1177,1.177,0.866666666666667,0.0552147239263803,0,-1,0,-1,0
1178,1.178,0.866666666666667,0.0511247443762781,0,-1,0,-1,0
1179,1.179,0.866666666666667,0.047034764826176,0,-1,0,-1,0
1180,1.18,0.866666666666667,0.0429447852760736,0,-1,0,-1,0
1181,1.181,0.866666666666667,0.0388548057259714,0,-1,0,-1,0
1182,1.182,0.866666666666667,0.0347648261758691,0,-1,0,-1,0
1183,1.183,0.866666666666667,0.0306748466257669,0,-1,0,-1,0
1184,1.184,0.866666666666667,0.0265848670756645,0,-1,0,-1,0
1185,1.185,0.866666666666667,0.0224948875255624,0,-1,0,-1,0
1186,1.186,0.866666666666667,0.01840490797546,0,-1,0,-1,0
1187,1.187,0.866666666666667,0.0143149284253579,0,-1,0,-1,0
1188,1.188,0.866666666666667,0.0102249488752557,0,-1,0,-1,0
1189,1.189,0.866666666666667,0.0061349693251533,0,-1,0,-1,0
1190,1.19,0.866666666666667,0.0020449897750511,0,-1,0,-1,0
1191,1.191,0.866666666666667,-0.002044989775051,0,-1,0,-1,0
1192,1.192,0.866666666666667,-0.0061349693251533,0,-1,0,-1,0
1193,1.193,0.866666666666667,-0.0102249488752556,0,-1,0,-1,0
1194,1.194,0.866666666666667,-0.0143149284253579,0,-1,0,-1,0
1195,1.195,0.866666666666667,-0.0184049079754601,0,-1,0,-1,0
1196,1.196,0.866666666666667,-0.0224948875255624,0,-1,0,-1,0
1197,1.197,0.866666666666667,-0.0265848670756647,0,-1,0,-1,0
1198,1.198,0.866666666666667,-0.0306748466257669,0,-1,0,-1,0
1199,1.199,0.866666666666667,-0.0347648261758691,0,-1,0,-1,0
1200,1.2,0.866666666666667,-0.0388548057259713,0,-1,0,-1,0
1201,1.201,0.866666666666667,-0.0429447852760736,0,-1,0,-1,0
1202,1.202,0.866666666666667,-0.0470347648261759,1,24,0,1,0
1203,1.203,0.866666666666667,-0.0511247443762781,0,-1,0,-1,0
1204,1.204,0.866666666666667,-0.0552147239263804,0,-1,0,-1,0
1205,1.205,0.866666666666667,-0.0593047034764826,0,-1,0,-1,0
1206,1.206,0.866666666666667,-0.0633946830265849,0,-1,0,-1,0
1207,1.207,0.866666666666667,-0.0674846625766872,0,-1,0,-1,0
1208,1.208,0.866666666666667,-0.0715746421267893,0,-1,0,-1,0
1209,1.209,0.866666666666667,-0.0756646216768916,0,-1,0,-1,0
1210,1.21,0.866666666666667,-0.0797546012269938,0,-1,0,-1,0
1211,1.211,0.866666666666667,-0.0838445807770961,0,-1,0,-1,0
1212,1.212,0.866666666666667,-0.0879345603271984,0,-1,0,-1,0
1213,1.213,0.866666666666667,-0.0920245398773006,0,-1,0,-1,0
1214,1.214,0.866666666666667,-0.0961145194274029,0,-1,0,-1,0
1215,1.215,0.866666666666667,-0.100204498977505,0,-1,0,-1,0
1216,1.216,0.866666666666667,-0.104294478527607,0,-1,0,-1,0
1217,1.217,0.866666666666667,-0.10838445807771,0,-1,0,-1,0
1218,1.218,0.866666666666667,-0.112474437627812,0,-1,0,-1,0
1219,1.219,0.866666666666667,-0.116564417177914,0,-1,0,-1,0
1220,1.22,0.866666666666667,-0.120654396728016,0,-1,0,-1,0
1221,1.221,0.866666666666667,-0.124744376278119,0,-1,0,-1,0
1222,1.222,0.866666666666667,-0.128834355828221,0,-1,0,-1,0
1223,1.223,0.866666666666667,-0.132924335378323,0,-1,0,-1,0
1224,1.224,0.866666666666667,-0.137014314928425,0,-1,0,-1,0
1225,1.225,0.866666666666667,-0.141104294478528,0,-1,0,-1,0
1226,1.226,0.866666666666667,-0.14519427402863,0,-1,0,-1,0
1227,1.227,0.866666666666667,-0.149284253578732,0,-1,0,-1,0
1228,1.228,0.866666666666667,-0.153374233128834,0,-1,0,-1,0
1229,1.229,0.866666666666667,-0.157464212678937,0,-1,0,-1,0
1230,1.23,0.866666666666667,-0.161554192229039,0,-1,0,-1,0
1231,1.231,0.866666666666667,-0.165644171779141,0,-1,0,-1,0
1232,1.232,0.866666666666667,-0.169734151329243,1,25,0,1,0
1233,1.233,0.866666666666667,-0.173824130879346,0,-1,0,-1,0
1234,1.234,0.866666666666667,-0.177914110429448,0,-1,0,-1,0
1235,1.235,0.866666666666667,-0.18200408997955,0,-1,0,-1,0
1236,1.236,0.866666666666667,-0.186094069529652,0,-1,0,-1,0
1237,1.237,0.866666666666667,-0.190184049079755,0,-1,0,-1,0
1238,1.238,0.866666666666667,-0.194274028629857,0,-1,0,-1,0
1239,1.239,0.866666666666667,-0.198364008179959,0,-1,0,-1,0
1240,1.24,0.866666666666667,-0.202453987730061,0,-1,0,-1,0
1241,1.241,0.866666666666667,-0.206543967280164,0,-1,0,-1,0
1242,1.242,0.866666666666667,-0.210633946830266,0,-1,0,-1,0
1243,1.243,0.866666666666667,-0.214723926380368,0,-1,0,-1,0
1244,1.244,0.866666666666667,-0.21881390593047,0,-1,0,-1,0
1245,1.245,0.866666666666667,-0.222903885480573,0,-1,0,-1,0
1246,1.246,0.866666666666667,-0.226993865030675,0,-1,0,-1,0
1247,1.247,0.866666666666667,-0.231083844580777,0,-1,0,-1,0
1248,1.248,0.866666666666667,-0.235173824130879,0,-1,0,-1,0
1249,1.249,0.866666666666667,-0.239263803680982,0,-1,0,-1,0
1250,1.25,0.866666666666667,-0.243353783231084,0,-1,0,-1,0
1251,1.251,0.866666666666667,-0.247443762781186,0,-1,0,-1,0
1252,1.252,0.866666666666667,-0.251533742331288,0,-1,0,-1,0
1253,1.253,0.866666666666667,-0.255623721881391,0,-1,0,-1,0
1254,1.254,0.866666666666667,-0.259713701431493,0,-1,0,-1,0
1255,1.255,0.866666666666667,-0.263803680981595,0,-1,0,-1,0
1256,1.256,0.866666666666667,-0.267893660531697,0,-1,0,-1,0
1257,1.257,0.866666666666667,-0.2719836400818,0,-1,0,-1,0
1258,1.258,0.866666666666667,-0.276073619631902,0,-1,0,-1,0
1259,1.259,0.866666666666667,-0.280163599182004,0,-1,0,-1,0
1260,1.26,0.866666666666667,-0.284253578732106,0,-1,0,-1,0
1261,1.261,0.866666666666667,-0.288343558282209,0,-1,0,-1,0
1262,1.262,0.866666666666667,-0.292433537832311,1,26,0,1,0
1263,1.263,0.866666666666667,-0.296523517382413,0,-1,0,-1,0
1264,1.264,0.866666666666667,-0.300613496932515,0,-1,0,-1,0
1265,1.265,0.866666666666667,-0.304703476482618,0,-1,0,-1,0
1266,1.266,0.866666666666667,-0.30879345603272,0,-1,0,-1,0
1267,1.267,0.866666666666667,-0.312883435582822,0,-1,0,-1,0
1268,1.268,0.866666666666667,-0.316973415132924,0,-1,0,-1,0
1269,1.269,0.866666666666667,-0.321063394683027,0,-1,0,-1,0
1270,1.27,0.866666666666667,-0.325153374233129,0,-1,0,-1,0
1271,1.271,0.866666666666667,-0.329243353783231,0,-1,0,-1,0
1272,1.272,0.866666666666667,-0.333333333333333,0,-1,0,-1,0
1273,1.273,0.866666666666667,-0.337423312883436,0,-1,0,-1,0
1274,1.274,0.866666666666667,-0.341513292433538,0,-1,0,-1,0
1275,1.275,0.866666666666667,-0.34560327198364,0,-1,0,-1,0
1276,1.276,0.866666666666667,-0.349693251533742,0,-1,0,-1,0
1277,1.277,0.866666666666667,-0.353783231083845,0,-1,0,-1,0
1278,1.278,0.866666666666667,-0.357873210633947,0,-1,0,-1,0
1279,1.279,0.866666666666667,-0.361963190184049,0,-1,0,-1,0
1280,1.28,0.866666666666667,-0.366053169734151,0,-1,0,-1,0
1281,1.281,0.866666666666667,-0.370143149284254,0,-1,0,-1,0
1282,1.282,0.866666666666667,-0.374233128834356,0,-1,0,-1,0
1283,1.283,0.866666666666667,-0.378323108384458,0,-1,0,-1,0
1284,1.284,0.866666666666667,-0.38241308793456,0,-1,0,-1,0
1285,1.285,0.866666666666667,-0.386503067484663,0,-1,0,-1,0
1286,1.286,0.866666666666667,-0.390593047034765,0,-1,0,-1,0
1287,1.287,0.866666666666667,-0.394683026584867,0,-1,0,-1,0
1288,1.288,0.866666666666667,-0.398773006134969,0,-1,0,-1,0
1289,1.289,0.866666666666667,-0.402862985685072,0,-1,0,-1,0
1290,1.29,0.866666666666667,-0.406952965235174,0,-1,0,-1,0
1291,1.291,0.866666666666667,-0.411042944785276,0,-1,0,-1,0
1292,1.292,0.866666666666667,-0.415132924335378,1,27,0,1,0
1293,1.293,0.866666666666667,-0.419222903885481,0,-1,0,-1,0
1294,1.294,0.866666666666667,-0.423312883435583,0,-1,0,-1,0
1295,1.295,0.866666666666667,-0.427402862985685,0,-1,0,-1,0
1296,1.296,0.866666666666667,-0.431492842535787,0,-1,0,-1,0
1297,1.297,0.866666666666667,-0.43558282208589,0,-1,0,-1,0
1298,1.298,0.866666666666667,-0.439672801635992,0,-1,0,-1,0
1299,1.299,0.866666666666667,-0.443762781186094,0,-1,0,-1,0
1300,1.3,0.866666666666667,-0.447852760736196,0,-1,0,-1,0
1301,1.301,0.866666666666667,-0.451942740286299,0,-1,0,-1,0
1302,1.302,0.866666666666667,-0.456032719836401,0,-1,0,-1,0
1303,1.303,0.866666666666667,-0.460122699386503,0,-1,0,-1,0
1304,1.304,0.866666666666667,-0.464212678936605,0,-1,0,-1,0
1305,1.305,0.866666666666667,-0.468302658486708,0,-1,0,-1,0
1306,1.306,0.866666666666667,-0.47239263803681,0,-1,0,-1,0
1307,1.307,0.866666666666667,-0.476482617586912,0,-1,0,-1,0
1308,1.308,0.866666666666667,-0.480572597137014,0,-1,0,-1,0
1309,1.309,0.866666666666667,-0.484662576687117,0,-1,0,-1,0
1310,1.31,0.866666666666667,-0.488752556237219,0,-1,0,-1,0
1311,1.311,0.866666666666667,-0.492842535787321,0,-1,0,-1,0
1312,1.312,0.866666666666667,-0.496932515337423,0,-1,0,-1,0
1313,1.313,0.866666666666667,-0.501022494887525,0,-1,0,-1,0
1314,1.314,0.866666666666667,-0.505112474437628,0,-1,0,-1,0
1315,1.315,0.866666666666667,-0.50920245398773,0,-1,0,-1,0
1316,1.316,0.866666666666667,-0.513292433537832,0,-1,0,-1,0
1317,1.317,0.866666666666667,-0.517382413087935,0,-1,0,-1,0
1318,1.318,0.866666666666667,-0.521472392638037,0,-1,0,-1,0
1319,1.319,0.866666666666667,-0.525562372188139,0,-1,0,-1,0
1320,1.32,0.866666666666667,-0.529652351738241,0,-1,0,-1,0
1321,1.321,0.866666666666667,-0.533742331288344,0,-1,0,-1,0
1322,1.322,0.866666666666667,-0.537832310838446,1,28,0,1,0
1323,1.323,0.866666666666667,-0.541922290388548,0,-1,0,-1,0
1324,1.324,0.866666666666667,-0.54601226993865,0,-1,0,-1,0
1325,1.325,0.866666666666667,-0.550102249488753,0,-1,0,-1,0
1326,1.326,0.866666666666667,-0.554192229038855,0,-1,0,-1,0
1327,1.327,0.866666666666667,-0.558282208588957,0,-1,0,-1,0
1328,1.328,0.866666666666667,-0.562372188139059,0,-1,0,-1,0
1329,1.329,0.866666666666667,-0.566462167689162,0,-1,0,-1,0
1330,1.33,0.866666666666667,-0.570552147239264,0,-1,0,-1,0
1331,1.331,0.866666666666667,-0.574642126789366,0,-1,0,-1,0
1332,1.332,0.866666666666667,-0.578732106339468,0,-1,0,-1,0
1333,1.333,0.866666666666667,-0.582822085889571,0,-1,0,-1,0
1334,1.334,0.866666666666667,-0.586912065439673,0,-1,0,-1,0
1335,1.335,0.866666666666667,-0.591002044989775,0,-1,0,-1,0
1336,1.336,0.866666666666667,-0.595092024539877,0,-1,0,-1,0
1337,1.337,0.866666666666667,-0.59918200408998,0,-1,0,-1,0
1338,1.338,0.866666666666667,-0.603271983640082,0,-1,0,-1,0
1339,1.339,0.866666666666667,-0.607361963190184,0,-1,0,-1,0
1340,1.34,0.866666666666667,-0.611451942740286,0,-1,0,-1,0
1341,1.341,0.866666666666667,-0.615541922290389,0,-1,0,-1,0
1342,1.342,0.866666666666667,-0.619631901840491,0,-1,0,-1,0
1343,1.343,0.866666666666667,-0.623721881390593,0,-1,0,-1,0
1344,1.344,0.866666666666667,-0.627811860940695,0,-1,0,-1,0
1345,1.345,0.866666666666667,-0.631901840490798,0,-1,0,-1,0
1346,1.346,0.866666666666667,-0.6359918200409,0,-1,0,-1,0
1347,1.347,0.866666666666667,-0.640081799591002,0,-1,0,-1,0
1348,1.348,0.866666666666667,-0.644171779141104,0,-1,0,-1,0
1349,1.349,0.866666666666667,-0.648261758691207,0,-1,0,-1,0
1350,1.35,0.866666666666667,-0.652351738241309,0,-1,0,-1,0
1351,1.351,0.866666666666667,-0.656441717791411,0,-1,0,-1,0
1352,1.352,0.866666666666667,-0.660531697341513,1,29,0,1,0
1353,1.353,0.866666666666667,-0.664621676891616,0,-1,0,-1,0
1354,1.354,0.866666666666667,-0.668711656441718,0,-1,0,-1,0
1355,1.355,0.866666666666667,-0.67280163599182,0,-1,0,-1,0
1356,1.356,0.866666666666667,-0.676891615541922,0,-1,0,-1,0
1357,1.357,0.866666666666667,-0.680981595092025,0,-1,0,-1,0
1358,1.358,0.866666666666667,-0.685071574642127,0,-1,0,-1,0
1359,1.359,0.866666666666667,-0.689161554192229,0,-1,0,-1,0
1360,1.36,0.866666666666667,-0.693251533742331,0,-1,0,-1,0
1361,1.361,0.866666666666667,-0.697341513292434,0,-1,0,-1,0
1362,1.362,0.866666666666667,-0.701431492842536,0,-1,0,-1,0
1363,1.363,0.866666666666667,-0.705521472392638,0,-1,0,-1,0
1364,1.364,0.866666666666667,-0.70961145194274,0,-1,0,-1,0
1365,1.365,0.866666666666667,-0.713701431492842,0,-1,0,-1,0
1366,1.366,0.866666666666667,-0.717791411042945,0,-1,0,-1,0
1367,1.367,0.866666666666667,-0.721881390593047,0,-1,0,-1,0
1368,1.368,0.866666666666667,-0.725971370143149,0,-1,0,-1,0
1369,1.369,0.866666666666667,-0.730061349693252,0,-1,0,-1,0
1370,1.37,0.866666666666667,-0.734151329243354,0,-1,0,-1,0
1371,1.371,0.866666666666667,-0.738241308793456,0,-1,0,-1,0
1372,1.372,0.866666666666667,-0.742331288343558,0,-1,0,-1,0
1373,1.373,0.866666666666667,-0.746421267893661,0,-1,0,-1,0
1374,1.374,0.866666666666667,-0.750511247443763,0,-1,0,-1,0
1375,1.375,0.866666666666667,-0.754601226993865,0,-1,0,-1,0
1376,1.376,0.866666666666667,-0.758691206543967,0,-1,0,-1,0
1377,1.377,0.866666666666667,-0.76278118609407,0,-1,0,-1,0
1378,1.378,0.866666666666667,-0.766871165644172,0,-1,0,-1,0
1379,1.379,0.866666666666667,-0.770961145194274,0,-1,0,-1,0
1380,1.38,0.866666666666667,-0.775051124744376,0,-1,0,-1,0
1381,1.381,0.866666666666667,-0.779141104294478,0,-1,0,-1,0
1382,1.382,0.866666666666667,-0.783231083844581,1,30,0,1,0
1383,1.383,0.866666666666667,-0.787321063394683,0,-1,0,-1,0
1384,1.384,0.866666666666667,-0.791411042944785,0,-1,0,-1,0
1385,1.385,0.866666666666667,-0.795501022494888,0,-1,0,-1,0
1386,1.386,0.866666666666667,-0.79959100204499,0,-1,0,-1,0
1387,1.387,0.866666666666667,-0.803680981595092,0,-1,0,-1,0
1388,1.388,0.866666666666667,-0.807770961145194,0,-1,0,-1,0
1389,1.389,0.866666666666667,-0.811860940695297,0,-1,0,-1,0
1390,1.39,0.866666666666667,-0.815950920245399,0,-1,0,-1,0
1391,1.391,0.866666666666667,-0.820040899795501,0,-1,0,-1,0
1392,1.392,0.866666666666667,-0.824130879345603,0,-1,0,-1,0
1393,1.393,0.866666666666667,-0.828220858895706,0,-1,0,-1,0
1394,1.394,0.866666666666667,-0.832310838445808,0,-1,0,-1,0
1395,1.395,0.866666666666667,-0.83640081799591,0,-1,0,-1,0
1396,1.396,0.866666666666667,-0.840490797546012,0,-1,0,-1,0
1397,1.397,0.866666666666667,-0.844580777096114,0,-1,0,-1,0
1398,1.398,0.866666666666667,-0.848670756646217,0,-1,0,-1,0
1399,1.399,0.866666666666667,-0.852760736196319,0,-1,0,-1,0
1400,1.4,0.866666666666667,-0.856850715746421,0,-1,0,-1,0
1401,1.401,0.866666666666667,-0.860940695296524,0,-1,0,-1,0
1402,1.402,0.866666666666667,-0.865030674846626,0,-1,0,-1,0
1403,1.403,0.866666666666667,-0.869120654396728,0,-1,0,-1,0
1404,1.404,0.866666666666667,-0.87321063394683,0,-1,0,-1,0
1405,1.405,0.866666666666667,-0.877300613496933,0,-1,0,-1,0
1406,1.406,0.866666666666667,-0.881390593047035,0,-1,0,-1,0
1407,1.407,0.866666666666667,-0.885480572597137,0,-1,0,-1,0
1408,1.408,0.866666666666667,-0.889570552147239,0,-1,0,-1,0
1409,1.409,0.866666666666667,-0.893660531697342,0,-1,0,-1,0
1410,1.41,0.866666666666667,-0.897750511247444,0,-1,0,-1,0
1411,1.411,0.866666666666667,-0.901840490797546,0,-1,0,-1,0
1412,1.412,0.866666666666667,-0.905930470347648,1,31,0,1,0
1413,1.413,0.866666666666667,-0.910020449897751,0,-1,0,-1,0
1414,1.414,0.866666666666667,-0.914110429447853,0,-1,0,-1,0
1415,1.415,0.866666666666667,-0.918200408997955,0,-1,0,-1,0
1416,1.416,0.866666666666667,-0.922290388548057,0,-1,0,-1,0
1417,1.417,0.862222222222222,-0.926380368098159,0,-1,0,-1,0
1418,1.418,0.862222222222222,-0.930470347648262,0,-1,0,-1,0
1419,1.419,0.862222222222222,-0.934560327198364,0,-1,0,-1,0
1420,1.42,0.857777777777778,-0.938650306748466,0,-1,0,-1,0
1421,1.421,0.857777777777778,-0.942740286298569,0,-1,0,-1,0
1422,1.422,0.853333333333333,-0.946830265848671,0,-1,0,-1,0
1423,1.423,0.848888888888889,-0.950920245398773,0,-1,0,-1,0
1424,1.424,0.844444444444445,-0.955010224948875,0,-1,0,-1,0
1425,1.425,0.84,-0.959100204498977,0,-1,0,-1,0
1426,1.426,0.835555555555556,-0.96319018404908,0,-1,0,-1,0
1427,1.427,0.831111111111111,-0.96319018404908,0,-1,0,-1,0
1428,1.428,0.826666666666667,-0.967280163599182,0,-1,0,-1,0
1429,1.429,0.822222222222222,-0.967280163599182,0,-1,0,-1,0
1430,1.43,0.817777777777778,-0.967280163599182,0,-1,0,-1,0
1431,1.431,0.813333333333333,-0.971370143149284,0,-1,0,-1,0
1432,1.432,0.808888888888889,-0.971370143149284,0,-1,0,-1,0
1433,1.433,0.804444444444445,-0.971370143149284,0,-1,0,-1,0
1434,1.434,0.8,-0.971370143149284,0,-1,0,-1,0
1435,1.435,0.795555555555556,-0.971370143149284,0,-1,0,-1,0
1436,1.436,0.791111111111111,-0.971370143149284,0,-1,0,-1,0
1437,1.437,0.786666666666667,-0.971370143149284,0,-1,0,-1,0
1438,1.438,0.782222222222222,-0.967280163599182,0,-1,0,-1,0
1439,1.439,0.777777777777778,-0.967280163599182,0,-1,0,-1,0
1440,1.44,0.773333333333333,-0.967280163599182,0,-1,0,-1,0
1441,1.441,0.768888888888889,-0.96319018404908,0,-1,0,-1,0
1442,1.442,0.764444444444444,-0.96319018404908,0,-1,0,-1,0
1443,1.443,0.76,-0.959100204498977,0,-1,0,-1,0
1444,1.444,0.755555555555556,-0.955010224948875,0,-1,0,-1,0
1445,1.445,0.751111111111111,-0.950920245398773,0,-1,0,-1,0
1446,1.446,0.746666666666667,-0.946830265848671,0,-1,0,-1,0
1447,1.447,0.742222222222222,-0.942740286298569,0,-1,0,-1,0
1448,1.448,0.742222222222222,-0.938650306748466,0,-1,0,-1,0
1449,1.449,0.737777777777778,-0.934560327198364,0,-1,0,-1,0
1450,1.45,0.737777777777778,-0.930470347648262,0,-1,0,-1,0
1451,1.451,0.737777777777778,-0.926380368098159,0,-1,0,-1,0
1452,1.452,0.733333333333333,-0.922290388548057,0,-1,0,-1,0
1453,1.453,0.733333333333333,-0.918200408997955,0,-1,0,-1,0
1454,1.454,0.733333333333333,-0.914110429447853,0,-1,0,-1,0
1455,1.455,0.733333333333333,-0.910020449897751,0,-1,0,-1,0
1456,1.456,0.733333333333333,-0.905930470347648,1,32,1,2,0
1457,1.457,0.733333333333333,-0.901840490797546,0,-1,0,-1,0
1458,1.458,0.733333333333333,-0.897750511247444,0,-1,0,-1,0
1459,1.459,0.733333333333333,-0.893660531697342,0,-1,0,-1,0
1460,1.46,0.733333333333333,-0.889570552147239,0,-1,0,-1,0
1461,1.461,0.733333333333333,-0.885480572597137,0,-1,0,-1,0
1462,1.462,0.733333333333333,-0.881390593047035,0,-1,0,-1,0
1463,1.463,0.733333333333333,-0.877300613496933,0,-1,0,-1,0
1464,1.464,0.733333333333333,-0.87321063394683,0,-1,0,-1,0
1465,1.465,0.733333333333333,-0.869120654396728,0,-1,0,-1,0
1466,1.466,0.733333333333333,-0.865030674846626,0,-1,0,-1,0
1467,1.467,0.733333333333333,-0.860940695296524,0,-1,0,-1,0
1468,1.468,0.733333333333333,-0.856850715746421,0,-1,0,-1,0
1469,1.469,0.733333333333333,-0.852760736196319,0,-1,0,-1,0
1470,1.47,0.733333333333333,-0.848670756646217,0,-1,0,-1,0
1471,1.471,0.733333333333333,-0.844580777096114,0,-1,0,-1,0
1472,1.472,0.733333333333333,-0.840490797546012,0,-1,0,-1,0
1473,1.473,0.733333333333333,-0.83640081799591,0,-1,0,-1,0
1474,1.474,0.733333333333333,-0.832310838445808,0,-1,0,-1,0
1475,1.475,0.733333333333333,-0.828220858895706,0,-1,0,-1,0
1476,1.476,0.733333333333333,-0.824130879345603,0,-1,0,-1,0
1477,1.477,0.733333333333333,-0.820040899795501,0,-1,0,-1,0
1478,1.478,0.733333333333333,-0.815950920245399,0,-1,0,-1,0
1479,1.479,0.733333333333333,-0.811860940695297,0,-1,0,-1,0
1480,1.48,0.733333333333333,-0.807770961145194,0,-1,0,-1,0
1481,1.481,0.733333333333333,-0.803680981595092,0,-1,0,-1,0
1482,1.482,0.733333333333333,-0.79959100204499,0,-1,0,-1,0
1483,1.483,0.733333333333333,-0.795501022494888,0,-1,0,-1,0
1484,1.484,0.733333333333333,-0.791411042944785,0,-1,0,-1,0
1485,1.485,0.733333333333333,-0.787321063394683,0,-1,0,-1,0
1486,1.486,0.733333333333333,-0.783231083844581,1,33,0,2,0
1487,1.487,0.733333333333333,-0.779141104294478,0,-1,0,-1,0
1488,1.488,0.733333333333333,-0.775051124744376,0,-1,0,-1,0
1489,1.489,0.733333333333333,-0.770961145194274,0,-1,0,-1,0
1490,1.49,0.733333333333333,-0.766871165644172,0,-1,0,-1,0
1491,1.491,0.733333333333333,-0.76278118609407,0,-1,0,-1,0
1492,1.492,0.733333333333333,-0.758691206543967,0,-1,0,-1,0
1493,1.493,0.733333333333333,-0.754601226993865,0,-1,0,-1,0
1494,1.494,0.733333333333333,-0.750511247443763,0,-1,0,-1,0
1495,1.495,0.733333333333333,-0.746421267893661,0,-1,0,-1,0
1496,1.496,0.733333333333333,-0.742331288343558,0,-1,0,-1,0
1497,1.497,0.733333333333333,-0.738241308793456,0,-1,0,-1,0
1498,1.498,0.733333333333333,-0.734151329243354,0,-1,0,-1,0
1499,1.499,0.733333333333333,-0.730061349693252,0,-1,0,-1,0
1500,1.5,0.733333333333333,-0.725971370143149,0,-1,0,-1,0
1501,1.501,0.733333333333333,-0.721881390593047,0,-1,0,-1,0
1502,1.502,0.733333333333333,-0.717791411042945,0,-1,0,-1,0
1503,1.503,0.733333333333333,-0.713701431492842,0,-1,0,-1,0
1504,1.504,0.733333333333333,-0.70961145194274,0,-1,0,-1,0
1505,1.505,0.733333333333333,-0.705521472392638,0,-1,0,-1,0
1506,1.506,0.733333333333333,-0.701431492842536,0,-1,0,-1,0
1507,1.507,0.733333333333333,-0.697341513292434,0,-1,0,-1,0
1508,1.508,0.733333333333333,-0.693251533742331,0,-1,0,-1,0
1509,1.509,0.733333333333333,-0.689161554192229,0,-1,0,-1,0
1510,1.51,0.733333333333333,-0.685071574642127,0,-1,0,-1,0
1511,1.511,0.733333333333333,-0.680981595092025,0,-1,0,-1,0
1512,1.512,0.733333333333333,-0.676891615541922,0,-1,0,-1,0
1513,1.513,0.733333333333333,-0.67280163599182,0,-1,0,-1,0
1514,1.514,0.733333333333333,-0.668711656441718,0,-1,0,-1,0
1515,1.515,0.733333333333333,-0.664621676891616,0,-1,0,-1,0
1516,1.516,0.733333333333333,-0.660531697341513,1,34,0,2,0
1517,1.517,0.733333333333333,-0.656441717791411,0,-1,0,-1,0
1518,1.518,0.733333333333333,-0.652351738241309,0,-1,0,-1,0
1519,1.519,0.733333333333333,-0.648261758691207,0,-1,0,-1,0
1520,1.52,0.733333333333333,-0.644171779141104,0,-1,0,-1,0
1521,1.521,0.733333333333333,-0.640081799591002,0,-1,0,-1,0
1522,1.522,0.733333333333333,-0.6359918200409,0,-1,0,-1,0
1523,1.523,0.733333333333333,-0.631901840490798,0,-1,0,-1,0
1524,1.524,0.733333333333333,-0.627811860940695,0,-1,0,-1,0
1525,1.525,0.733333333333333,-0.623721881390593,0,-1,0,-1,0
1526,1.526,0.733333333333333,-0.619631901840491,0,-1,0,-1,0
1527,1.527,0.733333333333333,-0.615541922290389,0,-1,0,-1,0
1528,1.528,0.733333333333333,-0.611451942740286,0,-1,0,-1,0
1529,1.529,0.733333333333333,-0.607361963190184,0,-1,0,-1,0
1530,1.53,0.733333333333333,-0.603271983640082,0,-1,0,-1,0
1531,1.531,0.733333333333333,-0.59918200408998,0,-1,0,-1,0
1532,1.532,0.733333333333333,-0.595092024539877,0,-1,0,-1,0
1533,1.533,0.733333333333333,-0.591002044989775,0,-1,0,-1,0
1534,1.534,0.733333333333333,-0.586912065439673,0,-1,0,-1,0
1535,1.535,0.733333333333333,-0.582822085889571,0,-1,0,-1,0
1536,1.536,0.733333333333333,-0.578732106339468,0,-1,0,-1,0
1537,1.537,0.733333333333333,-0.574642126789366,0,-1,0,-1,0
1538,1.538,0.733333333333333,-0.570552147239264,0,-1,0,-1,0
1539,1.539,0.733333333333333,-0.566462167689162,0,-1,0,-1,0
1540,1.54,0.733333333333333,-0.562372188139059,0,-1,0,-1,0
1541,1.541,0.733333333333333,-0.558282208588957,0,-1,0,-1,0
1542,1.542,0.733333333333333,-0.554192229038855,0,-1,0,-1,0
1543,1.543,0.733333333333333,-0.550102249488753,0,-1,0,-1,0
1544,1.544,0.733333333333333,-0.54601226993865,0,-1,0,-1,0
1545,1.545,0.733333333333333,-0.541922290388548,0,-1,0,-1,0
1546,1.546,0.733333333333333,-0.537832310838446,1,35,0,2,0
1547,1.547,0.733333333333333,-0.533742331288344,0,-1,0,-1,0
1548,1.548,0.733333333333333,-0.529652351738241,0,-1,0,-1,0
1549,1.549,0.733333333333333,-0.525562372188139,0,-1,0,-1,0
1550,1.55,0.733333333333333,-0.521472392638037,0,-1,0,-1,0
1551,1.551,0.733333333333333,-0.517382413087935,0,-1,0,-1,0
1552,1.552,0.733333333333333,-0.513292433537832,0,-1,0,-1,0
1553,1.553,0.733333333333333,-0.50920245398773,0,-1,0,-1,0
1554,1.554,0.733333333333333,-0.505112474437628,0,-1,0,-1,0
1555,1.555,0.733333333333333,-0.501022494887525,0,-1,0,-1,0
1556,1.556,0.733333333333333,-0.496932515337423,0,-1,0,-1,0
1557,1.557,0.733333333333333,-0.492842535787321,0,-1,0,-1,0
1558,1.558,0.733333333333333,-0.488752556237219,0,-1,0,-1,0
1559,1.559,0.733333333333333,-0.484662576687117,0,-1,0,-1,0
1560,1.56,0.733333333333333,-0.480572597137014,0,-1,0,-1,0
1561,1.561,0.733333333333333,-0.476482617586912,0,-1,0,-1,0
1562,1.562,0.733333333333333,-0.47239263803681,0,-1,0,-1,0
1563,1.563,0.733333333333333,-0.468302658486708,0,-1,0,-1,0
1564,1.564,0.733333333333333,-0.464212678936605,0,-1,0,-1,0
1565,1.565,0.733333333333333,-0.460122699386503,0,-1,0,-1,0
1566,1.566,0.733333333333333,-0.456032719836401,0,-1,0,-1,0
1567,1.567,0.733333333333333,-0.451942740286299,0,-1,0,-1,0
1568,1.568,0.733333333333333,-0.447852760736196,0,-1,0,-1,0
1569,1.569,0.733333333333333,-0.443762781186094,0,-1,0,-1,0
1570,1.57,0.733333333333333,-0.439672801635992,0,-1,0,-1,0
1571,1.571,0.733333333333333,-0.43558282208589,0,-1,0,-1,0
1572,1.572,0.733333333333333,-0.431492842535787,0,-1,0,-1,0
1573,1.573,0.733333333333333,-0.427402862985685,0,-1,0,-1,0
1574,1.574,0.733333333333333,-0.423312883435583,0,-1,0,-1,0
1575,1.575,0.733333333333333,-0.419222903885481,0,-1,0,-1,0
1576,1.576,0.733333333333333,-0.415132924335378,1,36,0,2,0
1577,1.577,0.733333333333333,-0.411042944785276,0,-1,0,-1,0
1578,1.578,0.733333333333333,-0.406952965235174,0,-1,0,-1,0
1579,1.579,0.733333333333333,-0.402862985685072,0,-1,0,-1,0
1580,1.58,0.733333333333333,-0.398773006134969,0,-1,0,-1,0
1581,1.581,0.733333333333333,-0.394683026584867,0,-1,0,-1,0
1582,1.582,0.733333333333333,-0.390593047034765,0,-1,0,-1,0
1583,1.583,0.733333333333333,-0.386503067484663,0,-1,0,-1,0
1584,1.584,0.733333333333333,-0.38241308793456,0,-1,0,-1,0
1585,1.585,0.733333333333333,-0.378323108384458,0,-1,0,-1,0
1586,1.586,0.733333333333333,-0.374233128834356,0,-1,0,-1,0
1587,1.587,0.733333333333333,-0.370143149284254,0,-1,0,-1,0
1588,1.588,0.733333333333333,-0.366053169734151,0,-1,0,-1,0
1589,1.589,0.733333333333333,-0.361963190184049,0,-1,0,-1,0
1590,1.59,0.733333333333333,-0.357873210633947,0,-1,0,-1,0
1591,1.591,0.733333333333333,-0.353783231083845,0,-1,0,-1,0
1592,1.592,0.733333333333333,-0.349693251533742,0,-1,0,-1,0
1593,1.593,0.733333333333333,-0.34560327198364,0,-1,0,-1,0
1594,1.594,0.733333333333333,-0.341513292433538,0,-1,0,-1,0
1595,1.595,0.733333333333333,-0.337423312883436,0,-1,0,-1,0
1596,1.596,0.733333333333333,-0.333333333333333,0,-1,0,-1,0
1597,1.597,0.733333333333333,-0.329243353783231,0,-1,0,-1,0
1598,1.598,0.733333333333333,-0.325153374233129,0,-1,0,-1,0
1599,1.599,0.733333333333333,-0.321063394683027,0,-1,0,-1,0
1600,1.6,0.733333333333333,-0.316973415132924,0,-1,0,-1,0
1601,1.601,0.733333333333333,-0.312883435582822,0,-1,0,-1,0
1602,1.602,0.733333333333333,-0.30879345603272,0,-1,0,-1,0
1603,1.603,0.733333333333333,-0.304703476482618,0,-1,0,-1,0
1604,1.604,0.733333333333333,-0.300613496932515,0,-1,0,-1,0
1605,1.605,0.733333333333333,-0.296523517382413,0,-1,0,-1,0
1606,1.606,0.733333333333333,-0.292433537832311,1,37,0,2,0
1607,1.607,0.733333333333333,-0.288343558282209,0,-1,0,-1,0
1608,1.608,0.733333333333333,-0.284253578732106,0,-1,0,-1,0
1609,1.609,0.733333333333333,-0.280163599182004,0,-1,0,-1,0
1610,1.61,0.733333333333333,-0.276073619631902,0,-1,0,-1,0
1611,1.611,0.733333333333333,-0.2719836400818,0,-1,0,-1,0
1612,1.612,0.733333333333333,-0.267893660531697,0,-1,0,-1,0
1613,1.613,0.733333333333333,-0.263803680981595,0,-1,0,-1,0
1614,1.614,0.733333333333333,-0.259713701431493,0,-1,0,-1,0
1615,1.615,0.733333333333333,-0.255623721881391,0,-1,0,-1,0
1616,1.616,0.733333333333333,-0.251533742331288,0,-1,0,-1,0
1617,1.617,0.733333333333333,-0.247443762781186,0,-1,0,-1,0
1618,1.618,0.733333333333333,-0.243353783231084,0,-1,0,-1,0
1619,1.619,0.733333333333333,-0.239263803680982,0,-1,0,-1,0
1620,1.62,0.733333333333333,-0.235173824130879,0,-1,0,-1,0
1621,1.621,0.733333333333333,-0.231083844580777,0,-1,0,-1,0
1622,1.622,0.733333333333333,-0.226993865030675,0,-1,0,-1,0
1623,1.623,0.733333333333333,-0.222903885480573,0,-1,0,-1,0
1624,1.624,0.733333333333333,-0.21881390593047,0,-1,0,-1,0
1625,1.625,0.733333333333333,-0.214723926380368,0,-1,0,-1,0
1626,1.626,0.733333333333333,-0.210633946830266,0,-1,0,-1,0
1627,1.627,0.733333333333333,-0.206543967280164,0,-1,0,-1,0
1628,1.628,0.733333333333333,-0.202453987730061,0,-1,0,-1,0
1629,1.629,0.733333333333333,-0.198364008179959,0,-1,0,-1,0
1630,1.63,0.733333333333333,-0.194274028629857,0,-1,0,-1,0
1631,1.631,0.733333333333333,-0.190184049079755,0,-1,0,-1,0
1632,1.632,0.733333333333333,-0.186094069529652,0,-1,0,-1,0
1633,1.633,0.733333333333333,-0.18200408997955,0,-1,0,-1,0
1634,1.634,0.733333333333333,-0.177914110429448,0,-1,0,-1,0
1635,1.635,0.733333333333333,-0.173824130879346,0,-1,0,-1,0
1636,1.636,0.733333333333333,-0.169734151329243,1,38,0,2,0
1637,1.637,0.733333333333333,-0.165644171779141,0,-1,0,-1,0
1638,1.638,0.733333333333333,-0.161554192229039,0,-1,0,-1,0
1639,1.639,0.733333333333333,-0.157464212678937,0,-1,0,-1,0
1640,1.64,0.733333333333333,-0.153374233128834,0,-1,0,-1,0
1641,1.641,0.733333333333333,-0.149284253578732,0,-1,0,-1,0
1642,1.642,0.733333333333333,-0.14519427402863,0,-1,0,-1,0
1643,1.643,0.733333333333333,-0.141104294478528,0,-1,0,-1,0
1644,1.644,0.733333333333333,-0.137014314928425,0,-1,0,-1,0
1645,1.645,0.733333333333333,-0.132924335378323,0,-1,0,-1,0
1646,1.646,0.733333333333333,-0.128834355828221,0,-1,0,-1,0
1647,1.647,0.733333333333333,-0.124744376278119,0,-1,0,-1,0
1648,1.648,0.733333333333333,-0.120654396728016,0,-1,0,-1,0
1649,1.649,0.733333333333333,-0.116564417177914,0,-1,0,-1,0
1650,1.65,0.733333333333333,-0.112474437627812,0,-1,0,-1,0
1651,1.651,0.733333333333333,-0.10838445807771,0,-1,0,-1,0
1652,1.652,0.733333333333333,-0.104294478527607,0,-1,0,-1,0
1653,1.653,0.733333333333333,-0.100204498977505,0,-1,0,-1,0
1654,1.654,0.733333333333333,-0.0961145194274029,0,-1,0,-1,0
1655,1.655,0.733333333333333,-0.0920245398773006,0,-1,0,-1,0
1656,1.656,0.733333333333333,-0.0879345603271984,0,-1,0,-1,0
1657,1.657,0.733333333333333,-0.0838445807770961,0,-1,0,-1,0
1658,1.658,0.733333333333333,-0.0797546012269938,0,-1,0,-1,0
1659,1.659,0.733333333333333,-0.0756646216768916,0,-1,0,-1,0
1660,1.66,0.733333333333333,-0.0715746421267893,0,-1,0,-1,0
1661,1.661,0.733333333333333,-0.0674846625766872,0,-1,0,-1,0
1662,1.662,0.733333333333333,-0.0633946830265849,0,-1,0,-1,0
1663,1.663,0.733333333333333,-0.0593047034764826,0,-1,0,-1,0
1664,1.664,0.733333333333333,-0.0552147239263804,0,-1,0,-1,0
1665,1.665,0.733333333333333,-0.0511247443762781,0,-1,0,-1,0
1666,1.666,0.733333333333333,-0.0470347648261759,1,39,0,2,0
1667,1.667,0.733333333333333,-0.0429447852760736,0,-1,0,-1,0
1668,1.668,0.733333333333333,-0.0388548057259713,0,-1,0,-1,0
1669,1.669,0.733333333333333,-0.0347648261758691,0,-1,0,-1,0
1670,1.67,0.733333333333333,-0.0306748466257669,0,-1,0,-1,0
1671,1.671,0.733333333333333,-0.0265848670756647,0,-1,0,-1,0
1672,1.672,0.733333333333333,-0.0224948875255624,0,-1,0,-1,0
1673,1.673,0.733333333333333,-0.0184049079754601,0,-1,0,-1,0
1674,1.674,0.733333333333333,-0.0143149284253579,0,-1,0,-1,0
1675,1.675,0.733333333333333,-0.0102249488752556,0,-1,0,-1,0
1676,1.676,0.733333333333333,-0.0061349693251533,0,-1,0,-1,0
1677,1.677,0.733333333333333,-0.002044989775051,0,-1,0,-1,0
1678,1.678,0.733333333333333,0.0020449897750511,0,-1,0,-1,0
1679,1.679,0.733333333333333,0.0061349693251533,0,-1,0,-1,0
1680,1.68,0.733333333333333,0.0102249488752557,0,-1,0,-1,0
1681,1.681,0.733333333333333,0.0143149284253579,0,-1,0,-1,0
1682,1.682,0.733333333333333,0.01840490797546,0,-1,0,-1,0
1683,1.683,0.733333333333333,0.0224948875255624,0,-1,0,-1,0
1684,1.684,0.733333333333333,0.0265848670756645,0,-1,0,-1,0
1685,1.685,0.733333333333333,0.0306748466257669,0,-1,0,-1,0
1686,1.686,0.733333333333333,0.0347648261758691,0,-1,0,-1,0
1687,1.687,0.733333333333333,0.0388548057259714,0,-1,0,-1,0
1688,1.688,0.733333333333333,0.0429447852760736,0,-1,0,-1,0
1689,1.689,0.733333333333333,0.047034764826176,0,-1,0,-1,0
1690,1.69,0.733333333333333,0.0511247443762781,0,-1,0,-1,0
1691,1.691,0.733333333333333,0.0552147239263803,0,-1,0,-1,0
1692,1.692,0.733333333333333,0.0593047034764826,0,-1,0,-1,0
1693,1.693,0.733333333333333,0.0633946830265848,0,-1,0,-1,0
1694,1.694,0.733333333333333,0.0674846625766872,0,-1,0,-1,0
1695,1.695,0.733333333333333,0.0715746421267893,0,-1,0,-1,0
1696,1.696,0.733333333333333,0.0756646216768917,1,40,0,2,0
1697,1.697,0.733333333333333,0.0797546012269938,0,-1,0,-1,0
1698,1.698,0.733333333333333,0.0838445807770962,0,-1,0,-1,0
1699,1.699,0.733333333333333,0.0879345603271984,0,-1,0,-1,0
1700,1.7,0.733333333333333,0.0920245398773005,0,-1,0,-1,0
1701,1.701,0.733333333333333,0.0961145194274029,0,-1,0,-1,0
1702,1.702,0.733333333333333,0.100204498977505,0,-1,0,-1,0
1703,1.703,0.733333333333333,0.104294478527607,0,-1,0,-1,0
1704,1.704,0.733333333333333,0.10838445807771,0,-1,0,-1,0
1705,1.705,0.733333333333333,0.112474437627812,0,-1,0,-1,0
1706,1.706,0.733333333333333,0.116564417177914,0,-1,0,-1,0
1707,1.707,0.733333333333333,0.120654396728016,0,-1,0,-1,0
1708,1.708,0.733333333333333,0.124744376278119,0,-1,0,-1,0
1709,1.709,0.733333333333333,0.128834355828221,0,-1,0,-1,0
1710,1.71,0.733333333333333,0.132924335378323,0,-1,0,-1,0
1711,1.711,0.733333333333333,0.137014314928425,0,-1,0,-1,0
1712,1.712,0.733333333333333,0.141104294478528,0,-1,0,-1,0
1713,1.713,0.733333333333333,0.14519427402863,0,-1,0,-1,0
1714,1.714,0.733333333333333,0.149284253578732,0,-1,0,-1,0
1715,1.715,0.733333333333333,0.153374233128834,0,-1,0,-1,0
1716,1.716,0.733333333333333,0.157464212678937,0,-1,0,-1,0
1717,1.717,0.733333333333333,0.161554192229039,0,-1,0,-1,0
1718,1.718,0.733333333333333,0.165644171779141,0,-1,0,-1,0
1719,1.719,0.733333333333333,0.169734151329243,0,-1,0,-1,0
1720,1.72,0.733333333333333,0.173824130879346,0,-1,0,-1,0
1721,1.721,0.733333333333333,0.177914110429448,0,-1,0,-1,0
1722,1.722,0.733333333333333,0.18200408997955,0,-1,0,-1,0
1723,1.723,0.733333333333333,0.186094069529652,0,-1,0,-1,0
1724,1.724,0.733333333333333,0.190184049079755,0,-1,0,-1,0
1725,1.725,0.733333333333333,0.194274028629857,0,-1,0,-1,0
1726,1.726,0.733333333333333,0.198364008179959,1,41,0,2,0
1727,1.727,0.733333333333333,0.202453987730061,0,-1,0,-1,0
1728,1.728,0.733333333333333,0.206543967280164,0,-1,0,-1,0
1729,1.729,0.733333333333333,0.210633946830266,0,-1,0,-1,0
1730,1.73,0.733333333333333,0.214723926380368,0,-1,0,-1,0
1731,1.731,0.733333333333333,0.21881390593047,0,-1,0,-1,0
1732,1.732,0.733333333333333,0.222903885480572,0,-1,0,-1,0
1733,1.733,0.733333333333333,0.226993865030675,0,-1,0,-1,0
1734,1.734,0.733333333333333,0.231083844580777,0,-1,0,-1,0
1735,1.735,0.733333333333333,0.235173824130879,0,-1,0,-1,0
1736,1.736,0.733333333333333,0.239263803680982,0,-1,0,-1,0
1737,1.737,0.733333333333333,0.243353783231084,0,-1,0,-1,0
1738,1.738,0.733333333333333,0.247443762781186,0,-1,0,-1,0
1739,1.739,0.733333333333333,0.251533742331288,0,-1,0,-1,0
1740,1.74,0.733333333333333,0.255623721881391,0,-1,0,-1,0
1741,1.741,0.733333333333333,0.259713701431493,0,-1,0,-1,0
1742,1.742,0.733333333333333,0.263803680981595,0,-1,0,-1,0
1743,1.743,0.733333333333333,0.267893660531697,0,-1,0,-1,0
1744,1.744,0.733333333333333,0.2719836400818,0,-1,0,-1,0
1745,1.745,0.733333333333333,0.276073619631902,0,-1,0,-1,0
1746,1.746,0.733333333333333,0.280163599182004,0,-1,0,-1,0
1747,1.747,0.733333333333333,0.284253578732106,0,-1,0,-1,0
1748,1.748,0.733333333333333,0.288343558282208,0,-1,0,-1,0
1749,1.749,0.733333333333333,0.292433537832311,0,-1,0,-1,0
1750,1.75,0.733333333333333,0.296523517382413,0,-1,0,-1,0
1751,1.751,0.733333333333333,0.300613496932515,0,-1,0,-1,0
1752,1.752,0.733333333333333,0.304703476482618,0,-1,0,-1,0
1753,1.753,0.733333333333333,0.30879345603272,0,-1,0,-1,0
1754,1.754,0.733333333333333,0.312883435582822,0,-1,0,-1,0
1755,1.755,0.733333333333333,0.316973415132924,0,-1,0,-1,0
1756,1.756,0.733333333333333,0.321063394683027,1,42,0,2,0
1757,1.757,0.733333333333333,0.325153374233129,0,-1,0,-1,0
1758,1.758,0.733333333333333,0.329243353783231,0,-1,0,-1,0
1759,1.759,0.733333333333333,0.333333333333333,0,-1,0,-1,0
1760,1.76,0.733333333333333,0.337423312883436,0,-1,0,-1,0
1761,1.761,0.733333333333333,0.341513292433538,0,-1,0,-1,0
1762,1.762,0.733333333333333,0.34560327198364,0,-1,0,-1,0
1763,1.763,0.733333333333333,0.349693251533742,0,-1,0,-1,0
1764,1.764,0.733333333333333,0.353783231083845,0,-1,0,-1,0
1765,1.765,0.733333333333333,0.357873210633947,0,-1,0,-1,0
1766,1.766,0.733333333333333,0.361963190184049,0,-1,0,-1,0
1767,1.767,0.733333333333333,0.366053169734151,0,-1,0,-1,0
1768,1.768,0.733333333333333,0.370143149284254,0,-1,0,-1,0
1769,1.769,0.733333333333333,0.374233128834356,0,-1,0,-1,0
1770,1.77,0.733333333333333,0.378323108384458,0,-1,0,-1,0
1771,1.771,0.733333333333333,0.38241308793456,0,-1,0,-1,0
1772,1.772,0.733333333333333,0.386503067484663,0,-1,0,-1,0
1773,1.773,0.733333333333333,0.390593047034765,0,-1,0,-1,0
1774,1.774,0.733333333333333,0.394683026584867,0,-1,0,-1,0
1775,1.775,0.733333333333333,0.398773006134969,0,-1,0,-1,0
1776,1.776,0.733333333333333,0.402862985685072,0,-1,0,-1,0
1777,1.777,0.733333333333333,0.406952965235174,0,-1,0,-1,0
1778,1.778,0.733333333333333,0.411042944785276,0,-1,0,-1,0
1779,1.779,0.733333333333333,0.415132924335378,0,-1,0,-1,0
1780,1.78,0.733333333333333,0.419222903885481,0,-1,0,-1,0
1781,1.781,0.733333333333333,0.423312883435583,0,-1,0,-1,0
1782,1.782,0.733333333333333,0.427402862985685,0,-1,0,-1,0
1783,1.783,0.733333333333333,0.431492842535787,0,-1,0,-1,0
1784,1.784,0.733333333333333,0.43558282208589,0,-1,0,-1,0
1785,1.785,0.733333333333333,0.439672801635992,0,-1,0,-1,0
1786,1.786,0.733333333333333,0.443762781186094,1,43,0,2,0
1787,1.787,0.733333333333333,0.447852760736196,0,-1,0,-1,0
1788,1.788,0.733333333333333,0.451942740286299,0,-1,0,-1,0
1789,1.789,0.733333333333333,0.456032719836401,0,-1,0,-1,0
1790,1.79,0.733333333333333,0.460122699386503,0,-1,0,-1,0
1791,1.791,0.733333333333333,0.464212678936605,0,-1,0,-1,0
1792,1.792,0.733333333333333,0.468302658486708,0,-1,0,-1,0
1793,1.793,0.733333333333333,0.47239263803681,0,-1,0,-1,0
1794,1.794,0.733333333333333,0.476482617586912,0,-1,0,-1,0
1795,1.795,0.733333333333333,0.480572597137014,0,-1,0,-1,0
1796,1.796,0.733333333333333,0.484662576687117,0,-1,0,-1,0
1797,1.797,0.733333333333333,0.488752556237219,0,-1,0,-1,0
1798,1.798,0.733333333333333,0.492842535787321,0,-1,0,-1,0
1799,1.799,0.733333333333333,0.496932515337423,0,-1,0,-1,0
1800,1.8,0.733333333333333,0.501022494887525,0,-1,0,-1,0
1801,1.801,0.733333333333333,0.505112474437628,0,-1,0,-1,0
1802,1.802,0.733333333333333,0.50920245398773,0,-1,0,-1,0
1803,1.803,0.733333333333333,0.513292433537832,0,-1,0,-1,0
1804,1.804,0.733333333333333,0.517382413087935,0,-1,0,-1,0
1805,1.805,0.733333333333333,0.521472392638037,0,-1,0,-1,0
1806,1.806,0.733333333333333,0.525562372188139,0,-1,0,-1,0
1807,1.807,0.733333333333333,0.529652351738241,0,-1,0,-1,0
1808,1.808,0.733333333333333,0.533742331288344,0,-1,0,-1,0
1809,1.809,0.733333333333333,0.537832310838446,0,-1,0,-1,0
1810,1.81,0.733333333333333,0.541922290388548,0,-1,0,-1,0
1811,1.811,0.733333333333333,0.54601226993865,0,-1,0,-1,0
1812,1.812,0.733333333333333,0.550102249488753,0,-1,0,-1,0
1813,1.813,0.733333333333333,0.554192229038855,0,-1,0,-1,0
1814,1.814,0.733333333333333,0.558282208588957,0,-1,0,-1,0
1815,1.815,0.733333333333333,0.562372188139059,0,-1,0,-1,0
1816,1.816,0.733333333333333,0.566462167689161,1,44,0,2,0
1817,1.817,0.733333333333333,0.570552147239264,0,-1,0,-1,0
1818,1.818,0.733333333333333,0.574642126789366,0,-1,0,-1,0
1819,1.819,0.733333333333333,0.578732106339468,0,-1,0,-1,0
1820,1.82,0.733333333333333,0.582822085889571,0,-1,0,-1,0
1821,1.821,0.733333333333333,0.586912065439673,0,-1,0,-1,0
1822,1.822,0.733333333333333,0.591002044989775,0,-1,0,-1,0
1823,1.823,0.733333333333333,0.595092024539877,0,-1,0,-1,0
1824,1.824,0.733333333333333,0.59918200408998,0,-1,0,-1,0
1825,1.825,0.733333333333333,0.603271983640082,0,-1,0,-1,0
1826,1.826,0.733333333333333,0.607361963190184,0,-1,0,-1,0
1827,1.827,0.733333333333333,0.611451942740286,0,-1,0,-1,0
1828,1.828,0.733333333333333,0.615541922290389,0,-1,0,-1,0
1829,1.829,0.733333333333333,0.619631901840491,0,-1,0,-1,0
1830,1.83,0.733333333333333,0.623721881390593,0,-1,0,-1,0
1831,1.831,0.733333333333333,0.627811860940695,0,-1,0,-1,0
1832,1.832,0.733333333333333,0.631901840490797,0,-1,0,-1,0
1833,1.833,0.733333333333333,0.6359918200409,0,-1,0,-1,0
1834,1.834,0.733333333333333,0.640081799591002,0,-1,0,-1,0
1835,1.835,0.733333333333333,0.644171779141104,0,-1,0,-1,0
1836,1.836,0.733333333333333,0.648261758691207,0,-1,0,-1,0
1837,1.837,0.733333333333333,0.652351738241309,0,-1,0,-1,0
1838,1.838,0.733333333333333,0.656441717791411,0,-1,0,-1,0
1839,1.839,0.733333333333333,0.660531697341513,0,-1,0,-1,0
1840,1.84,0.733333333333333,0.664621676891616,0,-1,0,-1,0
1841,1.841,0.733333333333333,0.668711656441718,0,-1,0,-1,0
1842,1.842,0.733333333333333,0.67280163599182,0,-1,0,-1,0
1843,1.843,0.733333333333333,0.676891615541922,0,-1,0,-1,0
1844,1.844,0.733333333333333,0.680981595092025,0,-1,0,-1,0
1845,1.845,0.733333333333333,0.685071574642127,0,-1,0,-1,0
1846,1.846,0.733333333333333,0.689161554192229,1,45,0,2,0
1847,1.847,0.733333333333333,0.693251533742331,0,-1,0,-1,0
1848,1.848,0.733333333333333,0.697341513292433,0,-1,0,-1,0
1849,1.849,0.733333333333333,0.701431492842536,0,-1,0,-1,0
1850,1.85,0.733333333333333,0.705521472392638,0,-1,0,-1,0
1851,1.851,0.733333333333333,0.70961145194274,0,-1,0,-1,0
1852,1.852,0.733333333333333,0.713701431492842,0,-1,0,-1,0
1853,1.853,0.733333333333333,0.717791411042945,0,-1,0,-1,0
1854,1.854,0.733333333333333,0.721881390593047,0,-1,0,-1,0
1855,1.855,0.733333333333333,0.725971370143149,0,-1,0,-1,0
1856,1.856,0.733333333333333,0.730061349693252,0,-1,0,-1,0
1857,1.857,0.733333333333333,0.734151329243354,0,-1,0,-1,0
1858,1.858,0.733333333333333,0.738241308793456,0,-1,0,-1,0
1859,1.859,0.733333333333333,0.742331288343558,0,-1,0,-1,0
1860,1.86,0.733333333333333,0.746421267893661,0,-1,0,-1,0
1861,1.861,0.733333333333333,0.750511247443763,0,-1,0,-1,0
1862,1.862,0.733333333333333,0.754601226993865,0,-1,0,-1,0
1863,1.863,0.733333333333333,0.758691206543967,0,-1,0,-1,0
1864,1.864,0.733333333333333,0.762781186094069,0,-1,0,-1,0
1865,1.865,0.733333333333333,0.766871165644172,0,-1,0,-1,0
1866,1.866,0.733333333333333,0.770961145194274,0,-1,0,-1,0
1867,1.867,0.733333333333333,0.775051124744376,0,-1,0,-1,0
1868,1.868,0.733333333333333,0.779141104294478,0,-1,0,-1,0
1869,1.869,0.733333333333333,0.783231083844581,0,-1,0,-1,0
1870,1.87,0.733333333333333,0.787321063394683,0,-1,0,-1,0
1871,1.871,0.733333333333333,0.791411042944785,0,-1,0,-1,0
1872,1.872,0.733333333333333,0.795501022494888,0,-1,0,-1,0
1873,1.873,0.733333333333333,0.79959100204499,0,-1,0,-1,0
1874,1.874,0.733333333333333,0.803680981595092,0,-1,0,-1,0
1875,1.875,0.733333333333333,0.807770961145194,0,-1,0,-1,0
1876,1.876,0.733333333333333,0.811860940695297,1,46,0,2,0
1877,1.877,0.733333333333333,0.815950920245399,0,-1,0,-1,0
1878,1.878,0.733333333333333,0.820040899795501,0,-1,0,-1,0
1879,1.879,0.733333333333333,0.824130879345603,0,-1,0,-1,0
1880,1.88,0.733333333333333,0.828220858895706,0,-1,0,-1,0
1881,1.881,0.733333333333333,0.832310838445808,0,-1,0,-1,0
1882,1.882,0.733333333333333,0.83640081799591,0,-1,0,-1,0
1883,1.883,0.733333333333333,0.840490797546012,0,-1,0,-1,0
1884,1.884,0.733333333333333,0.844580777096114,0,-1,0,-1,0
1885,1.885,0.733333333333333,0.848670756646217,0,-1,0,-1,0
1886,1.886,0.733333333333333,0.852760736196319,0,-1,0,-1,0
1887,1.887,0.733333333333333,0.856850715746421,0,-1,0,-1,0
1888,1.888,0.733333333333333,0.860940695296524,0,-1,0,-1,0
1889,1.889,0.733333333333333,0.865030674846626,0,-1,0,-1,0
1890,1.89,0.733333333333333,0.869120654396728,0,-1,0,-1,0
1891,1.891,0.733333333333333,0.87321063394683,0,-1,0,-1,0
1892,1.892,0.733333333333333,0.877300613496933,0,-1,0,-1,0
1893,1.893,0.733333333333333,0.881390593047035,0,-1,0,-1,0
1894,1.894,0.733333333333333,0.885480572597137,0,-1,0,-1,0
1895,1.895,0.733333333333333,0.889570552147239,0,-1,0,-1,0
1896,1.896,0.733333333333333,0.893660531697342,0,-1,0,-1,0
1897,1.897,0.733333333333333,0.897750511247444,0,-1,0,-1,0
1898,1.898,0.733333333333333,0.901840490797546,0,-1,0,-1,0
1899,1.899,0.733333333333333,0.905930470347648,0,-1,0,-1,0
1900,1.9,0.733333333333333,0.91002044989775,0,-1,0,-1,0
1901,1.901,0.733333333333333,0.914110429447853,0,-1,0,-1,0
1902,1.902,0.733333333333333,0.918200408997955,0,-1,0,-1,0
1903,1.903,0.733333333333333,0.922290388548057,0,-1,0,-1,0
1904,1.904,0.733333333333333,0.926380368098159,0,-1,0,-1,0
1905,1.905,0.733333333333333,0.930470347648262,0,-1,0,-1,0
1906,1.906,0.733333333333333,0.934560327198364,1,47,0,2,0
1907,1.907,0.733333333333333,0.938650306748466,0,-1,0,-1,0
1908,1.908,0.733333333333333,0.942740286298569,0,-1,0,-1,0
1909,1.909,0.733333333333333,0.946830265848671,0,-1,0,-1,0
1910,1.91,0.733333333333333,0.950920245398773,0,-1,0,-1,0
1911,1.911,0.728888888888889,0.955010224948875,0,-1,0,-1,0
1912,1.912,0.728888888888889,0.959100204498978,0,-1,0,-1,0
1913,1.913,0.728888888888889,0.96319018404908,0,-1,0,-1,0
1914,1.914,0.724444444444444,0.967280163599182,0,-1,0,-1,0
1915,1.915,0.724444444444444,0.971370143149284,0,-1,0,-1,0
1916,1.916,0.72,0.975460122699386,0,-1,0,-1,0
1917,1.917,0.715555555555556,0.979550102249489,0,-1,0,-1,0
1918,1.918,0.711111111111111,0.983640081799591,0,-1,0,-1,0
1919,1.919,0.706666666666667,0.987730061349693,0,-1,0,-1,0
1920,1.92,0.702222222222222,0.991820040899795,0,-1,0,-1,0
1921,1.921,0.697777777777778,0.991820040899795,0,-1,0,-1,0
1922,1.922,0.693333333333333,0.995910020449898,0,-1,0,-1,0
1923,1.923,0.688888888888889,0.995910020449898,0,-1,0,-1,0
1924,1.924,0.684444444444444,0.995910020449898,0,-1,0,-1,0
1925,1.925,0.68,1.0,0,-1,0,-1,0
1926,1.926,0.675555555555555,1.0,0,-1,0,-1,0
1927,1.927,0.671111111111111,1.0,0,-1,0,-1,0
1928,1.928,0.666666666666667,1.0,0,-1,0,-1,0
1929,1.929,0.662222222222222,1.0,0,-1,0,-1,0
1930,1.93,0.657777777777778,1.0,0,-1,0,-1,0
1931,1.931,0.653333333333333,1.0,0,-1,0,-1,0
1932,1.932,0.648888888888889,0.995910020449898,0,-1,0,-1,0
1933,1.933,0.644444444444444,0.995910020449898,0,-1,0,-1,0
1934,1.934,0.64,0.995910020449898,0,-1,0,-1,0
1935,1.935,0.635555555555556,0.991820040899795,0,-1,0,-1,0
1936,1.936,0.631111111111111,0.991820040899795,0,-1,0,-1,0
1937,1.937,0.626666666666667,0.987730061349693,0,-1,0,-1,0
1938,1.938,0.622222222222222,0.983640081799591,0,-1,0,-1,0
1939,1.939,0.617777777777778,0.979550102249489,0,-1,0,-1,0
1940,1.94,0.613333333333333,0.975460122699386,0,-1,0,-1,0
1941,1.941,0.608888888888889,0.971370143149284,0,-1,0,-1,0
1942,1.942,0.608888888888889,0.967280163599182,0,-1,0,-1,0
1943,1.943,0.604444444444444,0.96319018404908,0,-1,0,-1,0
1944,1.944,0.604444444444444,0.959100204498978,0,-1,0,-1,0
1945,1.945,0.604444444444444,0.955010224948875,0,-1,0,-1,0
1946,1.946,0.6,0.950920245398773,0,-1,0,-1,0
1947,1.947,0.6,0.946830265848671,0,-1,0,-1,0
1948,1.948,0.6,0.942740286298569,0,-1,0,-1,0
1949,1.949,0.6,0.938650306748466,0,-1,0,-1,0
1950,1.95,0.6,0.934560327198364,1,48,1,3,0
1951,1.951,0.6,0.930470347648262,0,-1,0,-1,0
1952,1.952,0.6,0.926380368098159,0,-1,0,-1,0
1953,1.953,0.6,0.922290388548057,0,-1,0,-1,0
1954,1.954,0.6,0.918200408997955,0,-1,0,-1,0
1955,1.955,0.6,0.914110429447853,0,-1,0,-1,0
1956,1.956,0.6,0.91002044989775,0,-1,0,-1,0
1957,1.957,0.6,0.905930470347648,0,-1,0,-1,0
1958,1.958,0.6,0.901840490797546,0,-1,0,-1,0
1959,1.959,0.6,0.897750511247444,0,-1,0,-1,0
1960,1.96,0.6,0.893660531697342,0,-1,0,-1,0
1961,1.961,0.6,0.889570552147239,0,-1,0,-1,0
1962,1.962,0.6,0.885480572597137,0,-1,0,-1,0
1963,1.963,0.6,0.881390593047035,0,-1,0,-1,0
1964,1.964,0.6,0.877300613496933,0,-1,0,-1,0
1965,1.965,0.6,0.87321063394683,0,-1,0,-1,0
1966,1.966,0.6,0.869120654396728,0,-1,0,-1,0
1967,1.967,0.6,0.865030674846626,0,-1,0,-1,0
1968,1.968,0.6,0.860940695296524,0,-1,0,-1,0
1969,1.969,0.6,0.856850715746421,0,-1,0,-1,0
1970,1.97,0.6,0.852760736196319,0,-1,0,-1,0
1971,1.971,0.6,0.848670756646217,0,-1,0,-1,0
1972,1.972,0.6,0.844580777096114,0,-1,0,-1,0
1973,1.973,0.6,0.840490797546012,0,-1,0,-1,0
1974,1.974,0.6,0.83640081799591,0,-1,0,-1,0
1975,1.975,0.6,0.832310838445808,0,-1,0,-1,0
1976,1.976,0.6,0.828220858895706,0,-1,0,-1,0
1977,1.977,0.6,0.824130879345603,0,-1,0,-1,0
1978,1.978,0.6,0.820040899795501,0,-1,0,-1,0
1979,1.979,0.6,0.815950920245399,0,-1,0,-1,0
1980,1.98,0.6,0.811860940695297,1,49,0,3,0
1981,1.981,0.6,0.807770961145194,0,-1,0,-1,0
1982,1.982,0.6,0.803680981595092,0,-1,0,-1,0
1983,1.983,0.6,0.79959100204499,0,-1,0,-1,0
1984,1.984,0.6,0.795501022494888,0,-1,0,-1,0
1985,1.985,0.6,0.791411042944785,0,-1,0,-1,0
1986,1.986,0.6,0.787321063394683,0,-1,0,-1,0
1987,1.987,0.6,0.783231083844581,0,-1,0,-1,0
1988,1.988,0.6,0.779141104294478,0,-1,0,-1,0
1989,1.989,0.6,0.775051124744376,0,-1,0,-1,0
1990,1.99,0.6,0.770961145194274,0,-1,0,-1,0
1991,1.991,0.6,0.766871165644172,0,-1,0,-1,0
1992,1.992,0.6,0.762781186094069,0,-1,0,-1,0
1993,1.993,0.6,0.758691206543967,0,-1,0,-1,0
1994,1.994,0.6,0.754601226993865,0,-1,0,-1,0
1995,1.995,0.6,0.750511247443763,0,-1,0,-1,0
1996,1.996,0.6,0.746421267893661,0,-1,0,-1,0
1997,1.997,0.6,0.742331288343558,0,-1,0,-1,0
1998,1.998,0.6,0.738241308793456,0,-1,0,-1,0
1999,1.999,0.6,0.734151329243354,0,-1,0,-1,0
2000,2.0,0.6,0.730061349693252,0,-1,0,-1,0
2001,2.001,0.6,0.725971370143149,0,-1,0,-1,0
2002,2.002,0.6,0.721881390593047,0,-1,0,-1,0
2003,2.003,0.6,0.717791411042945,0,-1,0,-1,0
2004,2.004,0.6,0.713701431492842,0,-1,0,-1,0
2005,2.005,0.6,0.70961145194274,0,-1,0,-1,0
2006,2.006,0.6,0.705521472392638,0,-1,0,-1,0
2007,2.007,0.6,0.701431492842536,0,-1,0,-1,0
2008,2.008,0.6,0.697341513292433,0,-1,0,-1,0
2009,2.009,0.6,0.693251533742331,0,-1,0,-1,0
2010,2.01,0.6,0.689161554192229,1,50,0,3,0
2011,2.011,0.6,0.685071574642127,0,-1,0,-1,0
2012,2.012,0.6,0.680981595092025,0,-1,0,-1,0
2013,2.013,0.6,0.676891615541922,0,-1,0,-1,0
2014,2.014,0.6,0.67280163599182,0,-1,0,-1,0
2015,2.015,0.6,0.668711656441718,0,-1,0,-1,0
2016,2.016,0.6,0.664621676891616,0,-1,0,-1,0
2017,2.017,0.6,0.660531697341513,0,-1,0,-1,0
2018,2.018,0.6,0.656441717791411,0,-1,0,-1,0
2019,2.019,0.6,0.652351738241309,0,-1,0,-1,0
2020,2.02,0.6,0.648261758691207,0,-1,0,-1,0
2021,2.021,0.6,0.644171779141104,0,-1,0,-1,0
2022,2.022,0.6,0.640081799591002,0,-1,0,-1,0
2023,2.023,0.6,0.6359918200409,0,-1,0,-1,0
2024,2.024,0.6,0.631901840490797,0,-1,0,-1,0
2025,2.025,0.6,0.627811860940695,0,-1,0,-1,0
2026,2.026,0.6,0.623721881390593,0,-1,0,-1,0
2027,2.027,0.6,0.619631901840491,0,-1,0,-1,0
2028,2.028,0.6,0.615541922290389,0,-1,0,-1,0
2029,2.029,0.6,0.611451942740286,0,-1,0,-1,0
2030,2.03,0.6,0.607361963190184,0,-1,0,-1,0
2031,2.031,0.6,0.603271983640082,0,-1,0,-1,0
2032,2.032,0.6,0.59918200408998,0,-1,0,-1,0
2033,2.033,0.6,0.595092024539877,0,-1,0,-1,0
2034,2.034,0.6,0.591002044989775,0,-1,0,-1,0
2035,2.035,0.6,0.586912065439673,0,-1,0,-1,0
2036,2.036,0.6,0.582822085889571,0,-1,0,-1,0
2037,2.037,0.6,0.578732106339468,0,-1,0,-1,0
2038,2.038,0.6,0.574642126789366,0,-1,0,-1,0
2039,2.039,0.6,0.570552147239264,0,-1,0,-1,0
2040,2.04,0.6,0.566462167689161,1,51,0,3,0
2041,2.041,0.6,0.562372188139059,0,-1,0,-1,0
2042,2.042,0.6,0.558282208588957,0,-1,0,-1,0
2043,2.043,0.6,0.554192229038855,0,-1,0,-1,0
2044,2.044,0.6,0.550102249488753,0,-1,0,-1,0
2045,2.045,0.6,0.54601226993865,0,-1,0,-1,0
2046,2.046,0.6,0.541922290388548,0,-1,0,-1,0
2047,2.047,0.6,0.537832310838446,0,-1,0,-1,0
2048,2.048,0.6,0.533742331288344,0,-1,0,-1,0
2049,2.049,0.6,0.529652351738241,0,-1,0,-1,0
2050,2.05,0.6,0.525562372188139,0,-1,0,-1,0
2051,2.051,0.6,0.521472392638037,0,-1,0,-1,0
2052,2.052,0.6,0.517382413087935,0,-1,0,-1,0
2053,2.053,0.6,0.513292433537832,0,-1,0,-1,0
2054,2.054,0.6,0.50920245398773,0,-1,0,-1,0
2055,2.055,0.6,0.505112474437628,0,-1,0,-1,0
2056,2.056,0.6,0.501022494887525,0,-1,0,-1,0
2057,2.057,0.6,0.496932515337423,0,-1,0,-1,0
2058,2.058,0.6,0.492842535787321,0,-1,0,-1,0
2059,2.059,0.6,0.488752556237219,0,-1,0,-1,0
2060,2.06,0.6,0.484662576687117,0,-1,0,-1,0
2061,2.061,0.6,0.480572597137014,0,-1,0,-1,0
2062,2.062,0.6,0.476482617586912,0,-1,0,-1,0
2063,2.063,0.6,0.47239263803681,0,-1,0,-1,0
2064,2.064,0.6,0.468302658486708,0,-1,0,-1,0
2065,2.065,0.6,0.464212678936605,0,-1,0,-1,0
2066,2.066,0.6,0.460122699386503,0,-1,0,-1,0
2067,2.067,0.6,0.456032719836401,0,-1,0,-1,0
2068,2.068,0.6,0.451942740286299,0,-1,0,-1,0
2069,2.069,0.6,0.447852760736196,0,-1,0,-1,0
2070,2.07,0.6,0.443762781186094,1,52,0,3,0
2071,2.071,0.6,0.439672801635992,0,-1,0,-1,0
2072,2.072,0.6,0.43558282208589,0,-1,0,-1,0
2073,2.073,0.6,0.431492842535787,0,-1,0,-1,0
2074,2.074,0.6,0.427402862985685,0,-1,0,-1,0
2075,2.075,0.6,0.423312883435583,0,-1,0,-1,0
2076,2.076,0.6,0.419222903885481,0,-1,0,-1,0
2077,2.077,0.6,0.415132924335378,0,-1,0,-1,0
2078,2.078,0.6,0.411042944785276,0,-1,0,-1,0
2079,2.079,0.6,0.406952965235174,0,-1,0,-1,0
2080,2.08,0.6,0.402862985685072,0,-1,0,-1,0
2081,2.081,0.6,0.398773006134969,0,-1,0,-1,0
2082,2.082,0.6,0.394683026584867,0,-1,0,-1,0
2083,2.083,0.6,0.390593047034765,0,-1,0,-1,0
2084,2.084,0.6,0.386503067484663,0,-1,0,-1,0
2085,2.085,0.6,0.38241308793456,0,-1,0,-1,0
2086,2.086,0.6,0.378323108384458,0,-1,0,-1,0
2087,2.087,0.6,0.374233128834356,0,-1,0,-1,0
2088,2.088,0.6,0.370143149284254,0,-1,0,-1,0
2089,2.089,0.6,0.366053169734151,0,-1,0,-1,0
2090,2.09,0.6,0.361963190184049,0,-1,0,-1,0
2091,2.091,0.6,0.357873210633947,0,-1,0,-1,0
2092,2.092,0.6,0.353783231083845,0,-1,0,-1,0
2093,2.093,0.6,0.349693251533742,0,-1,0,-1,0
2094,2.094,0.6,0.34560327198364,0,-1,0,-1,0
2095,2.095,0.6,0.341513292433538,0,-1,0,-1,0
2096,2.096,0.6,0.337423312883436,0,-1,0,-1,0
2097,2.097,0.6,0.333333333333333,0,-1,0,-1,0
2098,2.098,0.6,0.329243353783231,0,-1,0,-1,0
2099,2.099,0.6,0.325153374233129,0,-1,0,-1,0
2100,2.1,0.6,0.321063394683027,1,53,0,3,0
2101,2.101,0.6,0.316973415132924,0,-1,0,-1,0
2102,2.102,0.6,0.312883435582822,0,-1,0,-1,0
2103,2.103,0.6,0.30879345603272,0,-1,0,-1,0
2104,2.104,0.6,0.304703476482618,0,-1,0,-1,0
2105,2.105,0.6,0.300613496932515,0,-1,0,-1,0
2106,2.106,0.6,0.296523517382413,0,-1,0,-1,0
2107,2.107,0.6,0.292433537832311,0,-1,0,-1,0
2108,2.108,0.6,0.288343558282208,0,-1,0,-1,0
2109,2.109,0.6,0.284253578732106,0,-1,0,-1,0
2110,2.11,0.6,0.280163599182004,0,-1,0,-1,0
2111,2.111,0.6,0.276073619631902,0,-1,0,-1,0
2112,2.112,0.6,0.2719836400818,0,-1,0,-1,0
2113,2.113,0.6,0.267893660531697,0,-1,0,-1,0
2114,2.114,0.6,0.263803680981595,0,-1,0,-1,0
2115,2.115,0.6,0.259713701431493,0,-1,0,-1,0
2116,2.116,0.6,0.255623721881391,0,-1,0,-1,0
2117,2.117,0.6,0.251533742331288,0,-1,0,-1,0
2118,2.118,0.6,0.247443762781186,0,-1,0,-1,0
2119,2.119,0.6,0.243353783231084,0,-1,0,-1,0
2120,2.12,0.6,0.239263803680982,0,-1,0,-1,0
2121,2.121,0.6,0.235173824130879,0,-1,0,-1,0
2122,2.122,0.6,0.231083844580777,0,-1,0,-1,0
2123,2.123,0.6,0.226993865030675,0,-1,0,-1,0
2124,2.124,0.6,0.222903885480572,0,-1,0,-1,0
2125,2.125,0.6,0.21881390593047,0,-1,0,-1,0
2126,2.126,0.6,0.214723926380368,0,-1,0,-1,0
2127,2.127,0.6,0.210633946830266,0,-1,0,-1,0
2128,2.128,0.6,0.206543967280164,0,-1,0,-1,0
2129,2.129,0.6,0.202453987730061,0,-1,0,-1,0
2130,2.13,0.6,0.198364008179959,1,54,0,3,0
2131,2.131,0.6,0.194274028629857,0,-1,0,-1,0
2132,2.132,0.6,0.190184049079755,0,-1,0,-1,0
2133,2.133,0.6,0.186094069529652,0,-1,0,-1,0
2134,2.134,0.6,0.18200408997955,0,-1,0,-1,0
2135,2.135,0.6,0.177914110429448,0,-1,0,-1,0
2136,2.136,0.6,0.173824130879346,0,-1,0,-1,0
2137,2.137,0.6,0.169734151329243,0,-1,0,-1,0
2138,2.138,0.6,0.165644171779141,0,-1,0,-1,0
2139,2.139,0.6,0.161554192229039,0,-1,0,-1,0
2140,2.14,0.6,0.157464212678937,0,-1,0,-1,0
2141,2.141,0.6,0.153374233128834,0,-1,0,-1,0
2142,2.142,0.6,0.149284253578732,0,-1,0,-1,0
2143,2.143,0.6,0.14519427402863,0,-1,0,-1,0
2144,2.144,0.6,0.141104294478528,0,-1,0,-1,0
2145,2.145,0.6,0.137014314928425,0,-1,0,-1,0
2146,2.146,0.6,0.132924335378323,0,-1,0,-1,0
2147,2.147,0.6,0.128834355828221,0,-1,0,-1,0
2148,2.148,0.6,0.124744376278119,0,-1,0,-1,0
2149,2.149,0.6,0.120654396728016,0,-1,0,-1,0
2150,2.15,0.6,0.116564417177914,0,-1,0,-1,0
2151,2.151,0.6,0.112474437627812,0,-1,0,-1,0
2152,2.152,0.6,0.10838445807771,0,-1,0,-1,0
2153,2.153,0.6,0.104294478527607,0,-1,0,-1,0
2154,2.154,0.6,0.100204498977505,0,-1,0,-1,0
2155,2.155,0.6,0.0961145194274029,0,-1,0,-1,0
2156,2.156,0.6,0.0920245398773005,0,-1,0,-1,0
2157,2.157,0.6,0.0879345603271984,0,-1,0,-1,0
2158,2.158,0.6,0.0838445807770962,0,-1,0,-1,0
2159,2.159,0.6,0.0797546012269938,0,-1,0,-1,0
2160,2.16,0.6,0.0756646216768917,1,55,0,3,0
2161,2.161,0.6,0.0715746421267893,0,-1,0,-1,0
2162,2.162,0.6,0.0674846625766872,0,-1,0,-1,0
2163,2.163,0.6,0.0633946830265848,0,-1,0,-1,0
2164,2.164,0.6,0.0593047034764826,0,-1,0,-1,0
2165,2.165,0.6,0.0552147239263803,0,-1,0,-1,0
2166,2.166,0.6,0.0511247443762781,0,-1,0,-1,0
2167,2.167,0.6,0.047034764826176,0,-1,0,-1,0
2168,2.168,0.6,0.0429447852760736,0,-1,0,-1,0
2169,2.169,0.6,0.0388548057259714,0,-1,0,-1,0
2170,2.17,0.6,0.0347648261758691,0,-1,0,-1,0
2171,2.171,0.6,0.0306748466257669,0,-1,0,-1,0
2172,2.172,0.6,0.0265848670756645,0,-1,0,-1,0
2173,2.173,0.6,0.0224948875255624,0,-1,0,-1,0
2174,2.174,0.6,0.01840490797546,0,-1,0,-1,0
2175,2.175,0.6,0.0143149284253579,0,-1,0,-1,0
2176,2.176,0.6,0.0102249488752557,0,-1,0,-1,0
2177,2.177,0.6,0.0061349693251533,0,-1,0,-1,0
2178,2.178,0.6,0.0020449897750511,0,-1,0,-1,0
2179,2.179,0.6,-0.002044989775051,0,-1,0,-1,0
2180,2.18,0.6,-0.0061349693251533,0,-1,0,-1,0
2181,2.181,0.6,-0.0102249488752556,0,-1,0,-1,0
2182,2.182,0.6,-0.0143149284253579,0,-1,0,-1,0
2183,2.183,0.6,-0.0184049079754601,0,-1,0,-1,0
2184,2.184,0.6,-0.0224948875255624,0,-1,0,-1,0
2185,2.185,0.6,-0.0265848670756647,0,-1,0,-1,0
2186,2.186,0.6,-0.0306748466257669,0,-1,0,-1,0
2187,2.187,0.6,-0.0347648261758691,0,-1,0,-1,0
2188,2.188,0.6,-0.0388548057259713,0,-1,0,-1,0
2189,2.189,0.6,-0.0429447852760736,0,-1,0,-1,0
2190,2.19,0.6,-0.0470347648261759,1,56,0,3,0
2191,2.191,0.6,-0.0511247443762781,0,-1,0,-1,0
2192,2.192,0.6,-0.0552147239263804,0,-1,0,-1,0
2193,2.193,0.6,-0.0593047034764826,0,-1,0,-1,0
2194,2.194,0.6,-0.0633946830265849,0,-1,0,-1,0
2195,2.195,0.6,-0.0674846625766872,0,-1,0,-1,0
2196,2.196,0.6,-0.0715746421267893,0,-1,0,-1,0
2197,2.197,0.6,-0.0756646216768916,0,-1,0,-1,0
2198,2.198,0.6,-0.0797546012269938,0,-1,0,-1,0
2199,2.199,0.6,-0.0838445807770961,0,-1,0,-1,0
2200,2.2,0.6,-0.0879345603271984,0,-1,0,-1,0
2201,2.201,0.6,-0.0920245398773006,0,-1,0,-1,0
2202,2.202,0.6,-0.0961145194274029,0,-1,0,-1,0
2203,2.203,0.6,-0.100204498977505,0,-1,0,-1,0
2204,2.204,0.6,-0.104294478527607,0,-1,0,-1,0
2205,2.205,0.6,-0.10838445807771,0,-1,0,-1,0
2206,2.206,0.6,-0.112474437627812,0,-1,0,-1,0
2207,2.207,0.6,-0.116564417177914,0,-1,0,-1,0
2208,2.208,0.6,-0.120654396728016,0,-1,0,-1,0
2209,2.209,0.6,-0.124744376278119,0,-1,0,-1,0
2210,2.21,0.6,-0.128834355828221,0,-1,0,-1,0
2211,2.211,0.6,-0.132924335378323,0,-1,0,-1,0
2212,2.212,0.6,-0.137014314928425,0,-1,0,-1,0
2213,2.213,0.6,-0.141104294478528,0,-1,0,-1,0
2214,2.214,0.6,-0.14519427402863,0,-1,0,-1,0
2215,2.215,0.6,-0.149284253578732,0,-1,0,-1,0
2216,2.216,0.6,-0.153374233128834,0,-1,0,-1,0
2217,2.217,0.6,-0.157464212678937,0,-1,0,-1,0
2218,2.218,0.6,-0.161554192229039,0,-1,0,-1,0
2219,2.219,0.6,-0.165644171779141,0,-1,0,-1,0
2220,2.22,0.6,-0.169734151329243,1,57,0,3,0
2221,2.221,0.6,-0.173824130879346,0,-1,0,-1,0
2222,2.222,0.6,-0.177914110429448,0,-1,0,-1,0
2223,2.223,0.6,-0.18200408997955,0,-1,0,-1,0
2224,2.224,0.6,-0.186094069529652,0,-1,0,-1,0
2225,2.225,0.6,-0.190184049079755,0,-1,0,-1,0
2226,2.226,0.6,-0.194274028629857,0,-1,0,-1,0
2227,2.227,0.6,-0.198364008179959,0,-1,0,-1,0
2228,2.228,0.6,-0.202453987730061,0,-1,0,-1,0
2229,2.229,0.6,-0.206543967280164,0,-1,0,-1,0
2230,2.23,0.6,-0.210633946830266,0,-1,0,-1,0
2231,2.231,0.6,-0.214723926380368,0,-1,0,-1,0
2232,2.232,0.6,-0.21881390593047,0,-1,0,-1,0
2233,2.233,0.6,-0.222903885480573,0,-1,0,-1,0
2234,2.234,0.6,-0.226993865030675,0,-1,0,-1,0
2235,2.235,0.6,-0.231083844580777,0,-1,0,-1,0
2236,2.236,0.6,-0.235173824130879,0,-1,0,-1,0
2237,2.237,0.6,-0.239263803680982,0,-1,0,-1,0
2238,2.238,0.6,-0.243353783231084,0,-1,0,-1,0
2239,2.239,0.6,-0.247443762781186,0,-1,0,-1,0
2240,2.24,0.6,-0.251533742331288,0,-1,0,-1,0
2241,2.241,0.6,-0.255623721881391,0,-1,0,-1,0
2242,2.242,0.6,-0.259713701431493,0,-1,0,-1,0
2243,2.243,0.6,-0.263803680981595,0,-1,0,-1,0
2244,2.244,0.6,-0.267893660531697,0,-1,0,-1,0
2245,2.245,0.6,-0.2719836400818,0,-1,0,-1,0
2246,2.246,0.6,-0.276073619631902,0,-1,0,-1,0
2247,2.247,0.6,-0.280163599182004,0,-1,0,-1,0
2248,2.248,0.6,-0.284253578732106,0,-1,0,-1,0
2249,2.249,0.6,-0.288343558282209,0,-1,0,-1,0
2250,2.25,0.6,-0.292433537832311,1,58,0,3,0
2251,2.251,0.6,-0.296523517382413,0,-1,0,-1,0
2252,2.252,0.6,-0.300613496932515,0,-1,0,-1,0
2253,2.253,0.6,-0.304703476482618,0,-1,0,-1,0
2254,2.254,0.6,-0.30879345603272,0,-1,0,-1,0
2255,2.255,0.6,-0.312883435582822,0,-1,0,-1,0
2256,2.256,0.6,-0.316973415132924,0,-1,0,-1,0
2257,2.257,0.6,-0.321063394683027,0,-1,0,-1,0
2258,2.258,0.6,-0.325153374233129,0,-1,0,-1,0
2259,2.259,0.6,-0.329243353783231,0,-1,0,-1,0
2260,2.26,0.6,-0.333333333333333,0,-1,0,-1,0
2261,2.261,0.6,-0.337423312883436,0,-1,0,-1,0
2262,2.262,0.6,-0.341513292433538,0,-1,0,-1,0
2263,2.263,0.6,-0.34560327198364,0,-1,0,-1,0
2264,2.264,0.6,-0.349693251533742,0,-1,0,-1,0
2265,2.265,0.6,-0.353783231083845,0,-1,0,-1,0
2266,2.266,0.6,-0.357873210633947,0,-1,0,-1,0
2267,2.267,0.6,-0.361963190184049,0,-1,0,-1,0
2268,2.268,0.6,-0.366053169734151,0,-1,0,-1,0
2269,2.269,0.6,-0.370143149284254,0,-1,0,-1,0
2270,2.27,0.6,-0.374233128834356,0,-1,0,-1,0
2271,2.271,0.6,-0.378323108384458,0,-1,0,-1,0
2272,2.272,0.6,-0.38241308793456,0,-1,0,-1,0
2273,2.273,0.6,-0.386503067484663,0,-1,0,-1,0
2274,2.274,0.6,-0.390593047034765,0,-1,0,-1,0
2275,2.275,0.6,-0.394683026584867,0,-1,0,-1,0
2276,2.276,0.6,-0.398773006134969,0,-1,0,-1,0
2277,2.277,0.6,-0.402862985685072,0,-1,0,-1,0
2278,2.278,0.6,-0.406952965235174,0,-1,0,-1,0
2279,2.279,0.6,-0.411042944785276,0,-1,0,-1,0
2280,2.28,0.6,-0.415132924335378,1,59,0,3,0
2281,2.281,0.6,-0.419222903885481,0,-1,0,-1,0
2282,2.282,0.6,-0.423312883435583,0,-1,0,-1,0
2283,2.283,0.6,-0.427402862985685,0,-1,0,-1,0
2284,2.284,0.6,-0.431492842535787,0,-1,0,-1,0
2285,2.285,0.6,-0.43558282208589,0,-1,0,-1,0
2286,2.286,0.6,-0.439672801635992,0,-1,0,-1,0
2287,2.287,0.6,-0.443762781186094,0,-1,0,-1,0
2288,2.288,0.6,-0.447852760736196,0,-1,0,-1,0
2289,2.289,0.6,-0.451942740286299,0,-1,0,-1,0
2290,2.29,0.6,-0.456032719836401,0,-1,0,-1,0
2291,2.291,0.6,-0.460122699386503,0,-1,0,-1,0
2292,2.292,0.6,-0.464212678936605,0,-1,0,-1,0
2293,2.293,0.6,-0.468302658486708,0,-1,0,-1,0
2294,2.294,0.6,-0.47239263803681,0,-1,0,-1,0
2295,2.295,0.6,-0.476482617586912,0,-1,0,-1,0
2296,2.296,0.6,-0.480572597137014,0,-1,0,-1,0
2297,2.297,0.6,-0.484662576687117,0,-1,0,-1,0
2298,2.298,0.6,-0.488752556237219,0,-1,0,-1,0
2299,2.299,0.6,-0.492842535787321,0,-1,0,-1,0
2300,2.3,0.6,-0.496932515337423,0,-1,0,-1,0
2301,2.301,0.6,-0.501022494887525,0,-1,0,-1,0
2302,2.302,0.6,-0.505112474437628,0,-1,0,-1,0
2303,2.303,0.6,-0.50920245398773,0,-1,0,-1,0
2304,2.304,0.6,-0.513292433537832,0,-1,0,-1,0
2305,2.305,0.6,-0.517382413087935,0,-1,0,-1,0
2306,2.306,0.6,-0.521472392638037,0,-1,0,-1,0
2307,2.307,0.6,-0.525562372188139,0,-1,0,-1,0
2308,2.308,0.6,-0.529652351738241,0,-1,0,-1,0
2309,2.309,0.6,-0.533742331288344,0,-1,0,-1,0
2310,2.31,0.6,-0.537832310838446,1,60,0,3,0
2311,2.311,0.6,-0.541922290388548,0,-1,0,-1,0
2312,2.312,0.6,-0.54601226993865,0,-1,0,-1,0
2313,2.313,0.6,-0.550102249488753,0,-1,0,-1,0
2314,2.314,0.6,-0.554192229038855,0,-1,0,-1,0
2315,2.315,0.6,-0.558282208588957,0,-1,0,-1,0
2316,2.316,0.6,-0.562372188139059,0,-1,0,-1,0
2317,2.317,0.6,-0.566462167689162,0,-1,0,-1,0
2318,2.318,0.6,-0.570552147239264,0,-1,0,-1,0
2319,2.319,0.6,-0.574642126789366,0,-1,0,-1,0
2320,2.32,0.6,-0.578732106339468,0,-1,0,-1,0
2321,2.321,0.6,-0.582822085889571,0,-1,0,-1,0
2322,2.322,0.6,-0.586912065439673,0,-1,0,-1,0
2323,2.323,0.6,-0.591002044989775,0,-1,0,-1,0
2324,2.324,0.6,-0.595092024539877,0,-1,0,-1,0
2325,2.325,0.6,-0.59918200408998,0,-1,0,-1,0
2326,2.326,0.6,-0.603271983640082,0,-1,0,-1,0
2327,2.327,0.6,-0.607361963190184,0,-1,0,-1,0
2328,2.328,0.6,-0.611451942740286,0,-1,0,-1,0
2329,2.329,0.6,-0.615541922290389,0,-1,0,-1,0
2330,2.33,0.6,-0.619631901840491,0,-1,0,-1,0
2331,2.331,0.6,-0.623721881390593,0,-1,0,-1,0
2332,2.332,0.6,-0.627811860940695,0,-1,0,-1,0
2333,2.333,0.6,-0.631901840490798,0,-1,0,-1,0
2334,2.334,0.6,-0.6359918200409,0,-1,0,-1,0
2335,2.335,0.6,-0.640081799591002,0,-1,0,-1,0
2336,2.336,0.6,-0.644171779141104,0,-1,0,-1,0
2337,2.337,0.6,-0.648261758691207,0,-1,0,-1,0
2338,2.338,0.6,-0.652351738241309,0,-1,0,-1,0
2339,2.339,0.6,-0.656441717791411,0,-1,0,-1,0
2340,2.34,0.6,-0.660531697341513,1,61,0,3,0
2341,2.341,0.6,-0.664621676891616,0,-1,0,-1,0
2342,2.342,0.6,-0.668711656441718,0,-1,0,-1,0
2343,2.343,0.6,-0.67280163599182,0,-1,0,-1,0
2344,2.344,0.6,-0.676891615541922,0,-1,0,-1,0
2345,2.345,0.6,-0.680981595092025,0,-1,0,-1,0
2346,2.346,0.6,-0.685071574642127,0,-1,0,-1,0
2347,2.347,0.6,-0.689161554192229,0,-1,0,-1,0
2348,2.348,0.6,-0.693251533742331,0,-1,0,-1,0
2349,2.349,0.6,-0.697341513292434,0,-1,0,-1,0
2350,2.35,0.6,-0.701431492842536,0,-1,0,-1,0
2351,2.351,0.6,-0.705521472392638,0,-1,0,-1,0
2352,2.352,0.6,-0.70961145194274,0,-1,0,-1,0
2353,2.353,0.6,-0.713701431492842,0,-1,0,-1,0
2354,2.354,0.6,-0.717791411042945,0,-1,0,-1,0
2355,2.355,0.6,-0.721881390593047,0,-1,0,-1,0
2356,2.356,0.6,-0.725971370143149,0,-1,0,-1,0
2357,2.357,0.6,-0.730061349693252,0,-1,0,-1,0
2358,2.358,0.6,-0.734151329243354,0,-1,0,-1,0
2359,2.359,0.6,-0.738241308793456,0,-1,0,-1,0
2360,2.36,0.6,-0.742331288343558,0,-1,0,-1,0
2361,2.361,0.6,-0.746421267893661,0,-1,0,-1,0
2362,2.362,0.6,-0.750511247443763,0,-1,0,-1,0
2363,2.363,0.6,-0.754601226993865,0,-1,0,-1,0
2364,2.364,0.6,-0.758691206543967,0,-1,0,-1,0
2365,2.365,0.6,-0.76278118609407,0,-1,0,-1,0
2366,2.366,0.6,-0.766871165644172,0,-1,0,-1,0
2367,2.367,0.6,-0.770961145194274,0,-1,0,-1,0
2368,2.368,0.6,-0.775051124744376,0,-1,0,-1,0
2369,2.369,0.6,-0.779141104294478,0,-1,0,-1,0
2370,2.37,0.6,-0.783231083844581,1,62,0,3,0
2371,2.371,0.6,-0.787321063394683,0,-1,0,-1,0
2372,2.372,0.6,-0.791411042944785,0,-1,0,-1,0
2373,2.373,0.6,-0.795501022494888,0,-1,0,-1,0
2374,2.374,0.6,-0.79959100204499,0,-1,0,-1,0
2375,2.375,0.6,-0.803680981595092,0,-1,0,-1,0
2376,2.376,0.6,-0.807770961145194,0,-1,0,-1,0
2377,2.377,0.6,-0.811860940695297,0,-1,0,-1,0
2378,2.378,0.6,-0.815950920245399,0,-1,0,-1,0
2379,2.379,0.6,-0.820040899795501,0,-1,0,-1,0
2380,2.38,0.6,-0.824130879345603,0,-1,0,-1,0
2381,2.381,0.6,-0.828220858895706,0,-1,0,-1,0
2382,2.382,0.6,-0.832310838445808,0,-1,0,-1,0
2383,2.383,0.6,-0.83640081799591,0,-1,0,-1,0
2384,2.384,0.6,-0.840490797546012,0,-1,0,-1,0
2385,2.385,0.6,-0.844580777096114,0,-1,0,-1,0
2386,2.386,0.6,-0.848670756646217,0,-1,0,-1,0
2387,2.387,0.6,-0.852760736196319,0,-1,0,-1,0
2388,2.388,0.6,-0.856850715746421,0,-1,0,-1,0
2389,2.389,0.6,-0.860940695296524,0,-1,0,-1,0
2390,2.39,0.6,-0.865030674846626,0,-1,0,-1,0
2391,2.391,0.6,-0.869120654396728,0,-1,0,-1,0
2392,2.392,0.6,-0.87321063394683,0,-1,0,-1,0
2393,2.393,0.6,-0.877300613496933,0,-1,0,-1,0
2394,2.394,0.6,-0.881390593047035,0,-1,0,-1,0
2395,2.395,0.6,-0.885480572597137,0,-1,0,-1,0
2396,2.396,0.6,-0.889570552147239,0,-1,0,-1,0
2397,2.397,0.6,-0.893660531697342,0,-1,0,-1,0
2398,2.398,0.6,-0.897750511247444,0,-1,0,-1,0
2399,2.399,0.6,-0.901840490797546,0,-1,0,-1,0
2400,2.4,0.6,-0.905930470347648,1,63,0,3,0
2401,2.401,0.6,-0.910020449897751,0,-1,0,-1,0
2402,2.402,0.6,-0.914110429447853,0,-1,0,-1,0
2403,2.403,0.6,-0.918200408997955,0,-1,0,-1,0
2404,2.404,0.6,-0.922290388548057,0,-1,0,-1,0
2405,2.405,0.595555555555556,-0.926380368098159,0,-1,0,-1,0
2406,2.406,0.595555555555556,-0.930470347648262,0,-1,0,-1,0
2407,2.407,0.595555555555556,-0.934560327198364,0,-1,0,-1,0
2408,2.408,0.591111111111111,-0.938650306748466,0,-1,0,-1,0
2409,2.409,0.591111111111111,-0.942740286298569,0,-1,0,-1,0
2410,2.41,0.586666666666667,-0.946830265848671,0,-1,0,-1,0
2411,2.411,0.582222222222222,-0.950920245398773,0,-1,0,-1,0
2412,2.412,0.577777777777778,-0.955010224948875,0,-1,0,-1,0
2413,2.413,0.573333333333333,-0.959100204498977,0,-1,0,-1,0
2414,2.414,0.568888888888889,-0.96319018404908,0,-1,0,-1,0
2415,2.415,0.564444444444445,-0.96319018404908,0,-1,0,-1,0
2416,2.416,0.56,-0.967280163599182,0,-1,0,-1,0
2417,2.417,0.555555555555556,-0.967280163599182,0,-1,0,-1,0
2418,2.418,0.551111111111111,-0.967280163599182,0,-1,0,-1,0
2419,2.419,0.546666666666667,-0.971370143149284,0,-1,0,-1,0
2420,2.42,0.542222222222222,-0.971370143149284,0,-1,0,-1,0
2421,2.421,0.537777777777778,-0.971370143149284,0,-1,0,-1,0
2422,2.422,0.533333333333333,-0.971370143149284,0,-1,0,-1,0
2423,2.423,0.528888888888889,-0.971370143149284,0,-1,0,-1,0
2424,2.424,0.524444444444444,-0.971370143149284,0,-1,0,-1,0
2425,2.425,0.52,-0.971370143149284,0,-1,0,-1,0
2426,2.426,0.515555555555556,-0.967280163599182,0,-1,0,-1,0
2427,2.427,0.511111111111111,-0.967280163599182,0,-1,0,-1,0
2428,2.428,0.506666666666667,-0.967280163599182,0,-1,0,-1,0
2429,2.429,0.502222222222222,-0.96319018404908,0,-1,0,-1,0
2430,2.43,0.497777777777778,-0.96319018404908,0,-1,0,-1,0
2431,2.431,0.493333333333333,-0.959100204498977,0,-1,0,-1,0
2432,2.432,0.488888888888889,-0.955010224948875,0,-1,0,-1,0
2433,2.433,0.484444444444444,-0.950920245398773,0,-1,0,-1,0
2434,2.434,0.48,-0.946830265848671,0,-1,0,-1,0
2435,2.435,0.475555555555556,-0.942740286298569,0,-1,0,-1,0
2436,2.436,0.475555555555556,-0.938650306748466,0,-1,0,-1,0
2437,2.437,0.471111111111111,-0.934560327198364,0,-1,0,-1,0
2438,2.438,0.471111111111111,-0.930470347648262,0,-1,0,-1,0
2439,2.439,0.471111111111111,-0.926380368098159,0,-1,0,-1,0
2440,2.44,0.466666666666667,-0.922290388548057,0,-1,0,-1,0
2441,2.441,0.466666666666667,-0.918200408997955,0,-1,0,-1,0
2442,2.442,0.466666666666667,-0.914110429447853,0,-1,0,-1,0
2443,2.443,0.466666666666667,-0.910020449897751,0,-1,0,-1,0
2444,2.444,0.466666666666667,-0.905930470347648,1,64,1,4,0
2445,2.445,0.466666666666667,-0.901840490797546,0,-1,0,-1,0
2446,2.446,0.466666666666667,-0.897750511247444,0,-1,0,-1,0
2447,2.447,0.466666666666667,-0.893660531697342,0,-1,0,-1,0
2448,2.448,0.466666666666667,-0.889570552147239,0,-1,0,-1,0
2449,2.449,0.466666666666667,-0.885480572597137,0,-1,0,-1,0
2450,2.45,0.466666666666667,-0.881390593047035,0,-1,0,-1,0
2451,2.451,0.466666666666667,-0.877300613496933,0,-1,0,-1,0
2452,2.452,0.466666666666667,-0.87321063394683,0,-1,0,-1,0
2453,2.453,0.466666666666667,-0.869120654396728,0,-1,0,-1,0
2454,2.454,0.466666666666667,-0.865030674846626,0,-1,0,-1,0
2455,2.455,0.466666666666667,-0.860940695296524,0,-1,0,-1,0
2456,2.456,0.466666666666667,-0.856850715746421,0,-1,0,-1,0
2457,2.457,0.466666666666667,-0.852760736196319,0,-1,0,-1,0
2458,2.458,0.466666666666667,-0.848670756646217,0,-1,0,-1,0
2459,2.459,0.466666666666667,-0.844580777096114,0,-1,0,-1,0
2460,2.46,0.466666666666667,-0.840490797546012,0,-1,0,-1,0
2461,2.461,0.466666666666667,-0.83640081799591,0,-1,0,-1,0
2462,2.462,0.466666666666667,-0.832310838445808,0,-1,0,-1,0
2463,2.463,0.466666666666667,-0.828220858895706,0,-1,0,-1,0
2464,2.464,0.466666666666667,-0.824130879345603,0,-1,0,-1,0
2465,2.465,0.466666666666667,-0.820040899795501,0,-1,0,-1,0
2466,2.466,0.466666666666667,-0.815950920245399,0,-1,0,-1,0
2467,2.467,0.466666666666667,-0.811860940695297,0,-1,0,-1,0
2468,2.468,0.466666666666667,-0.807770961145194,0,-1,0,-1,0
2469,2.469,0.466666666666667,-0.803680981595092,0,-1,0,-1,0
2470,2.47,0.466666666666667,-0.79959100204499,0,-1,0,-1,0
2471,2.471,0.466666666666667,-0.795501022494888,0,-1,0,-1,0
2472,2.472,0.466666666666667,-0.791411042944785,0,-1,0,-1,0
2473,2.473,0.466666666666667,-0.787321063394683,0,-1,0,-1,0
2474,2.474,0.466666666666667,-0.783231083844581,1,65,0,4,0
2475,2.475,0.466666666666667,-0.779141104294478,0,-1,0,-1,0
2476,2.476,0.466666666666667,-0.775051124744376,0,-1,0,-1,0
2477,2.477,0.466666666666667,-0.770961145194274,0,-1,0,-1,0
2478,2.478,0.466666666666667,-0.766871165644172,0,-1,0,-1,0
2479,2.479,0.466666666666667,-0.76278118609407,0,-1,0,-1,0
2480,2.48,0.466666666666667,-0.758691206543967,0,-1,0,-1,0
2481,2.481,0.466666666666667,-0.754601226993865,0,-1,0,-1,0
2482,2.482,0.466666666666667,-0.750511247443763,0,-1,0,-1,0
2483,2.483,0.466666666666667,-0.746421267893661,0,-1,0,-1,0
2484,2.484,0.466666666666667,-0.742331288343558,0,-1,0,-1,0
2485,2.485,0.466666666666667,-0.738241308793456,0,-1,0,-1,0
2486,2.486,0.466666666666667,-0.734151329243354,0,-1,0,-1,0
2487,2.487,0.466666666666667,-0.730061349693252,0,-1,0,-1,0
2488,2.488,0.466666666666667,-0.725971370143149,0,-1,0,-1,0
2489,2.489,0.466666666666667,-0.721881390593047,0,-1,0,-1,0
2490,2.49,0.466666666666667,-0.717791411042945,0,-1,0,-1,0
2491,2.491,0.466666666666667,-0.713701431492842,0,-1,0,-1,0
2492,2.492,0.466666666666667,-0.70961145194274,0,-1,0,-1,0
2493,2.493,0.466666666666667,-0.705521472392638,0,-1,0,-1,0
2494,2.494,0.466666666666667,-0.701431492842536,0,-1,0,-1,0
2495,2.495,0.466666666666667,-0.697341513292434,0,-1,0,-1,0
2496,2.496,0.466666666666667,-0.693251533742331,0,-1,0,-1,0
2497,2.497,0.466666666666667,-0.689161554192229,0,-1,0,-1,0
2498,2.498,0.466666666666667,-0.685071574642127,0,-1,0,-1,0
2499,2.499,0.466666666666667,-0.680981595092025,0,-1,0,-1,0
2500,2.5,0.466666666666667,-0.676891615541922,0,-1,0,-1,0
2501,2.501,0.466666666666667,-0.67280163599182,0,-1,0,-1,0
2502,2.502,0.466666666666667,-0.668711656441718,0,-1,0,-1,0
2503,2.503,0.466666666666667,-0.664621676891616,0,-1,0,-1,0
2504,2.504,0.466666666666667,-0.660531697341513,1,66,0,4,0
2505,2.505,0.466666666666667,-0.656441717791411,0,-1,0,-1,0
2506,2.506,0.466666666666667,-0.652351738241309,0,-1,0,-1,0
2507,2.507,0.466666666666667,-0.648261758691207,0,-1,0,-1,0
2508,2.508,0.466666666666667,-0.644171779141104,0,-1,0,-1,0
2509,2.509,0.466666666666667,-0.640081799591002,0,-1,0,-1,0
2510,2.51,0.466666666666667,-0.6359918200409,0,-1,0,-1,0
2511,2.511,0.466666666666667,-0.631901840490798,0,-1,0,-1,0
2512,2.512,0.466666666666667,-0.627811860940695,0,-1,0,-1,0
2513,2.513,0.466666666666667,-0.623721881390593,0,-1,0,-1,0
2514,2.514,0.466666666666667,-0.619631901840491,0,-1,0,-1,0
2515,2.515,0.466666666666667,-0.615541922290389,0,-1,0,-1,0
2516,2.516,0.466666666666667,-0.611451942740286,0,-1,0,-1,0
2517,2.517,0.466666666666667,-0.607361963190184,0,-1,0,-1,0
2518,2.518,0.466666666666667,-0.603271983640082,0,-1,0,-1,0
2519,2.519,0.466666666666667,-0.59918200408998,0,-1,0,-1,0
2520,2.52,0.466666666666667,-0.595092024539877,0,-1,0,-1,0
2521,2.521,0.466666666666667,-0.591002044989775,0,-1,0,-1,0
2522,2.522,0.466666666666667,-0.586912065439673,0,-1,0,-1,0
2523,2.523,0.466666666666667,-0.582822085889571,0,-1,0,-1,0
2524,2.524,0.466666666666667,-0.578732106339468,0,-1,0,-1,0
2525,2.525,0.466666666666667,-0.574642126789366,0,-1,0,-1,0
2526,2.526,0.466666666666667,-0.570552147239264,0,-1,0,-1,0
2527,2.527,0.466666666666667,-0.566462167689162,0,-1,0,-1,0
2528,2.528,0.466666666666667,-0.562372188139059,0,-1,0,-1,0
2529,2.529,0.466666666666667,-0.558282208588957,0,-1,0,-1,0
2530,2.53,0.466666666666667,-0.554192229038855,0,-1,0,-1,0
2531,2.531,0.466666666666667,-0.550102249488753,0,-1,0,-1,0
2532,2.532,0.466666666666667,-0.54601226993865,0,-1,0,-1,0
2533,2.533,0.466666666666667,-0.541922290388548,0,-1,0,-1,0
2534,2.534,0.466666666666667,-0.537832310838446,1,67,0,4,0
2535,2.535,0.466666666666667,-0.533742331288344,0,-1,0,-1,0
2536,2.536,0.466666666666667,-0.529652351738241,0,-1,0,-1,0
2537,2.537,0.466666666666667,-0.525562372188139,0,-1,0,-1,0
2538,2.538,0.466666666666667,-0.521472392638037,0,-1,0,-1,0
2539,2.539,0.466666666666667,-0.517382413087935,0,-1,0,-1,0
2540,2.54,0.466666666666667,-0.513292433537832,0,-1,0,-1,0
2541,2.541,0.466666666666667,-0.50920245398773,0,-1,0,-1,0
2542,2.542,0.466666666666667,-0.505112474437628,0,-1,0,-1,0
2543,2.543,0.466666666666667,-0.501022494887525,0,-1,0,-1,0
2544,2.544,0.466666666666667,-0.496932515337423,0,-1,0,-1,0
2545,2.545,0.466666666666667,-0.492842535787321,0,-1,0,-1,0
2546,2.546,0.466666666666667,-0.488752556237219,0,-1,0,-1,0
2547,2.547,0.466666666666667,-0.484662576687117,0,-1,0,-1,0
2548,2.548,0.466666666666667,-0.480572597137014,0,-1,0,-1,0
2549,2.549,0.466666666666667,-0.476482617586912,0,-1,0,-1,0
2550,2.55,0.466666666666667,-0.47239263803681,0,-1,0,-1,0
2551,2.551,0.466666666666667,-0.468302658486708,0,-1,0,-1,0
2552,2.552,0.466666666666667,-0.464212678936605,0,-1,0,-1,0
2553,2.553,0.466666666666667,-0.460122699386503,0,-1,0,-1,0
2554,2.554,0.466666666666667,-0.456032719836401,0,-1,0,-1,0
2555,2.555,0.466666666666667,-0.451942740286299,0,-1,0,-1,0
2556,2.556,0.466666666666667,-0.447852760736196,0,-1,0,-1,0
2557,2.557,0.466666666666667,-0.443762781186094,0,-1,0,-1,0
2558,2.558,0.466666666666667,-0.439672801635992,0,-1,0,-1,0
2559,2.559,0.466666666666667,-0.43558282208589,0,-1,0,-1,0
2560,2.56,0.466666666666667,-0.431492842535787,0,-1,0,-1,0
2561,2.561,0.466666666666667,-0.427402862985685,0,-1,0,-1,0
2562,2.562,0.466666666666667,-0.423312883435583,0,-1,0,-1,0
2563,2.563,0.466666666666667,-0.419222903885481,0,-1,0,-1,0
2564,2.564,0.466666666666667,-0.415132924335378,1,68,0,4,0
2565,2.565,0.466666666666667,-0.411042944785276,0,-1,0,-1,0
2566,2.566,0.466666666666667,-0.406952965235174,0,-1,0,-1,0
2567,2.567,0.466666666666667,-0.402862985685072,0,-1,0,-1,0
2568,2.568,0.466666666666667,-0.398773006134969,0,-1,0,-1,0
2569,2.569,0.466666666666667,-0.394683026584867,0,-1,0,-1,0
2570,2.57,0.466666666666667,-0.390593047034765,0,-1,0,-1,0
2571,2.571,0.466666666666667,-0.386503067484663,0,-1,0,-1,0
2572,2.572,0.466666666666667,-0.38241308793456,0,-1,0,-1,0
2573,2.573,0.466666666666667,-0.378323108384458,0,-1,0,-1,0
2574,2.574,0.466666666666667,-0.374233128834356,0,-1,0,-1,0
2575,2.575,0.466666666666667,-0.370143149284254,0,-1,0,-1,0
2576,2.576,0.466666666666667,-0.366053169734151,0,-1,0,-1,0
2577,2.577,0.466666666666667,-0.361963190184049,0,-1,0,-1,0
2578,2.578,0.466666666666667,-0.357873210633947,0,-1,0,-1,0
2579,2.579,0.466666666666667,-0.353783231083845,0,-1,0,-1,0
2580,2.58,0.466666666666667,-0.349693251533742,0,-1,0,-1,0
2581,2.581,0.466666666666667,-0.34560327198364,0,-1,0,-1,0
2582,2.582,0.466666666666667,-0.341513292433538,0,-1,0,-1,0
2583,2.583,0.466666666666667,-0.337423312883436,0,-1,0,-1,0
2584,2.584,0.466666666666667,-0.333333333333333,0,-1,0,-1,0
2585,2.585,0.466666666666667,-0.329243353783231,0,-1,0,-1,0
2586,2.586,0.466666666666667,-0.325153374233129,0,-1,0,-1,0
2587,2.587,0.466666666666667,-0.321063394683027,0,-1,0,-1,0
2588,2.588,0.466666666666667,-0.316973415132924,0,-1,0,-1,0
2589,2.589,0.466666666666667,-0.312883435582822,0,-1,0,-1,0
2590,2.59,0.466666666666667,-0.30879345603272,0,-1,0,-1,0
2591,2.591,0.466666666666667,-0.304703476482618,0,-1,0,-1,0
2592,2.592,0.466666666666667,-0.300613496932515,0,-1,0,-1,0
2593,2.593,0.466666666666667,-0.296523517382413,0,-1,0,-1,0
2594,2.594,0.466666666666667,-0.292433537832311,1,69,0,4,0
2595,2.595,0.466666666666667,-0.288343558282209,0,-1,0,-1,0
2596,2.596,0.466666666666667,-0.284253578732106,0,-1,0,-1,0
2597,2.597,0.466666666666667,-0.280163599182004,0,-1,0,-1,0
2598,2.598,0.466666666666667,-0.276073619631902,0,-1,0,-1,0
2599,2.599,0.466666666666667,-0.2719836400818,0,-1,0,-1,0
2600,2.6,0.466666666666667,-0.267893660531697,0,-1,0,-1,0
2601,2.601,0.466666666666667,-0.263803680981595,0,-1,0,-1,0
2602,2.602,0.466666666666667,-0.259713701431493,0,-1,0,-1,0
2603,2.603,0.466666666666667,-0.255623721881391,0,-1,0,-1,0
2604,2.604,0.466666666666667,-0.251533742331288,0,-1,0,-1,0
2605,2.605,0.466666666666667,-0.247443762781186,0,-1,0,-1,0
2606,2.606,0.466666666666667,-0.243353783231084,0,-1,0,-1,0
2607,2.607,0.466666666666667,-0.239263803680982,0,-1,0,-1,0
2608,2.608,0.466666666666667,-0.235173824130879,0,-1,0,-1,0
2609,2.609,0.466666666666667,-0.231083844580777,0,-1,0,-1,0
2610,2.61,0.466666666666667,-0.226993865030675,0,-1,0,-1,0
2611,2.611,0.466666666666667,-0.222903885480573,0,-1,0,-1,0
2612,2.612,0.466666666666667,-0.21881390593047,0,-1,0,-1,0
2613,2.613,0.466666666666667,-0.214723926380368,0,-1,0,-1,0
2614,2.614,0.466666666666667,-0.210633946830266,0,-1,0,-1,0
2615,2.615,0.466666666666667,-0.206543967280164,0,-1,0,-1,0
2616,2.616,0.466666666666667,-0.202453987730061,0,-1,0,-1,0
2617,2.617,0.466666666666667,-0.198364008179959,0,-1,0,-1,0
2618,2.618,0.466666666666667,-0.194274028629857,0,-1,0,-1,0
2619,2.619,0.466666666666667,-0.190184049079755,0,-1,0,-1,0
2620,2.62,0.466666666666667,-0.186094069529652,0,-1,0,-1,0
2621,2.621,0.466666666666667,-0.18200408997955,0,-1,0,-1,0
2622,2.622,0.466666666666667,-0.177914110429448,0,-1,0,-1,0
2623,2.623,0.466666666666667,-0.173824130879346,0,-1,0,-1,0
2624,2.624,0.466666666666667,-0.169734151329243,1,70,0,4,0
2625,2.625,0.466666666666667,-0.165644171779141,0,-1,0,-1,0
2626,2.626,0.466666666666667,-0.161554192229039,0,-1,0,-1,0
2627,2.627,0.466666666666667,-0.157464212678937,0,-1,0,-1,0
2628,2.628,0.466666666666667,-0.153374233128834,0,-1,0,-1,0
2629,2.629,0.466666666666667,-0.149284253578732,0,-1,0,-1,0
2630,2.63,0.466666666666667,-0.14519427402863,0,-1,0,-1,0
2631,2.631,0.466666666666667,-0.141104294478528,0,-1,0,-1,0
2632,2.632,0.466666666666667,-0.137014314928425,0,-1,0,-1,0
2633,2.633,0.466666666666667,-0.132924335378323,0,-1,0,-1,0
2634,2.634,0.466666666666667,-0.128834355828221,0,-1,0,-1,0
2635,2.635,0.466666666666667,-0.124744376278119,0,-1,0,-1,0
2636,2.636,0.466666666666667,-0.120654396728016,0,-1,0,-1,0
2637,2.637,0.466666666666667,-0.116564417177914,0,-1,0,-1,0
2638,2.638,0.466666666666667,-0.112474437627812,0,-1,0,-1,0
2639,2.639,0.466666666666667,-0.10838445807771,0,-1,0,-1,0
2640,2.64,0.466666666666667,-0.104294478527607,0,-1,0,-1,0
2641,2.641,0.466666666666667,-0.100204498977505,0,-1,0,-1,0
2642,2.642,0.466666666666667,-0.0961145194274029,0,-1,0,-1,0
2643,2.643,0.466666666666667,-0.0920245398773006,0,-1,0,-1,0
2644,2.644,0.466666666666667,-0.0879345603271984,0,-1,0,-1,0
2645,2.645,0.466666666666667,-0.0838445807770961,0,-1,0,-1,0
2646,2.646,0.466666666666667,-0.0797546012269938,0,-1,0,-1,0
2647,2.647,0.466666666666667,-0.0756646216768916,0,-1,0,-1,0
2648,2.648,0.466666666666667,-0.0715746421267893,0,-1,0,-1,0
2649,2.649,0.466666666666667,-0.0674846625766872,0,-1,0,-1,0
2650,2.65,0.466666666666667,-0.0633946830265849,0,-1,0,-1,0
2651,2.651,0.466666666666667,-0.0593047034764826,0,-1,0,-1,0
2652,2.652,0.466666666666667,-0.0552147239263804,0,-1,0,-1,0
2653,2.653,0.466666666666667,-0.0511247443762781,0,-1,0,-1,0
2654,2.654,0.466666666666667,-0.0470347648261759,1,71,0,4,0
2655,2.655,0.466666666666667,-0.0429447852760736,0,-1,0,-1,0
2656,2.656,0.466666666666667,-0.0388548057259713,0,-1,0,-1,0
2657,2.657,0.466666666666667,-0.0347648261758691,0,-1,0,-1,0
2658,2.658,0.466666666666667,-0.0306748466257669,0,-1,0,-1,0
2659,2.659,0.466666666666667,-0.0265848670756647,0,-1,0,-1,0
2660,2.66,0.466666666666667,-0.0224948875255624,0,-1,0,-1,0
2661,2.661,0.466666666666667,-0.0184049079754601,0,-1,0,-1,0
2662,2.662,0.466666666666667,-0.0143149284253579,0,-1,0,-1,0
2663,2.663,0.466666666666667,-0.0102249488752556,0,-1,0,-1,0
2664,2.664,0.466666666666667,-0.0061349693251533,0,-1,0,-1,0
2665,2.665,0.466666666666667,-0.002044989775051,0,-1,0,-1,0
2666,2.666,0.466666666666667,0.0020449897750511,0,-1,0,-1,0
2667,2.667,0.466666666666667,0.0061349693251533,0,-1,0,-1,0
2668,2.668,0.466666666666667,0.0102249488752557,0,-1,0,-1,0
2669,2.669,0.466666666666667,0.0143149284253579,0,-1,0,-1,0
2670,2.67,0.466666666666667,0.01840490797546,0,-1,0,-1,0
2671,2.671,0.466666666666667,0.0224948875255624,0,-1,0,-1,0
2672,2.672,0.466666666666667,0.0265848670756645,0,-1,0,-1,0
2673,2.673,0.466666666666667,0.0306748466257669,0,-1,0,-1,0
2674,2.674,0.466666666666667,0.0347648261758691,0,-1,0,-1,0
2675,2.675,0.466666666666667,0.0388548057259714,0,-1,0,-1,0
2676,2.676,0.466666666666667,0.0429447852760736,0,-1,0,-1,0
2677,2.677,0.466666666666667,0.047034764826176,0,-1,0,-1,0
2678,2.678,0.466666666666667,0.0511247443762781,0,-1,0,-1,0
2679,2.679,0.466666666666667,0.0552147239263803,0,-1,0,-1,0
2680,2.68,0.466666666666667,0.0593047034764826,0,-1,0,-1,0
2681,2.681,0.466666666666667,0.0633946830265848,0,-1,0,-1,0
2682,2.682,0.466666666666667,0.0674846625766872,0,-1,0,-1,0
2683,2.683,0.466666666666667,0.0715746421267893,0,-1,0,-1,0
2684,2.684,0.466666666666667,0.0756646216768917,1,72,0,4,0
2685,2.685,0.466666666666667,0.0797546012269938,0,-1,0,-1,0
2686,2.686,0.466666666666667,0.0838445807770962,0,-1,0,-1,0
2687,2.687,0.466666666666667,0.0879345603271984,0,-1,0,-1,0
2688,2.688,0.466666666666667,0.0920245398773005,0,-1,0,-1,0
2689,2.689,0.466666666666667,0.0961145194274029,0,-1,0,-1,0
2690,2.69,0.466666666666667,0.100204498977505,0,-1,0,-1,0
2691,2.691,0.466666666666667,0.104294478527607,0,-1,0,-1,0
2692,2.692,0.466666666666667,0.10838445807771,0,-1,0,-1,0
2693,2.693,0.466666666666667,0.112474437627812,0,-1,0,-1,0
2694,2.694,0.466666666666667,0.116564417177914,0,-1,0,-1,0
2695,2.695,0.466666666666667,0.120654396728016,0,-1,0,-1,0
2696,2.696,0.466666666666667,0.124744376278119,0,-1,0,-1,0
2697,2.697,0.466666666666667,0.128834355828221,0,-1,0,-1,0
2698,2.698,0.466666666666667,0.132924335378323,0,-1,0,-1,0
2699,2.699,0.466666666666667,0.137014314928425,0,-1,0,-1,0
2700,2.7,0.466666666666667,0.141104294478528,0,-1,0,-1,0
2701,2.701,0.466666666666667,0.14519427402863,0,-1,0,-1,0
2702,2.702,0.466666666666667,0.149284253578732,0,-1,0,-1,0
2703,2.703,0.466666666666667,0.153374233128834,0,-1,0,-1,0
2704,2.704,0.466666666666667,0.157464212678937,0,-1,0,-1,0
2705,2.705,0.466666666666667,0.161554192229039,0,-1,0,-1,0
2706,2.706,0.466666666666667,0.165644171779141,0,-1,0,-1,0
2707,2.707,0.466666666666667,0.169734151329243,0,-1,0,-1,0
2708,2.708,0.466666666666667,0.173824130879346,0,-1,0,-1,0
2709,2.709,0.466666666666667,0.177914110429448,0,-1,0,-1,0
2710,2.71,0.466666666666667,0.18200408997955,0,-1,0,-1,0
2711,2.711,0.466666666666667,0.186094069529652,0,-1,0,-1,0
2712,2.712,0.466666666666667,0.190184049079755,0,-1,0,-1,0
2713,2.713,0.466666666666667,0.194274028629857,0,-1,0,-1,0
2714,2.714,0.466666666666667,0.198364008179959,1,73,0,4,0
2715,2.715,0.466666666666667,0.202453987730061,0,-1,0,-1,0
2716,2.716,0.466666666666667,0.206543967280164,0,-1,0,-1,0
2717,2.717,0.466666666666667,0.210633946830266,0,-1,0,-1,0
2718,2.718,0.466666666666667,0.214723926380368,0,-1,0,-1,0
2719,2.719,0.466666666666667,0.21881390593047,0,-1,0,-1,0
2720,2.72,0.466666666666667,0.222903885480572,0,-1,0,-1,0
2721,2.721,0.466666666666667,0.226993865030675,0,-1,0,-1,0
2722,2.722,0.466666666666667,0.231083844580777,0,-1,0,-1,0
2723,2.723,0.466666666666667,0.235173824130879,0,-1,0,-1,0
2724,2.724,0.466666666666667,0.239263803680982,0,-1,0,-1,0
2725,2.725,0.466666666666667,0.243353783231084,0,-1,0,-1,0
2726,2.726,0.466666666666667,0.247443762781186,0,-1,0,-1,0
2727,2.727,0.466666666666667,0.251533742331288,0,-1,0,-1,0
2728,2.728,0.466666666666667,0.255623721881391,0,-1,0,-1,0
2729,2.729,0.466666666666667,0.259713701431493,0,-1,0,-1,0
2730,2.73,0.466666666666667,0.263803680981595,0,-1,0,-1,0
2731,2.731,0.466666666666667,0.267893660531697,0,-1,0,-1,0
2732,2.732,0.466666666666667,0.2719836400818,0,-1,0,-1,0
2733,2.733,0.466666666666667,0.276073619631902,0,-1,0,-1,0
2734,2.734,0.466666666666667,0.280163599182004,0,-1,0,-1,0
2735,2.735,0.466666666666667,0.284253578732106,0,-1,0,-1,0
2736,2.736,0.466666666666667,0.288343558282208,0,-1,0,-1,0
2737,2.737,0.466666666666667,0.292433537832311,0,-1,0,-1,0
2738,2.738,0.466666666666667,0.296523517382413,0,-1,0,-1,0
2739,2.739,0.466666666666667,0.300613496932515,0,-1,0,-1,0
2740,2.74,0.466666666666667,0.304703476482618,0,-1,0,-1,0
2741,2.741,0.466666666666667,0.30879345603272,0,-1,0,-1,0
2742,2.742,0.466666666666667,0.312883435582822,0,-1,0,-1,0
2743,2.743,0.466666666666667,0.316973415132924,0,-1,0,-1,0
2744,2.744,0.466666666666667,0.321063394683027,1,74,0,4,0
2745,2.745,0.466666666666667,0.325153374233129,0,-1,0,-1,0
2746,2.746,0.466666666666667,0.329243353783231,0,-1,0,-1,0
2747,2.747,0.466666666666667,0.333333333333333,0,-1,0,-1,0
2748,2.748,0.466666666666667,0.337423312883436,0,-1,0,-1,0
2749,2.749,0.466666666666667,0.341513292433538,0,-1,0,-1,0
2750,2.75,0.466666666666667,0.34560327198364,0,-1,0,-1,0
2751,2.751,0.466666666666667,0.349693251533742,0,-1,0,-1,0
2752,2.752,0.466666666666667,0.353783231083845,0,-1,0,-1,0
2753,2.753,0.466666666666667,0.357873210633947,0,-1,0,-1,0
2754,2.754,0.466666666666667,0.361963190184049,0,-1,0,-1,0
2755,2.755,0.466666666666667,0.366053169734151,0,-1,0,-1,0
2756,2.756,0.466666666666667,0.370143149284254,0,-1,0,-1,0
2757,2.757,0.466666666666667,0.374233128834356,0,-1,0,-1,0
2758,2.758,0.466666666666667,0.378323108384458,0,-1,0,-1,0
2759,2.759,0.466666666666667,0.38241308793456,0,-1,0,-1,0
2760,2.76,0.466666666666667,0.386503067484663,0,-1,0,-1,0
2761,2.761,0.466666666666667,0.390593047034765,0,-1,0,-1,0
2762,2.762,0.466666666666667,0.394683026584867,0,-1,0,-1,0
2763,2.763,0.466666666666667,0.398773006134969,0,-1,0,-1,0
2764,2.764,0.466666666666667,0.402862985685072,0,-1,0,-1,0
2765,2.765,0.466666666666667,0.406952965235174,0,-1,0,-1,0
2766,2.766,0.466666666666667,0.411042944785276,0,-1,0,-1,0
2767,2.767,0.466666666666667,0.415132924335378,0,-1,0,-1,0
2768,2.768,0.466666666666667,0.419222903885481,0,-1,0,-1,0
2769,2.769,0.466666666666667,0.423312883435583,0,-1,0,-1,0
2770,2.77,0.466666666666667,0.427402862985685,0,-1,0,-1,0
2771,2.771,0.466666666666667,0.431492842535787,0,-1,0,-1,0
2772,2.772,0.466666666666667,0.43558282208589,0,-1,0,-1,0
2773,2.773,0.466666666666667,0.439672801635992,0,-1,0,-1,0
2774,2.774,0.466666666666667,0.443762781186094,1,75,0,4,0
2775,2.775,0.466666666666667,0.447852760736196,0,-1,0,-1,0
2776,2.776,0.466666666666667,0.451942740286299,0,-1,0,-1,0
2777,2.777,0.466666666666667,0.456032719836401,0,-1,0,-1,0
2778,2.778,0.466666666666667,0.460122699386503,0,-1,0,-1,0
2779,2.779,0.466666666666667,0.464212678936605,0,-1,0,-1,0
2780,2.78,0.466666666666667,0.468302658486708,0,-1,0,-1,0
2781,2.781,0.466666666666667,0.47239263803681,0,-1,0,-1,0
2782,2.782,0.466666666666667,0.476482617586912,0,-1,0,-1,0
2783,2.783,0.466666666666667,0.480572597137014,0,-1,0,-1,0
2784,2.784,0.466666666666667,0.484662576687117,0,-1,0,-1,0
2785,2.785,0.466666666666667,0.488752556237219,0,-1,0,-1,0
2786,2.786,0.466666666666667,0.492842535787321,0,-1,0,-1,0
2787,2.787,0.466666666666667,0.496932515337423,0,-1,0,-1,0
2788,2.788,0.466666666666667,0.501022494887525,0,-1,0,-1,0
2789,2.789,0.466666666666667,0.505112474437628,0,-1,0,-1,0
2790,2.79,0.466666666666667,0.50920245398773,0,-1,0,-1,0
2791,2.791,0.466666666666667,0.513292433537832,0,-1,0,-1,0
2792,2.792,0.466666666666667,0.517382413087935,0,-1,0,-1,0
2793,2.793,0.466666666666667,0.521472392638037,0,-1,0,-1,0
2794,2.794,0.466666666666667,0.525562372188139,0,-1,0,-1,0
2795,2.795,0.466666666666667,0.529652351738241,0,-1,0,-1,0
2796,2.796,0.466666666666667,0.533742331288344,0,-1,0,-1,0
2797,2.797,0.466666666666667,0.537832310838446,0,-1,0,-1,0
2798,2.798,0.466666666666667,0.541922290388548,0,-1,0,-1,0
2799,2.799,0.466666666666667,0.54601226993865,0,-1,0,-1,0
2800,2.8,0.466666666666667,0.550102249488753,0,-1,0,-1,0
2801,2.801,0.466666666666667,0.554192229038855,0,-1,0,-1,0
2802,2.802,0.466666666666667,0.558282208588957,0,-1,0,-1,0
2803,2.803,0.466666666666667,0.562372188139059,0,-1,0,-1,0
2804,2.804,0.466666666666667,0.566462167689161,1,76,0,4,0
2805,2.805,0.466666666666667,0.570552147239264,0,-1,0,-1,0
2806,2.806,0.466666666666667,0.574642126789366,0,-1,0,-1,0
2807,2.807,0.466666666666667,0.578732106339468,0,-1,0,-1,0
2808,2.808,0.466666666666667,0.582822085889571,0,-1,0,-1,0
2809,2.809,0.466666666666667,0.586912065439673,0,-1,0,-1,0
2810,2.81,0.466666666666667,0.591002044989775,0,-1,0,-1,0
2811,2.811,0.466666666666667,0.595092024539877,0,-1,0,-1,0
2812,2.812,0.466666666666667,0.59918200408998,0,-1,0,-1,0
2813,2.813,0.466666666666667,0.603271983640082,0,-1,0,-1,0
2814,2.814,0.466666666666667,0.607361963190184,0,-1,0,-1,0
2815,2.815,0.466666666666667,0.611451942740286,0,-1,0,-1,0
2816,2.816,0.466666666666667,0.615541922290389,0,-1,0,-1,0
2817,2.817,0.466666666666667,0.619631901840491,0,-1,0,-1,0
2818,2.818,0.466666666666667,0.623721881390593,0,-1,0,-1,0
2819,2.819,0.466666666666667,0.627811860940695,0,-1,0,-1,0
2820,2.82,0.466666666666667,0.631901840490797,0,-1,0,-1,0
2821,2.821,0.466666666666667,0.6359918200409,0,-1,0,-1,0
2822,2.822,0.466666666666667,0.640081799591002,0,-1,0,-1,0
2823,2.823,0.466666666666667,0.644171779141104,0,-1,0,-1,0
2824,2.824,0.466666666666667,0.648261758691207,0,-1,0,-1,0
2825,2.825,0.466666666666667,0.652351738241309,0,-1,0,-1,0
2826,2.826,0.466666666666667,0.656441717791411,0,-1,0,-1,0
2827,2.827,0.466666666666667,0.660531697341513,0,-1,0,-1,0
2828,2.828,0.466666666666667,0.664621676891616,0,-1,0,-1,0
2829,2.829,0.466666666666667,0.668711656441718,0,-1,0,-1,0
2830,2.83,0.466666666666667,0.67280163599182,0,-1,0,-1,0
2831,2.831,0.466666666666667,0.676891615541922,0,-1,0,-1,0
2832,2.832,0.466666666666667,0.680981595092025,0,-1,0,-1,0
2833,2.833,0.466666666666667,0.685071574642127,0,-1,0,-1,0
2834,2.834,0.466666666666667,0.689161554192229,1,77,0,4,0
2835,2.835,0.466666666666667,0.693251533742331,0,-1,0,-1,0
2836,2.836,0.466666666666667,0.697341513292433,0,-1,0,-1,0
2837,2.837,0.466666666666667,0.701431492842536,0,-1,0,-1,0
2838,2.838,0.466666666666667,0.705521472392638,0,-1,0,-1,0
2839,2.839,0.466666666666667,0.70961145194274,0,-1,0,-1,0
2840,2.84,0.466666666666667,0.713701431492842,0,-1,0,-1,0
2841,2.841,0.466666666666667,0.717791411042945,0,-1,0,-1,0
2842,2.842,0.466666666666667,0.721881390593047,0,-1,0,-1,0
2843,2.843,0.466666666666667,0.725971370143149,0,-1,0,-1,0
2844,2.844,0.466666666666667,0.730061349693252,0,-1,0,-1,0
2845,2.845,0.466666666666667,0.734151329243354,0,-1,0,-1,0
2846,2.846,0.466666666666667,0.738241308793456,0,-1,0,-1,0
2847,2.847,0.466666666666667,0.742331288343558,0,-1,0,-1,0
2848,2.848,0.466666666666667,0.746421267893661,0,-1,0,-1,0
2849,2.849,0.466666666666667,0.750511247443763,0,-1,0,-1,0
2850,2.85,0.466666666666667,0.754601226993865,0,-1,0,-1,0
2851,2.851,0.466666666666667,0.758691206543967,0,-1,0,-1,0
2852,2.852,0.466666666666667,0.762781186094069,0,-1,0,-1,0
2853,2.853,0.466666666666667,0.766871165644172,0,-1,0,-1,0
2854,2.854,0.466666666666667,0.770961145194274,0,-1,0,-1,0
2855,2.855,0.466666666666667,0.775051124744376,0,-1,0,-1,0
2856,2.856,0.466666666666667,0.779141104294478,0,-1,0,-1,0
2857,2.857,0.466666666666667,0.783231083844581,0,-1,0,-1,0
2858,2.858,0.466666666666667,0.787321063394683,0,-1,0,-1,0
2859,2.859,0.466666666666667,0.791411042944785,0,-1,0,-1,0
2860,2.86,0.466666666666667,0.795501022494888,0,-1,0,-1,0
2861,2.861,0.466666666666667,0.79959100204499,0,-1,0,-1,0
2862,2.862,0.466666666666667,0.803680981595092,0,-1,0,-1,0
2863,2.863,0.466666666666667,0.807770961145194,0,-1,0,-1,0
2864,2.864,0.466666666666667,0.811860940695297,1,78,0,4,0
2865,2.865,0.466666666666667,0.815950920245399,0,-1,0,-1,0
2866,2.866,0.466666666666667,0.820040899795501,0,-1,0,-1,0
2867,2.867,0.466666666666667,0.824130879345603,0,-1,0,-1,0
2868,2.868,0.466666666666667,0.828220858895706,0,-1,0,-1,0
2869,2.869,0.466666666666667,0.832310838445808,0,-1,0,-1,0
2870,2.87,0.466666666666667,0.83640081799591,0,-1,0,-1,0
2871,2.871,0.466666666666667,0.840490797546012,0,-1,0,-1,0
2872,2.872,0.466666666666667,0.844580777096114,0,-1,0,-1,0
2873,2.873,0.466666666666667,0.848670756646217,0,-1,0,-1,0
2874,2.874,0.466666666666667,0.852760736196319,0,-1,0,-1,0
2875,2.875,0.466666666666667,0.856850715746421,0,-1,0,-1,0
2876,2.876,0.466666666666667,0.860940695296524,0,-1,0,-1,0
2877,2.877,0.466666666666667,0.865030674846626,0,-1,0,-1,0
2878,2.878,0.466666666666667,0.869120654396728,0,-1,0,-1,0
2879,2.879,0.466666666666667,0.87321063394683,0,-1,0,-1,0
2880,2.88,0.466666666666667,0.877300613496933,0,-1,0,-1,0
2881,2.881,0.466666666666667,0.881390593047035,0,-1,0,-1,0
2882,2.882,0.466666666666667,0.885480572597137,0,-1,0,-1,0
2883,2.883,0.466666666666667,0.889570552147239,0,-1,0,-1,0
2884,2.884,0.466666666666667,0.893660531697342,0,-1,0,-1,0
2885,2.885,0.466666666666667,0.897750511247444,0,-1,0,-1,0
2886,2.886,0.466666666666667,0.901840490797546,0,-1,0,-1,0
2887,2.887,0.466666666666667,0.905930470347648,0,-1,0,-1,0
2888,2.888,0.466666666666667,0.91002044989775,0,-1,0,-1,0
2889,2.889,0.466666666666667,0.914110429447853,0,-1,0,-1,0
2890,2.89,0.466666666666667,0.918200408997955,0,-1,0,-1,0
2891,2.891,0.466666666666667,0.922290388548057,0,-1,0,-1,0
2892,2.892,0.466666666666667,0.926380368098159,0,-1,0,-1,0
2893,2.893,0.466666666666667,0.930470347648262,0,-1,0,-1,0
2894,2.894,0.466666666666667,0.934560327198364,1,79,0,4,0
2895,2.895,0.466666666666667,0.938650306748466,0,-1,0,-1,0
2896,2.896,0.466666666666667,0.942740286298569,0,-1,0,-1,0
2897,2.897,0.466666666666667,0.946830265848671,0,-1,0,-1,0
2898,2.898,0.466666666666667,0.950920245398773,0,-1,0,-1,0
2899,2.899,0.462222222222222,0.955010224948875,0,-1,0,-1,0
2900,2.9,0.462222222222222,0.959100204498978,0,-1,0,-1,0
2901,2.901,0.462222222222222,0.96319018404908,0,-1,0,-1,0
2902,2.902,0.457777777777778,0.967280163599182,0,-1,0,-1,0
2903,2.903,0.457777777777778,0.971370143149284,0,-1,0,-1,0
2904,2.904,0.453333333333333,0.975460122699386,0,-1,0,-1,0
2905,2.905,0.448888888888889,0.979550102249489,0,-1,0,-1,0
2906,2.906,0.444444444444444,0.983640081799591,0,-1,0,-1,0
2907,2.907,0.44,0.987730061349693,0,-1,0,-1,0
2908,2.908,0.435555555555555,0.991820040899795,0,-1,0,-1,0
2909,2.909,0.431111111111111,0.991820040899795,0,-1,0,-1,0
2910,2.91,0.426666666666667,0.995910020449898,0,-1,0,-1,0
2911,2.911,0.422222222222222,0.995910020449898,0,-1,0,-1,0
2912,2.912,0.417777777777778,0.995910020449898,0,-1,0,-1,0
2913,2.913,0.413333333333333,1.0,0,-1,0,-1,0
2914,2.914,0.408888888888889,1.0,0,-1,0,-1,0
2915,2.915,0.404444444444444,1.0,0,-1,0,-1,0
2916,2.916,0.4,1.0,0,-1,0,-1,0
2917,2.917,0.395555555555556,1.0,0,-1,0,-1,0
2918,2.918,0.391111111111111,1.0,0,-1,0,-1,0
2919,2.919,0.386666666666667,1.0,0,-1,0,-1,0
2920,2.92,0.382222222222222,0.995910020449898,0,-1,0,-1,0
2921,2.921,0.377777777777778,0.995910020449898,0,-1,0,-1,0
2922,2.922,0.373333333333333,0.995910020449898,0,-1,0,-1,0
2923,2.923,0.368888888888889,0.991820040899795,0,-1,0,-1,0
2924,2.924,0.364444444444444,0.991820040899795,0,-1,0,-1,0
2925,2.925,0.36,0.987730061349693,0,-1,0,-1,0
2926,2.926,0.355555555555556,0.983640081799591,0,-1,0,-1,0
2927,2.927,0.351111111111111,0.979550102249489,0,-1,0,-1,0
2928,2.928,0.346666666666667,0.975460122699386,0,-1,0,-1,0
2929,2.929,0.342222222222222,0.971370143149284,0,-1,0,-1,0
2930,2.93,0.342222222222222,0.967280163599182,0,-1,0,-1,0
2931,2.931,0.337777777777778,0.96319018404908,0,-1,0,-1,0
2932,2.932,0.337777777777778,0.959100204498978,0,-1,0,-1,0
2933,2.933,0.337777777777778,0.955010224948875,0,-1,0,-1,0
2934,2.934,0.333333333333333,0.950920245398773,0,-1,0,-1,0
2935,2.935,0.333333333333333,0.946830265848671,0,-1,0,-1,0
2936,2.936,0.333333333333333,0.942740286298569,0,-1,0,-1,0
2937,2.937,0.333333333333333,0.938650306748466,0,-1,0,-1,0
2938,2.938,0.333333333333333,0.934560327198364,1,80,1,5,0
2939,2.939,0.333333333333333,0.930470347648262,0,-1,0,-1,0
2940,2.94,0.333333333333333,0.926380368098159,0,-1,0,-1,0
2941,2.941,0.333333333333333,0.922290388548057,0,-1,0,-1,0
2942,2.942,0.333333333333333,0.918200408997955,0,-1,0,-1,0
2943,2.943,0.333333333333333,0.914110429447853,0,-1,0,-1,0
2944,2.944,0.333333333333333,0.91002044989775,0,-1,0,-1,0
2945,2.945,0.333333333333333,0.905930470347648,0,-1,0,-1,0
2946,2.946,0.333333333333333,0.901840490797546,0,-1,0,-1,0
2947,2.947,0.333333333333333,0.897750511247444,0,-1,0,-1,0
2948,2.948,0.333333333333333,0.893660531697342,0,-1,0,-1,0
2949,2.949,0.333333333333333,0.889570552147239,0,-1,0,-1,0
2950,2.95,0.333333333333333,0.885480572597137,0,-1,0,-1,0
2951,2.951,0.333333333333333,0.881390593047035,0,-1,0,-1,0
2952,2.952,0.333333333333333,0.877300613496933,0,-1,0,-1,0
2953,2.953,0.333333333333333,0.87321063394683,0,-1,0,-1,0
2954,2.954,0.333333333333333,0.869120654396728,0,-1,0,-1,0
2955,2.955,0.333333333333333,0.865030674846626,0,-1,0,-1,0
2956,2.956,0.333333333333333,0.860940695296524,0,-1,0,-1,0
2957,2.957,0.333333333333333,0.856850715746421,0,-1,0,-1,0
2958,2.958,0.333333333333333,0.852760736196319,0,-1,0,-1,0
2959,2.959,0.333333333333333,0.848670756646217,0,-1,0,-1,0
2960,2.96,0.333333333333333,0.844580777096114,0,-1,0,-1,0
2961,2.961,0.333333333333333,0.840490797546012,0,-1,0,-1,0
2962,2.962,0.333333333333333,0.83640081799591,0,-1,0,-1,0
2963,2.963,0.333333333333333,0.832310838445808,0,-1,0,-1,0
2964,2.964,0.333333333333333,0.828220858895706,0,-1,0,-1,0
2965,2.965,0.333333333333333,0.824130879345603,0,-1,0,-1,0
2966,2.966,0.333333333333333,0.820040899795501,0,-1,0,-1,0
2967,2.967,0.333333333333333,0.815950920245399,0,-1,0,-1,0
2968,2.968,0.333333333333333,0.811860940695297,1,81,0,5,0
2969,2.969,0.333333333333333,0.807770961145194,0,-1,0,-1,0
2970,2.97,0.333333333333333,0.803680981595092,0,-1,0,-1,0
2971,2.971,0.333333333333333,0.79959100204499,0,-1,0,-1,0
2972,2.972,0.333333333333333,0.795501022494888,0,-1,0,-1,0
2973,2.973,0.333333333333333,0.791411042944785,0,-1,0,-1,0
2974,2.974,0.333333333333333,0.787321063394683,0,-1,0,-1,0
2975,2.975,0.333333333333333,0.783231083844581,0,-1,0,-1,0
2976,2.976,0.333333333333333,0.779141104294478,0,-1,0,-1,0
2977,2.977,0.333333333333333,0.775051124744376,0,-1,0,-1,0
2978,2.978,0.333333333333333,0.770961145194274,0,-1,0,-1,0
2979,2.979,0.333333333333333,0.766871165644172,0,-1,0,-1,0
2980,2.98,0.333333333333333,0.762781186094069,0,-1,0,-1,0
2981,2.981,0.333333333333333,0.758691206543967,0,-1,0,-1,0
2982,2.982,0.333333333333333,0.754601226993865,0,-1,0,-1,0
2983,2.983,0.333333333333333,0.750511247443763,0,-1,0,-1,0
2984,2.984,0.333333333333333,0.746421267893661,0,-1,0,-1,0
2985,2.985,0.333333333333333,0.742331288343558,0,-1,0,-1,0
2986,2.986,0.333333333333333,0.738241308793456,0,-1,0,-1,0
2987,2.987,0.333333333333333,0.734151329243354,0,-1,0,-1,0
2988,2.988,0.333333333333333,0.730061349693252,0,-1,0,-1,0
2989,2.989,0.333333333333333,0.725971370143149,0,-1,0,-1,0
2990,2.99,0.333333333333333,0.721881390593047,0,-1,0,-1,0
2991,2.991,0.333333333333333,0.717791411042945,0,-1,0,-1,0
2992,2.992,0.333333333333333,0.713701431492842,0,-1,0,-1,0
2993,2.993,0.333333333333333,0.70961145194274,0,-1,0,-1,0
2994,2.994,0.333333333333333,0.705521472392638,0,-1,0,-1,0
2995,2.995,0.333333333333333,0.701431492842536,0,-1,0,-1,0
2996,2.996,0.333333333333333,0.697341513292433,0,-1,0,-1,0
2997,2.997,0.333333333333333,0.693251533742331,0,-1,0,-1,0
2998,2.998,0.333333333333333,0.689161554192229,1,82,0,5,0
2999,2.999,0.333333333333333,0.685071574642127,0,-1,0,-1,0
3000,3.0,0.333333333333333,0.680981595092025,0,-1,0,-1,0
3001,3.001,0.333333333333333,0.676891615541922,0,-1,0,-1,0
3002,3.002,0.333333333333333,0.67280163599182,0,-1,0,-1,0
3003,3.003,0.333333333333333,0.668711656441718,0,-1,0,-1,0
3004,3.004,0.333333333333333,0.664621676891616,0,-1,0,-1,0
3005,3.005,0.333333333333333,0.660531697341513,0,-1,0,-1,0
3006,3.006,0.333333333333333,0.656441717791411,0,-1,0,-1,0
3007,3.007,0.333333333333333,0.652351738241309,0,-1,0,-1,0
3008,3.008,0.333333333333333,0.648261758691207,0,-1,0,-1,0
3009,3.009,0.333333333333333,0.644171779141104,0,-1,0,-1,0
3010,3.01,0.333333333333333,0.640081799591002,0,-1,0,-1,0
3011,3.011,0.333333333333333,0.6359918200409,0,-1,0,-1,0
3012,3.012,0.333333333333333,0.631901840490797,0,-1,0,-1,0
3013,3.013,0.333333333333333,0.627811860940695,0,-1,0,-1,0
3014,3.014,0.333333333333333,0.623721881390593,0,-1,0,-1,0
3015,3.015,0.333333333333333,0.619631901840491,0,-1,0,-1,0
3016,3.016,0.333333333333333,0.615541922290389,0,-1,0,-1,0
3017,3.017,0.333333333333333,0.611451942740286,0,-1,0,-1,0
3018,3.018,0.333333333333333,0.607361963190184,0,-1,0,-1,0
3019,3.019,0.333333333333333,0.603271983640082,0,-1,0,-1,0
3020,3.02,0.333333333333333,0.59918200408998,0,-1,0,-1,0
3021,3.021,0.333333333333333,0.595092024539877,0,-1,0,-1,0
3022,3.022,0.333333333333333,0.591002044989775,0,-1,0,-1,0
3023,3.023,0.333333333333333,0.586912065439673,0,-1,0,-1,0
3024,3.024,0.333333333333333,0.582822085889571,0,-1,0,-1,0
3025,3.025,0.333333333333333,0.578732106339468,0,-1,0,-1,0
3026,3.026,0.333333333333333,0.574642126789366,0,-1,0,-1,0
3027,3.027,0.333333333333333,0.570552147239264,0,-1,0,-1,0
3028,3.028,0.333333333333333,0.566462167689161,1,83,0,5,0
3029,3.029,0.333333333333333,0.562372188139059,0,-1,0,-1,0
3030,3.03,0.333333333333333,0.558282208588957,0,-1,0,-1,0
3031,3.031,0.333333333333333,0.554192229038855,0,-1,0,-1,0
3032,3.032,0.333333333333333,0.550102249488753,0,-1,0,-1,0
3033,3.033,0.333333333333333,0.54601226993865,0,-1,0,-1,0
3034,3.034,0.333333333333333,0.541922290388548,0,-1,0,-1,0
3035,3.035,0.333333333333333,0.537832310838446,0,-1,0,-1,0
3036,3.036,0.333333333333333,0.533742331288344,0,-1,0,-1,0
3037,3.037,0.333333333333333,0.529652351738241,0,-1,0,-1,0
3038,3.038,0.333333333333333,0.525562372188139,0,-1,0,-1,0
3039,3.039,0.333333333333333,0.521472392638037,0,-1,0,-1,0
3040,3.04,0.333333333333333,0.517382413087935,0,-1,0,-1,0
3041,3.041,0.333333333333333,0.513292433537832,0,-1,0,-1,0
3042,3.042,0.333333333333333,0.50920245398773,0,-1,0,-1,0
3043,3.043,0.333333333333333,0.505112474437628,0,-1,0,-1,0
3044,3.044,0.333333333333333,0.501022494887525,0,-1,0,-1,0
3045,3.045,0.333333333333333,0.496932515337423,0,-1,0,-1,0
3046,3.046,0.333333333333333,0.492842535787321,0,-1,0,-1,0
3047,3.047,0.333333333333333,0.488752556237219,0,-1,0,-1,0
3048,3.048,0.333333333333333,0.484662576687117,0,-1,0,-1,0
3049,3.049,0.333333333333333,0.480572597137014,0,-1,0,-1,0
3050,3.05,0.333333333333333,0.476482617586912,0,-1,0,-1,0
3051,3.051,0.333333333333333,0.47239263803681,0,-1,0,-1,0
3052,3.052,0.333333333333333,0.468302658486708,0,-1,0,-1,0
3053,3.053,0.333333333333333,0.464212678936605,0,-1,0,-1,0
3054,3.054,0.333333333333333,0.460122699386503,0,-1,0,-1,0
3055,3.055,0.333333333333333,0.456032719836401,0,-1,0,-1,0
3056,3.056,0.333333333333333,0.451942740286299,0,-1,0,-1,0
3057,3.057,0.333333333333333,0.447852760736196,0,-1,0,-1,0
3058,3.058,0.333333333333333,0.443762781186094,1,84,0,5,0
3059,3.059,0.333333333333333,0.439672801635992,0,-1,0,-1,0
3060,3.06,0.333333333333333,0.43558282208589,0,-1,0,-1,0
3061,3.061,0.333333333333333,0.431492842535787,0,-1,0,-1,0
3062,3.062,0.333333333333333,0.427402862985685,0,-1,0,-1,0
3063,3.063,0.333333333333333,0.423312883435583,0,-1,0,-1,0
3064,3.064,0.333333333333333,0.419222903885481,0,-1,0,-1,0
3065,3.065,0.333333333333333,0.415132924335378,0,-1,0,-1,0
3066,3.066,0.333333333333333,0.411042944785276,0,-1,0,-1,0
3067,3.067,0.333333333333333,0.406952965235174,0,-1,0,-1,0
3068,3.068,0.333333333333333,0.402862985685072,0,-1,0,-1,0
3069,3.069,0.333333333333333,0.398773006134969,0,-1,0,-1,0
3070,3.07,0.333333333333333,0.394683026584867,0,-1,0,-1,0
3071,3.071,0.333333333333333,0.390593047034765,0,-1,0,-1,0
3072,3.072,0.333333333333333,0.386503067484663,0,-1,0,-1,0
3073,3.073,0.333333333333333,0.38241308793456,0,-1,0,-1,0
3074,3.074,0.333333333333333,0.378323108384458,0,-1,0,-1,0
3075,3.075,0.333333333333333,0.374233128834356,0,-1,0,-1,0
3076,3.076,0.333333333333333,0.370143149284254,0,-1,0,-1,0
3077,3.077,0.333333333333333,0.366053169734151,0,-1,0,-1,0
3078,3.078,0.333333333333333,0.361963190184049,0,-1,0,-1,0
3079,3.079,0.333333333333333,0.357873210633947,0,-1,0,-1,0
3080,3.08,0.333333333333333,0.353783231083845,0,-1,0,-1,0
3081,3.081,0.333333333333333,0.349693251533742,0,-1,0,-1,0
3082,3.082,0.333333333333333,0.34560327198364,0,-1,0,-1,0
3083,3.083,0.333333333333333,0.341513292433538,0,-1,0,-1,0
3084,3.084,0.333333333333333,0.337423312883436,0,-1,0,-1,0
3085,3.085,0.333333333333333,0.333333333333333,0,-1,0,-1,0
3086,3.086,0.333333333333333,0.329243353783231,0,-1,0,-1,0
3087,3.087,0.333333333333333,0.325153374233129,0,-1,0,-1,0
3088,3.088,0.333333333333333,0.321063394683027,1,85,0,5,0
3089,3.089,0.333333333333333,0.316973415132924,0,-1,0,-1,0
3090,3.09,0.333333333333333,0.312883435582822,0,-1,0,-1,0
3091,3.091,0.333333333333333,0.30879345603272,0,-1,0,-1,0
3092,3.092,0.333333333333333,0.304703476482618,0,-1,0,-1,0
3093,3.093,0.333333333333333,0.300613496932515,0,-1,0,-1,0
3094,3.094,0.333333333333333,0.296523517382413,0,-1,0,-1,0
3095,3.095,0.333333333333333,0.292433537832311,0,-1,0,-1,0
3096,3.096,0.333333333333333,0.288343558282208,0,-1,0,-1,0
3097,3.097,0.333333333333333,0.284253578732106,0,-1,0,-1,0
3098,3.098,0.333333333333333,0.280163599182004,0,-1,0,-1,0
3099,3.099,0.333333333333333,0.276073619631902,0,-1,0,-1,0
3100,3.1,0.333333333333333,0.2719836400818,0,-1,0,-1,0
3101,3.101,0.333333333333333,0.267893660531697,0,-1,0,-1,0
3102,3.102,0.333333333333333,0.263803680981595,0,-1,0,-1,0
3103,3.103,0.333333333333333,0.259713701431493,0,-1,0,-1,0
3104,3.104,0.333333333333333,0.255623721881391,0,-1,0,-1,0
3105,3.105,0.333333333333333,0.251533742331288,0,-1,0,-1,0
3106,3.106,0.333333333333333,0.247443762781186,0,-1,0,-1,0
3107,3.107,0.333333333333333,0.243353783231084,0,-1,0,-1,0
3108,3.108,0.333333333333333,0.239263803680982,0,-1,0,-1,0
3109,3.109,0.333333333333333,0.235173824130879,0,-1,0,-1,0
3110,3.11,0.333333333333333,0.231083844580777,0,-1,0,-1,0
3111,3.111,0.333333333333333,0.226993865030675,0,-1,0,-1,0
3112,3.112,0.333333333333333,0.222903885480572,0,-1,0,-1,0
3113,3.113,0.333333333333333,0.21881390593047,0,-1,0,-1,0
3114,3.114,0.333333333333333,0.214723926380368,0,-1,0,-1,0
3115,3.115,0.333333333333333,0.210633946830266,0,-1,0,-1,0
3116,3.116,0.333333333333333,0.206543967280164,0,-1,0,-1,0
3117,3.117,0.333333333333333,0.202453987730061,0,-1,0,-1,0
3118,3.118,0.333333333333333,0.198364008179959,1,86,0,5,0
3119,3.119,0.333333333333333,0.194274028629857,0,-1,0,-1,0
3120,3.12,0.333333333333333,0.190184049079755,0,-1,0,-1,0
3121,3.121,0.333333333333333,0.186094069529652,0,-1,0,-1,0
3122,3.122,0.333333333333333,0.18200408997955,0,-1,0,-1,0
3123,3.123,0.333333333333333,0.177914110429448,0,-1,0,-1,0
3124,3.124,0.333333333333333,0.173824130879346,0,-1,0,-1,0
3125,3.125,0.333333333333333,0.169734151329243,0,-1,0,-1,0
3126,3.126,0.333333333333333,0.165644171779141,0,-1,0,-1,0
3127,3.127,0.333333333333333,0.161554192229039,0,-1,0,-1,0
3128,3.128,0.333333333333333,0.157464212678937,0,-1,0,-1,0
3129,3.129,0.333333333333333,0.153374233128834,0,-1,0,-1,0
3130,3.13,0.333333333333333,0.149284253578732,0,-1,0,-1,0
3131,3.131,0.333333333333333,0.14519427402863,0,-1,0,-1,0
3132,3.132,0.333333333333333,0.141104294478528,0,-1,0,-1,0
3133,3.133,0.333333333333333,0.137014314928425,0,-1,0,-1,0
3134,3.134,0.333333333333333,0.132924335378323,0,-1,0,-1,0
3135,3.135,0.333333333333333,0.128834355828221,0,-1,0,-1,0
3136,3.136,0.333333333333333,0.124744376278119,0,-1,0,-1,0
3137,3.137,0.333333333333333,0.120654396728016,0,-1,0,-1,0
3138,3.138,0.333333333333333,0.116564417177914,0,-1,0,-1,0
3139,3.139,0.333333333333333,0.112474437627812,0,-1,0,-1,0
3140,3.14,0.333333333333333,0.10838445807771,0,-1,0,-1,0
3141,3.141,0.333333333333333,0.104294478527607,0,-1,0,-1,0
3142,3.142,0.333333333333333,0.100204498977505,0,-1,0,-1,0
3143,3.143,0.333333333333333,0.0961145194274029,0,-1,0,-1,0
3144,3.144,0.333333333333333,0.0920245398773005,0,-1,0,-1,0
3145,3.145,0.333333333333333,0.0879345603271984,0,-1,0,-1,0
3146,3.146,0.333333333333333,0.0838445807770962,0,-1,0,-1,0
3147,3.147,0.333333333333333,0.0797546012269938,0,-1,0,-1,0
3148,3.148,0.333333333333333,0.0756646216768917,1,87,0,5,0
3149,3.149,0.333333333333333,0.0715746421267893,0,-1,0,-1,0
3150,3.15,0.333333333333333,0.0674846625766872,0,-1,0,-1,0
3151,3.151,0.333333333333333,0.0633946830265848,0,-1,0,-1,0
3152,3.152,0.333333333333333,0.0593047034764826,0,-1,0,-1,0
3153,3.153,0.333333333333333,0.0552147239263803,0,-1,0,-1,0
3154,3.154,0.333333333333333,0.0511247443762781,0,-1,0,-1,0
3155,3.155,0.333333333333333,0.047034764826176,0,-1,0,-1,0
3156,3.156,0.333333333333333,0.0429447852760736,0,-1,0,-1,0
3157,3.157,0.333333333333333,0.0388548057259714,0,-1,0,-1,0
3158,3.158,0.333333333333333,0.0347648261758691,0,-1,0,-1,0
3159,3.159,0.333333333333333,0.0306748466257669,0,-1,0,-1,0
3160,3.16,0.333333333333333,0.0265848670756645,0,-1,0,-1,0
3161,3.161,0.333333333333333,0.0224948875255624,0,-1,0,-1,0
3162,3.162,0.333333333333333,0.01840490797546,0,-1,0,-1,0
3163,3.163,0.333333333333333,0.0143149284253579,0,-1,0,-1,0
3164,3.164,0.333333333333333,0.0102249488752557,0,-1,0,-1,0
3165,3.165,0.333333333333333,0.0061349693251533,0,-1,0,-1,0
3166,3.166,0.333333333333333,0.0020449897750511,0,-1,0,-1,0
3167,3.167,0.333333333333333,-0.002044989775051,0,-1,0,-1,0
3168,3.168,0.333333333333333,-0.0061349693251533,0,-1,0,-1,0
3169,3.169,0.333333333333333,-0.0102249488752556,0,-1,0,-1,0
3170,3.17,0.333333333333333,-0.0143149284253579,0,-1,0,-1,0
3171,3.171,0.333333333333333,-0.0184049079754601,0,-1,0,-1,0
3172,3.172,0.333333333333333,-0.0224948875255624,0,-1,0,-1,0
3173,3.173,0.333333333333333,-0.0265848670756647,0,-1,0,-1,0
3174,3.174,0.333333333333333,-0.0306748466257669,0,-1,0,-1,0
3175,3.175,0.333333333333333,-0.0347648261758691,0,-1,0,-1,0
3176,3.176,0.333333333333333,-0.0388548057259713,0,-1,0,-1,0
3177,3.177,0.333333333333333,-0.0429447852760736,0,-1,0,-1,0
3178,3.178,0.333333333333333,-0.0470347648261759,1,88,0,5,0
3179,3.179,0.333333333333333,-0.0511247443762781,0,-1,0,-1,0
3180,3.18,0.333333333333333,-0.0552147239263804,0,-1,0,-1,0
3181,3.181,0.333333333333333,-0.0593047034764826,0,-1,0,-1,0
3182,3.182,0.333333333333333,-0.0633946830265849,0,-1,0,-1,0
3183,3.183,0.333333333333333,-0.0674846625766872,0,-1,0,-1,0
3184,3.184,0.333333333333333,-0.0715746421267893,0,-1,0,-1,0
3185,3.185,0.333333333333333,-0.0756646216768916,0,-1,0,-1,0
3186,3.186,0.333333333333333,-0.0797546012269938,0,-1,0,-1,0
3187,3.187,0.333333333333333,-0.0838445807770961,0,-1,0,-1,0
3188,3.188,0.333333333333333,-0.0879345603271984,0,-1,0,-1,0
3189,3.189,0.333333333333333,-0.0920245398773006,0,-1,0,-1,0
3190,3.19,0.333333333333333,-0.0961145194274029,0,-1,0,-1,0
3191,3.191,0.333333333333333,-0.100204498977505,0,-1,0,-1,0
3192,3.192,0.333333333333333,-0.104294478527607,0,-1,0,-1,0
3193,3.193,0.333333333333333,-0.10838445807771,0,-1,0,-1,0
3194,3.194,0.333333333333333,-0.112474437627812,0,-1,0,-1,0
3195,3.195,0.333333333333333,-0.116564417177914,0,-1,0,-1,0
3196,3.196,0.333333333333333,-0.120654396728016,0,-1,0,-1,0
3197,3.197,0.333333333333333,-0.124744376278119,0,-1,0,-1,0
3198,3.198,0.333333333333333,-0.128834355828221,0,-1,0,-1,0
3199,3.199,0.333333333333333,-0.132924335378323,0,-1,0,-1,0
3200,3.2,0.333333333333333,-0.137014314928425,0,-1,0,-1,0
3201,3.201,0.333333333333333,-0.141104294478528,0,-1,0,-1,0
3202,3.202,0.333333333333333,-0.14519427402863,0,-1,0,-1,0
3203,3.203,0.333333333333333,-0.149284253578732,0,-1,0,-1,0
3204,3.204,0.333333333333333,-0.153374233128834,0,-1,0,-1,0
3205,3.205,0.333333333333333,-0.157464212678937,0,-1,0,-1,0
3206,3.206,0.333333333333333,-0.161554192229039,0,-1,0,-1,0
3207,3.207,0.333333333333333,-0.165644171779141,0,-1,0,-1,0
3208,3.208,0.333333333333333,-0.169734151329243,1,89,0,5,0
3209,3.209,0.333333333333333,-0.173824130879346,0,-1,0,-1,0
3210,3.21,0.333333333333333,-0.177914110429448,0,-1,0,-1,0
3211,3.211,0.333333333333333,-0.18200408997955,0,-1,0,-1,0
3212,3.212,0.333333333333333,-0.186094069529652,0,-1,0,-1,0
3213,3.213,0.333333333333333,-0.190184049079755,0,-1,0,-1,0
3214,3.214,0.333333333333333,-0.194274028629857,0,-1,0,-1,0
3215,3.215,0.333333333333333,-0.198364008179959,0,-1,0,-1,0
3216,3.216,0.333333333333333,-0.202453987730061,0,-1,0,-1,0
3217,3.217,0.333333333333333,-0.206543967280164,0,-1,0,-1,0
3218,3.218,0.333333333333333,-0.210633946830266,0,-1,0,-1,0
3219,3.219,0.333333333333333,-0.214723926380368,0,-1,0,-1,0
3220,3.22,0.333333333333333,-0.21881390593047,0,-1,0,-1,0
3221,3.221,0.333333333333333,-0.222903885480573,0,-1,0,-1,0
3222,3.222,0.333333333333333,-0.226993865030675,0,-1,0,-1,0
3223,3.223,0.333333333333333,-0.231083844580777,0,-1,0,-1,0
3224,3.224,0.333333333333333,-0.235173824130879,0,-1,0,-1,0
3225,3.225,0.333333333333333,-0.239263803680982,0,-1,0,-1,0
3226,3.226,0.333333333333333,-0.243353783231084,0,-1,0,-1,0
3227,3.227,0.333333333333333,-0.247443762781186,0,-1,0,-1,0
3228,3.228,0.333333333333333,-0.251533742331288,0,-1,0,-1,0
3229,3.229,0.333333333333333,-0.255623721881391,0,-1,0,-1,0
3230,3.23,0.333333333333333,-0.259713701431493,0,-1,0,-1,0
3231,3.231,0.333333333333333,-0.263803680981595,0,-1,0,-1,0
3232,3.232,0.333333333333333,-0.267893660531697,0,-1,0,-1,0
3233,3.233,0.333333333333333,-0.2719836400818,0,-1,0,-1,0
3234,3.234,0.333333333333333,-0.276073619631902,0,-1,0,-1,0
3235,3.235,0.333333333333333,-0.280163599182004,0,-1,0,-1,0
3236,3.236,0.333333333333333,-0.284253578732106,0,-1,0,-1,0
3237,3.237,0.333333333333333,-0.288343558282209,0,-1,0,-1,0
3238,3.238,0.333333333333333,-0.292433537832311,1,90,0,5,0
3239,3.239,0.333333333333333,-0.296523517382413,0,-1,0,-1,0
3240,3.24,0.333333333333333,-0.300613496932515,0,-1,0,-1,0
3241,3.241,0.333333333333333,-0.304703476482618,0,-1,0,-1,0
3242,3.242,0.333333333333333,-0.30879345603272,0,-1,0,-1,0
3243,3.243,0.333333333333333,-0.312883435582822,0,-1,0,-1,0
3244,3.244,0.333333333333333,-0.316973415132924,0,-1,0,-1,0
3245,3.245,0.333333333333333,-0.321063394683027,0,-1,0,-1,0
3246,3.246,0.333333333333333,-0.325153374233129,0,-1,0,-1,0
3247,3.247,0.333333333333333,-0.329243353783231,0,-1,0,-1,0
3248,3.248,0.333333333333333,-0.333333333333333,0,-1,0,-1,0
3249,3.249,0.333333333333333,-0.337423312883436,0,-1,0,-1,0
3250,3.25,0.333333333333333,-0.341513292433538,0,-1,0,-1,0
3251,3.251,0.333333333333333,-0.34560327198364,0,-1,0,-1,0
3252,3.252,0.333333333333333,-0.349693251533742,0,-1,0,-1,0
3253,3.253,0.333333333333333,-0.353783231083845,0,-1,0,-1,0
3254,3.254,0.333333333333333,-0.357873210633947,0,-1,0,-1,0
3255,3.255,0.333333333333333,-0.361963190184049,0,-1,0,-1,0
3256,3.256,0.333333333333333,-0.366053169734151,0,-1,0,-1,0
3257,3.257,0.333333333333333,-0.370143149284254,0,-1,0,-1,0
3258,3.258,0.333333333333333,-0.374233128834356,0,-1,0,-1,0
3259,3.259,0.333333333333333,-0.378323108384458,0,-1,0,-1,0
3260,3.26,0.333333333333333,-0.38241308793456,0,-1,0,-1,0
3261,3.261,0.333333333333333,-0.386503067484663,0,-1,0,-1,0
3262,3.262,0.333333333333333,-0.390593047034765,0,-1,0,-1,0
3263,3.263,0.333333333333333,-0.394683026584867,0,-1,0,-1,0
3264,3.264,0.333333333333333,-0.398773006134969,0,-1,0,-1,0
3265,3.265,0.333333333333333,-0.402862985685072,0,-1,0,-1,0
3266,3.266,0.333333333333333,-0.406952965235174,0,-1,0,-1,0
3267,3.267,0.333333333333333,-0.411042944785276,0,-1,0,-1,0
3268,3.268,0.333333333333333,-0.415132924335378,1,91,0,5,0
3269,3.269,0.333333333333333,-0.419222903885481,0,-1,0,-1,0
3270,3.27,0.333333333333333,-0.423312883435583,0,-1,0,-1,0
3271,3.271,0.333333333333333,-0.427402862985685,0,-1,0,-1,0
3272,3.272,0.333333333333333,-0.431492842535787,0,-1,0,-1,0
3273,3.273,0.333333333333333,-0.43558282208589,0,-1,0,-1,0
3274,3.274,0.333333333333333,-0.439672801635992,0,-1,0,-1,0
3275,3.275,0.333333333333333,-0.443762781186094,0,-1,0,-1,0
3276,3.276,0.333333333333333,-0.447852760736196,0,-1,0,-1,0
3277,3.277,0.333333333333333,-0.451942740286299,0,-1,0,-1,0
3278,3.278,0.333333333333333,-0.456032719836401,0,-1,0,-1,0
3279,3.279,0.333333333333333,-0.460122699386503,0,-1,0,-1,0
3280,3.28,0.333333333333333,-0.464212678936605,0,-1,0,-1,0
3281,3.281,0.333333333333333,-0.468302658486708,0,-1,0,-1,0
3282,3.282,0.333333333333333,-0.47239263803681,0,-1,0,-1,0
3283,3.283,0.333333333333333,-0.476482617586912,0,-1,0,-1,0
3284,3.284,0.333333333333333,-0.480572597137014,0,-1,0,-1,0
3285,3.285,0.333333333333333,-0.484662576687117,0,-1,0,-1,0
3286,3.286,0.333333333333333,-0.488752556237219,0,-1,0,-1,0
3287,3.287,0.333333333333333,-0.492842535787321,0,-1,0,-1,0
3288,3.288,0.333333333333333,-0.496932515337423,0,-1,0,-1,0
3289,3.289,0.333333333333333,-0.501022494887525,0,-1,0,-1,0
3290,3.29,0.333333333333333,-0.505112474437628,0,-1,0,-1,0
3291,3.291,0.333333333333333,-0.50920245398773,0,-1,0,-1,0
3292,3.292,0.333333333333333,-0.513292433537832,0,-1,0,-1,0
3293,3.293,0.333333333333333,-0.517382413087935,0,-1,0,-1,0
3294,3.294,0.333333333333333,-0.521472392638037,0,-1,0,-1,0
3295,3.295,0.333333333333333,-0.525562372188139,0,-1,0,-1,0
3296,3.296,0.333333333333333,-0.529652351738241,0,-1,0,-1,0
3297,3.297,0.333333333333333,-0.533742331288344,0,-1,0,-1,0
3298,3.298,0.333333333333333,-0.537832310838446,1,92,0,5,0
3299,3.299,0.333333333333333,-0.541922290388548,0,-1,0,-1,0
3300,3.3,0.333333333333333,-0.54601226993865,0,-1,0,-1,0
3301,3.301,0.333333333333333,-0.550102249488753,0,-1,0,-1,0
3302,3.302,0.333333333333333,-0.554192229038855,0,-1,0,-1,0
3303,3.303,0.333333333333333,-0.558282208588957,0,-1,0,-1,0
3304,3.304,0.333333333333333,-0.562372188139059,0,-1,0,-1,0
3305,3.305,0.333333333333333,-0.566462167689162,0,-1,0,-1,0
3306,3.306,0.333333333333333,-0.570552147239264,0,-1,0,-1,0
3307,3.307,0.333333333333333,-0.574642126789366,0,-1,0,-1,0
3308,3.308,0.333333333333333,-0.578732106339468,0,-1,0,-1,0
3309,3.309,0.333333333333333,-0.582822085889571,0,-1,0,-1,0
3310,3.31,0.333333333333333,-0.586912065439673,0,-1,0,-1,0
3311,3.311,0.333333333333333,-0.591002044989775,0,-1,0,-1,0
3312,3.312,0.333333333333333,-0.595092024539877,0,-1,0,-1,0
3313,3.313,0.333333333333333,-0.59918200408998,0,-1,0,-1,0
3314,3.314,0.333333333333333,-0.603271983640082,0,-1,0,-1,0
3315,3.315,0.333333333333333,-0.607361963190184,0,-1,0,-1,0
3316,3.316,0.333333333333333,-0.611451942740286,0,-1,0,-1,0
3317,3.317,0.333333333333333,-0.615541922290389,0,-1,0,-1,0
3318,3.318,0.333333333333333,-0.619631901840491,0,-1,0,-1,0
3319,3.319,0.333333333333333,-0.623721881390593,0,-1,0,-1,0
3320,3.32,0.333333333333333,-0.627811860940695,0,-1,0,-1,0
3321,3.321,0.333333333333333,-0.631901840490798,0,-1,0,-1,0
3322,3.322,0.333333333333333,-0.6359918200409,0,-1,0,-1,0
3323,3.323,0.333333333333333,-0.640081799591002,0,-1,0,-1,0
3324,3.324,0.333333333333333,-0.644171779141104,0,-1,0,-1,0
3325,3.325,0.333333333333333,-0.648261758691207,0,-1,0,-1,0
3326,3.326,0.333333333333333,-0.652351738241309,0,-1,0,-1,0
3327,3.327,0.333333333333333,-0.656441717791411,0,-1,0,-1,0
3328,3.328,0.333333333333333,-0.660531697341513,1,93,0,5,0
3329,3.329,0.333333333333333,-0.664621676891616,0,-1,0,-1,0
3330,3.33,0.333333333333333,-0.668711656441718,0,-1,0,-1,0
3331,3.331,0.333333333333333,-0.67280163599182,0,-1,0,-1,0
3332,3.332,0.333333333333333,-0.676891615541922,0,-1,0,-1,0
3333,3.333,0.333333333333333,-0.680981595092025,0,-1,0,-1,0
3334,3.334,0.333333333333333,-0.685071574642127,0,-1,0,-1,0
3335,3.335,0.333333333333333,-0.689161554192229,0,-1,0,-1,0
3336,3.336,0.333333333333333,-0.693251533742331,0,-1,0,-1,0
3337,3.337,0.333333333333333,-0.697341513292434,0,-1,0,-1,0
3338,3.338,0.333333333333333,-0.701431492842536,0,-1,0,-1,0
3339,3.339,0.333333333333333,-0.705521472392638,0,-1,0,-1,0
3340,3.34,0.333333333333333,-0.70961145194274,0,-1,0,-1,0
3341,3.341,0.333333333333333,-0.713701431492842,0,-1,0,-1,0
3342,3.342,0.333333333333333,-0.717791411042945,0,-1,0,-1,0
3343,3.343,0.333333333333333,-0.721881390593047,0,-1,0,-1,0
3344,3.344,0.333333333333333,-0.725971370143149,0,-1,0,-1,0
3345,3.345,0.333333333333333,-0.730061349693252,0,-1,0,-1,0
3346,3.346,0.333333333333333,-0.734151329243354,0,-1,0,-1,0
3347,3.347,0.333333333333333,-0.738241308793456,0,-1,0,-1,0
3348,3.348,0.333333333333333,-0.742331288343558,0,-1,0,-1,0
3349,3.349,0.333333333333333,-0.746421267893661,0,-1,0,-1,0
3350,3.35,0.333333333333333,-0.750511247443763,0,-1,0,-1,0
3351,3.351,0.333333333333333,-0.754601226993865,0,-1,0,-1,0
3352,3.352,0.333333333333333,-0.758691206543967,0,-1,0,-1,0
3353,3.353,0.333333333333333,-0.76278118609407,0,-1,0,-1,0
3354,3.354,0.333333333333333,-0.766871165644172,0,-1,0,-1,0
3355,3.355,0.333333333333333,-0.770961145194274,0,-1,0,-1,0
3356,3.356,0.333333333333333,-0.775051124744376,0,-1,0,-1,0
3357,3.357,0.333333333333333,-0.779141104294478,0,-1,0,-1,0
3358,3.358,0.333333333333333,-0.783231083844581,1,94,0,5,0
3359,3.359,0.333333333333333,-0.787321063394683,0,-1,0,-1,0
3360,3.36,0.333333333333333,-0.791411042944785,0,-1,0,-1,0
3361,3.361,0.333333333333333,-0.795501022494888,0,-1,0,-1,0
3362,3.362,0.333333333333333,-0.79959100204499,0,-1,0,-1,0
3363,3.363,0.333333333333333,-0.803680981595092,0,-1,0,-1,0
3364,3.364,0.333333333333333,-0.807770961145194,0,-1,0,-1,0
3365,3.365,0.333333333333333,-0.811860940695297,0,-1,0,-1,0
3366,3.366,0.333333333333333,-0.815950920245399,0,-1,0,-1,0
3367,3.367,0.333333333333333,-0.820040899795501,0,-1,0,-1,0
3368,3.368,0.333333333333333,-0.824130879345603,0,-1,0,-1,0
3369,3.369,0.333333333333333,-0.828220858895706,0,-1,0,-1,0
3370,3.37,0.333333333333333,-0.832310838445808,0,-1,0,-1,0
3371,3.371,0.333333333333333,-0.83640081799591,0,-1,0,-1,0
3372,3.372,0.333333333333333,-0.840490797546012,0,-1,0,-1,0
3373,3.373,0.333333333333333,-0.844580777096114,0,-1,0,-1,0
3374,3.374,0.333333333333333,-0.848670756646217,0,-1,0,-1,0
3375,3.375,0.333333333333333,-0.852760736196319,0,-1,0,-1,0
3376,3.376,0.333333333333333,-0.856850715746421,0,-1,0,-1,0
3377,3.377,0.333333333333333,-0.860940695296524,0,-1,0,-1,0
3378,3.378,0.333333333333333,-0.865030674846626,0,-1,0,-1,0
3379,3.379,0.333333333333333,-0.869120654396728,0,-1,0,-1,0
3380,3.38,0.333333333333333,-0.87321063394683,0,-1,0,-1,0
3381,3.381,0.333333333333333,-0.877300613496933,0,-1,0,-1,0
3382,3.382,0.333333333333333,-0.881390593047035,0,-1,0,-1,0
3383,3.383,0.333333333333333,-0.885480572597137,0,-1,0,-1,0
3384,3.384,0.333333333333333,-0.889570552147239,0,-1,0,-1,0
3385,3.385,0.333333333333333,-0.893660531697342,0,-1,0,-1,0
3386,3.386,0.333333333333333,-0.897750511247444,0,-1,0,-1,0
3387,3.387,0.333333333333333,-0.901840490797546,0,-1,0,-1,0
3388,3.388,0.333333333333333,-0.905930470347648,1,95,0,5,0
3389,3.389,0.333333333333333,-0.910020449897751,0,-1,0,-1,0
3390,3.39,0.333333333333333,-0.914110429447853,0,-1,0,-1,0
3391,3.391,0.333333333333333,-0.918200408997955,0,-1,0,-1,0
3392,3.392,0.333333333333333,-0.922290388548057,0,-1,0,-1,0
3393,3.393,0.328888888888889,-0.926380368098159,0,-1,0,-1,0
3394,3.394,0.328888888888889,-0.930470347648262,0,-1,0,-1,0
3395,3.395,0.328888888888889,-0.934560327198364,0,-1,0,-1,0
3396,3.396,0.324444444444445,-0.938650306748466,0,-1,0,-1,0
3397,3.397,0.324444444444445,-0.942740286298569,0,-1,0,-1,0
3398,3.398,0.32,-0.946830265848671,0,-1,0,-1,0
3399,3.399,0.315555555555556,-0.950920245398773,0,-1,0,-1,0
3400,3.4,0.311111111111111,-0.955010224948875,0,-1,0,-1,0
3401,3.401,0.306666666666667,-0.959100204498977,0,-1,0,-1,0
3402,3.402,0.302222222222222,-0.96319018404908,0,-1,0,-1,0
3403,3.403,0.297777777777778,-0.96319018404908,0,-1,0,-1,0
3404,3.404,0.293333333333333,-0.967280163599182,0,-1,0,-1,0
3405,3.405,0.288888888888889,-0.967280163599182,0,-1,0,-1,0
3406,3.406,0.284444444444445,-0.967280163599182,0,-1,0,-1,0
3407,3.407,0.28,-0.971370143149284,0,-1,0,-1,0
3408,3.408,0.275555555555556,-0.971370143149284,0,-1,0,-1,0
3409,3.409,0.271111111111111,-0.971370143149284,0,-1,0,-1,0
3410,3.41,0.266666666666667,-0.971370143149284,0,-1,0,-1,0
3411,3.411,0.262222222222222,-0.971370143149284,0,-1,0,-1,0
3412,3.412,0.257777777777778,-0.971370143149284,0,-1,0,-1,0
3413,3.413,0.253333333333333,-0.971370143149284,0,-1,0,-1,0
3414,3.414,0.248888888888889,-0.967280163599182,0,-1,0,-1,0
3415,3.415,0.244444444444444,-0.967280163599182,0,-1,0,-1,0
3416,3.416,0.24,-0.967280163599182,0,-1,0,-1,0
3417,3.417,0.235555555555556,-0.96319018404908,0,-1,0,-1,0
3418,3.418,0.231111111111111,-0.96319018404908,0,-1,0,-1,0
3419,3.419,0.226666666666667,-0.959100204498977,0,-1,0,-1,0
3420,3.42,0.222222222222222,-0.955010224948875,0,-1,0,-1,0
3421,3.421,0.217777777777778,-0.950920245398773,0,-1,0,-1,0
3422,3.422,0.213333333333333,-0.946830265848671,0,-1,0,-1,0
3423,3.423,0.208888888888889,-0.942740286298569,0,-1,0,-1,0
3424,3.424,0.208888888888889,-0.938650306748466,0,-1,0,-1,0
3425,3.425,0.204444444444444,-0.934560327198364,0,-1,0,-1,0
3426,3.426,0.204444444444444,-0.930470347648262,0,-1,0,-1,0
3427,3.427,0.204444444444444,-0.926380368098159,0,-1,0,-1,0
3428,3.428,0.2,-0.922290388548057,0,-1,0,-1,0
3429,3.429,0.2,-0.918200408997955,0,-1,0,-1,0
3430,3.43,0.2,-0.914110429447853,0,-1,0,-1,0
3431,3.431,0.2,-0.910020449897751,0,-1,0,-1,0
3432,3.432,0.2,-0.905930470347648,1,96,1,6,0
3433,3.433,0.2,-0.901840490797546,0,-1,0,-1,0
3434,3.434,0.2,-0.897750511247444,0,-1,0,-1,0
3435,3.435,0.2,-0.893660531697342,0,-1,0,-1,0
3436,3.436,0.2,-0.889570552147239,0,-1,0,-1,0
3437,3.437,0.2,-0.885480572597137,0,-1,0,-1,0
3438,3.438,0.2,-0.881390593047035,0,-1,0,-1,0
3439,3.439,0.2,-0.877300613496933,0,-1,0,-1,0
3440,3.44,0.2,-0.87321063394683,0,-1,0,-1,0
3441,3.441,0.2,-0.869120654396728,0,-1,0,-1,0
3442,3.442,0.2,-0.865030674846626,0,-1,0,-1,0
3443,3.443,0.2,-0.860940695296524,0,-1,0,-1,0
3444,3.444,0.2,-0.856850715746421,0,-1,0,-1,0
3445,3.445,0.2,-0.852760736196319,0,-1,0,-1,0
3446,3.446,0.2,-0.848670756646217,0,-1,0,-1,0
3447,3.447,0.2,-0.844580777096114,0,-1,0,-1,0
3448,3.448,0.2,-0.840490797546012,0,-1,0,-1,0
3449,3.449,0.2,-0.83640081799591,0,-1,0,-1,0
3450,3.45,0.2,-0.832310838445808,0,-1,0,-1,0
3451,3.451,0.2,-0.828220858895706,0,-1,0,-1,0
3452,3.452,0.2,-0.824130879345603,0,-1,0,-1,0
3453,3.453,0.2,-0.820040899795501,0,-1,0,-1,0
3454,3.454,0.2,-0.815950920245399,0,-1,0,-1,0
3455,3.455,0.2,-0.811860940695297,0,-1,0,-1,0
3456,3.456,0.2,-0.807770961145194,0,-1,0,-1,0
3457,3.457,0.2,-0.803680981595092,0,-1,0,-1,0
3458,3.458,0.2,-0.79959100204499,0,-1,0,-1,0
3459,3.459,0.2,-0.795501022494888,0,-1,0,-1,0
3460,3.46,0.2,-0.791411042944785,0,-1,0,-1,0
3461,3.461,0.2,-0.787321063394683,0,-1,0,-1,0
3462,3.462,0.2,-0.783231083844581,1,97,0,6,0
3463,3.463,0.2,-0.779141104294478,0,-1,0,-1,0
3464,3.464,0.2,-0.775051124744376,0,-1,0,-1,0
3465,3.465,0.2,-0.770961145194274,0,-1,0,-1,0
3466,3.466,0.2,-0.766871165644172,0,-1,0,-1,0
3467,3.467,0.2,-0.76278118609407,0,-1,0,-1,0
3468,3.468,0.2,-0.758691206543967,0,-1,0,-1,0
3469,3.469,0.2,-0.754601226993865,0,-1,0,-1,0
3470,3.47,0.2,-0.750511247443763,0,-1,0,-1,0
3471,3.471,0.2,-0.746421267893661,0,-1,0,-1,0
3472,3.472,0.2,-0.742331288343558,0,-1,0,-1,0
3473,3.473,0.2,-0.738241308793456,0,-1,0,-1,0
3474,3.474,0.2,-0.734151329243354,0,-1,0,-1,0
3475,3.475,0.2,-0.730061349693252,0,-1,0,-1,0
3476,3.476,0.2,-0.725971370143149,0,-1,0,-1,0
3477,3.477,0.2,-0.721881390593047,0,-1,0,-1,0
3478,3.478,0.2,-0.717791411042945,0,-1,0,-1,0
3479,3.479,0.2,-0.713701431492842,0,-1,0,-1,0
3480,3.48,0.2,-0.70961145194274,0,-1,0,-1,0
3481,3.481,0.2,-0.705521472392638,0,-1,0,-1,0
3482,3.482,0.2,-0.701431492842536,0,-1,0,-1,0
3483,3.483,0.2,-0.697341513292434,0,-1,0,-1,0
3484,3.484,0.2,-0.693251533742331,0,-1,0,-1,0
3485,3.485,0.2,-0.689161554192229,0,-1,0,-1,0
3486,3.486,0.2,-0.685071574642127,0,-1,0,-1,0
3487,3.487,0.2,-0.680981595092025,0,-1,0,-1,0
3488,3.488,0.2,-0.676891615541922,0,-1,0,-1,0
3489,3.489,0.2,-0.67280163599182,0,-1,0,-1,0
3490,3.49,0.2,-0.668711656441718,0,-1,0,-1,0
3491,3.491,0.2,-0.664621676891616,0,-1,0,-1,0
3492,3.492,0.2,-0.660531697341513,1,98,0,6,0
3493,3.493,0.2,-0.656441717791411,0,-1,0,-1,0
3494,3.494,0.2,-0.652351738241309,0,-1,0,-1,0
3495,3.495,0.2,-0.648261758691207,0,-1,0,-1,0
3496,3.496,0.2,-0.644171779141104,0,-1,0,-1,0
3497,3.497,0.2,-0.640081799591002,0,-1,0,-1,0
3498,3.498,0.2,-0.6359918200409,0,-1,0,-1,0
3499,3.499,0.2,-0.631901840490798,0,-1,0,-1,0
3500,3.5,0.2,-0.627811860940695,0,-1,0,-1,0
3501,3.501,0.2,-0.623721881390593,0,-1,0,-1,0
3502,3.502,0.2,-0.619631901840491,0,-1,0,-1,0
3503,3.503,0.2,-0.615541922290389,0,-1,0,-1,0
3504,3.504,0.2,-0.611451942740286,0,-1,0,-1,0
3505,3.505,0.2,-0.607361963190184,0,-1,0,-1,0
3506,3.506,0.2,-0.603271983640082,0,-1,0,-1,0
3507,3.507,0.2,-0.59918200408998,0,-1,0,-1,0
3508,3.508,0.2,-0.595092024539877,0,-1,0,-1,0
3509,3.509,0.2,-0.591002044989775,0,-1,0,-1,0
3510,3.51,0.2,-0.586912065439673,0,-1,0,-1,0
3511,3.511,0.2,-0.582822085889571,0,-1,0,-1,0
3512,3.512,0.2,-0.578732106339468,0,-1,0,-1,0
3513,3.513,0.2,-0.574642126789366,0,-1,0,-1,0
3514,3.514,0.2,-0.570552147239264,0,-1,0,-1,0
3515,3.515,0.2,-0.566462167689162,0,-1,0,-1,0
3516,3.516,0.2,-0.562372188139059,0,-1,0,-1,0
3517,3.517,0.2,-0.558282208588957,0,-1,0,-1,0
3518,3.518,0.2,-0.554192229038855,0,-1,0,-1,0
3519,3.519,0.2,-0.550102249488753,0,-1,0,-1,0
3520,3.52,0.2,-0.54601226993865,0,-1,0,-1,0
3521,3.521,0.2,-0.541922290388548,0,-1,0,-1,0
3522,3.522,0.2,-0.537832310838446,1,99,0,6,0
3523,3.523,0.2,-0.533742331288344,0,-1,0,-1,0
3524,3.524,0.2,-0.529652351738241,0,-1,0,-1,0
3525,3.525,0.2,-0.525562372188139,0,-1,0,-1,0
3526,3.526,0.2,-0.521472392638037,0,-1,0,-1,0
3527,3.527,0.2,-0.517382413087935,0,-1,0,-1,0
3528,3.528,0.2,-0.513292433537832,0,-1,0,-1,0
3529,3.529,0.2,-0.50920245398773,0,-1,0,-1,0
3530,3.53,0.2,-0.505112474437628,0,-1,0,-1,0
3531,3.531,0.2,-0.501022494887525,0,-1,0,-1,0
3532,3.532,0.2,-0.496932515337423,0,-1,0,-1,0
3533,3.533,0.2,-0.492842535787321,0,-1,0,-1,0
3534,3.534,0.2,-0.488752556237219,0,-1,0,-1,0
3535,3.535,0.2,-0.484662576687117,0,-1,0,-1,0
3536,3.536,0.2,-0.480572597137014,0,-1,0,-1,0
3537,3.537,0.2,-0.476482617586912,0,-1,0,-1,0
3538,3.538,0.2,-0.47239263803681,0,-1,0,-1,0
3539,3.539,0.2,-0.468302658486708,0,-1,0,-1,0
3540,3.54,0.2,-0.464212678936605,0,-1,0,-1,0
3541,3.541,0.2,-0.460122699386503,0,-1,0,-1,0
3542,3.542,0.2,-0.456032719836401,0,-1,0,-1,0
3543,3.543,0.2,-0.451942740286299,0,-1,0,-1,0
3544,3.544,0.2,-0.447852760736196,0,-1,0,-1,0
3545,3.545,0.2,-0.443762781186094,0,-1,0,-1,0
3546,3.546,0.2,-0.439672801635992,0,-1,0,-1,0
3547,3.547,0.2,-0.43558282208589,0,-1,0,-1,0
3548,3.548,0.2,-0.431492842535787,0,-1,0,-1,0
3549,3.549,0.2,-0.427402862985685,0,-1,0,-1,0
3550,3.55,0.2,-0.423312883435583,0,-1,0,-1,0
3551,3.551,0.2,-0.419222903885481,0,-1,0,-1,0
3552,3.552,0.2,-0.415132924335378,1,100,0,6,0
3553,3.553,0.2,-0.411042944785276,0,-1,0,-1,0
3554,3.554,0.2,-0.406952965235174,0,-1,0,-1,0
3555,3.555,0.2,-0.402862985685072,0,-1,0,-1,0
3556,3.556,0.2,-0.398773006134969,0,-1,0,-1,0
3557,3.557,0.2,-0.394683026584867,0,-1,0,-1,0
3558,3.558,0.2,-0.390593047034765,0,-1,0,-1,0
3559,3.559,0.2,-0.386503067484663,0,-1,0,-1,0
3560,3.56,0.2,-0.38241308793456,0,-1,0,-1,0
3561,3.561,0.2,-0.378323108384458,0,-1,0,-1,0
3562,3.562,0.2,-0.374233128834356,0,-1,0,-1,0
3563,3.563,0.2,-0.370143149284254,0,-1,0,-1,0
3564,3.564,0.2,-0.366053169734151,0,-1,0,-1,0
3565,3.565,0.2,-0.361963190184049,0,-1,0,-1,0
3566,3.566,0.2,-0.357873210633947,0,-1,0,-1,0
3567,3.567,0.2,-0.353783231083845,0,-1,0,-1,0
3568,3.568,0.2,-0.349693251533742,0,-1,0,-1,0
3569,3.569,0.2,-0.34560327198364,0,-1,0,-1,0
3570,3.57,0.2,-0.341513292433538,0,-1,0,-1,0
3571,3.571,0.2,-0.337423312883436,0,-1,0,-1,0
3572,3.572,0.2,-0.333333333333333,0,-1,0,-1,0
3573,3.573,0.2,-0.329243353783231,0,-1,0,-1,0
3574,3.574,0.2,-0.325153374233129,0,-1,0,-1,0
3575,3.575,0.2,-0.321063394683027,0,-1,0,-1,0
3576,3.576,0.2,-0.316973415132924,0,-1,0,-1,0
3577,3.577,0.2,-0.312883435582822,0,-1,0,-1,0
3578,3.578,0.2,-0.30879345603272,0,-1,0,-1,0
3579,3.579,0.2,-0.304703476482618,0,-1,0,-1,0
3580,3.58,0.2,-0.300613496932515,0,-1,0,-1,0
3581,3.581,0.2,-0.296523517382413,0,-1,0,-1,0
3582,3.582,0.2,-0.292433537832311,1,101,0,6,0
3583,3.583,0.2,-0.288343558282209,0,-1,0,-1,0
3584,3.584,0.2,-0.284253578732106,0,-1,0,-1,0
3585,3.585,0.2,-0.280163599182004,0,-1,0,-1,0
3586,3.586,0.2,-0.276073619631902,0,-1,0,-1,0
3587,3.587,0.2,-0.2719836400818,0,-1,0,-1,0
3588,3.588,0.2,-0.267893660531697,0,-1,0,-1,0
3589,3.589,0.2,-0.263803680981595,0,-1,0,-1,0
3590,3.59,0.2,-0.259713701431493,0,-1,0,-1,0
3591,3.591,0.2,-0.255623721881391,0,-1,0,-1,0
3592,3.592,0.2,-0.251533742331288,0,-1,0,-1,0
3593,3.593,0.2,-0.247443762781186,0,-1,0,-1,0
3594,3.594,0.2,-0.243353783231084,0,-1,0,-1,0
3595,3.595,0.2,-0.239263803680982,0,-1,0,-1,0
3596,3.596,0.2,-0.235173824130879,0,-1,0,-1,0
3597,3.597,0.2,-0.231083844580777,0,-1,0,-1,0
3598,3.598,0.2,-0.226993865030675,0,-1,0,-1,0
3599,3.599,0.2,-0.222903885480573,0,-1,0,-1,0
3600,3.6,0.2,-0.21881390593047,0,-1,0,-1,0
3601,3.601,0.2,-0.214723926380368,0,-1,0,-1,0
3602,3.602,0.2,-0.210633946830266,0,-1,0,-1,0
3603,3.603,0.2,-0.206543967280164,0,-1,0,-1,0
3604,3.604,0.2,-0.202453987730061,0,-1,0,-1,0
3605,3.605,0.2,-0.198364008179959,0,-1,0,-1,0
3606,3.606,0.2,-0.194274028629857,0,-1,0,-1,0
3607,3.607,0.2,-0.190184049079755,0,-1,0,-1,0
3608,3.608,0.2,-0.186094069529652,0,-1,0,-1,0
3609,3.609,0.2,-0.18200408997955,0,-1,0,-1,0
3610,3.61,0.2,-0.177914110429448,0,-1,0,-1,0
3611,3.611,0.2,-0.173824130879346,0,-1,0,-1,0
3612,3.612,0.2,-0.169734151329243,1,102,0,6,0
3613,3.613,0.2,-0.165644171779141,0,-1,0,-1,0
3614,3.614,0.2,-0.161554192229039,0,-1,0,-1,0
3615,3.615,0.2,-0.157464212678937,0,-1,0,-1,0
3616,3.616,0.2,-0.153374233128834,0,-1,0,-1,0
3617,3.617,0.2,-0.149284253578732,0,-1,0,-1,0
3618,3.618,0.2,-0.14519427402863,0,-1,0,-1,0
3619,3.619,0.2,-0.141104294478528,0,-1,0,-1,0
3620,3.62,0.2,-0.137014314928425,0,-1,0,-1,0
3621,3.621,0.2,-0.132924335378323,0,-1,0,-1,0
3622,3.622,0.2,-0.128834355828221,0,-1,0,-1,0
3623,3.623,0.2,-0.124744376278119,0,-1,0,-1,0
3624,3.624,0.2,-0.120654396728016,0,-1,0,-1,0
3625,3.625,0.2,-0.116564417177914,0,-1,0,-1,0
3626,3.626,0.2,-0.112474437627812,0,-1,0,-1,0
3627,3.627,0.2,-0.10838445807771,0,-1,0,-1,0
3628,3.628,0.2,-0.104294478527607,0,-1,0,-1,0
3629,3.629,0.2,-0.100204498977505,0,-1,0,-1,0
3630,3.63,0.2,-0.0961145194274029,0,-1,0,-1,0
3631,3.631,0.2,-0.0920245398773006,0,-1,0,-1,0
3632,3.632,0.2,-0.0879345603271984,0,-1,0,-1,0
3633,3.633,0.2,-0.0838445807770961,0,-1,0,-1,0
3634,3.634,0.2,-0.0797546012269938,0,-1,0,-1,0
3635,3.635,0.2,-0.0756646216768916,0,-1,0,-1,0
3636,3.636,0.2,-0.0715746421267893,0,-1,0,-1,0
3637,3.637,0.2,-0.0674846625766872,0,-1,0,-1,0
3638,3.638,0.2,-0.0633946830265849,0,-1,0,-1,0
3639,3.639,0.2,-0.0593047034764826,0,-1,0,-1,0
3640,3.64,0.2,-0.0552147239263804,0,-1,0,-1,0
3641,3.641,0.2,-0.0511247443762781,0,-1,0,-1,0
3642,3.642,0.2,-0.0470347648261759,1,103,0,6,0
3643,3.643,0.2,-0.0429447852760736,0,-1,0,-1,0
3644,3.644,0.2,-0.0388548057259713,0,-1,0,-1,0
3645,3.645,0.2,-0.0347648261758691,0,-1,0,-1,0
3646,3.646,0.2,-0.0306748466257669,0,-1,0,-1,0
3647,3.647,0.2,-0.0265848670756647,0,-1,0,-1,0
3648,3.648,0.2,-0.0224948875255624,0,-1,0,-1,0
3649,3.649,0.2,-0.0184049079754601,0,-1,0,-1,0
3650,3.65,0.2,-0.0143149284253579,0,-1,0,-1,0
3651,3.651,0.2,-0.0102249488752556,0,-1,0,-1,0
3652,3.652,0.2,-0.0061349693251533,0,-1,0,-1,0
3653,3.653,0.2,-0.002044989775051,0,-1,0,-1,0
3654,3.654,0.2,0.0020449897750511,0,-1,0,-1,0
3655,3.655,0.2,0.0061349693251533,0,-1,0,-1,0
3656,3.656,0.2,0.0102249488752557,0,-1,0,-1,0
3657,3.657,0.2,0.0143149284253579,0,-1,0,-1,0
3658,3.658,0.2,0.01840490797546,0,-1,0,-1,0
3659,3.659,0.2,0.0224948875255624,0,-1,0,-1,0
3660,3.66,0.2,0.0265848670756645,0,-1,0,-1,0
3661,3.661,0.2,0.0306748466257669,0,-1,0,-1,0
3662,3.662,0.2,0.0347648261758691,0,-1,0,-1,0
3663,3.663,0.2,0.0388548057259714,0,-1,0,-1,0
3664,3.664,0.2,0.0429447852760736,0,-1,0,-1,0
3665,3.665,0.2,0.047034764826176,0,-1,0,-1,0
3666,3.666,0.2,0.0511247443762781,0,-1,0,-1,0
3667,3.667,0.2,0.0552147239263803,0,-1,0,-1,0
3668,3.668,0.2,0.0593047034764826,0,-1,0,-1,0
3669,3.669,0.2,0.0633946830265848,0,-1,0,-1,0
3670,3.67,0.2,0.0674846625766872,0,-1,0,-1,0
3671,3.671,0.2,0.0715746421267893,0,-1,0,-1,0
3672,3.672,0.2,0.0756646216768917,1,104,0,6,0
3673,3.673,0.2,0.0797546012269938,0,-1,0,-1,0
3674,3.674,0.2,0.0838445807770962,0,-1,0,-1,0
3675,3.675,0.2,0.0879345603271984,0,-1,0,-1,0
3676,3.676,0.2,0.0920245398773005,0,-1,0,-1,0
3677,3.677,0.2,0.0961145194274029,0,-1,0,-1,0
3678,3.678,0.2,0.100204498977505,0,-1,0,-1,0
3679,3.679,0.2,0.104294478527607,0,-1,0,-1,0
3680,3.68,0.2,0.10838445807771,0,-1,0,-1,0
3681,3.681,0.2,0.112474437627812,0,-1,0,-1,0
3682,3.682,0.2,0.116564417177914,0,-1,0,-1,0
3683,3.683,0.2,0.120654396728016,0,-1,0,-1,0
3684,3.684,0.2,0.124744376278119,0,-1,0,-1,0
3685,3.685,0.2,0.128834355828221,0,-1,0,-1,0
3686,3.686,0.2,0.132924335378323,0,-1,0,-1,0
3687,3.687,0.2,0.137014314928425,0,-1,0,-1,0
3688,3.688,0.2,0.141104294478528,0,-1,0,-1,0
3689,3.689,0.2,0.14519427402863,0,-1,0,-1,0
3690,3.69,0.2,0.149284253578732,0,-1,0,-1,0
3691,3.691,0.2,0.153374233128834,0,-1,0,-1,0
3692,3.692,0.2,0.157464212678937,0,-1,0,-1,0
3693,3.693,0.2,0.161554192229039,0,-1,0,-1,0
3694,3.694,0.2,0.165644171779141,0,-1,0,-1,0
3695,3.695,0.2,0.169734151329243,0,-1,0,-1,0
3696,3.696,0.2,0.173824130879346,0,-1,0,-1,0
3697,3.697,0.2,0.177914110429448,0,-1,0,-1,0
3698,3.698,0.2,0.18200408997955,0,-1,0,-1,0
3699,3.699,0.2,0.186094069529652,0,-1,0,-1,0
3700,3.7,0.2,0.190184049079755,0,-1,0,-1,0
3701,3.701,0.2,0.194274028629857,0,-1,0,-1,0
3702,3.702,0.2,0.198364008179959,1,105,0,6,0
3703,3.703,0.2,0.202453987730061,0,-1,0,-1,0
3704,3.704,0.2,0.206543967280164,0,-1,0,-1,0
3705,3.705,0.2,0.210633946830266,0,-1,0,-1,0
3706,3.706,0.2,0.214723926380368,0,-1,0,-1,0
3707,3.707,0.2,0.21881390593047,0,-1,0,-1,0
3708,3.708,0.2,0.222903885480572,0,-1,0,-1,0
3709,3.709,0.2,0.226993865030675,0,-1,0,-1,0
3710,3.71,0.2,0.231083844580777,0,-1,0,-1,0
3711,3.711,0.2,0.235173824130879,0,-1,0,-1,0
3712,3.712,0.2,0.239263803680982,0,-1,0,-1,0
3713,3.713,0.2,0.243353783231084,0,-1,0,-1,0
3714,3.714,0.2,0.247443762781186,0,-1,0,-1,0
3715,3.715,0.2,0.251533742331288,0,-1,0,-1,0
3716,3.716,0.2,0.255623721881391,0,-1,0,-1,0
3717,3.717,0.2,0.259713701431493,0,-1,0,-1,0
3718,3.718,0.2,0.263803680981595,0,-1,0,-1,0
3719,3.719,0.2,0.267893660531697,0,-1,0,-1,0
3720,3.72,0.2,0.2719836400818,0,-1,0,-1,0
3721,3.721,0.2,0.276073619631902,0,-1,0,-1,0
3722,3.722,0.2,0.280163599182004,0,-1,0,-1,0
3723,3.723,0.2,0.284253578732106,0,-1,0,-1,0
3724,3.724,0.2,0.288343558282208,0,-1,0,-1,0
3725,3.725,0.2,0.292433537832311,0,-1,0,-1,0
3726,3.726,0.2,0.296523517382413,0,-1,0,-1,0
3727,3.727,0.2,0.300613496932515,0,-1,0,-1,0
3728,3.728,0.2,0.304703476482618,0,-1,0,-1,0
3729,3.729,0.2,0.30879345603272,0,-1,0,-1,0
3730,3.73,0.2,0.312883435582822,0,-1,0,-1,0
3731,3.731,0.2,0.316973415132924,0,-1,0,-1,0
3732,3.732,0.2,0.321063394683027,1,106,0,6,0
3733,3.733,0.2,0.325153374233129,0,-1,0,-1,0
3734,3.734,0.2,0.329243353783231,0,-1,0,-1,0
3735,3.735,0.2,0.333333333333333,0,-1,0,-1,0
3736,3.736,0.2,0.337423312883436,0,-1,0,-1,0
3737,3.737,0.2,0.341513292433538,0,-1,0,-1,0
3738,3.738,0.2,0.34560327198364,0,-1,0,-1,0
3739,3.739,0.2,0.349693251533742,0,-1,0,-1,0
3740,3.74,0.2,0.353783231083845,0,-1,0,-1,0
3741,3.741,0.2,0.357873210633947,0,-1,0,-1,0
3742,3.742,0.2,0.361963190184049,0,-1,0,-1,0
3743,3.743,0.2,0.366053169734151,0,-1,0,-1,0
3744,3.744,0.2,0.370143149284254,0,-1,0,-1,0
3745,3.745,0.2,0.374233128834356,0,-1,0,-1,0
3746,3.746,0.2,0.378323108384458,0,-1,0,-1,0
3747,3.747,0.2,0.38241308793456,0,-1,0,-1,0
3748,3.748,0.2,0.386503067484663,0,-1,0,-1,0
3749,3.749,0.2,0.390593047034765,0,-1,0,-1,0
3750,3.75,0.2,0.394683026584867,0,-1,0,-1,0
3751,3.751,0.2,0.398773006134969,0,-1,0,-1,0
3752,3.752,0.2,0.402862985685072,0,-1,0,-1,0
3753,3.753,0.2,0.406952965235174,0,-1,0,-1,0
3754,3.754,0.2,0.411042944785276,0,-1,0,-1,0
3755,3.755,0.2,0.415132924335378,0,-1,0,-1,0
3756,3.756,0.2,0.419222903885481,0,-1,0,-1,0
3757,3.757,0.2,0.423312883435583,0,-1,0,-1,0
3758,3.758,0.2,0.427402862985685,0,-1,0,-1,0
3759,3.759,0.2,0.431492842535787,0,-1,0,-1,0
3760,3.76,0.2,0.43558282208589,0,-1,0,-1,0
3761,3.761,0.2,0.439672801635992,0,-1,0,-1,0
3762,3.762,0.2,0.443762781186094,1,107,0,6,0
3763,3.763,0.2,0.447852760736196,0,-1,0,-1,0
3764,3.764,0.2,0.451942740286299,0,-1,0,-1,0
3765,3.765,0.2,0.456032719836401,0,-1,0,-1,0
3766,3.766,0.2,0.460122699386503,0,-1,0,-1,0
3767,3.767,0.2,0.464212678936605,0,-1,0,-1,0
3768,3.768,0.2,0.468302658486708,0,-1,0,-1,0
3769,3.769,0.2,0.47239263803681,0,-1,0,-1,0
3770,3.77,0.2,0.476482617586912,0,-1,0,-1,0
3771,3.771,0.2,0.480572597137014,0,-1,0,-1,0
3772,3.772,0.2,0.484662576687117,0,-1,0,-1,0
3773,3.773,0.2,0.488752556237219,0,-1,0,-1,0
3774,3.774,0.2,0.492842535787321,0,-1,0,-1,0
3775,3.775,0.2,0.496932515337423,0,-1,0,-1,0
3776,3.776,0.2,0.501022494887525,0,-1,0,-1,0
3777,3.777,0.2,0.505112474437628,0,-1,0,-1,0
3778,3.778,0.2,0.50920245398773,0,-1,0,-1,0
3779,3.779,0.2,0.513292433537832,0,-1,0,-1,0
3780,3.78,0.2,0.517382413087935,0,-1,0,-1,0
3781,3.781,0.2,0.521472392638037,0,-1,0,-1,0
3782,3.782,0.2,0.525562372188139,0,-1,0,-1,0
3783,3.783,0.2,0.529652351738241,0,-1,0,-1,0
3784,3.784,0.2,0.533742331288344,0,-1,0,-1,0
3785,3.785,0.2,0.537832310838446,0,-1,0,-1,0
3786,3.786,0.2,0.541922290388548,0,-1,0,-1,0
3787,3.787,0.2,0.54601226993865,0,-1,0,-1,0
3788,3.788,0.2,0.550102249488753,0,-1,0,-1,0
3789,3.789,0.2,0.554192229038855,0,-1,0,-1,0
3790,3.79,0.2,0.558282208588957,0,-1,0,-1,0
3791,3.791,0.2,0.562372188139059,0,-1,0,-1,0
3792,3.792,0.2,0.566462167689161,1,108,0,6,0
3793,3.793,0.2,0.570552147239264,0,-1,0,-1,0
3794,3.794,0.2,0.574642126789366,0,-1,0,-1,0
3795,3.795,0.2,0.578732106339468,0,-1,0,-1,0
3796,3.796,0.2,0.582822085889571,0,-1,0,-1,0
3797,3.797,0.2,0.586912065439673,0,-1,0,-1,0
3798,3.798,0.2,0.591002044989775,0,-1,0,-1,0
3799,3.799,0.2,0.595092024539877,0,-1,0,-1,0
3800,3.8,0.2,0.59918200408998,0,-1,0,-1,0
3801,3.801,0.2,0.603271983640082,0,-1,0,-1,0
3802,3.802,0.2,0.607361963190184,0,-1,0,-1,0
3803,3.803,0.2,0.611451942740286,0,-1,0,-1,0
3804,3.804,0.2,0.615541922290389,0,-1,0,-1,0
3805,3.805,0.2,0.619631901840491,0,-1,0,-1,0
3806,3.806,0.2,0.623721881390593,0,-1,0,-1,0
3807,3.807,0.2,0.627811860940695,0,-1,0,-1,0
3808,3.808,0.2,0.631901840490797,0,-1,0,-1,0
3809,3.809,0.2,0.6359918200409,0,-1,0,-1,0
3810,3.81,0.2,0.640081799591002,0,-1,0,-1,0
3811,3.811,0.2,0.644171779141104,0,-1,0,-1,0
3812,3.812,0.2,0.648261758691207,0,-1,0,-1,0
3813,3.813,0.2,0.652351738241309,0,-1,0,-1,0
3814,3.814,0.2,0.656441717791411,0,-1,0,-1,0
3815,3.815,0.2,0.660531697341513,0,-1,0,-1,0
3816,3.816,0.2,0.664621676891616,0,-1,0,-1,0
3817,3.817,0.2,0.668711656441718,0,-1,0,-1,0
3818,3.818,0.2,0.67280163599182,0,-1,0,-1,0
3819,3.819,0.2,0.676891615541922,0,-1,0,-1,0
3820,3.82,0.2,0.680981595092025,0,-1,0,-1,0
3821,3.821,0.2,0.685071574642127,0,-1,0,-1,0
3822,3.822,0.2,0.689161554192229,1,109,0,6,0
3823,3.823,0.2,0.693251533742331,0,-1,0,-1,0
3824,3.824,0.2,0.697341513292433,0,-1,0,-1,0
3825,3.825,0.2,0.701431492842536,0,-1,0,-1,0
3826,3.826,0.2,0.705521472392638,0,-1,0,-1,0
3827,3.827,0.2,0.70961145194274,0,-1,0,-1,0
3828,3.828,0.2,0.713701431492842,0,-1,0,-1,0
3829,3.829,0.2,0.717791411042945,0,-1,0,-1,0
3830,3.83,0.2,0.721881390593047,0,-1,0,-1,0
3831,3.831,0.2,0.725971370143149,0,-1,0,-1,0
3832,3.832,0.2,0.730061349693252,0,-1,0,-1,0
3833,3.833,0.2,0.734151329243354,0,-1,0,-1,0
3834,3.834,0.2,0.738241308793456,0,-1,0,-1,0
3835,3.835,0.2,0.742331288343558,0,-1,0,-1,0
3836,3.836,0.2,0.746421267893661,0,-1,0,-1,0
3837,3.837,0.2,0.750511247443763,0,-1,0,-1,0
3838,3.838,0.2,0.754601226993865,0,-1,0,-1,0
3839,3.839,0.2,0.758691206543967,0,-1,0,-1,0
3840,3.84,0.2,0.762781186094069,0,-1,0,-1,0
3841,3.841,0.2,0.766871165644172,0,-1,0,-1,0
3842,3.842,0.2,0.770961145194274,0,-1,0,-1,0
3843,3.843,0.2,0.775051124744376,0,-1,0,-1,0
3844,3.844,0.2,0.779141104294478,0,-1,0,-1,0
3845,3.845,0.2,0.783231083844581,0,-1,0,-1,0
3846,3.846,0.2,0.787321063394683,0,-1,0,-1,0
3847,3.847,0.2,0.791411042944785,0,-1,0,-1,0
3848,3.848,0.2,0.795501022494888,0,-1,0,-1,0
3849,3.849,0.2,0.79959100204499,0,-1,0,-1,0
3850,3.85,0.2,0.803680981595092,0,-1,0,-1,0
3851,3.851,0.2,0.807770961145194,0,-1,0,-1,0
3852,3.852,0.2,0.811860940695297,1,110,0,6,0
3853,3.853,0.2,0.815950920245399,0,-1,0,-1,0
3854,3.854,0.2,0.820040899795501,0,-1,0,-1,0
3855,3.855,0.2,0.824130879345603,0,-1,0,-1,0
3856,3.856,0.2,0.828220858895706,0,-1,0,-1,0
3857,3.857,0.2,0.832310838445808,0,-1,0,-1,0
3858,3.858,0.2,0.83640081799591,0,-1,0,-1,0
3859,3.859,0.2,0.840490797546012,0,-1,0,-1,0
3860,3.86,0.2,0.844580777096114,0,-1,0,-1,0
3861,3.861,0.2,0.848670756646217,0,-1,0,-1,0
3862,3.862,0.2,0.852760736196319,0,-1,0,-1,0
3863,3.863,0.2,0.856850715746421,0,-1,0,-1,0
3864,3.864,0.2,0.860940695296524,0,-1,0,-1,0
3865,3.865,0.2,0.865030674846626,0,-1,0,-1,0
3866,3.866,0.2,0.869120654396728,0,-1,0,-1,0
3867,3.867,0.2,0.87321063394683,0,-1,0,-1,0
3868,3.868,0.2,0.877300613496933,0,-1,0,-1,0
3869,3.869,0.2,0.881390593047035,0,-1,0,-1,0
3870,3.87,0.2,0.885480572597137,0,-1,0,-1,0
3871,3.871,0.2,0.889570552147239,0,-1,0,-1,0
3872,3.872,0.2,0.893660531697342,0,-1,0,-1,0
3873,3.873,0.2,0.897750511247444,0,-1,0,-1,0
3874,3.874,0.2,0.901840490797546,0,-1,0,-1,0
3875,3.875,0.2,0.905930470347648,0,-1,0,-1,0
3876,3.876,0.2,0.91002044989775,0,-1,0,-1,0
3877,3.877,0.2,0.914110429447853,0,-1,0,-1,0
3878,3.878,0.2,0.918200408997955,0,-1,0,-1,0
3879,3.879,0.2,0.922290388548057,0,-1,0,-1,0
3880,3.88,0.2,0.926380368098159,0,-1,0,-1,0
3881,3.881,0.2,0.930470347648262,0,-1,0,-1,0
3882,3.882,0.2,0.934560327198364,1,111,0,6,0
3883,3.883,0.2,0.938650306748466,0,-1,0,-1,0
3884,3.884,0.2,0.942740286298569,0,-1,0,-1,0
3885,3.885,0.2,0.946830265848671,0,-1,0,-1,0
3886,3.886,0.2,0.950920245398773,0,-1,0,-1,0
3887,3.887,0.195555555555555,0.955010224948875,0,-1,0,-1,0
3888,3.888,0.195555555555555,0.959100204498978,0,-1,0,-1,0
3889,3.889,0.195555555555555,0.96319018404908,0,-1,0,-1,0
3890,3.89,0.191111111111111,0.967280163599182,0,-1,0,-1,0
3891,3.891,0.191111111111111,0.971370143149284,0,-1,0,-1,0
3892,3.892,0.186666666666667,0.975460122699386,0,-1,0,-1,0
3893,3.893,0.182222222222222,0.979550102249489,0,-1,0,-1,0
3894,3.894,0.177777777777778,0.983640081799591,0,-1,0,-1,0
3895,3.895,0.173333333333333,0.987730061349693,0,-1,0,-1,0
3896,3.896,0.168888888888889,0.991820040899795,0,-1,0,-1,0
3897,3.897,0.164444444444444,0.991820040899795,0,-1,0,-1,0
3898,3.898,0.16,0.995910020449898,0,-1,0,-1,0
3899,3.899,0.155555555555555,0.995910020449898,0,-1,0,-1,0
3900,3.9,0.151111111111111,0.995910020449898,0,-1,0,-1,0
3901,3.901,0.146666666666667,1.0,0,-1,0,-1,0
3902,3.902,0.142222222222222,1.0,0,-1,0,-1,0
3903,3.903,0.137777777777778,1.0,0,-1,0,-1,0
3904,3.904,0.133333333333333,1.0,0,-1,0,-1,0
3905,3.905,0.128888888888889,1.0,0,-1,0,-1,0
3906,3.906,0.124444444444444,1.0,0,-1,0,-1,0
3907,3.907,0.12,1.0,0,-1,0,-1,0
3908,3.908,0.115555555555556,0.995910020449898,0,-1,0,-1,0
3909,3.909,0.111111111111111,0.995910020449898,0,-1,0,-1,0
3910,3.91,0.106666666666667,0.995910020449898,0,-1,0,-1,0
3911,3.911,0.102222222222222,0.991820040899795,0,-1,0,-1,0
3912,3.912,0.0977777777777777,0.991820040899795,0,-1,0,-1,0
3913,3.913,0.0933333333333333,0.987730061349693,0,-1,0,-1,0
3914,3.914,0.0888888888888888,0.983640081799591,0,-1,0,-1,0
3915,3.915,0.0844444444444445,0.979550102249489,0,-1,0,-1,0
3916,3.916,0.0800000000000001,0.975460122699386,0,-1,0,-1,0
3917,3.917,0.0755555555555556,0.971370143149284,0,-1,0,-1,0
3918,3.918,0.0755555555555556,0.967280163599182,0,-1,0,-1,0
3919,3.919,0.0711111111111111,0.96319018404908,0,-1,0,-1,0
3920,3.92,0.0711111111111111,0.959100204498978,0,-1,0,-1,0
3921,3.921,0.0711111111111111,0.955010224948875,0,-1,0,-1,0
3922,3.922,0.0666666666666667,0.950920245398773,0,-1,0,-1,0
3923,3.923,0.0666666666666667,0.946830265848671,0,-1,0,-1,0
3924,3.924,0.0666666666666667,0.942740286298569,0,-1,0,-1,0
3925,3.925,0.0666666666666667,0.938650306748466,0,-1,0,-1,0
3926,3.926,0.0666666666666667,0.934560327198364,1,112,1,7,0
3927,3.927,0.0666666666666667,0.930470347648262,0,-1,0,-1,0
3928,3.928,0.0666666666666667,0.926380368098159,0,-1,0,-1,0
3929,3.929,0.0666666666666667,0.922290388548057,0,-1,0,-1,0
3930,3.93,0.0666666666666667,0.918200408997955,0,-1,0,-1,0
3931,3.931,0.0666666666666667,0.914110429447853,0,-1,0,-1,0
3932,3.932,0.0666666666666667,0.91002044989775,0,-1,0,-1,0
3933,3.933,0.0666666666666667,0.905930470347648,0,-1,0,-1,0
3934,3.934,0.0666666666666667,0.901840490797546,0,-1,0,-1,0
3935,3.935,0.0666666666666667,0.897750511247444,0,-1,0,-1,0
3936,3.936,0.0666666666666667,0.893660531697342,0,-1,0,-1,0
3937,3.937,0.0666666666666667,0.889570552147239,0,-1,0,-1,0
3938,3.938,0.0666666666666667,0.885480572597137,0,-1,0,-1,0
3939,3.939,0.0666666666666667,0.881390593047035,0,-1,0,-1,0
3940,3.94,0.0666666666666667,0.877300613496933,0,-1,0,-1,0
3941,3.941,0.0666666666666667,0.87321063394683,0,-1,0,-1,0
3942,3.942,0.0666666666666667,0.869120654396728,0,-1,0,-1,0
3943,3.943,0.0666666666666667,0.865030674846626,0,-1,0,-1,0
3944,3.944,0.0666666666666667,0.860940695296524,0,-1,0,-1,0
3945,3.945,0.0666666666666667,0.856850715746421,0,-1,0,-1,0
3946,3.946,0.0666666666666667,0.852760736196319,0,-1,0,-1,0
3947,3.947,0.0666666666666667,0.848670756646217,0,-1,0,-1,0
3948,3.948,0.0666666666666667,0.844580777096114,0,-1,0,-1,0
3949,3.949,0.0666666666666667,0.840490797546012,0,-1,0,-1,0
3950,3.95,0.0666666666666667,0.83640081799591,0,-1,0,-1,0
3951,3.951,0.0666666666666667,0.832310838445808,0,-1,0,-1,0
3952,3.952,0.0666666666666667,0.828220858895706,0,-1,0,-1,0
3953,3.953,0.0666666666666667,0.824130879345603,0,-1,0,-1,0
3954,3.954,0.0666666666666667,0.820040899795501,0,-1,0,-1,0
3955,3.955,0.0666666666666667,0.815950920245399,0,-1,0,-1,0
3956,3.956,0.0666666666666667,0.811860940695297,1,113,0,7,0
3957,3.957,0.0666666666666667,0.807770961145194,0,-1,0,-1,0
3958,3.958,0.0666666666666667,0.803680981595092,0,-1,0,-1,0
3959,3.959,0.0666666666666667,0.79959100204499,0,-1,0,-1,0
3960,3.96,0.0666666666666667,0.795501022494888,0,-1,0,-1,0
3961,3.961,0.0666666666666667,0.791411042944785,0,-1,0,-1,0
3962,3.962,0.0666666666666667,0.787321063394683,0,-1,0,-1,0
3963,3.963,0.0666666666666667,0.783231083844581,0,-1,0,-1,0
3964,3.964,0.0666666666666667,0.779141104294478,0,-1,0,-1,0
3965,3.965,0.0666666666666667,0.775051124744376,0,-1,0,-1,0
3966,3.966,0.0666666666666667,0.770961145194274,0,-1,0,-1,0
3967,3.967,0.0666666666666667,0.766871165644172,0,-1,0,-1,0
3968,3.968,0.0666666666666667,0.762781186094069,0,-1,0,-1,0
3969,3.969,0.0666666666666667,0.758691206543967,0,-1,0,-1,0
3970,3.97,0.0666666666666667,0.754601226993865,0,-1,0,-1,0
3971,3.971,0.0666666666666667,0.750511247443763,0,-1,0,-1,0
3972,3.972,0.0666666666666667,0.746421267893661,0,-1,0,-1,0
3973,3.973,0.0666666666666667,0.742331288343558,0,-1,0,-1,0
3974,3.974,0.0666666666666667,0.738241308793456,0,-1,0,-1,0
3975,3.975,0.0666666666666667,0.734151329243354,0,-1,0,-1,0
3976,3.976,0.0666666666666667,0.730061349693252,0,-1,0,-1,0
3977,3.977,0.0666666666666667,0.725971370143149,0,-1,0,-1,0
3978,3.978,0.0666666666666667,0.721881390593047,0,-1,0,-1,0
3979,3.979,0.0666666666666667,0.717791411042945,0,-1,0,-1,0
3980,3.98,0.0666666666666667,0.713701431492842,0,-1,0,-1,0
3981,3.981,0.0666666666666667,0.70961145194274,0,-1,0,-1,0
3982,3.982,0.0666666666666667,0.705521472392638,0,-1,0,-1,0
3983,3.983,0.0666666666666667,0.701431492842536,0,-1,0,-1,0
3984,3.984,0.0666666666666667,0.697341513292433,0,-1,0,-1,0
3985,3.985,0.0666666666666667,0.693251533742331,0,-1,0,-1,0
3986,3.986,0.0666666666666667,0.689161554192229,1,114,0,7,0
3987,3.987,0.0666666666666667,0.685071574642127,0,-1,0,-1,0
3988,3.988,0.0666666666666667,0.680981595092025,0,-1,0,-1,0
3989,3.989,0.0666666666666667,0.676891615541922,0,-1,0,-1,0
3990,3.99,0.0666666666666667,0.67280163599182,0,-1,0,-1,0
3991,3.991,0.0666666666666667,0.668711656441718,0,-1,0,-1,0
3992,3.992,0.0666666666666667,0.664621676891616,0,-1,0,-1,0
3993,3.993,0.0666666666666667,0.660531697341513,0,-1,0,-1,0
3994,3.994,0.0666666666666667,0.656441717791411,0,-1,0,-1,0
3995,3.995,0.0666666666666667,0.652351738241309,0,-1,0,-1,0
3996,3.996,0.0666666666666667,0.648261758691207,0,-1,0,-1,0
3997,3.997,0.0666666666666667,0.644171779141104,0,-1,0,-1,0
3998,3.998,0.0666666666666667,0.640081799591002,0,-1,0,-1,0
3999,3.999,0.0666666666666667,0.6359918200409,0,-1,0,-1,0
4000,4.0,0.0666666666666667,0.631901840490797,0,-1,0,-1,0
4001,4.001,0.0666666666666667,0.627811860940695,0,-1,0,-1,0
4002,4.002,0.0666666666666667,0.623721881390593,0,-1,0,-1,0
4003,4.003,0.0666666666666667,0.619631901840491,0,-1,0,-1,0
4004,4.004,0.0666666666666667,0.615541922290389,0,-1,0,-1,0
4005,4.005,0.0666666666666667,0.611451942740286,0,-1,0,-1,0
4006,4.006,0.0666666666666667,0.607361963190184,0,-1,0,-1,0
4007,4.007,0.0666666666666667,0.603271983640082,0,-1,0,-1,0
4008,4.008,0.0666666666666667,0.59918200408998,0,-1,0,-1,0
4009,4.009,0.0666666666666667,0.595092024539877,0,-1,0,-1,0
4010,4.01,0.0666666666666667,0.591002044989775,0,-1,0,-1,0
4011,4.011,0.0666666666666667,0.586912065439673,0,-1,0,-1,0
4012,4.012,0.0666666666666667,0.582822085889571,0,-1,0,-1,0
4013,4.013,0.0666666666666667,0.578732106339468,0,-1,0,-1,0
4014,4.014,0.0666666666666667,0.574642126789366,0,-1,0,-1,0
4015,4.015,0.0666666666666667,0.570552147239264,0,-1,0,-1,0
4016,4.016,0.0666666666666667,0.566462167689161,1,115,0,7,0
4017,4.017,0.0666666666666667,0.562372188139059,0,-1,0,-1,0
4018,4.018,0.0666666666666667,0.558282208588957,0,-1,0,-1,0
4019,4.019,0.0666666666666667,0.554192229038855,0,-1,0,-1,0
4020,4.02,0.0666666666666667,0.550102249488753,0,-1,0,-1,0
4021,4.021,0.0666666666666667,0.54601226993865,0,-1,0,-1,0
4022,4.022,0.0666666666666667,0.541922290388548,0,-1,0,-1,0
4023,4.023,0.0666666666666667,0.537832310838446,0,-1,0,-1,0
4024,4.024,0.0666666666666667,0.533742331288344,0,-1,0,-1,0
4025,4.025,0.0666666666666667,0.529652351738241,0,-1,0,-1,0
4026,4.026,0.0666666666666667,0.525562372188139,0,-1,0,-1,0
4027,4.027,0.0666666666666667,0.521472392638037,0,-1,0,-1,0
4028,4.028,0.0666666666666667,0.517382413087935,0,-1,0,-1,0
4029,4.029,0.0666666666666667,0.513292433537832,0,-1,0,-1,0
4030,4.03,0.0666666666666667,0.50920245398773,0,-1,0,-1,0
4031,4.031,0.0666666666666667,0.505112474437628,0,-1,0,-1,0
4032,4.032,0.0666666666666667,0.501022494887525,0,-1,0,-1,0
4033,4.033,0.0666666666666667,0.496932515337423,0,-1,0,-1,0
4034,4.034,0.0666666666666667,0.492842535787321,0,-1,0,-1,0
4035,4.035,0.0666666666666667,0.488752556237219,0,-1,0,-1,0
4036,4.036,0.0666666666666667,0.484662576687117,0,-1,0,-1,0
4037,4.037,0.0666666666666667,0.480572597137014,0,-1,0,-1,0
4038,4.038,0.0666666666666667,0.476482617586912,0,-1,0,-1,0
4039,4.039,0.0666666666666667,0.47239263803681,0,-1,0,-1,0
4040,4.04,0.0666666666666667,0.468302658486708,0,-1,0,-1,0
4041,4.041,0.0666666666666667,0.464212678936605,0,-1,0,-1,0
4042,4.042,0.0666666666666667,0.460122699386503,0,-1,0,-1,0
4043,4.043,0.0666666666666667,0.456032719836401,0,-1,0,-1,0
4044,4.044,0.0666666666666667,0.451942740286299,0,-1,0,-1,0
4045,4.045,0.0666666666666667,0.447852760736196,0,-1,0,-1,0
4046,4.046,0.0666666666666667,0.443762781186094,1,116,0,7,0
4047,4.047,0.0666666666666667,0.439672801635992,0,-1,0,-1,0
4048,4.048,0.0666666666666667,0.43558282208589,0,-1,0,-1,0
4049,4.049,0.0666666666666667,0.431492842535787,0,-1,0,-1,0
4050,4.05,0.0666666666666667,0.427402862985685,0,-1,0,-1,0
4051,4.051,0.0666666666666667,0.423312883435583,0,-1,0,-1,0
4052,4.052,0.0666666666666667,0.419222903885481,0,-1,0,-1,0
4053,4.053,0.0666666666666667,0.415132924335378,0,-1,0,-1,0
4054,4.054,0.0666666666666667,0.411042944785276,0,-1,0,-1,0
4055,4.055,0.0666666666666667,0.406952965235174,0,-1,0,-1,0
4056,4.056,0.0666666666666667,0.402862985685072,0,-1,0,-1,0
4057,4.057,0.0666666666666667,0.398773006134969,0,-1,0,-1,0
4058,4.058,0.0666666666666667,0.394683026584867,0,-1,0,-1,0
4059,4.059,0.0666666666666667,0.390593047034765,0,-1,0,-1,0
4060,4.06,0.0666666666666667,0.386503067484663,0,-1,0,-1,0
4061,4.061,0.0666666666666667,0.38241308793456,0,-1,0,-1,0
4062,4.062,0.0666666666666667,0.378323108384458,0,-1,0,-1,0
4063,4.063,0.0666666666666667,0.374233128834356,0,-1,0,-1,0
4064,4.064,0.0666666666666667,0.370143149284254,0,-1,0,-1,0
4065,4.065,0.0666666666666667,0.366053169734151,0,-1,0,-1,0
4066,4.066,0.0666666666666667,0.361963190184049,0,-1,0,-1,0
4067,4.067,0.0666666666666667,0.357873210633947,0,-1,0,-1,0
4068,4.068,0.0666666666666667,0.353783231083845,0,-1,0,-1,0
4069,4.069,0.0666666666666667,0.349693251533742,0,-1,0,-1,0
4070,4.07,0.0666666666666667,0.34560327198364,0,-1,0,-1,0
4071,4.071,0.0666666666666667,0.341513292433538,0,-1,0,-1,0
4072,4.072,0.0666666666666667,0.337423312883436,0,-1,0,-1,0
4073,4.073,0.0666666666666667,0.333333333333333,0,-1,0,-1,0
4074,4.074,0.0666666666666667,0.329243353783231,0,-1,0,-1,0
4075,4.075,0.0666666666666667,0.325153374233129,0,-1,0,-1,0
4076,4.076,0.0666666666666667,0.321063394683027,1,117,0,7,0
4077,4.077,0.0666666666666667,0.316973415132924,0,-1,0,-1,0
4078,4.078,0.0666666666666667,0.312883435582822,0,-1,0,-1,0
4079,4.079,0.0666666666666667,0.30879345603272,0,-1,0,-1,0
4080,4.08,0.0666666666666667,0.304703476482618,0,-1,0,-1,0
4081,4.081,0.0666666666666667,0.300613496932515,0,-1,0,-1,0
4082,4.082,0.0666666666666667,0.296523517382413,0,-1,0,-1,0
4083,4.083,0.0666666666666667,0.292433537832311,0,-1,0,-1,0
4084,4.084,0.0666666666666667,0.288343558282208,0,-1,0,-1,0
4085,4.085,0.0666666666666667,0.284253578732106,0,-1,0,-1,0
4086,4.086,0.0666666666666667,0.280163599182004,0,-1,0,-1,0
4087,4.087,0.0666666666666667,0.276073619631902,0,-1,0,-1,0
4088,4.088,0.0666666666666667,0.2719836400818,0,-1,0,-1,0
4089,4.089,0.0666666666666667,0.267893660531697,0,-1,0,-1,0
4090,4.09,0.0666666666666667,0.263803680981595,0,-1,0,-1,0
4091,4.091,0.0666666666666667,0.259713701431493,0,-1,0,-1,0
4092,4.092,0.0666666666666667,0.255623721881391,0,-1,0,-1,0
4093,4.093,0.0666666666666667,0.251533742331288,0,-1,0,-1,0
4094,4.094,0.0666666666666667,0.247443762781186,0,-1,0,-1,0
4095,4.095,0.0666666666666667,0.243353783231084,0,-1,0,-1,0
4096,4.096,0.0666666666666667,0.239263803680982,0,-1,0,-1,0
4097,4.097,0.0666666666666667,0.235173824130879,0,-1,0,-1,0
4098,4.098,0.0666666666666667,0.231083844580777,0,-1,0,-1,0
4099,4.099,0.0666666666666667,0.226993865030675,0,-1,0,-1,0
4100,4.1,0.0666666666666667,0.222903885480572,0,-1,0,-1,0
4101,4.101,0.0666666666666667,0.21881390593047,0,-1,0,-1,0
4102,4.102,0.0666666666666667,0.214723926380368,0,-1,0,-1,0
4103,4.103,0.0666666666666667,0.210633946830266,0,-1,0,-1,0
4104,4.104,0.0666666666666667,0.206543967280164,0,-1,0,-1,0
4105,4.105,0.0666666666666667,0.202453987730061,0,-1,0,-1,0
4106,4.106,0.0666666666666667,0.198364008179959,1,118,0,7,0
4107,4.107,0.0666666666666667,0.194274028629857,0,-1,0,-1,0
4108,4.108,0.0666666666666667,0.190184049079755,0,-1,0,-1,0
4109,4.109,0.0666666666666667,0.186094069529652,0,-1,0,-1,0
4110,4.11,0.0666666666666667,0.18200408997955,0,-1,0,-1,0
4111,4.111,0.0666666666666667,0.177914110429448,0,-1,0,-1,0
4112,4.112,0.0666666666666667,0.173824130879346,0,-1,0,-1,0
4113,4.113,0.0666666666666667,0.169734151329243,0,-1,0,-1,0
4114,4.114,0.0666666666666667,0.165644171779141,0,-1,0,-1,0
4115,4.115,0.0666666666666667,0.161554192229039,0,-1,0,-1,0
4116,4.116,0.0666666666666667,0.157464212678937,0,-1,0,-1,0
4117,4.117,0.0666666666666667,0.153374233128834,0,-1,0,-1,0
4118,4.118,0.0666666666666667,0.149284253578732,0,-1,0,-1,0
4119,4.119,0.0666666666666667,0.14519427402863,0,-1,0,-1,0
4120,4.12,0.0666666666666667,0.141104294478528,0,-1,0,-1,0
4121,4.121,0.0666666666666667,0.137014314928425,0,-1,0,-1,0
4122,4.122,0.0666666666666667,0.132924335378323,0,-1,0,-1,0
4123,4.123,0.0666666666666667,0.128834355828221,0,-1,0,-1,0
4124,4.124,0.0666666666666667,0.124744376278119,0,-1,0,-1,0
4125,4.125,0.0666666666666667,0.120654396728016,0,-1,0,-1,0
4126,4.126,0.0666666666666667,0.116564417177914,0,-1,0,-1,0
4127,4.127,0.0666666666666667,0.112474437627812,0,-1,0,-1,0
4128,4.128,0.0666666666666667,0.10838445807771,0,-1,0,-1,0
4129,4.129,0.0666666666666667,0.104294478527607,0,-1,0,-1,0
4130,4.13,0.0666666666666667,0.100204498977505,0,-1,0,-1,0
4131,4.131,0.0666666666666667,0.0961145194274029,0,-1,0,-1,0
4132,4.132,0.0666666666666667,0.0920245398773005,0,-1,0,-1,0
4133,4.133,0.0666666666666667,0.0879345603271984,0,-1,0,-1,0
4134,4.134,0.0666666666666667,0.0838445807770962,0,-1,0,-1,0
4135,4.135,0.0666666666666667,0.0797546012269938,0,-1,0,-1,0
4136,4.136,0.0666666666666667,0.0756646216768917,1,119,0,7,0
4137,4.137,0.0666666666666667,0.0715746421267893,0,-1,0,-1,0
4138,4.138,0.0666666666666667,0.0674846625766872,0,-1,0,-1,0
4139,4.139,0.0666666666666667,0.0633946830265848,0,-1,0,-1,0
4140,4.14,0.0666666666666667,0.0593047034764826,0,-1,0,-1,0
4141,4.141,0.0666666666666667,0.0552147239263803,0,-1,0,-1,0
4142,4.142,0.0666666666666667,0.0511247443762781,0,-1,0,-1,0
4143,4.143,0.0666666666666667,0.047034764826176,0,-1,0,-1,0
4144,4.144,0.0666666666666667,0.0429447852760736,0,-1,0,-1,0
4145,4.145,0.0666666666666667,0.0388548057259714,0,-1,0,-1,0
4146,4.146,0.0666666666666667,0.0347648261758691,0,-1,0,-1,0
4147,4.147,0.0666666666666667,0.0306748466257669,0,-1,0,-1,0
4148,4.148,0.0666666666666667,0.0265848670756645,0,-1,0,-1,0
4149,4.149,0.0666666666666667,0.0224948875255624,0,-1,0,-1,0
4150,4.15,0.0666666666666667,0.01840490797546,0,-1,0,-1,0
4151,4.151,0.0666666666666667,0.0143149284253579,0,-1,0,-1,0
4152,4.152,0.0666666666666667,0.0102249488752557,0,-1,0,-1,0
4153,4.153,0.0666666666666667,0.0061349693251533,0,-1,0,-1,0
4154,4.154,0.0666666666666667,0.0020449897750511,0,-1,0,-1,0
4155,4.155,0.0666666666666667,-0.002044989775051,0,-1,0,-1,0
4156,4.156,0.0666666666666667,-0.0061349693251533,0,-1,0,-1,0
4157,4.157,0.0666666666666667,-0.0102249488752556,0,-1,0,-1,0
4158,4.158,0.0666666666666667,-0.0143149284253579,0,-1,0,-1,0
4159,4.159,0.0666666666666667,-0.0184049079754601,0,-1,0,-1,0
4160,4.16,0.0666666666666667,-0.0224948875255624,0,-1,0,-1,0
4161,4.161,0.0666666666666667,-0.0265848670756647,0,-1,0,-1,0
4162,4.162,0.0666666666666667,-0.0306748466257669,0,-1,0,-1,0
4163,4.163,0.0666666666666667,-0.0347648261758691,0,-1,0,-1,0
4164,4.164,0.0666666666666667,-0.0388548057259713,0,-1,0,-1,0
4165,4.165,0.0666666666666667,-0.0429447852760736,0,-1,0,-1,0
4166,4.166,0.0666666666666667,-0.0470347648261759,1,120,0,7,0
4167,4.167,0.0666666666666667,-0.0511247443762781,0,-1,0,-1,0
4168,4.168,0.0666666666666667,-0.0552147239263804,0,-1,0,-1,0
4169,4.169,0.0666666666666667,-0.0593047034764826,0,-1,0,-1,0
4170,4.17,0.0666666666666667,-0.0633946830265849,0,-1,0,-1,0
4171,4.171,0.0666666666666667,-0.0674846625766872,0,-1,0,-1,0
4172,4.172,0.0666666666666667,-0.0715746421267893,0,-1,0,-1,0
4173,4.173,0.0666666666666667,-0.0756646216768916,0,-1,0,-1,0
4174,4.174,0.0666666666666667,-0.0797546012269938,0,-1,0,-1,0
4175,4.175,0.0666666666666667,-0.0838445807770961,0,-1,0,-1,0
4176,4.176,0.0666666666666667,-0.0879345603271984,0,-1,0,-1,0
4177,4.177,0.0666666666666667,-0.0920245398773006,0,-1,0,-1,0
4178,4.178,0.0666666666666667,-0.0961145194274029,0,-1,0,-1,0
4179,4.179,0.0666666666666667,-0.100204498977505,0,-1,0,-1,0
4180,4.18,0.0666666666666667,-0.104294478527607,0,-1,0,-1,0
4181,4.181,0.0666666666666667,-0.10838445807771,0,-1,0,-1,0
4182,4.182,0.0666666666666667,-0.112474437627812,0,-1,0,-1,0
4183,4.183,0.0666666666666667,-0.116564417177914,0,-1,0,-1,0
4184,4.184,0.0666666666666667,-0.120654396728016,0,-1,0,-1,0
4185,4.185,0.0666666666666667,-0.124744376278119,0,-1,0,-1,0
4186,4.186,0.0666666666666667,-0.128834355828221,0,-1,0,-1,0
4187,4.187,0.0666666666666667,-0.132924335378323,0,-1,0,-1,0
4188,4.188,0.0666666666666667,-0.137014314928425,0,-1,0,-1,0
4189,4.189,0.0666666666666667,-0.141104294478528,0,-1,0,-1,0
4190,4.19,0.0666666666666667,-0.14519427402863,0,-1,0,-1,0
4191,4.191,0.0666666666666667,-0.149284253578732,0,-1,0,-1,0
4192,4.192,0.0666666666666667,-0.153374233128834,0,-1,0,-1,0
4193,4.193,0.0666666666666667,-0.157464212678937,0,-1,0,-1,0
4194,4.194,0.0666666666666667,-0.161554192229039,0,-1,0,-1,0
4195,4.195,0.0666666666666667,-0.165644171779141,0,-1,0,-1,0
4196,4.196,0.0666666666666667,-0.169734151329243,1,121,0,7,0
4197,4.197,0.0666666666666667,-0.173824130879346,0,-1,0,-1,0
4198,4.198,0.0666666666666667,-0.177914110429448,0,-1,0,-1,0
4199,4.199,0.0666666666666667,-0.18200408997955,0,-1,0,-1,0
4200,4.2,0.0666666666666667,-0.186094069529652,0,-1,0,-1,0
4201,4.201,0.0666666666666667,-0.190184049079755,0,-1,0,-1,0
4202,4.202,0.0666666666666667,-0.194274028629857,0,-1,0,-1,0
4203,4.203,0.0666666666666667,-0.198364008179959,0,-1,0,-1,0
4204,4.204,0.0666666666666667,-0.202453987730061,0,-1,0,-1,0
4205,4.205,0.0666666666666667,-0.206543967280164,0,-1,0,-1,0
4206,4.206,0.0666666666666667,-0.210633946830266,0,-1,0,-1,0
4207,4.207,0.0666666666666667,-0.214723926380368,0,-1,0,-1,0
4208,4.208,0.0666666666666667,-0.21881390593047,0,-1,0,-1,0
4209,4.209,0.0666666666666667,-0.222903885480573,0,-1,0,-1,0
4210,4.21,0.0666666666666667,-0.226993865030675,0,-1,0,-1,0
4211,4.211,0.0666666666666667,-0.231083844580777,0,-1,0,-1,0
4212,4.212,0.0666666666666667,-0.235173824130879,0,-1,0,-1,0
4213,4.213,0.0666666666666667,-0.239263803680982,0,-1,0,-1,0
4214,4.214,0.0666666666666667,-0.243353783231084,0,-1,0,-1,0
4215,4.215,0.0666666666666667,-0.247443762781186,0,-1,0,-1,0
4216,4.216,0.0666666666666667,-0.251533742331288,0,-1,0,-1,0
4217,4.217,0.0666666666666667,-0.255623721881391,0,-1,0,-1,0
4218,4.218,0.0666666666666667,-0.259713701431493,0,-1,0,-1,0
4219,4.219,0.0666666666666667,-0.263803680981595,0,-1,0,-1,0
4220,4.22,0.0666666666666667,-0.267893660531697,0,-1,0,-1,0
4221,4.221,0.0666666666666667,-0.2719836400818,0,-1,0,-1,0
4222,4.222,0.0666666666666667,-0.276073619631902,0,-1,0,-1,0
4223,4.223,0.0666666666666667,-0.280163599182004,0,-1,0,-1,0
4224,4.224,0.0666666666666667,-0.284253578732106,0,-1,0,-1,0
4225,4.225,0.0666666666666667,-0.288343558282209,0,-1,0,-1,0
4226,4.226,0.0666666666666667,-0.292433537832311,1,122,0,7,0
4227,4.227,0.0666666666666667,-0.296523517382413,0,-1,0,-1,0
4228,4.228,0.0666666666666667,-0.300613496932515,0,-1,0,-1,0
4229,4.229,0.0666666666666667,-0.304703476482618,0,-1,0,-1,0
4230,4.23,0.0666666666666667,-0.30879345603272,0,-1,0,-1,0
4231,4.231,0.0666666666666667,-0.312883435582822,0,-1,0,-1,0
4232,4.232,0.0666666666666667,-0.316973415132924,0,-1,0,-1,0
4233,4.233,0.0666666666666667,-0.321063394683027,0,-1,0,-1,0
4234,4.234,0.0666666666666667,-0.325153374233129,0,-1,0,-1,0
4235,4.235,0.0666666666666667,-0.329243353783231,0,-1,0,-1,0
4236,4.236,0.0666666666666667,-0.333333333333333,0,-1,0,-1,0
4237,4.237,0.0666666666666667,-0.337423312883436,0,-1,0,-1,0
4238,4.238,0.0666666666666667,-0.341513292433538,0,-1,0,-1,0
4239,4.239,0.0666666666666667,-0.34560327198364,0,-1,0,-1,0
4240,4.24,0.0666666666666667,-0.349693251533742,0,-1,0,-1,0
4241,4.241,0.0666666666666667,-0.353783231083845,0,-1,0,-1,0
4242,4.242,0.0666666666666667,-0.357873210633947,0,-1,0,-1,0
4243,4.243,0.0666666666666667,-0.361963190184049,0,-1,0,-1,0
4244,4.244,0.0666666666666667,-0.366053169734151,0,-1,0,-1,0
4245,4.245,0.0666666666666667,-0.370143149284254,0,-1,0,-1,0
4246,4.246,0.0666666666666667,-0.374233128834356,0,-1,0,-1,0
4247,4.247,0.0666666666666667,-0.378323108384458,0,-1,0,-1,0
4248,4.248,0.0666666666666667,-0.38241308793456,0,-1,0,-1,0
4249,4.249,0.0666666666666667,-0.386503067484663,0,-1,0,-1,0
4250,4.25,0.0666666666666667,-0.390593047034765,0,-1,0,-1,0
4251,4.251,0.0666666666666667,-0.394683026584867,0,-1,0,-1,0
4252,4.252,0.0666666666666667,-0.398773006134969,0,-1,0,-1,0
4253,4.253,0.0666666666666667,-0.402862985685072,0,-1,0,-1,0
4254,4.254,0.0666666666666667,-0.406952965235174,0,-1,0,-1,0
4255,4.255,0.0666666666666667,-0.411042944785276,0,-1,0,-1,0
4256,4.256,0.0666666666666667,-0.415132924335378,1,123,0,7,0
4257,4.257,0.0666666666666667,-0.419222903885481,0,-1,0,-1,0
4258,4.258,0.0666666666666667,-0.423312883435583,0,-1,0,-1,0
4259,4.259,0.0666666666666667,-0.427402862985685,0,-1,0,-1,0
4260,4.26,0.0666666666666667,-0.431492842535787,0,-1,0,-1,0
4261,4.261,0.0666666666666667,-0.43558282208589,0,-1,0,-1,0
4262,4.262,0.0666666666666667,-0.439672801635992,0,-1,0,-1,0
4263,4.263,0.0666666666666667,-0.443762781186094,0,-1,0,-1,0
4264,4.264,0.0666666666666667,-0.447852760736196,0,-1,0,-1,0
4265,4.265,0.0666666666666667,-0.451942740286299,0,-1,0,-1,0
4266,4.266,0.0666666666666667,-0.456032719836401,0,-1,0,-1,0
4267,4.267,0.0666666666666667,-0.460122699386503,0,-1,0,-1,0
4268,4.268,0.0666666666666667,-0.464212678936605,0,-1,0,-1,0
4269,4.269,0.0666666666666667,-0.468302658486708,0,-1,0,-1,0
4270,4.27,0.0666666666666667,-0.47239263803681,0,-1,0,-1,0
4271,4.271,0.0666666666666667,-0.476482617586912,0,-1,0,-1,0
4272,4.272,0.0666666666666667,-0.480572597137014,0,-1,0,-1,0
4273,4.273,0.0666666666666667,-0.484662576687117,0,-1,0,-1,0
4274,4.274,0.0666666666666667,-0.488752556237219,0,-1,0,-1,0
4275,4.275,0.0666666666666667,-0.492842535787321,0,-1,0,-1,0
4276,4.276,0.0666666666666667,-0.496932515337423,0,-1,0,-1,0
4277,4.277,0.0666666666666667,-0.501022494887525,0,-1,0,-1,0
4278,4.278,0.0666666666666667,-0.505112474437628,0,-1,0,-1,0
4279,4.279,0.0666666666666667,-0.50920245398773,0,-1,0,-1,0
4280,4.28,0.0666666666666667,-0.513292433537832,0,-1,0,-1,0
4281,4.281,0.0666666666666667,-0.517382413087935,0,-1,0,-1,0
4282,4.282,0.0666666666666667,-0.521472392638037,0,-1,0,-1,0
4283,4.283,0.0666666666666667,-0.525562372188139,0,-1,0,-1,0
4284,4.284,0.0666666666666667,-0.529652351738241,0,-1,0,-1,0
4285,4.285,0.0666666666666667,-0.533742331288344,0,-1,0,-1,0
4286,4.286,0.0666666666666667,-0.537832310838446,1,124,0,7,0
4287,4.287,0.0666666666666667,-0.541922290388548,0,-1,0,-1,0
4288,4.288,0.0666666666666667,-0.54601226993865,0,-1,0,-1,0
4289,4.289,0.0666666666666667,-0.550102249488753,0,-1,0,-1,0
4290,4.29,0.0666666666666667,-0.554192229038855,0,-1,0,-1,0
4291,4.291,0.0666666666666667,-0.558282208588957,0,-1,0,-1,0
4292,4.292,0.0666666666666667,-0.562372188139059,0,-1,0,-1,0
4293,4.293,0.0666666666666667,-0.566462167689162,0,-1,0,-1,0
4294,4.294,0.0666666666666667,-0.570552147239264,0,-1,0,-1,0
4295,4.295,0.0666666666666667,-0.574642126789366,0,-1,0,-1,0
4296,4.296,0.0666666666666667,-0.578732106339468,0,-1,0,-1,0
4297,4.297,0.0666666666666667,-0.582822085889571,0,-1,0,-1,0
4298,4.298,0.0666666666666667,-0.586912065439673,0,-1,0,-1,0
4299,4.299,0.0666666666666667,-0.591002044989775,0,-1,0,-1,0
4300,4.3,0.0666666666666667,-0.595092024539877,0,-1,0,-1,0
4301,4.301,0.0666666666666667,-0.59918200408998,0,-1,0,-1,0
4302,4.302,0.0666666666666667,-0.603271983640082,0,-1,0,-1,0
4303,4.303,0.0666666666666667,-0.607361963190184,0,-1,0,-1,0
4304,4.304,0.0666666666666667,-0.611451942740286,0,-1,0,-1,0
4305,4.305,0.0666666666666667,-0.615541922290389,0,-1,0,-1,0
4306,4.306,0.0666666666666667,-0.619631901840491,0,-1,0,-1,0
4307,4.307,0.0666666666666667,-0.623721881390593,0,-1,0,-1,0
4308,4.308,0.0666666666666667,-0.627811860940695,0,-1,0,-1,0
4309,4.309,0.0666666666666667,-0.631901840490798,0,-1,0,-1,0
4310,4.31,0.0666666666666667,-0.6359918200409,0,-1,0,-1,0
4311,4.311,0.0666666666666667,-0.640081799591002,0,-1,0,-1,0
4312,4.312,0.0666666666666667,-0.644171779141104,0,-1,0,-1,0
4313,4.313,0.0666666666666667,-0.648261758691207,0,-1,0,-1,0
4314,4.314,0.0666666666666667,-0.652351738241309,0,-1,0,-1,0
4315,4.315,0.0666666666666667,-0.656441717791411,0,-1,0,-1,0
4316,4.316,0.0666666666666667,-0.660531697341513,1,125,0,7,0
4317,4.317,0.0666666666666667,-0.664621676891616,0,-1,0,-1,0
4318,4.318,0.0666666666666667,-0.668711656441718,0,-1,0,-1,0
4319,4.319,0.0666666666666667,-0.67280163599182,0,-1,0,-1,0
4320,4.32,0.0666666666666667,-0.676891615541922,0,-1,0,-1,0
4321,4.321,0.0666666666666667,-0.680981595092025,0,-1,0,-1,0
4322,4.322,0.0666666666666667,-0.685071574642127,0,-1,0,-1,0
4323,4.323,0.0666666666666667,-0.689161554192229,0,-1,0,-1,0
4324,4.324,0.0666666666666667,-0.693251533742331,0,-1,0,-1,0
4325,4.325,0.0666666666666667,-0.697341513292434,0,-1,0,-1,0
4326,4.326,0.0666666666666667,-0.701431492842536,0,-1,0,-1,0
4327,4.327,0.0666666666666667,-0.705521472392638,0,-1,0,-1,0
4328,4.328,0.0666666666666667,-0.70961145194274,0,-1,0,-1,0
4329,4.329,0.0666666666666667,-0.713701431492842,0,-1,0,-1,0
4330,4.33,0.0666666666666667,-0.717791411042945,0,-1,0,-1,0
4331,4.331,0.0666666666666667,-0.721881390593047,0,-1,0,-1,0
4332,4.332,0.0666666666666667,-0.725971370143149,0,-1,0,-1,0
4333,4.333,0.0666666666666667,-0.730061349693252,0,-1,0,-1,0
4334,4.334,0.0666666666666667,-0.734151329243354,0,-1,0,-1,0
4335,4.335,0.0666666666666667,-0.738241308793456,0,-1,0,-1,0
4336,4.336,0.0666666666666667,-0.742331288343558,0,-1,0,-1,0
4337,4.337,0.0666666666666667,-0.746421267893661,0,-1,0,-1,0
4338,4.338,0.0666666666666667,-0.750511247443763,0,-1,0,-1,0
4339,4.339,0.0666666666666667,-0.754601226993865,0,-1,0,-1,0
4340,4.34,0.0666666666666667,-0.758691206543967,0,-1,0,-1,0
4341,4.341,0.0666666666666667,-0.76278118609407,0,-1,0,-1,0
4342,4.342,0.0666666666666667,-0.766871165644172,0,-1,0,-1,0
4343,4.343,0.0666666666666667,-0.770961145194274,0,-1,0,-1,0
4344,4.344,0.0666666666666667,-0.775051124744376,0,-1,0,-1,0
4345,4.345,0.0666666666666667,-0.779141104294478,0,-1,0,-1,0
4346,4.346,0.0666666666666667,-0.783231083844581,1,126,0,7,0
4347,4.347,0.0666666666666667,-0.787321063394683,0,-1,0,-1,0
4348,4.348,0.0666666666666667,-0.791411042944785,0,-1,0,-1,0
4349,4.349,0.0666666666666667,-0.795501022494888,0,-1,0,-1,0
4350,4.35,0.0666666666666667,-0.79959100204499,0,-1,0,-1,0
4351,4.351,0.0666666666666667,-0.803680981595092,0,-1,0,-1,0
4352,4.352,0.0666666666666667,-0.807770961145194,0,-1,0,-1,0
4353,4.353,0.0666666666666667,-0.811860940695297,0,-1,0,-1,0
4354,4.354,0.0666666666666667,-0.815950920245399,0,-1,0,-1,0
4355,4.355,0.0666666666666667,-0.820040899795501,0,-1,0,-1,0
4356,4.356,0.0666666666666667,-0.824130879345603,0,-1,0,-1,0
4357,4.357,0.0666666666666667,-0.828220858895706,0,-1,0,-1,0
4358,4.358,0.0666666666666667,-0.832310838445808,0,-1,0,-1,0
4359,4.359,0.0666666666666667,-0.83640081799591,0,-1,0,-1,0
4360,4.36,0.0666666666666667,-0.840490797546012,0,-1,0,-1,0
4361,4.361,0.0666666666666667,-0.844580777096114,0,-1,0,-1,0
4362,4.362,0.0666666666666667,-0.848670756646217,0,-1,0,-1,0
4363,4.363,0.0666666666666667,-0.852760736196319,0,-1,0,-1,0
4364,4.364,0.0666666666666667,-0.856850715746421,0,-1,0,-1,0
4365,4.365,0.0666666666666667,-0.860940695296524,0,-1,0,-1,0
4366,4.366,0.0666666666666667,-0.865030674846626,0,-1,0,-1,0
4367,4.367,0.0666666666666667,-0.869120654396728,0,-1,0,-1,0
4368,4.368,0.0666666666666667,-0.87321063394683,0,-1,0,-1,0
4369,4.369,0.0666666666666667,-0.877300613496933,0,-1,0,-1,0
4370,4.37,0.0666666666666667,-0.881390593047035,0,-1,0,-1,0
4371,4.371,0.0666666666666667,-0.885480572597137,0,-1,0,-1,0
4372,4.372,0.0666666666666667,-0.889570552147239,0,-1,0,-1,0
4373,4.373,0.0666666666666667,-0.893660531697342,0,-1,0,-1,0
4374,4.374,0.0666666666666667,-0.897750511247444,0,-1,0,-1,0
4375,4.375,0.0666666666666667,-0.901840490797546,0,-1,0,-1,0
4376,4.376,0.0666666666666667,-0.905930470347648,1,127,0,7,0
4377,4.377,0.0666666666666667,-0.910020449897751,0,-1,0,-1,0
4378,4.378,0.0666666666666667,-0.914110429447853,0,-1,0,-1,0
4379,4.379,0.0666666666666667,-0.918200408997955,0,-1,0,-1,0
4380,4.38,0.0666666666666667,-0.922290388548057,0,-1,0,-1,0
4381,4.381,0.0622222222222222,-0.926380368098159,0,-1,0,-1,0
4382,4.382,0.0622222222222222,-0.930470347648262,0,-1,0,-1,0
4383,4.383,0.0622222222222222,-0.934560327198364,0,-1,0,-1,0
4384,4.384,0.0577777777777777,-0.938650306748466,0,-1,0,-1,0
4385,4.385,0.0577777777777777,-0.942740286298569,0,-1,0,-1,0
4386,4.386,0.0533333333333332,-0.946830265848671,0,-1,0,-1,0
4387,4.387,0.048888888888889,-0.950920245398773,0,-1,0,-1,0
4388,4.388,0.0444444444444445,-0.955010224948875,0,-1,0,-1,0
4389,4.389,0.04,-0.959100204498977,0,-1,0,-1,0
4390,4.39,0.0355555555555556,-0.96319018404908,0,-1,0,-1,0
4391,4.391,0.0311111111111111,-0.96319018404908,0,-1,0,-1,0
4392,4.392,0.0266666666666666,-0.967280163599182,0,-1,0,-1,0
4393,4.393,0.0222222222222221,-0.967280163599182,0,-1,0,-1,0
4394,4.394,0.0177777777777777,-0.967280163599182,0,-1,0,-1,0
4395,4.395,0.0133333333333334,-0.971370143149284,0,-1,0,-1,0
4396,4.396,0.0088888888888889,-0.971370143149284,0,-1,0,-1,0
4397,4.397,0.0044444444444444,-0.971370143149284,0,-1,0,-1,0
4398,4.398,0.0,-0.971370143149284,0,-1,0,-1,0
4399,4.399,-0.0044444444444444,-0.971370143149284,0,-1,0,-1,0
4400,4.4,-0.0088888888888888,-0.971370143149284,0,-1,0,-1,0
4401,4.401,-0.0133333333333333,-0.971370143149284,0,-1,0,-1,0
4402,4.402,-0.0177777777777778,-0.967280163599182,0,-1,0,-1,0
4403,4.403,-0.0222222222222223,-0.967280163599182,0,-1,0,-1,0
4404,4.404,-0.0266666666666666,-0.967280163599182,0,-1,0,-1,0
4405,4.405,-0.0311111111111111,-0.96319018404908,0,-1,0,-1,0
4406,4.406,-0.0355555555555556,-0.96319018404908,0,-1,0,-1,0
4407,4.407,-0.04,-0.959100204498977,0,-1,0,-1,0
4408,4.408,-0.0444444444444444,-0.955010224948875,0,-1,0,-1,0
4409,4.409,-0.0488888888888889,-0.950920245398773,0,-1,0,-1,0
4410,4.41,-0.0533333333333333,-0.946830265848671,0,-1,0,-1,0
4411,4.411,-0.0577777777777778,-0.942740286298569,0,-1,0,-1,0
4412,4.412,-0.0577777777777778,-0.938650306748466,0,-1,0,-1,0
4413,4.413,-0.0622222222222222,-0.934560327198364,0,-1,0,-1,0
4414,4.414,-0.0622222222222222,-0.930470347648262,0,-1,0,-1,0
4415,4.415,-0.0622222222222222,-0.926380368098159,0,-1,0,-1,0
4416,4.416,-0.0666666666666667,-0.922290388548057,0,-1,0,-1,0
4417,4.417,-0.0666666666666667,-0.918200408997955,0,-1,0,-1,0
4418,4.418,-0.0666666666666667,-0.914110429447853,0,-1,0,-1,0
4419,4.419,-0.0666666666666667,-0.910020449897751,0,-1,0,-1,0
4420,4.42,-0.0666666666666667,-0.905930470347648,1,128,1,8,0
4421,4.421,-0.0666666666666667,-0.901840490797546,0,-1,0,-1,0
4422,4.422,-0.0666666666666667,-0.897750511247444,0,-1,0,-1,0
4423,4.423,-0.0666666666666667,-0.893660531697342,0,-1,0,-1,0
4424,4.424,-0.0666666666666667,-0.889570552147239,0,-1,0,-1,0
4425,4.425,-0.0666666666666667,-0.885480572597137,0,-1,0,-1,0
4426,4.426,-0.0666666666666667,-0.881390593047035,0,-1,0,-1,0
4427,4.427,-0.0666666666666667,-0.877300613496933,0,-1,0,-1,0
4428,4.428,-0.0666666666666667,-0.87321063394683,0,-1,0,-1,0
4429,4.429,-0.0666666666666667,-0.869120654396728,0,-1,0,-1,0
4430,4.43,-0.0666666666666667,-0.865030674846626,0,-1,0,-1,0
4431,4.431,-0.0666666666666667,-0.860940695296524,0,-1,0,-1,0
4432,4.432,-0.0666666666666667,-0.856850715746421,0,-1,0,-1,0
4433,4.433,-0.0666666666666667,-0.852760736196319,0,-1,0,-1,0
4434,4.434,-0.0666666666666667,-0.848670756646217,0,-1,0,-1,0
4435,4.435,-0.0666666666666667,-0.844580777096114,0,-1,0,-1,0
4436,4.436,-0.0666666666666667,-0.840490797546012,0,-1,0,-1,0
4437,4.437,-0.0666666666666667,-0.83640081799591,0,-1,0,-1,0
4438,4.438,-0.0666666666666667,-0.832310838445808,0,-1,0,-1,0
4439,4.439,-0.0666666666666667,-0.828220858895706,0,-1,0,-1,0
4440,4.44,-0.0666666666666667,-0.824130879345603,0,-1,0,-1,0
4441,4.441,-0.0666666666666667,-0.820040899795501,0,-1,0,-1,0
4442,4.442,-0.0666666666666667,-0.815950920245399,0,-1,0,-1,0
4443,4.443,-0.0666666666666667,-0.811860940695297,0,-1,0,-1,0
4444,4.444,-0.0666666666666667,-0.807770961145194,0,-1,0,-1,0
4445,4.445,-0.0666666666666667,-0.803680981595092,0,-1,0,-1,0
4446,4.446,-0.0666666666666667,-0.79959100204499,0,-1,0,-1,0
4447,4.447,-0.0666666666666667,-0.795501022494888,0,-1,0,-1,0
4448,4.448,-0.0666666666666667,-0.791411042944785,0,-1,0,-1,0
4449,4.449,-0.0666666666666667,-0.787321063394683,0,-1,0,-1,0
4450,4.45,-0.0666666666666667,-0.783231083844581,1,129,0,8,0
4451,4.451,-0.0666666666666667,-0.779141104294478,0,-1,0,-1,0
4452,4.452,-0.0666666666666667,-0.775051124744376,0,-1,0,-1,0
4453,4.453,-0.0666666666666667,-0.770961145194274,0,-1,0,-1,0
4454,4.454,-0.0666666666666667,-0.766871165644172,0,-1,0,-1,0
4455,4.455,-0.0666666666666667,-0.76278118609407,0,-1,0,-1,0
4456,4.456,-0.0666666666666667,-0.758691206543967,0,-1,0,-1,0
4457,4.457,-0.0666666666666667,-0.754601226993865,0,-1,0,-1,0
4458,4.458,-0.0666666666666667,-0.750511247443763,0,-1,0,-1,0
4459,4.459,-0.0666666666666667,-0.746421267893661,0,-1,0,-1,0
4460,4.46,-0.0666666666666667,-0.742331288343558,0,-1,0,-1,0
4461,4.461,-0.0666666666666667,-0.738241308793456,0,-1,0,-1,0
4462,4.462,-0.0666666666666667,-0.734151329243354,0,-1,0,-1,0
4463,4.463,-0.0666666666666667,-0.730061349693252,0,-1,0,-1,0
4464,4.464,-0.0666666666666667,-0.725971370143149,0,-1,0,-1,0
4465,4.465,-0.0666666666666667,-0.721881390593047,0,-1,0,-1,0
4466,4.466,-0.0666666666666667,-0.717791411042945,0,-1,0,-1,0
4467,4.467,-0.0666666666666667,-0.713701431492842,0,-1,0,-1,0
4468,4.468,-0.0666666666666667,-0.70961145194274,0,-1,0,-1,0
4469,4.469,-0.0666666666666667,-0.705521472392638,0,-1,0,-1,0
4470,4.47,-0.0666666666666667,-0.701431492842536,0,-1,0,-1,0
4471,4.471,-0.0666666666666667,-0.697341513292434,0,-1,0,-1,0
4472,4.472,-0.0666666666666667,-0.693251533742331,0,-1,0,-1,0
4473,4.473,-0.0666666666666667,-0.689161554192229,0,-1,0,-1,0
4474,4.474,-0.0666666666666667,-0.685071574642127,0,-1,0,-1,0
4475,4.475,-0.0666666666666667,-0.680981595092025,0,-1,0,-1,0
4476,4.476,-0.0666666666666667,-0.676891615541922,0,-1,0,-1,0
4477,4.477,-0.0666666666666667,-0.67280163599182,0,-1,0,-1,0
4478,4.478,-0.0666666666666667,-0.668711656441718,0,-1,0,-1,0
4479,4.479,-0.0666666666666667,-0.664621676891616,0,-1,0,-1,0
4480,4.48,-0.0666666666666667,-0.660531697341513,1,130,0,8,0
4481,4.481,-0.0666666666666667,-0.656441717791411,0,-1,0,-1,0
4482,4.482,-0.0666666666666667,-0.652351738241309,0,-1,0,-1,0
4483,4.483,-0.0666666666666667,-0.648261758691207,0,-1,0,-1,0
4484,4.484,-0.0666666666666667,-0.644171779141104,0,-1,0,-1,0
4485,4.485,-0.0666666666666667,-0.640081799591002,0,-1,0,-1,0
4486,4.486,-0.0666666666666667,-0.6359918200409,0,-1,0,-1,0
4487,4.487,-0.0666666666666667,-0.631901840490798,0,-1,0,-1,0
4488,4.488,-0.0666666666666667,-0.627811860940695,0,-1,0,-1,0
4489,4.489,-0.0666666666666667,-0.623721881390593,0,-1,0,-1,0
4490,4.49,-0.0666666666666667,-0.619631901840491,0,-1,0,-1,0
4491,4.491,-0.0666666666666667,-0.615541922290389,0,-1,0,-1,0
4492,4.492,-0.0666666666666667,-0.611451942740286,0,-1,0,-1,0
4493,4.493,-0.0666666666666667,-0.607361963190184,0,-1,0,-1,0
4494,4.494,-0.0666666666666667,-0.603271983640082,0,-1,0,-1,0
4495,4.495,-0.0666666666666667,-0.59918200408998,0,-1,0,-1,0
4496,4.496,-0.0666666666666667,-0.595092024539877,0,-1,0,-1,0
4497,4.497,-0.0666666666666667,-0.591002044989775,0,-1,0,-1,0
4498,4.498,-0.0666666666666667,-0.586912065439673,0,-1,0,-1,0
4499,4.499,-0.0666666666666667,-0.582822085889571,0,-1,0,-1,0
4500,4.5,-0.0666666666666667,-0.578732106339468,0,-1,0,-1,0
4501,4.501,-0.0666666666666667,-0.574642126789366,0,-1,0,-1,0
4502,4.502,-0.0666666666666667,-0.570552147239264,0,-1,0,-1,0
4503,4.503,-0.0666666666666667,-0.566462167689162,0,-1,0,-1,0
4504,4.504,-0.0666666666666667,-0.562372188139059,0,-1,0,-1,0
4505,4.505,-0.0666666666666667,-0.558282208588957,0,-1,0,-1,0
4506,4.506,-0.0666666666666667,-0.554192229038855,0,-1,0,-1,0
4507,4.507,-0.0666666666666667,-0.550102249488753,0,-1,0,-1,0
4508,4.508,-0.0666666666666667,-0.54601226993865,0,-1,0,-1,0
4509,4.509,-0.0666666666666667,-0.541922290388548,0,-1,0,-1,0
4510,4.51,-0.0666666666666667,-0.537832310838446,1,131,0,8,0
4511,4.511,-0.0666666666666667,-0.533742331288344,0,-1,0,-1,0
4512,4.512,-0.0666666666666667,-0.529652351738241,0,-1,0,-1,0
4513,4.513,-0.0666666666666667,-0.525562372188139,0,-1,0,-1,0
4514,4.514,-0.0666666666666667,-0.521472392638037,0,-1,0,-1,0
4515,4.515,-0.0666666666666667,-0.517382413087935,0,-1,0,-1,0
4516,4.516,-0.0666666666666667,-0.513292433537832,0,-1,0,-1,0
4517,4.517,-0.0666666666666667,-0.50920245398773,0,-1,0,-1,0
4518,4.518,-0.0666666666666667,-0.505112474437628,0,-1,0,-1,0
4519,4.519,-0.0666666666666667,-0.501022494887525,0,-1,0,-1,0
4520,4.52,-0.0666666666666667,-0.496932515337423,0,-1,0,-1,0
4521,4.521,-0.0666666666666667,-0.492842535787321,0,-1,0,-1,0
4522,4.522,-0.0666666666666667,-0.488752556237219,0,-1,0,-1,0
4523,4.523,-0.0666666666666667,-0.484662576687117,0,-1,0,-1,0
4524,4.524,-0.0666666666666667,-0.480572597137014,0,-1,0,-1,0
4525,4.525,-0.0666666666666667,-0.476482617586912,0,-1,0,-1,0
4526,4.526,-0.0666666666666667,-0.47239263803681,0,-1,0,-1,0
4527,4.527,-0.0666666666666667,-0.468302658486708,0,-1,0,-1,0
4528,4.528,-0.0666666666666667,-0.464212678936605,0,-1,0,-1,0
4529,4.529,-0.0666666666666667,-0.460122699386503,0,-1,0,-1,0
4530,4.53,-0.0666666666666667,-0.456032719836401,0,-1,0,-1,0
4531,4.531,-0.0666666666666667,-0.451942740286299,0,-1,0,-1,0
4532,4.532,-0.0666666666666667,-0.447852760736196,0,-1,0,-1,0
4533,4.533,-0.0666666666666667,-0.443762781186094,0,-1,0,-1,0
4534,4.534,-0.0666666666666667,-0.439672801635992,0,-1,0,-1,0
4535,4.535,-0.0666666666666667,-0.43558282208589,0,-1,0,-1,0
4536,4.536,-0.0666666666666667,-0.431492842535787,0,-1,0,-1,0
4537,4.537,-0.0666666666666667,-0.427402862985685,0,-1,0,-1,0
4538,4.538,-0.0666666666666667,-0.423312883435583,0,-1,0,-1,0
4539,4.539,-0.0666666666666667,-0.419222903885481,0,-1,0,-1,0
4540,4.54,-0.0666666666666667,-0.415132924335378,1,132,0,8,0
4541,4.541,-0.0666666666666667,-0.411042944785276,0,-1,0,-1,0
4542,4.542,-0.0666666666666667,-0.406952965235174,0,-1,0,-1,0
4543,4.543,-0.0666666666666667,-0.402862985685072,0,-1,0,-1,0
4544,4.544,-0.0666666666666667,-0.398773006134969,0,-1,0,-1,0
4545,4.545,-0.0666666666666667,-0.394683026584867,0,-1,0,-1,0
4546,4.546,-0.0666666666666667,-0.390593047034765,0,-1,0,-1,0
4547,4.547,-0.0666666666666667,-0.386503067484663,0,-1,0,-1,0
4548,4.548,-0.0666666666666667,-0.38241308793456,0,-1,0,-1,0
4549,4.549,-0.0666666666666667,-0.378323108384458,0,-1,0,-1,0
4550,4.55,-0.0666666666666667,-0.374233128834356,0,-1,0,-1,0
4551,4.551,-0.0666666666666667,-0.370143149284254,0,-1,0,-1,0
4552,4.552,-0.0666666666666667,-0.366053169734151,0,-1,0,-1,0
4553,4.553,-0.0666666666666667,-0.361963190184049,0,-1,0,-1,0
4554,4.554,-0.0666666666666667,-0.357873210633947,0,-1,0,-1,0
4555,4.555,-0.0666666666666667,-0.353783231083845,0,-1,0,-1,0
4556,4.556,-0.0666666666666667,-0.349693251533742,0,-1,0,-1,0
4557,4.557,-0.0666666666666667,-0.34560327198364,0,-1,0,-1,0
4558,4.558,-0.0666666666666667,-0.341513292433538,0,-1,0,-1,0
4559,4.559,-0.0666666666666667,-0.337423312883436,0,-1,0,-1,0
4560,4.56,-0.0666666666666667,-0.333333333333333,0,-1,0,-1,0
4561,4.561,-0.0666666666666667,-0.329243353783231,0,-1,0,-1,0
4562,4.562,-0.0666666666666667,-0.325153374233129,0,-1,0,-1,0
4563,4.563,-0.0666666666666667,-0.321063394683027,0,-1,0,-1,0
4564,4.564,-0.0666666666666667,-0.316973415132924,0,-1,0,-1,0
4565,4.565,-0.0666666666666667,-0.312883435582822,0,-1,0,-1,0
4566,4.566,-0.0666666666666667,-0.30879345603272,0,-1,0,-1,0
4567,4.567,-0.0666666666666667,-0.304703476482618,0,-1,0,-1,0
4568,4.568,-0.0666666666666667,-0.300613496932515,0,-1,0,-1,0
4569,4.569,-0.0666666666666667,-0.296523517382413,0,-1,0,-1,0
4570,4.57,-0.0666666666666667,-0.292433537832311,1,133,0,8,0
4571,4.571,-0.0666666666666667,-0.288343558282209,0,-1,0,-1,0
4572,4.572,-0.0666666666666667,-0.284253578732106,0,-1,0,-1,0
4573,4.573,-0.0666666666666667,-0.280163599182004,0,-1,0,-1,0
4574,4.574,-0.0666666666666667,-0.276073619631902,0,-1,0,-1,0
4575,4.575,-0.0666666666666667,-0.2719836400818,0,-1,0,-1,0
4576,4.576,-0.0666666666666667,-0.267893660531697,0,-1,0,-1,0
4577,4.577,-0.0666666666666667,-0.263803680981595,0,-1,0,-1,0
4578,4.578,-0.0666666666666667,-0.259713701431493,0,-1,0,-1,0
4579,4.579,-0.0666666666666667,-0.255623721881391,0,-1,0,-1,0
4580,4.58,-0.0666666666666667,-0.251533742331288,0,-1,0,-1,0
4581,4.581,-0.0666666666666667,-0.247443762781186,0,-1,0,-1,0
4582,4.582,-0.0666666666666667,-0.243353783231084,0,-1,0,-1,0
4583,4.583,-0.0666666666666667,-0.239263803680982,0,-1,0,-1,0
4584,4.584,-0.0666666666666667,-0.235173824130879,0,-1,0,-1,0
4585,4.585,-0.0666666666666667,-0.231083844580777,0,-1,0,-1,0
4586,4.586,-0.0666666666666667,-0.226993865030675,0,-1,0,-1,0
4587,4.587,-0.0666666666666667,-0.222903885480573,0,-1,0,-1,0
4588,4.588,-0.0666666666666667,-0.21881390593047,0,-1,0,-1,0
4589,4.589,-0.0666666666666667,-0.214723926380368,0,-1,0,-1,0
4590,4.59,-0.0666666666666667,-0.210633946830266,0,-1,0,-1,0
4591,4.591,-0.0666666666666667,-0.206543967280164,0,-1,0,-1,0
4592,4.592,-0.0666666666666667,-0.202453987730061,0,-1,0,-1,0
4593,4.593,-0.0666666666666667,-0.198364008179959,0,-1,0,-1,0
4594,4.594,-0.0666666666666667,-0.194274028629857,0,-1,0,-1,0
4595,4.595,-0.0666666666666667,-0.190184049079755,0,-1,0,-1,0
4596,4.596,-0.0666666666666667,-0.186094069529652,0,-1,0,-1,0
4597,4.597,-0.0666666666666667,-0.18200408997955,0,-1,0,-1,0
4598,4.598,-0.0666666666666667,-0.177914110429448,0,-1,0,-1,0
4599,4.599,-0.0666666666666667,-0.173824130879346,0,-1,0,-1,0
4600,4.6,-0.0666666666666667,-0.169734151329243,1,134,0,8,0
4601,4.601,-0.0666666666666667,-0.165644171779141,0,-1,0,-1,0
4602,4.602,-0.0666666666666667,-0.161554192229039,0,-1,0,-1,0
4603,4.603,-0.0666666666666667,-0.157464212678937,0,-1,0,-1,0
4604,4.604,-0.0666666666666667,-0.153374233128834,0,-1,0,-1,0
4605,4.605,-0.0666666666666667,-0.149284253578732,0,-1,0,-1,0
4606,4.606,-0.0666666666666667,-0.14519427402863,0,-1,0,-1,0
4607,4.607,-0.0666666666666667,-0.141104294478528,0,-1,0,-1,0
4608,4.608,-0.0666666666666667,-0.137014314928425,0,-1,0,-1,0
4609,4.609,-0.0666666666666667,-0.132924335378323,0,-1,0,-1,0
4610,4.61,-0.0666666666666667,-0.128834355828221,0,-1,0,-1,0
4611,4.611,-0.0666666666666667,-0.124744376278119,0,-1,0,-1,0
4612,4.612,-0.0666666666666667,-0.120654396728016,0,-1,0,-1,0
4613,4.613,-0.0666666666666667,-0.116564417177914,0,-1,0,-1,0
4614,4.614,-0.0666666666666667,-0.112474437627812,0,-1,0,-1,0
4615,4.615,-0.0666666666666667,-0.10838445807771,0,-1,0,-1,0
4616,4.616,-0.0666666666666667,-0.104294478527607,0,-1,0,-1,0
4617,4.617,-0.0666666666666667,-0.100204498977505,0,-1,0,-1,0
4618,4.618,-0.0666666666666667,-0.0961145194274029,0,-1,0,-1,0
4619,4.619,-0.0666666666666667,-0.0920245398773006,0,-1,0,-1,0
4620,4.62,-0.0666666666666667,-0.0879345603271984,0,-1,0,-1,0
4621,4.621,-0.0666666666666667,-0.0838445807770961,0,-1,0,-1,0
4622,4.622,-0.0666666666666667,-0.0797546012269938,0,-1,0,-1,0
4623,4.623,-0.0666666666666667,-0.0756646216768916,0,-1,0,-1,0
4624,4.624,-0.0666666666666667,-0.0715746421267893,0,-1,0,-1,0
4625,4.625,-0.0666666666666667,-0.0674846625766872,0,-1,0,-1,0
4626,4.626,-0.0666666666666667,-0.0633946830265849,0,-1,0,-1,0
4627,4.627,-0.0666666666666667,-0.0593047034764826,0,-1,0,-1,0
4628,4.628,-0.0666666666666667,-0.0552147239263804,0,-1,0,-1,0
4629,4.629,-0.0666666666666667,-0.0511247443762781,0,-1,0,-1,0
4630,4.63,-0.0666666666666667,-0.0470347648261759,1,135,0,8,0
4631,4.631,-0.0666666666666667,-0.0429447852760736,0,-1,0,-1,0
4632,4.632,-0.0666666666666667,-0.0388548057259713,0,-1,0,-1,0
4633,4.633,-0.0666666666666667,-0.0347648261758691,0,-1,0,-1,0
4634,4.634,-0.0666666666666667,-0.0306748466257669,0,-1,0,-1,0
4635,4.635,-0.0666666666666667,-0.0265848670756647,0,-1,0,-1,0
4636,4.636,-0.0666666666666667,-0.0224948875255624,0,-1,0,-1,0
4637,4.637,-0.0666666666666667,-0.0184049079754601,0,-1,0,-1,0
4638,4.638,-0.0666666666666667,-0.0143149284253579,0,-1,0,-1,0
4639,4.639,-0.0666666666666667,-0.0102249488752556,0,-1,0,-1,0
4640,4.64,-0.0666666666666667,-0.0061349693251533,0,-1,0,-1,0
4641,4.641,-0.0666666666666667,-0.002044989775051,0,-1,0,-1,0
4642,4.642,-0.0666666666666667,0.0020449897750511,0,-1,0,-1,0
4643,4.643,-0.0666666666666667,0.0061349693251533,0,-1,0,-1,0
4644,4.644,-0.0666666666666667,0.0102249488752557,0,-1,0,-1,0
4645,4.645,-0.0666666666666667,0.0143149284253579,0,-1,0,-1,0
4646,4.646,-0.0666666666666667,0.01840490797546,0,-1,0,-1,0
4647,4.647,-0.0666666666666667,0.0224948875255624,0,-1,0,-1,0
4648,4.648,-0.0666666666666667,0.0265848670756645,0,-1,0,-1,0
4649,4.649,-0.0666666666666667,0.0306748466257669,0,-1,0,-1,0
4650,4.65,-0.0666666666666667,0.0347648261758691,0,-1,0,-1,0
4651,4.651,-0.0666666666666667,0.0388548057259714,0,-1,0,-1,0
4652,4.652,-0.0666666666666667,0.0429447852760736,0,-1,0,-1,0
4653,4.653,-0.0666666666666667,0.047034764826176,0,-1,0,-1,0
4654,4.654,-0.0666666666666667,0.0511247443762781,0,-1,0,-1,0
4655,4.655,-0.0666666666666667,0.0552147239263803,0,-1,0,-1,0
4656,4.656,-0.0666666666666667,0.0593047034764826,0,-1,0,-1,0
4657,4.657,-0.0666666666666667,0.0633946830265848,0,-1,0,-1,0
4658,4.658,-0.0666666666666667,0.0674846625766872,0,-1,0,-1,0
4659,4.659,-0.0666666666666667,0.0715746421267893,0,-1,0,-1,0
4660,4.66,-0.0666666666666667,0.0756646216768917,1,136,0,8,0
4661,4.661,-0.0666666666666667,0.0797546012269938,0,-1,0,-1,0
4662,4.662,-0.0666666666666667,0.0838445807770962,0,-1,0,-1,0
4663,4.663,-0.0666666666666667,0.0879345603271984,0,-1,0,-1,0
4664,4.664,-0.0666666666666667,0.0920245398773005,0,-1,0,-1,0
4665,4.665,-0.0666666666666667,0.0961145194274029,0,-1,0,-1,0
4666,4.666,-0.0666666666666667,0.100204498977505,0,-1,0,-1,0
4667,4.667,-0.0666666666666667,0.104294478527607,0,-1,0,-1,0
4668,4.668,-0.0666666666666667,0.10838445807771,0,-1,0,-1,0
4669,4.669,-0.0666666666666667,0.112474437627812,0,-1,0,-1,0
4670,4.67,-0.0666666666666667,0.116564417177914,0,-1,0,-1,0
4671,4.671,-0.0666666666666667,0.120654396728016,0,-1,0,-1,0
4672,4.672,-0.0666666666666667,0.124744376278119,0,-1,0,-1,0
4673,4.673,-0.0666666666666667,0.128834355828221,0,-1,0,-1,0
4674,4.674,-0.0666666666666667,0.132924335378323,0,-1,0,-1,0
4675,4.675,-0.0666666666666667,0.137014314928425,0,-1,0,-1,0
4676,4.676,-0.0666666666666667,0.141104294478528,0,-1,0,-1,0
4677,4.677,-0.0666666666666667,0.14519427402863,0,-1,0,-1,0
4678,4.678,-0.0666666666666667,0.149284253578732,0,-1,0,-1,0
4679,4.679,-0.0666666666666667,0.153374233128834,0,-1,0,-1,0
4680,4.68,-0.0666666666666667,0.157464212678937,0,-1,0,-1,0
4681,4.681,-0.0666666666666667,0.161554192229039,0,-1,0,-1,0
4682,4.682,-0.0666666666666667,0.165644171779141,0,-1,0,-1,0
4683,4.683,-0.0666666666666667,0.169734151329243,0,-1,0,-1,0
4684,4.684,-0.0666666666666667,0.173824130879346,0,-1,0,-1,0
4685,4.685,-0.0666666666666667,0.177914110429448,0,-1,0,-1,0
4686,4.686,-0.0666666666666667,0.18200408997955,0,-1,0,-1,0
4687,4.687,-0.0666666666666667,0.186094069529652,0,-1,0,-1,0
4688,4.688,-0.0666666666666667,0.190184049079755,0,-1,0,-1,0
4689,4.689,-0.0666666666666667,0.194274028629857,0,-1,0,-1,0
4690,4.69,-0.0666666666666667,0.198364008179959,1,137,0,8,0
4691,4.691,-0.0666666666666667,0.202453987730061,0,-1,0,-1,0
4692,4.692,-0.0666666666666667,0.206543967280164,0,-1,0,-1,0
4693,4.693,-0.0666666666666667,0.210633946830266,0,-1,0,-1,0
4694,4.694,-0.0666666666666667,0.214723926380368,0,-1,0,-1,0
4695,4.695,-0.0666666666666667,0.21881390593047,0,-1,0,-1,0
4696,4.696,-0.0666666666666667,0.222903885480572,0,-1,0,-1,0
4697,4.697,-0.0666666666666667,0.226993865030675,0,-1,0,-1,0
4698,4.698,-0.0666666666666667,0.231083844580777,0,-1,0,-1,0
4699,4.699,-0.0666666666666667,0.235173824130879,0,-1,0,-1,0
4700,4.7,-0.0666666666666667,0.239263803680982,0,-1,0,-1,0
4701,4.701,-0.0666666666666667,0.243353783231084,0,-1,0,-1,0
4702,4.702,-0.0666666666666667,0.247443762781186,0,-1,0,-1,0
4703,4.703,-0.0666666666666667,0.251533742331288,0,-1,0,-1,0
4704,4.704,-0.0666666666666667,0.255623721881391,0,-1,0,-1,0
4705,4.705,-0.0666666666666667,0.259713701431493,0,-1,0,-1,0
4706,4.706,-0.0666666666666667,0.263803680981595,0,-1,0,-1,0
4707,4.707,-0.0666666666666667,0.267893660531697,0,-1,0,-1,0
4708,4.708,-0.0666666666666667,0.2719836400818,0,-1,0,-1,0
4709,4.709,-0.0666666666666667,0.276073619631902,0,-1,0,-1,0
4710,4.71,-0.0666666666666667,0.280163599182004,0,-1,0,-1,0
4711,4.711,-0.0666666666666667,0.284253578732106,0,-1,0,-1,0
4712,4.712,-0.0666666666666667,0.288343558282208,0,-1,0,-1,0
4713,4.713,-0.0666666666666667,0.292433537832311,0,-1,0,-1,0
4714,4.714,-0.0666666666666667,0.296523517382413,0,-1,0,-1,0
4715,4.715,-0.0666666666666667,0.300613496932515,0,-1,0,-1,0
4716,4.716,-0.0666666666666667,0.304703476482618,0,-1,0,-1,0
4717,4.717,-0.0666666666666667,0.30879345603272,0,-1,0,-1,0
4718,4.718,-0.0666666666666667,0.312883435582822,0,-1,0,-1,0
4719,4.719,-0.0666666666666667,0.316973415132924,0,-1,0,-1,0
4720,4.72,-0.0666666666666667,0.321063394683027,1,138,0,8,0
4721,4.721,-0.0666666666666667,0.325153374233129,0,-1,0,-1,0
4722,4.722,-0.0666666666666667,0.329243353783231,0,-1,0,-1,0
4723,4.723,-0.0666666666666667,0.333333333333333,0,-1,0,-1,0
4724,4.724,-0.0666666666666667,0.337423312883436,0,-1,0,-1,0
4725,4.725,-0.0666666666666667,0.341513292433538,0,-1,0,-1,0
4726,4.726,-0.0666666666666667,0.34560327198364,0,-1,0,-1,0
4727,4.727,-0.0666666666666667,0.349693251533742,0,-1,0,-1,0
4728,4.728,-0.0666666666666667,0.353783231083845,0,-1,0,-1,0
4729,4.729,-0.0666666666666667,0.357873210633947,0,-1,0,-1,0
4730,4.73,-0.0666666666666667,0.361963190184049,0,-1,0,-1,0
4731,4.731,-0.0666666666666667,0.366053169734151,0,-1,0,-1,0
4732,4.732,-0.0666666666666667,0.370143149284254,0,-1,0,-1,0
4733,4.733,-0.0666666666666667,0.374233128834356,0,-1,0,-1,0
4734,4.734,-0.0666666666666667,0.378323108384458,0,-1,0,-1,0
4735,4.735,-0.0666666666666667,0.38241308793456,0,-1,0,-1,0
4736,4.736,-0.0666666666666667,0.386503067484663,0,-1,0,-1,0
4737,4.737,-0.0666666666666667,0.390593047034765,0,-1,0,-1,0
4738,4.738,-0.0666666666666667,0.394683026584867,0,-1,0,-1,0
4739,4.739,-0.0666666666666667,0.398773006134969,0,-1,0,-1,0
4740,4.74,-0.0666666666666667,0.402862985685072,0,-1,0,-1,0
4741,4.741,-0.0666666666666667,0.406952965235174,0,-1,0,-1,0
4742,4.742,-0.0666666666666667,0.411042944785276,0,-1,0,-1,0
4743,4.743,-0.0666666666666667,0.415132924335378,0,-1,0,-1,0
4744,4.744,-0.0666666666666667,0.419222903885481,0,-1,0,-1,0
4745,4.745,-0.0666666666666667,0.423312883435583,0,-1,0,-1,0
4746,4.746,-0.0666666666666667,0.427402862985685,0,-1,0,-1,0
4747,4.747,-0.0666666666666667,0.431492842535787,0,-1,0,-1,0
4748,4.748,-0.0666666666666667,0.43558282208589,0,-1,0,-1,0
4749,4.749,-0.0666666666666667,0.439672801635992,0,-1,0,-1,0
4750,4.75,-0.0666666666666667,0.443762781186094,1,139,0,8,0
4751,4.751,-0.0666666666666667,0.447852760736196,0,-1,0,-1,0
4752,4.752,-0.0666666666666667,0.451942740286299,0,-1,0,-1,0
4753,4.753,-0.0666666666666667,0.456032719836401,0,-1,0,-1,0
4754,4.754,-0.0666666666666667,0.460122699386503,0,-1,0,-1,0
4755,4.755,-0.0666666666666667,0.464212678936605,0,-1,0,-1,0
4756,4.756,-0.0666666666666667,0.468302658486708,0,-1,0,-1,0
4757,4.757,-0.0666666666666667,0.47239263803681,0,-1,0,-1,0
4758,4.758,-0.0666666666666667,0.476482617586912,0,-1,0,-1,0
4759,4.759,-0.0666666666666667,0.480572597137014,0,-1,0,-1,0
4760,4.76,-0.0666666666666667,0.484662576687117,0,-1,0,-1,0
4761,4.761,-0.0666666666666667,0.488752556237219,0,-1,0,-1,0
4762,4.762,-0.0666666666666667,0.492842535787321,0,-1,0,-1,0
4763,4.763,-0.0666666666666667,0.496932515337423,0,-1,0,-1,0
4764,4.764,-0.0666666666666667,0.501022494887525,0,-1,0,-1,0
4765,4.765,-0.0666666666666667,0.505112474437628,0,-1,0,-1,0
4766,4.766,-0.0666666666666667,0.50920245398773,0,-1,0,-1,0
4767,4.767,-0.0666666666666667,0.513292433537832,0,-1,0,-1,0
4768,4.768,-0.0666666666666667,0.517382413087935,0,-1,0,-1,0
4769,4.769,-0.0666666666666667,0.521472392638037,0,-1,0,-1,0
4770,4.77,-0.0666666666666667,0.525562372188139,0,-1,0,-1,0
4771,4.771,-0.0666666666666667,0.529652351738241,0,-1,0,-1,0
4772,4.772,-0.0666666666666667,0.533742331288344,0,-1,0,-1,0
4773,4.773,-0.0666666666666667,0.537832310838446,0,-1,0,-1,0
4774,4.774,-0.0666666666666667,0.541922290388548,0,-1,0,-1,0
4775,4.775,-0.0666666666666667,0.54601226993865,0,-1,0,-1,0
4776,4.776,-0.0666666666666667,0.550102249488753,0,-1,0,-1,0
4777,4.777,-0.0666666666666667,0.554192229038855,0,-1,0,-1,0
4778,4.778,-0.0666666666666667,0.558282208588957,0,-1,0,-1,0
4779,4.779,-0.0666666666666667,0.562372188139059,0,-1,0,-1,0
4780,4.78,-0.0666666666666667,0.566462167689161,1,140,0,8,0
4781,4.781,-0.0666666666666667,0.570552147239264,0,-1,0,-1,0
4782,4.782,-0.0666666666666667,0.574642126789366,0,-1,0,-1,0
4783,4.783,-0.0666666666666667,0.578732106339468,0,-1,0,-1,0
4784,4.784,-0.0666666666666667,0.582822085889571,0,-1,0,-1,0
4785,4.785,-0.0666666666666667,0.586912065439673,0,-1,0,-1,0
4786,4.786,-0.0666666666666667,0.591002044989775,0,-1,0,-1,0
4787,4.787,-0.0666666666666667,0.595092024539877,0,-1,0,-1,0
4788,4.788,-0.0666666666666667,0.59918200408998,0,-1,0,-1,0
4789,4.789,-0.0666666666666667,0.603271983640082,0,-1,0,-1,0
4790,4.79,-0.0666666666666667,0.607361963190184,0,-1,0,-1,0
4791,4.791,-0.0666666666666667,0.611451942740286,0,-1,0,-1,0
4792,4.792,-0.0666666666666667,0.615541922290389,0,-1,0,-1,0
4793,4.793,-0.0666666666666667,0.619631901840491,0,-1,0,-1,0
4794,4.794,-0.0666666666666667,0.623721881390593,0,-1,0,-1,0
4795,4.795,-0.0666666666666667,0.627811860940695,0,-1,0,-1,0
4796,4.796,-0.0666666666666667,0.631901840490797,0,-1,0,-1,0
4797,4.797,-0.0666666666666667,0.6359918200409,0,-1,0,-1,0
4798,4.798,-0.0666666666666667,0.640081799591002,0,-1,0,-1,0
4799,4.799,-0.0666666666666667,0.644171779141104,0,-1,0,-1,0
4800,4.8,-0.0666666666666667,0.648261758691207,0,-1,0,-1,0
4801,4.801,-0.0666666666666667,0.652351738241309,0,-1,0,-1,0
4802,4.802,-0.0666666666666667,0.656441717791411,0,-1,0,-1,0
4803,4.803,-0.0666666666666667,0.660531697341513,0,-1,0,-1,0
4804,4.804,-0.0666666666666667,0.664621676891616,0,-1,0,-1,0
4805,4.805,-0.0666666666666667,0.668711656441718,0,-1,0,-1,0
4806,4.806,-0.0666666666666667,0.67280163599182,0,-1,0,-1,0
4807,4.807,-0.0666666666666667,0.676891615541922,0,-1,0,-1,0
4808,4.808,-0.0666666666666667,0.680981595092025,0,-1,0,-1,0
4809,4.809,-0.0666666666666667,0.685071574642127,0,-1,0,-1,0
4810,4.81,-0.0666666666666667,0.689161554192229,1,141,0,8,0
4811,4.811,-0.0666666666666667,0.693251533742331,0,-1,0,-1,0
4812,4.812,-0.0666666666666667,0.697341513292433,0,-1,0,-1,0
4813,4.813,-0.0666666666666667,0.701431492842536,0,-1,0,-1,0
4814,4.814,-0.0666666666666667,0.705521472392638,0,-1,0,-1,0
4815,4.815,-0.0666666666666667,0.70961145194274,0,-1,0,-1,0
4816,4.816,-0.0666666666666667,0.713701431492842,0,-1,0,-1,0
4817,4.817,-0.0666666666666667,0.717791411042945,0,-1,0,-1,0
4818,4.818,-0.0666666666666667,0.721881390593047,0,-1,0,-1,0
4819,4.819,-0.0666666666666667,0.725971370143149,0,-1,0,-1,0
4820,4.82,-0.0666666666666667,0.730061349693252,0,-1,0,-1,0
4821,4.821,-0.0666666666666667,0.734151329243354,0,-1,0,-1,0
4822,4.822,-0.0666666666666667,0.738241308793456,0,-1,0,-1,0
4823,4.823,-0.0666666666666667,0.742331288343558,0,-1,0,-1,0
4824,4.824,-0.0666666666666667,0.746421267893661,0,-1,0,-1,0
4825,4.825,-0.0666666666666667,0.750511247443763,0,-1,0,-1,0
4826,4.826,-0.0666666666666667,0.754601226993865,0,-1,0,-1,0
4827,4.827,-0.0666666666666667,0.758691206543967,0,-1,0,-1,0
4828,4.828,-0.0666666666666667,0.762781186094069,0,-1,0,-1,0
4829,4.829,-0.0666666666666667,0.766871165644172,0,-1,0,-1,0
4830,4.83,-0.0666666666666667,0.770961145194274,0,-1,0,-1,0
4831,4.831,-0.0666666666666667,0.775051124744376,0,-1,0,-1,0
4832,4.832,-0.0666666666666667,0.779141104294478,0,-1,0,-1,0
4833,4.833,-0.0666666666666667,0.783231083844581,0,-1,0,-1,0
4834,4.834,-0.0666666666666667,0.787321063394683,0,-1,0,-1,0
4835,4.835,-0.0666666666666667,0.791411042944785,0,-1,0,-1,0
4836,4.836,-0.0666666666666667,0.795501022494888,0,-1,0,-1,0
4837,4.837,-0.0666666666666667,0.79959100204499,0,-1,0,-1,0
4838,4.838,-0.0666666666666667,0.803680981595092,0,-1,0,-1,0
4839,4.839,-0.0666666666666667,0.807770961145194,0,-1,0,-1,0
4840,4.84,-0.0666666666666667,0.811860940695297,1,142,0,8,0
4841,4.841,-0.0666666666666667,0.815950920245399,0,-1,0,-1,0
4842,4.842,-0.0666666666666667,0.820040899795501,0,-1,0,-1,0
4843,4.843,-0.0666666666666667,0.824130879345603,0,-1,0,-1,0
4844,4.844,-0.0666666666666667,0.828220858895706,0,-1,0,-1,0
4845,4.845,-0.0666666666666667,0.832310838445808,0,-1,0,-1,0
4846,4.846,-0.0666666666666667,0.83640081799591,0,-1,0,-1,0
4847,4.847,-0.0666666666666667,0.840490797546012,0,-1,0,-1,0
4848,4.848,-0.0666666666666667,0.844580777096114,0,-1,0,-1,0
4849,4.849,-0.0666666666666667,0.848670756646217,0,-1,0,-1,0
4850,4.85,-0.0666666666666667,0.852760736196319,0,-1,0,-1,0
4851,4.851,-0.0666666666666667,0.856850715746421,0,-1,0,-1,0
4852,4.852,-0.0666666666666667,0.860940695296524,0,-1,0,-1,0
4853,4.853,-0.0666666666666667,0.865030674846626,0,-1,0,-1,0
4854,4.854,-0.0666666666666667,0.869120654396728,0,-1,0,-1,0
4855,4.855,-0.0666666666666667,0.87321063394683,0,-1,0,-1,0
4856,4.856,-0.0666666666666667,0.877300613496933,0,-1,0,-1,0
4857,4.857,-0.0666666666666667,0.881390593047035,0,-1,0,-1,0
4858,4.858,-0.0666666666666667,0.885480572597137,0,-1,0,-1,0
4859,4.859,-0.0666666666666667,0.889570552147239,0,-1,0,-1,0
4860,4.86,-0.0666666666666667,0.893660531697342,0,-1,0,-1,0
4861,4.861,-0.0666666666666667,0.897750511247444,0,-1,0,-1,0
4862,4.862,-0.0666666666666667,0.901840490797546,0,-1,0,-1,0
4863,4.863,-0.0666666666666667,0.905930470347648,0,-1,0,-1,0
4864,4.864,-0.0666666666666667,0.91002044989775,0,-1,0,-1,0
4865,4.865,-0.0666666666666667,0.914110429447853,0,-1,0,-1,0
4866,4.866,-0.0666666666666667,0.918200408997955,0,-1,0,-1,0
4867,4.867,-0.0666666666666667,0.922290388548057,0,-1,0,-1,0
4868,4.868,-0.0666666666666667,0.926380368098159,0,-1,0,-1,0
4869,4.869,-0.0666666666666667,0.930470347648262,0,-1,0,-1,0
4870,4.87,-0.0666666666666667,0.934560327198364,1,143,0,8,0
4871,4.871,-0.0666666666666667,0.938650306748466,0,-1,0,-1,0
4872,4.872,-0.0666666666666667,0.942740286298569,0,-1,0,-1,0
4873,4.873,-0.0666666666666667,0.946830265848671,0,-1,0,-1,0
4874,4.874,-0.0666666666666667,0.950920245398773,0,-1,0,-1,0
4875,4.875,-0.0711111111111111,0.955010224948875,0,-1,0,-1,0
4876,4.876,-0.0711111111111111,0.959100204498978,0,-1,0,-1,0
4877,4.877,-0.0711111111111111,0.96319018404908,0,-1,0,-1,0
4878,4.878,-0.0755555555555556,0.967280163599182,0,-1,0,-1,0
4879,4.879,-0.0755555555555556,0.971370143149284,0,-1,0,-1,0
4880,4.88,-0.08,0.975460122699386,0,-1,0,-1,0
4881,4.881,-0.0844444444444444,0.979550102249489,0,-1,0,-1,0
4882,4.882,-0.0888888888888889,0.983640081799591,0,-1,0,-1,0
4883,4.883,-0.0933333333333334,0.987730061349693,0,-1,0,-1,0
4884,4.884,-0.0977777777777777,0.991820040899795,0,-1,0,-1,0
4885,4.885,-0.102222222222222,0.991820040899795,0,-1,0,-1,0
4886,4.886,-0.106666666666667,0.995910020449898,0,-1,0,-1,0
4887,4.887,-0.111111111111111,0.995910020449898,0,-1,0,-1,0
4888,4.888,-0.115555555555556,0.995910020449898,0,-1,0,-1,0
4889,4.889,-0.12,1.0,0,-1,0,-1,0
4890,4.89,-0.124444444444444,1.0,0,-1,0,-1,0
4891,4.891,-0.128888888888889,1.0,0,-1,0,-1,0
4892,4.892,-0.133333333333333,1.0,0,-1,0,-1,0
4893,4.893,-0.137777777777778,1.0,0,-1,0,-1,0
4894,4.894,-0.142222222222222,1.0,0,-1,0,-1,0
4895,4.895,-0.146666666666667,1.0,0,-1,0,-1,0
4896,4.896,-0.151111111111111,0.995910020449898,0,-1,0,-1,0
4897,4.897,-0.155555555555556,0.995910020449898,0,-1,0,-1,0
4898,4.898,-0.16,0.995910020449898,0,-1,0,-1,0
4899,4.899,-0.164444444444444,0.991820040899795,0,-1,0,-1,0
4900,4.9,-0.168888888888889,0.991820040899795,0,-1,0,-1,0
4901,4.901,-0.173333333333333,0.987730061349693,0,-1,0,-1,0
4902,4.902,-0.177777777777778,0.983640081799591,0,-1,0,-1,0
4903,4.903,-0.182222222222222,0.979550102249489,0,-1,0,-1,0
4904,4.904,-0.186666666666667,0.975460122699386,0,-1,0,-1,0
4905,4.905,-0.191111111111111,0.971370143149284,0,-1,0,-1,0
4906,4.906,-0.191111111111111,0.967280163599182,0,-1,0,-1,0
4907,4.907,-0.195555555555556,0.96319018404908,0,-1,0,-1,0
4908,4.908,-0.195555555555556,0.959100204498978,0,-1,0,-1,0
4909,4.909,-0.195555555555556,0.955010224948875,0,-1,0,-1,0
4910,4.91,-0.2,0.950920245398773,0,-1,0,-1,0
4911,4.911,-0.2,0.946830265848671,0,-1,0,-1,0
4912,4.912,-0.2,0.942740286298569,0,-1,0,-1,0
4913,4.913,-0.2,0.938650306748466,0,-1,0,-1,0
4914,4.914,-0.2,0.934560327198364,1,144,1,9,0
4915,4.915,-0.2,0.930470347648262,0,-1,0,-1,0
4916,4.916,-0.2,0.926380368098159,0,-1,0,-1,0
4917,4.917,-0.2,0.922290388548057,0,-1,0,-1,0
4918,4.918,-0.2,0.918200408997955,0,-1,0,-1,0
4919,4.919,-0.2,0.914110429447853,0,-1,0,-1,0
4920,4.92,-0.2,0.91002044989775,0,-1,0,-1,0
4921,4.921,-0.2,0.905930470347648,0,-1,0,-1,0
4922,4.922,-0.2,0.901840490797546,0,-1,0,-1,0
4923,4.923,-0.2,0.897750511247444,0,-1,0,-1,0
4924,4.924,-0.2,0.893660531697342,0,-1,0,-1,0
4925,4.925,-0.2,0.889570552147239,0,-1,0,-1,0
4926,4.926,-0.2,0.885480572597137,0,-1,0,-1,0
4927,4.927,-0.2,0.881390593047035,0,-1,0,-1,0
4928,4.928,-0.2,0.877300613496933,0,-1,0,-1,0
4929,4.929,-0.2,0.87321063394683,0,-1,0,-1,0
4930,4.93,-0.2,0.869120654396728,0,-1,0,-1,0
4931,4.931,-0.2,0.865030674846626,0,-1,0,-1,0
4932,4.932,-0.2,0.860940695296524,0,-1,0,-1,0
4933,4.933,-0.2,0.856850715746421,0,-1,0,-1,0
4934,4.934,-0.2,0.852760736196319,0,-1,0,-1,0
4935,4.935,-0.2,0.848670756646217,0,-1,0,-1,0
4936,4.936,-0.2,0.844580777096114,0,-1,0,-1,0
4937,4.937,-0.2,0.840490797546012,0,-1,0,-1,0
4938,4.938,-0.2,0.83640081799591,0,-1,0,-1,0
4939,4.939,-0.2,0.832310838445808,0,-1,0,-1,0
4940,4.94,-0.2,0.828220858895706,0,-1,0,-1,0
4941,4.941,-0.2,0.824130879345603,0,-1,0,-1,0
4942,4.942,-0.2,0.820040899795501,0,-1,0,-1,0
4943,4.943,-0.2,0.815950920245399,0,-1,0,-1,0
4944,4.944,-0.2,0.811860940695297,1,145,0,9,0
4945,4.945,-0.2,0.807770961145194,0,-1,0,-1,0
4946,4.946,-0.2,0.803680981595092,0,-1,0,-1,0
4947,4.947,-0.2,0.79959100204499,0,-1,0,-1,0
4948,4.948,-0.2,0.795501022494888,0,-1,0,-1,0
4949,4.949,-0.2,0.791411042944785,0,-1,0,-1,0
4950,4.95,-0.2,0.787321063394683,0,-1,0,-1,0
4951,4.951,-0.2,0.783231083844581,0,-1,0,-1,0
4952,4.952,-0.2,0.779141104294478,0,-1,0,-1,0
4953,4.953,-0.2,0.775051124744376,0,-1,0,-1,0
4954,4.954,-0.2,0.770961145194274,0,-1,0,-1,0
4955,4.955,-0.2,0.766871165644172,0,-1,0,-1,0
4956,4.956,-0.2,0.762781186094069,0,-1,0,-1,0
4957,4.957,-0.2,0.758691206543967,0,-1,0,-1,0
4958,4.958,-0.2,0.754601226993865,0,-1,0,-1,0
4959,4.959,-0.2,0.750511247443763,0,-1,0,-1,0
4960,4.96,-0.2,0.746421267893661,0,-1,0,-1,0
4961,4.961,-0.2,0.742331288343558,0,-1,0,-1,0
4962,4.962,-0.2,0.738241308793456,0,-1,0,-1,0
4963,4.963,-0.2,0.734151329243354,0,-1,0,-1,0
4964,4.964,-0.2,0.730061349693252,0,-1,0,-1,0
4965,4.965,-0.2,0.725971370143149,0,-1,0,-1,0
4966,4.966,-0.2,0.721881390593047,0,-1,0,-1,0
4967,4.967,-0.2,0.717791411042945,0,-1,0,-1,0
4968,4.968,-0.2,0.713701431492842,0,-1,0,-1,0
4969,4.969,-0.2,0.70961145194274,0,-1,0,-1,0
4970,4.97,-0.2,0.705521472392638,0,-1,0,-1,0
4971,4.971,-0.2,0.701431492842536,0,-1,0,-1,0
4972,4.972,-0.2,0.697341513292433,0,-1,0,-1,0
4973,4.973,-0.2,0.693251533742331,0,-1,0,-1,0
4974,4.974,-0.2,0.689161554192229,1,146,0,9,0
4975,4.975,-0.2,0.685071574642127,0,-1,0,-1,0
4976,4.976,-0.2,0.680981595092025,0,-1,0,-1,0
4977,4.977,-0.2,0.676891615541922,0,-1,0,-1,0
4978,4.978,-0.2,0.67280163599182,0,-1,0,-1,0
4979,4.979,-0.2,0.668711656441718,0,-1,0,-1,0
4980,4.98,-0.2,0.664621676891616,0,-1,0,-1,0
4981,4.981,-0.2,0.660531697341513,0,-1,0,-1,0
4982,4.982,-0.2,0.656441717791411,0,-1,0,-1,0
4983,4.983,-0.2,0.652351738241309,0,-1,0,-1,0
4984,4.984,-0.2,0.648261758691207,0,-1,0,-1,0
4985,4.985,-0.2,0.644171779141104,0,-1,0,-1,0
4986,4.986,-0.2,0.640081799591002,0,-1,0,-1,0
4987,4.987,-0.2,0.6359918200409,0,-1,0,-1,0
4988,4.988,-0.2,0.631901840490797,0,-1,0,-1,0
4989,4.989,-0.2,0.627811860940695,0,-1,0,-1,0
4990,4.99,-0.2,0.623721881390593,0,-1,0,-1,0
4991,4.991,-0.2,0.619631901840491,0,-1,0,-1,0
4992,4.992,-0.2,0.615541922290389,0,-1,0,-1,0
4993,4.993,-0.2,0.611451942740286,0,-1,0,-1,0
4994,4.994,-0.2,0.607361963190184,0,-1,0,-1,0
4995,4.995,-0.2,0.603271983640082,0,-1,0,-1,0
4996,4.996,-0.2,0.59918200408998,0,-1,0,-1,0
4997,4.997,-0.2,0.595092024539877,0,-1,0,-1,0
4998,4.998,-0.2,0.591002044989775,0,-1,0,-1,0
4999,4.999,-0.2,0.586912065439673,0,-1,0,-1,0
5000,5.0,-0.2,0.582822085889571,0,-1,0,-1,0
5001,5.001,-0.2,0.578732106339468,0,-1,0,-1,0
5002,5.002,-0.2,0.574642126789366,0,-1,0,-1,0
5003,5.003,-0.2,0.570552147239264,0,-1,0,-1,0
5004,5.004,-0.2,0.566462167689161,1,147,0,9,0
5005,5.005,-0.2,0.562372188139059,0,-1,0,-1,0
5006,5.006,-0.2,0.558282208588957,0,-1,0,-1,0
5007,5.007,-0.2,0.554192229038855,0,-1,0,-1,0
5008,5.008,-0.2,0.550102249488753,0,-1,0,-1,0
5009,5.009,-0.2,0.54601226993865,0,-1,0,-1,0
5010,5.01,-0.2,0.541922290388548,0,-1,0,-1,0
5011,5.011,-0.2,0.537832310838446,0,-1,0,-1,0
5012,5.012,-0.2,0.533742331288344,0,-1,0,-1,0
5013,5.013,-0.2,0.529652351738241,0,-1,0,-1,0
5014,5.014,-0.2,0.525562372188139,0,-1,0,-1,0
5015,5.015,-0.2,0.521472392638037,0,-1,0,-1,0
5016,5.016,-0.2,0.517382413087935,0,-1,0,-1,0
5017,5.017,-0.2,0.513292433537832,0,-1,0,-1,0
5018,5.018,-0.2,0.50920245398773,0,-1,0,-1,0
5019,5.019,-0.2,0.505112474437628,0,-1,0,-1,0
5020,5.02,-0.2,0.501022494887525,0,-1,0,-1,0
5021,5.021,-0.2,0.496932515337423,0,-1,0,-1,0
5022,5.022,-0.2,0.492842535787321,0,-1,0,-1,0
5023,5.023,-0.2,0.488752556237219,0,-1,0,-1,0
5024,5.024,-0.2,0.484662576687117,0,-1,0,-1,0
5025,5.025,-0.2,0.480572597137014,0,-1,0,-1,0
5026,5.026,-0.2,0.476482617586912,0,-1,0,-1,0
5027,5.027,-0.2,0.47239263803681,0,-1,0,-1,0
5028,5.028,-0.2,0.468302658486708,0,-1,0,-1,0
5029,5.029,-0.2,0.464212678936605,0,-1,0,-1,0
5030,5.03,-0.2,0.460122699386503,0,-1,0,-1,0
5031,5.031,-0.2,0.456032719836401,0,-1,0,-1,0
5032,5.032,-0.2,0.451942740286299,0,-1,0,-1,0
5033,5.033,-0.2,0.447852760736196,0,-1,0,-1,0
5034,5.034,-0.2,0.443762781186094,1,148,0,9,0
5035,5.035,-0.2,0.439672801635992,0,-1,0,-1,0
5036,5.036,-0.2,0.43558282208589,0,-1,0,-1,0
5037,5.037,-0.2,0.431492842535787,0,-1,0,-1,0
5038,5.038,-0.2,0.427402862985685,0,-1,0,-1,0
5039,5.039,-0.2,0.423312883435583,0,-1,0,-1,0
5040,5.04,-0.2,0.419222903885481,0,-1,0,-1,0
5041,5.041,-0.2,0.415132924335378,0,-1,0,-1,0
5042,5.042,-0.2,0.411042944785276,0,-1,0,-1,0
5043,5.043,-0.2,0.406952965235174,0,-1,0,-1,0
5044,5.044,-0.2,0.402862985685072,0,-1,0,-1,0
5045,5.045,-0.2,0.398773006134969,0,-1,0,-1,0
5046,5.046,-0.2,0.394683026584867,0,-1,0,-1,0
5047,5.047,-0.2,0.390593047034765,0,-1,0,-1,0
5048,5.048,-0.2,0.386503067484663,0,-1,0,-1,0
5049,5.049,-0.2,0.38241308793456,0,-1,0,-1,0
5050,5.05,-0.2,0.378323108384458,0,-1,0,-1,0
5051,5.051,-0.2,0.374233128834356,0,-1,0,-1,0
5052,5.052,-0.2,0.370143149284254,0,-1,0,-1,0
5053,5.053,-0.2,0.366053169734151,0,-1,0,-1,0
5054,5.054,-0.2,0.361963190184049,0,-1,0,-1,0
5055,5.055,-0.2,0.357873210633947,0,-1,0,-1,0
5056,5.056,-0.2,0.353783231083845,0,-1,0,-1,0
5057,5.057,-0.2,0.349693251533742,0,-1,0,-1,0
5058,5.058,-0.2,0.34560327198364,0,-1,0,-1,0
5059,5.059,-0.2,0.341513292433538,0,-1,0,-1,0
5060,5.06,-0.2,0.337423312883436,0,-1,0,-1,0
5061,5.061,-0.2,0.333333333333333,0,-1,0,-1,0
5062,5.062,-0.2,0.329243353783231,0,-1,0,-1,0
5063,5.063,-0.2,0.325153374233129,0,-1,0,-1,0
5064,5.064,-0.2,0.321063394683027,1,149,0,9,0
5065,5.065,-0.2,0.316973415132924,0,-1,0,-1,0
5066,5.066,-0.2,0.312883435582822,0,-1,0,-1,0
5067,5.067,-0.2,0.30879345603272,0,-1,0,-1,0
5068,5.068,-0.2,0.304703476482618,0,-1,0,-1,0
5069,5.069,-0.2,0.300613496932515,0,-1,0,-1,0
5070,5.07,-0.2,0.296523517382413,0,-1,0,-1,0
5071,5.071,-0.2,0.292433537832311,0,-1,0,-1,0
5072,5.072,-0.2,0.288343558282208,0,-1,0,-1,0
5073,5.073,-0.2,0.284253578732106,0,-1,0,-1,0
5074,5.074,-0.2,0.280163599182004,0,-1,0,-1,0
5075,5.075,-0.2,0.276073619631902,0,-1,0,-1,0
5076,5.076,-0.2,0.2719836400818,0,-1,0,-1,0
5077,5.077,-0.2,0.267893660531697,0,-1,0,-1,0
5078,5.078,-0.2,0.263803680981595,0,-1,0,-1,0
5079,5.079,-0.2,0.259713701431493,0,-1,0,-1,0
5080,5.08,-0.2,0.255623721881391,0,-1,0,-1,0
5081,5.081,-0.2,0.251533742331288,0,-1,0,-1,0
5082,5.082,-0.2,0.247443762781186,0,-1,0,-1,0
5083,5.083,-0.2,0.243353783231084,0,-1,0,-1,0
5084,5.084,-0.2,0.239263803680982,0,-1,0,-1,0
5085,5.085,-0.2,0.235173824130879,0,-1,0,-1,0
5086,5.086,-0.2,0.231083844580777,0,-1,0,-1,0
5087,5.087,-0.2,0.226993865030675,0,-1,0,-1,0
5088,5.088,-0.2,0.222903885480572,0,-1,0,-1,0
5089,5.089,-0.2,0.21881390593047,0,-1,0,-1,0
5090,5.09,-0.2,0.214723926380368,0,-1,0,-1,0
5091,5.091,-0.2,0.210633946830266,0,-1,0,-1,0
5092,5.092,-0.2,0.206543967280164,0,-1,0,-1,0
5093,5.093,-0.2,0.202453987730061,0,-1,0,-1,0
5094,5.094,-0.2,0.198364008179959,1,150,0,9,0
5095,5.095,-0.2,0.194274028629857,0,-1,0,-1,0
5096,5.096,-0.2,0.190184049079755,0,-1,0,-1,0
5097,5.097,-0.2,0.186094069529652,0,-1,0,-1,0
5098,5.098,-0.2,0.18200408997955,0,-1,0,-1,0
5099,5.099,-0.2,0.177914110429448,0,-1,0,-1,0
5100,5.1,-0.2,0.173824130879346,0,-1,0,-1,0
5101,5.101,-0.2,0.169734151329243,0,-1,0,-1,0
5102,5.102,-0.2,0.165644171779141,0,-1,0,-1,0
5103,5.103,-0.2,0.161554192229039,0,-1,0,-1,0
5104,5.104,-0.2,0.157464212678937,0,-1,0,-1,0
5105,5.105,-0.2,0.153374233128834,0,-1,0,-1,0
5106,5.106,-0.2,0.149284253578732,0,-1,0,-1,0
5107,5.107,-0.2,0.14519427402863,0,-1,0,-1,0
5108,5.108,-0.2,0.141104294478528,0,-1,0,-1,0
5109,5.109,-0.2,0.137014314928425,0,-1,0,-1,0
5110,5.11,-0.2,0.132924335378323,0,-1,0,-1,0
5111,5.111,-0.2,0.128834355828221,0,-1,0,-1,0
5112,5.112,-0.2,0.124744376278119,0,-1,0,-1,0
5113,5.113,-0.2,0.120654396728016,0,-1,0,-1,0
5114,5.114,-0.2,0.116564417177914,0,-1,0,-1,0
5115,5.115,-0.2,0.112474437627812,0,-1,0,-1,0
5116,5.116,-0.2,0.10838445807771,0,-1,0,-1,0
5117,5.117,-0.2,0.104294478527607,0,-1,0,-1,0
5118,5.118,-0.2,0.100204498977505,0,-1,0,-1,0
5119,5.119,-0.2,0.0961145194274029,0,-1,0,-1,0
5120,5.12,-0.2,0.0920245398773005,0,-1,0,-1,0
5121,5.121,-0.2,0.0879345603271984,0,-1,0,-1,0
5122,5.122,-0.2,0.0838445807770962,0,-1,0,-1,0
5123,5.123,-0.2,0.0797546012269938,0,-1,0,-1,0
5124,5.124,-0.2,0.0756646216768917,1,151,0,9,0
5125,5.125,-0.2,0.0715746421267893,0,-1,0,-1,0
5126,5.126,-0.2,0.0674846625766872,0,-1,0,-1,0
5127,5.127,-0.2,0.0633946830265848,0,-1,0,-1,0
5128,5.128,-0.2,0.0593047034764826,0,-1,0,-1,0
5129,5.129,-0.2,0.0552147239263803,0,-1,0,-1,0
5130,5.13,-0.2,0.0511247443762781,0,-1,0,-1,0
5131,5.131,-0.2,0.047034764826176,0,-1,0,-1,0
5132,5.132,-0.2,0.0429447852760736,0,-1,0,-1,0
5133,5.133,-0.2,0.0388548057259714,0,-1,0,-1,0
5134,5.134,-0.2,0.0347648261758691,0,-1,0,-1,0
5135,5.135,-0.2,0.0306748466257669,0,-1,0,-1,0
5136,5.136,-0.2,0.0265848670756645,0,-1,0,-1,0
5137,5.137,-0.2,0.0224948875255624,0,-1,0,-1,0
5138,5.138,-0.2,0.01840490797546,0,-1,0,-1,0
5139,5.139,-0.2,0.0143149284253579,0,-1,0,-1,0
5140,5.14,-0.2,0.0102249488752557,0,-1,0,-1,0
5141,5.141,-0.2,0.0061349693251533,0,-1,0,-1,0
5142,5.142,-0.2,0.0020449897750511,0,-1,0,-1,0
5143,5.143,-0.2,-0.002044989775051,0,-1,0,-1,0
5144,5.144,-0.2,-0.0061349693251533,0,-1,0,-1,0
5145,5.145,-0.2,-0.0102249488752556,0,-1,0,-1,0
5146,5.146,-0.2,-0.0143149284253579,0,-1,0,-1,0
5147,5.147,-0.2,-0.0184049079754601,0,-1,0,-1,0
5148,5.148,-0.2,-0.0224948875255624,0,-1,0,-1,0
5149,5.149,-0.2,-0.0265848670756647,0,-1,0,-1,0
5150,5.15,-0.2,-0.0306748466257669,0,-1,0,-1,0
5151,5.151,-0.2,-0.0347648261758691,0,-1,0,-1,0
5152,5.152,-0.2,-0.0388548057259713,0,-1,0,-1,0
5153,5.153,-0.2,-0.0429447852760736,1,152,0,9,0
5154,5.154,-0.2,-0.0470347648261759,0,-1,0,-1,0
5155,5.155,-0.2,-0.0511247443762781,0,-1,0,-1,0
5156,5.156,-0.2,-0.0552147239263804,0,-1,0,-1,0
5157,5.157,-0.2,-0.0593047034764826,0,-1,0,-1,0
5158,5.158,-0.2,-0.0633946830265849,0,-1,0,-1,0
5159,5.159,-0.2,-0.0674846625766872,0,-1,0,-1,0
5160,5.16,-0.2,-0.0715746421267893,0,-1,0,-1,0
5161,5.161,-0.2,-0.0756646216768916,0,-1,0,-1,0
5162,5.162,-0.2,-0.0797546012269938,0,-1,0,-1,0
5163,5.163,-0.2,-0.0838445807770961,0,-1,0,-1,0
5164,5.164,-0.2,-0.0879345603271984,0,-1,0,-1,0
5165,5.165,-0.2,-0.0920245398773006,0,-1,0,-1,0
5166,5.166,-0.2,-0.0961145194274029,0,-1,0,-1,0
5167,5.167,-0.2,-0.100204498977505,0,-1,0,-1,0
5168,5.168,-0.2,-0.104294478527607,0,-1,0,-1,0
5169,5.169,-0.2,-0.10838445807771,0,-1,0,-1,0
5170,5.17,-0.2,-0.112474437627812,0,-1,0,-1,0
5171,5.171,-0.2,-0.116564417177914,0,-1,0,-1,0
5172,5.172,-0.2,-0.120654396728016,0,-1,0,-1,0
5173,5.173,-0.2,-0.124744376278119,0,-1,0,-1,0
5174,5.174,-0.2,-0.128834355828221,0,-1,0,-1,0
5175,5.175,-0.2,-0.132924335378323,0,-1,0,-1,0
5176,5.176,-0.2,-0.137014314928425,0,-1,0,-1,0
5177,5.177,-0.2,-0.141104294478528,0,-1,0,-1,0
5178,5.178,-0.2,-0.14519427402863,0,-1,0,-1,0
5179,5.179,-0.2,-0.149284253578732,0,-1,0,-1,0
5180,5.18,-0.2,-0.153374233128834,0,-1,0,-1,0
5181,5.181,-0.2,-0.157464212678937,0,-1,0,-1,0
5182,5.182,-0.2,-0.161554192229039,0,-1,0,-1,0
5183,5.183,-0.2,-0.165644171779141,1,153,0,9,0
5184,5.184,-0.2,-0.169734151329243,0,-1,0,-1,0
5185,5.185,-0.2,-0.173824130879346,0,-1,0,-1,0
5186,5.186,-0.2,-0.177914110429448,0,-1,0,-1,0
5187,5.187,-0.2,-0.18200408997955,0,-1,0,-1,0
5188,5.188,-0.2,-0.186094069529652,0,-1,0,-1,0
5189,5.189,-0.2,-0.190184049079755,0,-1,0,-1,0
5190,5.19,-0.2,-0.194274028629857,0,-1,0,-1,0
5191,5.191,-0.2,-0.198364008179959,0,-1,0,-1,0
5192,5.192,-0.2,-0.202453987730061,0,-1,0,-1,0
5193,5.193,-0.2,-0.206543967280164,0,-1,0,-1,0
5194,5.194,-0.2,-0.210633946830266,0,-1,0,-1,0
5195,5.195,-0.2,-0.214723926380368,0,-1,0,-1,0
5196,5.196,-0.2,-0.21881390593047,0,-1,0,-1,0
5197,5.197,-0.2,-0.222903885480573,0,-1,0,-1,0
5198,5.198,-0.2,-0.226993865030675,0,-1,0,-1,0
5199,5.199,-0.2,-0.231083844580777,0,-1,0,-1,0
5200,5.2,-0.2,-0.235173824130879,0,-1,0,-1,0
5201,5.201,-0.2,-0.239263803680982,0,-1,0,-1,0
5202,5.202,-0.2,-0.243353783231084,0,-1,0,-1,0
5203,5.203,-0.2,-0.247443762781186,0,-1,0,-1,0
5204,5.204,-0.2,-0.251533742331288,0,-1,0,-1,0
5205,5.205,-0.2,-0.255623721881391,0,-1,0,-1,0
5206,5.206,-0.2,-0.259713701431493,0,-1,0,-1,0
5207,5.207,-0.2,-0.263803680981595,0,-1,0,-1,0
5208,5.208,-0.2,-0.267893660531697,0,-1,0,-1,0
5209,5.209,-0.2,-0.2719836400818,0,-1,0,-1,0
5210,5.21,-0.2,-0.276073619631902,0,-1,0,-1,0
5211,5.211,-0.2,-0.280163599182004,0,-1,0,-1,0
5212,5.212,-0.2,-0.284253578732106,0,-1,0,-1,0
5213,5.213,-0.2,-0.288343558282209,1,154,0,9,0
5214,5.214,-0.2,-0.292433537832311,0,-1,0,-1,0
5215,5.215,-0.2,-0.296523517382413,0,-1,0,-1,0
5216,5.216,-0.2,-0.300613496932515,0,-1,0,-1,0
5217,5.217,-0.2,-0.304703476482618,0,-1,0,-1,0
5218,5.218,-0.2,-0.30879345603272,0,-1,0,-1,0
5219,5.219,-0.2,-0.312883435582822,0,-1,0,-1,0
5220,5.22,-0.2,-0.316973415132924,0,-1,0,-1,0
5221,5.221,-0.2,-0.321063394683027,0,-1,0,-1,0
5222,5.222,-0.2,-0.325153374233129,0,-1,0,-1,0
5223,5.223,-0.2,-0.329243353783231,0,-1,0,-1,0
5224,5.224,-0.2,-0.333333333333333,0,-1,0,-1,0
5225,5.225,-0.2,-0.337423312883436,0,-1,0,-1,0
5226,5.226,-0.2,-0.341513292433538,0,-1,0,-1,0
5227,5.227,-0.2,-0.34560327198364,0,-1,0,-1,0
5228,5.228,-0.2,-0.349693251533742,0,-1,0,-1,0
5229,5.229,-0.2,-0.353783231083845,0,-1,0,-1,0
5230,5.23,-0.2,-0.357873210633947,0,-1,0,-1,0
5231,5.231,-0.2,-0.361963190184049,0,-1,0,-1,0
5232,5.232,-0.2,-0.366053169734151,0,-1,0,-1,0
5233,5.233,-0.2,-0.370143149284254,0,-1,0,-1,0
5234,5.234,-0.2,-0.374233128834356,0,-1,0,-1,0
5235,5.235,-0.2,-0.378323108384458,0,-1,0,-1,0
5236,5.236,-0.2,-0.38241308793456,0,-1,0,-1,0
5237,5.237,-0.2,-0.386503067484663,0,-1,0,-1,0
5238,5.238,-0.2,-0.390593047034765,0,-1,0,-1,0
5239,5.239,-0.2,-0.394683026584867,0,-1,0,-1,0
5240,5.24,-0.2,-0.398773006134969,0,-1,0,-1,0
5241,5.241,-0.2,-0.402862985685072,0,-1,0,-1,0
5242,5.242,-0.2,-0.406952965235174,0,-1,0,-1,0
5243,5.243,-0.2,-0.411042944785276,1,155,0,9,0
5244,5.244,-0.2,-0.415132924335378,0,-1,0,-1,0
5245,5.245,-0.2,-0.419222903885481,0,-1,0,-1,0
5246,5.246,-0.2,-0.423312883435583,0,-1,0,-1,0
5247,5.247,-0.2,-0.427402862985685,0,-1,0,-1,0
5248,5.248,-0.2,-0.431492842535787,0,-1,0,-1,0
5249,5.249,-0.2,-0.43558282208589,0,-1,0,-1,0
5250,5.25,-0.2,-0.439672801635992,0,-1,0,-1,0
5251,5.251,-0.2,-0.443762781186094,0,-1,0,-1,0
5252,5.252,-0.2,-0.447852760736196,0,-1,0,-1,0
5253,5.253,-0.2,-0.451942740286299,0,-1,0,-1,0
5254,5.254,-0.2,-0.456032719836401,0,-1,0,-1,0
5255,5.255,-0.2,-0.460122699386503,0,-1,0,-1,0
5256,5.256,-0.2,-0.464212678936605,0,-1,0,-1,0
5257,5.257,-0.2,-0.468302658486708,0,-1,0,-1,0
5258,5.258,-0.2,-0.47239263803681,0,-1,0,-1,0
5259,5.259,-0.2,-0.476482617586912,0,-1,0,-1,0
5260,5.26,-0.2,-0.480572597137014,0,-1,0,-1,0
5261,5.261,-0.2,-0.484662576687117,0,-1,0,-1,0
5262,5.262,-0.2,-0.488752556237219,0,-1,0,-1,0
5263,5.263,-0.2,-0.492842535787321,0,-1,0,-1,0
5264,5.264,-0.2,-0.496932515337423,0,-1,0,-1,0
5265,5.265,-0.2,-0.501022494887525,0,-1,0,-1,0
5266,5.266,-0.2,-0.505112474437628,0,-1,0,-1,0
5267,5.267,-0.2,-0.50920245398773,0,-1,0,-1,0
5268,5.268,-0.2,-0.513292433537832,0,-1,0,-1,0
5269,5.269,-0.2,-0.517382413087935,0,-1,0,-1,0
5270,5.27,-0.2,-0.521472392638037,0,-1,0,-1,0
5271,5.271,-0.2,-0.525562372188139,0,-1,0,-1,0
5272,5.272,-0.2,-0.529652351738241,0,-1,0,-1,0
5273,5.273,-0.2,-0.533742331288344,1,156,0,9,0
5274,5.274,-0.2,-0.537832310838446,0,-1,0,-1,0
5275,5.275,-0.2,-0.541922290388548,0,-1,0,-1,0
5276,5.276,-0.2,-0.54601226993865,0,-1,0,-1,0
5277,5.277,-0.2,-0.550102249488753,0,-1,0,-1,0
5278,5.278,-0.2,-0.554192229038855,0,-1,0,-1,0
5279,5.279,-0.2,-0.558282208588957,0,-1,0,-1,0
5280,5.28,-0.2,-0.562372188139059,0,-1,0,-1,0
5281,5.281,-0.2,-0.566462167689162,0,-1,0,-1,0
5282,5.282,-0.2,-0.570552147239264,0,-1,0,-1,0
5283,5.283,-0.2,-0.574642126789366,0,-1,0,-1,0
5284,5.284,-0.2,-0.578732106339468,0,-1,0,-1,0
5285,5.285,-0.2,-0.582822085889571,0,-1,0,-1,0
5286,5.286,-0.2,-0.586912065439673,0,-1,0,-1,0
5287,5.287,-0.2,-0.591002044989775,0,-1,0,-1,0
5288,5.288,-0.2,-0.595092024539877,0,-1,0,-1,0
5289,5.289,-0.2,-0.59918200408998,0,-1,0,-1,0
5290,5.29,-0.2,-0.603271983640082,0,-1,0,-1,0
5291,5.291,-0.2,-0.607361963190184,0,-1,0,-1,0
5292,5.292,-0.2,-0.611451942740286,0,-1,0,-1,0
5293,5.293,-0.2,-0.615541922290389,0,-1,0,-1,0
5294,5.294,-0.2,-0.619631901840491,0,-1,0,-1,0
5295,5.295,-0.2,-0.623721881390593,0,-1,0,-1,0
5296,5.296,-0.2,-0.627811860940695,0,-1,0,-1,0
5297,5.297,-0.2,-0.631901840490798,0,-1,0,-1,0
5298,5.298,-0.2,-0.6359918200409,0,-1,0,-1,0
5299,5.299,-0.2,-0.640081799591002,0,-1,0,-1,0
5300,5.3,-0.2,-0.644171779141104,0,-1,0,-1,0
5301,5.301,-0.2,-0.648261758691207,0,-1,0,-1,0
5302,5.302,-0.2,-0.652351738241309,0,-1,0,-1,0
5303,5.303,-0.2,-0.656441717791411,1,157,0,9,0
5304,5.304,-0.2,-0.660531697341513,0,-1,0,-1,0
5305,5.305,-0.2,-0.664621676891616,0,-1,0,-1,0
5306,5.306,-0.2,-0.668711656441718,0,-1,0,-1,0
5307,5.307,-0.2,-0.67280163599182,0,-1,0,-1,0
5308,5.308,-0.2,-0.676891615541922,0,-1,0,-1,0
5309,5.309,-0.2,-0.680981595092025,0,-1,0,-1,0
5310,5.31,-0.2,-0.685071574642127,0,-1,0,-1,0
5311,5.311,-0.2,-0.689161554192229,0,-1,0,-1,0
5312,5.312,-0.2,-0.693251533742331,0,-1,0,-1,0
5313,5.313,-0.2,-0.697341513292434,0,-1,0,-1,0
5314,5.314,-0.2,-0.701431492842536,0,-1,0,-1,0
5315,5.315,-0.2,-0.705521472392638,0,-1,0,-1,0
5316,5.316,-0.2,-0.70961145194274,0,-1,0,-1,0
5317,5.317,-0.2,-0.713701431492842,0,-1,0,-1,0
5318,5.318,-0.2,-0.717791411042945,0,-1,0,-1,0
5319,5.319,-0.2,-0.721881390593047,0,-1,0,-1,0
5320,5.32,-0.2,-0.725971370143149,0,-1,0,-1,0
5321,5.321,-0.2,-0.730061349693252,0,-1,0,-1,0
5322,5.322,-0.2,-0.734151329243354,0,-1,0,-1,0
5323,5.323,-0.2,-0.738241308793456,0,-1,0,-1,0
5324,5.324,-0.2,-0.742331288343558,0,-1,0,-1,0
5325,5.325,-0.2,-0.746421267893661,0,-1,0,-1,0
5326,5.326,-0.2,-0.750511247443763,0,-1,0,-1,0
5327,5.327,-0.2,-0.754601226993865,0,-1,0,-1,0
5328,5.328,-0.2,-0.758691206543967,0,-1,0,-1,0
5329,5.329,-0.2,-0.76278118609407,0,-1,0,-1,0
5330,5.33,-0.2,-0.766871165644172,0,-1,0,-1,0
5331,5.331,-0.2,-0.770961145194274,0,-1,0,-1,0
5332,5.332,-0.2,-0.775051124744376,0,-1,0,-1,0
5333,5.333,-0.2,-0.779141104294478,1,158,0,9,0
5334,5.334,-0.2,-0.783231083844581,0,-1,0,-1,0
5335,5.335,-0.2,-0.787321063394683,0,-1,0,-1,0
5336,5.336,-0.2,-0.791411042944785,0,-1,0,-1,0
5337,5.337,-0.2,-0.795501022494888,0,-1,0,-1,0
5338,5.338,-0.2,-0.79959100204499,0,-1,0,-1,0
5339,5.339,-0.2,-0.803680981595092,0,-1,0,-1,0
5340,5.34,-0.2,-0.807770961145194,0,-1,0,-1,0
5341,5.341,-0.2,-0.811860940695297,0,-1,0,-1,0
5342,5.342,-0.2,-0.815950920245399,0,-1,0,-1,0
5343,5.343,-0.2,-0.820040899795501,0,-1,0,-1,0
5344,5.344,-0.2,-0.824130879345603,0,-1,0,-1,0
5345,5.345,-0.2,-0.828220858895706,0,-1,0,-1,0
5346,5.346,-0.2,-0.832310838445808,0,-1,0,-1,0
5347,5.347,-0.2,-0.83640081799591,0,-1,0,-1,0
5348,5.348,-0.2,-0.840490797546012,0,-1,0,-1,0
5349,5.349,-0.2,-0.844580777096114,0,-1,0,-1,0
5350,5.35,-0.2,-0.848670756646217,0,-1,0,-1,0
5351,5.351,-0.2,-0.852760736196319,0,-1,0,-1,0
5352,5.352,-0.2,-0.856850715746421,0,-1,0,-1,0
5353,5.353,-0.2,-0.860940695296524,0,-1,0,-1,0
5354,5.354,-0.2,-0.865030674846626,0,-1,0,-1,0
5355,5.355,-0.2,-0.869120654396728,0,-1,0,-1,0
5356,5.356,-0.2,-0.87321063394683,0,-1,0,-1,0
5357,5.357,-0.2,-0.877300613496933,0,-1,0,-1,0
5358,5.358,-0.2,-0.881390593047035,0,-1,0,-1,0
5359,5.359,-0.2,-0.885480572597137,0,-1,0,-1,0
5360,5.36,-0.2,-0.889570552147239,0,-1,0,-1,0
5361,5.361,-0.2,-0.893660531697342,0,-1,0,-1,0
5362,5.362,-0.2,-0.897750511247444,0,-1,0,-1,0
5363,5.363,-0.2,-0.901840490797546,1,159,0,9,0
5364,5.364,-0.2,-0.905930470347648,0,-1,0,-1,0
5365,5.365,-0.2,-0.910020449897751,0,-1,0,-1,0
5366,5.366,-0.2,-0.914110429447853,0,-1,0,-1,0
5367,5.367,-0.2,-0.918200408997955,0,-1,0,-1,0
5368,5.368,-0.204444444444444,-0.922290388548057,0,-1,0,-1,0
5369,5.369,-0.204444444444444,-0.926380368098159,0,-1,0,-1,0
5370,5.37,-0.204444444444444,-0.930470347648262,0,-1,0,-1,0
5371,5.371,-0.208888888888889,-0.934560327198364,0,-1,0,-1,0
5372,5.372,-0.208888888888889,-0.938650306748466,0,-1,0,-1,0
5373,5.373,-0.213333333333333,-0.942740286298569,0,-1,0,-1,0
5374,5.374,-0.217777777777778,-0.946830265848671,0,-1,0,-1,0
5375,5.375,-0.222222222222222,-0.950920245398773,0,-1,0,-1,0
5376,5.376,-0.226666666666667,-0.955010224948875,0,-1,0,-1,0
5377,5.377,-0.231111111111111,-0.959100204498977,0,-1,0,-1,0
5378,5.378,-0.235555555555556,-0.959100204498977,0,-1,0,-1,0
5379,5.379,-0.24,-0.96319018404908,0,-1,0,-1,0
5380,5.38,-0.244444444444444,-0.96319018404908,0,-1,0,-1,0
5381,5.381,-0.248888888888889,-0.96319018404908,0,-1,0,-1,0
5382,5.382,-0.253333333333333,-0.967280163599182,0,-1,0,-1,0
5383,5.383,-0.257777777777778,-0.967280163599182,0,-1,0,-1,0
5384,5.384,-0.262222222222222,-0.967280163599182,0,-1,0,-1,0
5385,5.385,-0.266666666666667,-0.967280163599182,0,-1,0,-1,0
5386,5.386,-0.271111111111111,-0.967280163599182,0,-1,0,-1,0
5387,5.387,-0.275555555555556,-0.967280163599182,0,-1,0,-1,0
5388,5.388,-0.28,-0.967280163599182,0,-1,0,-1,0
5389,5.389,-0.284444444444445,-0.96319018404908,0,-1,0,-1,0
5390,5.39,-0.288888888888889,-0.96319018404908,0,-1,0,-1,0
5391,5.391,-0.293333333333333,-0.96319018404908,0,-1,0,-1,0
5392,5.392,-0.297777777777778,-0.959100204498977,0,-1,0,-1,0
5393,5.393,-0.302222222222222,-0.959100204498977,0,-1,0,-1,0
5394,5.394,-0.306666666666667,-0.955010224948875,0,-1,0,-1,0
5395,5.395,-0.311111111111111,-0.950920245398773,0,-1,0,-1,0
5396,5.396,-0.315555555555556,-0.946830265848671,0,-1,0,-1,0
5397,5.397,-0.32,-0.942740286298569,0,-1,0,-1,0
5398,5.398,-0.324444444444444,-0.938650306748466,0,-1,0,-1,0
5399,5.399,-0.324444444444444,-0.934560327198364,0,-1,0,-1,0
5400,5.4,-0.328888888888889,-0.930470347648262,0,-1,0,-1,0
5401,5.401,-0.328888888888889,-0.926380368098159,0,-1,0,-1,0
5402,5.402,-0.328888888888889,-0.922290388548057,0,-1,0,-1,0
5403,5.403,-0.333333333333333,-0.918200408997955,0,-1,0,-1,0
5404,5.404,-0.333333333333333,-0.914110429447853,0,-1,0,-1,0
5405,5.405,-0.333333333333333,-0.910020449897751,0,-1,0,-1,0
5406,5.406,-0.333333333333333,-0.905930470347648,0,-1,0,-1,0
5407,5.407,-0.333333333333333,-0.901840490797546,1,160,1,10,0
5408,5.408,-0.333333333333333,-0.897750511247444,0,-1,0,-1,0
5409,5.409,-0.333333333333333,-0.893660531697342,0,-1,0,-1,0
5410,5.41,-0.333333333333333,-0.889570552147239,0,-1,0,-1,0
5411,5.411,-0.333333333333333,-0.885480572597137,0,-1,0,-1,0
5412,5.412,-0.333333333333333,-0.881390593047035,0,-1,0,-1,0
5413,5.413,-0.333333333333333,-0.877300613496933,0,-1,0,-1,0
5414,5.414,-0.333333333333333,-0.87321063394683,0,-1,0,-1,0
5415,5.415,-0.333333333333333,-0.869120654396728,0,-1,0,-1,0
5416,5.416,-0.333333333333333,-0.865030674846626,0,-1,0,-1,0
5417,5.417,-0.333333333333333,-0.860940695296524,0,-1,0,-1,0
5418,5.418,-0.333333333333333,-0.856850715746421,0,-1,0,-1,0
5419,5.419,-0.333333333333333,-0.852760736196319,0,-1,0,-1,0
5420,5.42,-0.333333333333333,-0.848670756646217,0,-1,0,-1,0
5421,5.421,-0.333333333333333,-0.844580777096114,0,-1,0,-1,0
5422,5.422,-0.333333333333333,-0.840490797546012,0,-1,0,-1,0
5423,5.423,-0.333333333333333,-0.83640081799591,0,-1,0,-1,0
5424,5.424,-0.333333333333333,-0.832310838445808,0,-1,0,-1,0
5425,5.425,-0.333333333333333,-0.828220858895706,0,-1,0,-1,0
5426,5.426,-0.333333333333333,-0.824130879345603,0,-1,0,-1,0
5427,5.427,-0.333333333333333,-0.820040899795501,0,-1,0,-1,0
5428,5.428,-0.333333333333333,-0.815950920245399,0,-1,0,-1,0
5429,5.429,-0.333333333333333,-0.811860940695297,0,-1,0,-1,0
5430,5.43,-0.333333333333333,-0.807770961145194,0,-1,0,-1,0
5431,5.431,-0.333333333333333,-0.803680981595092,0,-1,0,-1,0
5432,5.432,-0.333333333333333,-0.79959100204499,0,-1,0,-1,0
5433,5.433,-0.333333333333333,-0.795501022494888,0,-1,0,-1,0
5434,5.434,-0.333333333333333,-0.791411042944785,0,-1,0,-1,0
5435,5.435,-0.333333333333333,-0.787321063394683,0,-1,0,-1,0
5436,5.436,-0.333333333333333,-0.783231083844581,0,-1,0,-1,0
5437,5.437,-0.333333333333333,-0.779141104294478,1,161,0,10,0
5438,5.438,-0.333333333333333,-0.775051124744376,0,-1,0,-1,0
5439,5.439,-0.333333333333333,-0.770961145194274,0,-1,0,-1,0
5440,5.44,-0.333333333333333,-0.766871165644172,0,-1,0,-1,0
5441,5.441,-0.333333333333333,-0.76278118609407,0,-1,0,-1,0
5442,5.442,-0.333333333333333,-0.758691206543967,0,-1,0,-1,0
5443,5.443,-0.333333333333333,-0.754601226993865,0,-1,0,-1,0
5444,5.444,-0.333333333333333,-0.750511247443763,0,-1,0,-1,0
5445,5.445,-0.333333333333333,-0.746421267893661,0,-1,0,-1,0
5446,5.446,-0.333333333333333,-0.742331288343558,0,-1,0,-1,0
5447,5.447,-0.333333333333333,-0.738241308793456,0,-1,0,-1,0
5448,5.448,-0.333333333333333,-0.734151329243354,0,-1,0,-1,0
5449,5.449,-0.333333333333333,-0.730061349693252,0,-1,0,-1,0
5450,5.45,-0.333333333333333,-0.725971370143149,0,-1,0,-1,0
5451,5.451,-0.333333333333333,-0.721881390593047,0,-1,0,-1,0
5452,5.452,-0.333333333333333,-0.717791411042945,0,-1,0,-1,0
5453,5.453,-0.333333333333333,-0.713701431492842,0,-1,0,-1,0
5454,5.454,-0.333333333333333,-0.70961145194274,0,-1,0,-1,0
5455,5.455,-0.333333333333333,-0.705521472392638,0,-1,0,-1,0
5456,5.456,-0.333333333333333,-0.701431492842536,0,-1,0,-1,0
5457,5.457,-0.333333333333333,-0.697341513292434,0,-1,0,-1,0
5458,5.458,-0.333333333333333,-0.693251533742331,0,-1,0,-1,0
5459,5.459,-0.333333333333333,-0.689161554192229,0,-1,0,-1,0
5460,5.46,-0.333333333333333,-0.685071574642127,0,-1,0,-1,0
5461,5.461,-0.333333333333333,-0.680981595092025,0,-1,0,-1,0
5462,5.462,-0.333333333333333,-0.676891615541922,0,-1,0,-1,0
5463,5.463,-0.333333333333333,-0.67280163599182,0,-1,0,-1,0
5464,5.464,-0.333333333333333,-0.668711656441718,0,-1,0,-1,0
5465,5.465,-0.333333333333333,-0.664621676891616,0,-1,0,-1,0
5466,5.466,-0.333333333333333,-0.660531697341513,0,-1,0,-1,0
5467,5.467,-0.333333333333333,-0.656441717791411,1,162,0,10,0
5468,5.468,-0.333333333333333,-0.652351738241309,0,-1,0,-1,0
5469,5.469,-0.333333333333333,-0.648261758691207,0,-1,0,-1,0
5470,5.47,-0.333333333333333,-0.644171779141104,0,-1,0,-1,0
5471,5.471,-0.333333333333333,-0.640081799591002,0,-1,0,-1,0
5472,5.472,-0.333333333333333,-0.6359918200409,0,-1,0,-1,0
5473,5.473,-0.333333333333333,-0.631901840490798,0,-1,0,-1,0
5474,5.474,-0.333333333333333,-0.627811860940695,0,-1,0,-1,0
5475,5.475,-0.333333333333333,-0.623721881390593,0,-1,0,-1,0
5476,5.476,-0.333333333333333,-0.619631901840491,0,-1,0,-1,0
5477,5.477,-0.333333333333333,-0.615541922290389,0,-1,0,-1,0
5478,5.478,-0.333333333333333,-0.611451942740286,0,-1,0,-1,0
5479,5.479,-0.333333333333333,-0.607361963190184,0,-1,0,-1,0
5480,5.48,-0.333333333333333,-0.603271983640082,0,-1,0,-1,0
5481,5.481,-0.333333333333333,-0.59918200408998,0,-1,0,-1,0
5482,5.482,-0.333333333333333,-0.595092024539877,0,-1,0,-1,0
5483,5.483,-0.333333333333333,-0.591002044989775,0,-1,0,-1,0
5484,5.484,-0.333333333333333,-0.586912065439673,0,-1,0,-1,0
5485,5.485,-0.333333333333333,-0.582822085889571,0,-1,0,-1,0
5486,5.486,-0.333333333333333,-0.578732106339468,0,-1,0,-1,0
5487,5.487,-0.333333333333333,-0.574642126789366,0,-1,0,-1,0
5488,5.488,-0.333333333333333,-0.570552147239264,0,-1,0,-1,0
5489,5.489,-0.333333333333333,-0.566462167689162,0,-1,0,-1,0
5490,5.49,-0.333333333333333,-0.562372188139059,0,-1,0,-1,0
5491,5.491,-0.333333333333333,-0.558282208588957,0,-1,0,-1,0
5492,5.492,-0.333333333333333,-0.554192229038855,0,-1,0,-1,0
5493,5.493,-0.333333333333333,-0.550102249488753,0,-1,0,-1,0
5494,5.494,-0.333333333333333,-0.54601226993865,0,-1,0,-1,0
5495,5.495,-0.333333333333333,-0.541922290388548,0,-1,0,-1,0
5496,5.496,-0.333333333333333,-0.537832310838446,0,-1,0,-1,0
5497,5.497,-0.333333333333333,-0.533742331288344,1,163,0,10,0
5498,5.498,-0.333333333333333,-0.529652351738241,0,-1,0,-1,0
5499,5.499,-0.333333333333333,-0.525562372188139,0,-1,0,-1,0
5500,5.5,-0.333333333333333,-0.521472392638037,0,-1,0,-1,0
5501,5.501,-0.333333333333333,-0.517382413087935,0,-1,0,-1,0
5502,5.502,-0.333333333333333,-0.513292433537832,0,-1,0,-1,0
5503,5.503,-0.333333333333333,-0.50920245398773,0,-1,0,-1,0
5504,5.504,-0.333333333333333,-0.505112474437628,0,-1,0,-1,0
5505,5.505,-0.333333333333333,-0.501022494887525,0,-1,0,-1,0
5506,5.506,-0.333333333333333,-0.496932515337423,0,-1,0,-1,0
5507,5.507,-0.333333333333333,-0.492842535787321,0,-1,0,-1,0
5508,5.508,-0.333333333333333,-0.488752556237219,0,-1,0,-1,0
5509,5.509,-0.333333333333333,-0.484662576687117,0,-1,0,-1,0
5510,5.51,-0.333333333333333,-0.480572597137014,0,-1,0,-1,0
5511,5.511,-0.333333333333333,-0.476482617586912,0,-1,0,-1,0
5512,5.512,-0.333333333333333,-0.47239263803681,0,-1,0,-1,0
5513,5.513,-0.333333333333333,-0.468302658486708,0,-1,0,-1,0
5514,5.514,-0.333333333333333,-0.464212678936605,0,-1,0,-1,0
5515,5.515,-0.333333333333333,-0.460122699386503,0,-1,0,-1,0
5516,5.516,-0.333333333333333,-0.456032719836401,0,-1,0,-1,0
5517,5.517,-0.333333333333333,-0.451942740286299,0,-1,0,-1,0
5518,5.518,-0.333333333333333,-0.447852760736196,0,-1,0,-1,0
5519,5.519,-0.333333333333333,-0.443762781186094,0,-1,0,-1,0
5520,5.52,-0.333333333333333,-0.439672801635992,0,-1,0,-1,0
5521,5.521,-0.333333333333333,-0.43558282208589,0,-1,0,-1,0
5522,5.522,-0.333333333333333,-0.431492842535787,0,-1,0,-1,0
5523,5.523,-0.333333333333333,-0.427402862985685,0,-1,0,-1,0
5524,5.524,-0.333333333333333,-0.423312883435583,0,-1,0,-1,0
5525,5.525,-0.333333333333333,-0.419222903885481,0,-1,0,-1,0
5526,5.526,-0.333333333333333,-0.415132924335378,0,-1,0,-1,0
5527,5.527,-0.333333333333333,-0.411042944785276,1,164,0,10,0
5528,5.528,-0.333333333333333,-0.406952965235174,0,-1,0,-1,0
5529,5.529,-0.333333333333333,-0.402862985685072,0,-1,0,-1,0
5530,5.53,-0.333333333333333,-0.398773006134969,0,-1,0,-1,0
5531,5.531,-0.333333333333333,-0.394683026584867,0,-1,0,-1,0
5532,5.532,-0.333333333333333,-0.390593047034765,0,-1,0,-1,0
5533,5.533,-0.333333333333333,-0.386503067484663,0,-1,0,-1,0
5534,5.534,-0.333333333333333,-0.38241308793456,0,-1,0,-1,0
5535,5.535,-0.333333333333333,-0.378323108384458,0,-1,0,-1,0
5536,5.536,-0.333333333333333,-0.374233128834356,0,-1,0,-1,0
5537,5.537,-0.333333333333333,-0.370143149284254,0,-1,0,-1,0
5538,5.538,-0.333333333333333,-0.366053169734151,0,-1,0,-1,0
5539,5.539,-0.333333333333333,-0.361963190184049,0,-1,0,-1,0
5540,5.54,-0.333333333333333,-0.357873210633947,0,-1,0,-1,0
5541,5.541,-0.333333333333333,-0.353783231083845,0,-1,0,-1,0
5542,5.542,-0.333333333333333,-0.349693251533742,0,-1,0,-1,0
5543,5.543,-0.333333333333333,-0.34560327198364,0,-1,0,-1,0
5544,5.544,-0.333333333333333,-0.341513292433538,0,-1,0,-1,0
5545,5.545,-0.333333333333333,-0.337423312883436,0,-1,0,-1,0
5546,5.546,-0.333333333333333,-0.333333333333333,0,-1,0,-1,0
5547,5.547,-0.333333333333333,-0.329243353783231,0,-1,0,-1,0
5548,5.548,-0.333333333333333,-0.325153374233129,0,-1,0,-1,0
5549,5.549,-0.333333333333333,-0.321063394683027,0,-1,0,-1,0
5550,5.55,-0.333333333333333,-0.316973415132924,0,-1,0,-1,0
5551,5.551,-0.333333333333333,-0.312883435582822,0,-1,0,-1,0
5552,5.552,-0.333333333333333,-0.30879345603272,0,-1,0,-1,0
5553,5.553,-0.333333333333333,-0.304703476482618,0,-1,0,-1,0
5554,5.554,-0.333333333333333,-0.300613496932515,0,-1,0,-1,0
5555,5.555,-0.333333333333333,-0.296523517382413,0,-1,0,-1,0
5556,5.556,-0.333333333333333,-0.292433537832311,0,-1,0,-1,0
5557,5.557,-0.333333333333333,-0.288343558282209,1,165,0,10,0
5558,5.558,-0.333333333333333,-0.284253578732106,0,-1,0,-1,0
5559,5.559,-0.333333333333333,-0.280163599182004,0,-1,0,-1,0
5560,5.56,-0.333333333333333,-0.276073619631902,0,-1,0,-1,0
5561,5.561,-0.333333333333333,-0.2719836400818,0,-1,0,-1,0
5562,5.562,-0.333333333333333,-0.267893660531697,0,-1,0,-1,0
5563,5.563,-0.333333333333333,-0.263803680981595,0,-1,0,-1,0
5564,5.564,-0.333333333333333,-0.259713701431493,0,-1,0,-1,0
5565,5.565,-0.333333333333333,-0.255623721881391,0,-1,0,-1,0
5566,5.566,-0.333333333333333,-0.251533742331288,0,-1,0,-1,0
5567,5.567,-0.333333333333333,-0.247443762781186,0,-1,0,-1,0
5568,5.568,-0.333333333333333,-0.243353783231084,0,-1,0,-1,0
5569,5.569,-0.333333333333333,-0.239263803680982,0,-1,0,-1,0
5570,5.57,-0.333333333333333,-0.235173824130879,0,-1,0,-1,0
5571,5.571,-0.333333333333333,-0.231083844580777,0,-1,0,-1,0
5572,5.572,-0.333333333333333,-0.226993865030675,0,-1,0,-1,0
5573,5.573,-0.333333333333333,-0.222903885480573,0,-1,0,-1,0
5574,5.574,-0.333333333333333,-0.21881390593047,0,-1,0,-1,0
5575,5.575,-0.333333333333333,-0.214723926380368,0,-1,0,-1,0
5576,5.576,-0.333333333333333,-0.210633946830266,0,-1,0,-1,0
5577,5.577,-0.333333333333333,-0.206543967280164,0,-1,0,-1,0
5578,5.578,-0.333333333333333,-0.202453987730061,0,-1,0,-1,0
5579,5.579,-0.333333333333333,-0.198364008179959,0,-1,0,-1,0
5580,5.58,-0.333333333333333,-0.194274028629857,0,-1,0,-1,0
5581,5.581,-0.333333333333333,-0.190184049079755,0,-1,0,-1,0
5582,5.582,-0.333333333333333,-0.186094069529652,0,-1,0,-1,0
5583,5.583,-0.333333333333333,-0.18200408997955,0,-1,0,-1,0
5584,5.584,-0.333333333333333,-0.177914110429448,0,-1,0,-1,0
5585,5.585,-0.333333333333333,-0.173824130879346,0,-1,0,-1,0
5586,5.586,-0.333333333333333,-0.169734151329243,0,-1,0,-1,0
5587,5.587,-0.333333333333333,-0.165644171779141,1,166,0,10,0
5588,5.588,-0.333333333333333,-0.161554192229039,0,-1,0,-1,0
5589,5.589,-0.333333333333333,-0.157464212678937,0,-1,0,-1,0
5590,5.59,-0.333333333333333,-0.153374233128834,0,-1,0,-1,0
5591,5.591,-0.333333333333333,-0.149284253578732,0,-1,0,-1,0
5592,5.592,-0.333333333333333,-0.14519427402863,0,-1,0,-1,0
5593,5.593,-0.333333333333333,-0.141104294478528,0,-1,0,-1,0
5594,5.594,-0.333333333333333,-0.137014314928425,0,-1,0,-1,0
5595,5.595,-0.333333333333333,-0.132924335378323,0,-1,0,-1,0
5596,5.596,-0.333333333333333,-0.128834355828221,0,-1,0,-1,0
5597,5.597,-0.333333333333333,-0.124744376278119,0,-1,0,-1,0
5598,5.598,-0.333333333333333,-0.120654396728016,0,-1,0,-1,0
5599,5.599,-0.333333333333333,-0.116564417177914,0,-1,0,-1,0
5600,5.6,-0.333333333333333,-0.112474437627812,0,-1,0,-1,0
5601,5.601,-0.333333333333333,-0.10838445807771,0,-1,0,-1,0
5602,5.602,-0.333333333333333,-0.104294478527607,0,-1,0,-1,0
5603,5.603,-0.333333333333333,-0.100204498977505,0,-1,0,-1,0
5604,5.604,-0.333333333333333,-0.0961145194274029,0,-1,0,-1,0
5605,5.605,-0.333333333333333,-0.0920245398773006,0,-1,0,-1,0
5606,5.606,-0.333333333333333,-0.0879345603271984,0,-1,0,-1,0
5607,5.607,-0.333333333333333,-0.0838445807770961,0,-1,0,-1,0
5608,5.608,-0.333333333333333,-0.0797546012269938,0,-1,0,-1,0
5609,5.609,-0.333333333333333,-0.0756646216768916,0,-1,0,-1,0
5610,5.61,-0.333333333333333,-0.0715746421267893,0,-1,0,-1,0
5611,5.611,-0.333333333333333,-0.0674846625766872,0,-1,0,-1,0
5612,5.612,-0.333333333333333,-0.0633946830265849,0,-1,0,-1,0
5613,5.613,-0.333333333333333,-0.0593047034764826,0,-1,0,-1,0
5614,5.614,-0.333333333333333,-0.0552147239263804,0,-1,0,-1,0
5615,5.615,-0.333333333333333,-0.0511247443762781,0,-1,0,-1,0
5616,5.616,-0.333333333333333,-0.0470347648261759,0,-1,0,-1,0
5617,5.617,-0.333333333333333,-0.0429447852760736,1,167,0,10,0
5618,5.618,-0.333333333333333,-0.0388548057259713,0,-1,0,-1,0
5619,5.619,-0.333333333333333,-0.0347648261758691,0,-1,0,-1,0
5620,5.62,-0.333333333333333,-0.0306748466257669,0,-1,0,-1,0
5621,5.621,-0.333333333333333,-0.0265848670756647,0,-1,0,-1,0
5622,5.622,-0.333333333333333,-0.0224948875255624,0,-1,0,-1,0
5623,5.623,-0.333333333333333,-0.0184049079754601,0,-1,0,-1,0
5624,5.624,-0.333333333333333,-0.0143149284253579,0,-1,0,-1,0
5625,5.625,-0.333333333333333,-0.0102249488752556,0,-1,0,-1,0
5626,5.626,-0.333333333333333,-0.0061349693251533,0,-1,0,-1,0
5627,5.627,-0.333333333333333,-0.002044989775051,0,-1,0,-1,0
5628,5.628,-0.333333333333333,0.0020449897750511,0,-1,0,-1,0
5629,5.629,-0.333333333333333,0.0061349693251533,0,-1,0,-1,0
5630,5.63,-0.333333333333333,0.0102249488752557,0,-1,0,-1,0
5631,5.631,-0.333333333333333,0.0143149284253579,0,-1,0,-1,0
5632,5.632,-0.333333333333333,0.01840490797546,0,-1,0,-1,0
5633,5.633,-0.333333333333333,0.0224948875255624,0,-1,0,-1,0
5634,5.634,-0.333333333333333,0.0265848670756645,0,-1,0,-1,0
5635,5.635,-0.333333333333333,0.0306748466257669,0,-1,0,-1,0
5636,5.636,-0.333333333333333,0.0347648261758691,0,-1,0,-1,0
5637,5.637,-0.333333333333333,0.0388548057259714,0,-1,0,-1,0
5638,5.638,-0.333333333333333,0.0429447852760736,0,-1,0,-1,0
5639,5.639,-0.333333333333333,0.047034764826176,0,-1,0,-1,0
5640,5.64,-0.333333333333333,0.0511247443762781,0,-1,0,-1,0
5641,5.641,-0.333333333333333,0.0552147239263803,0,-1,0,-1,0
5642,5.642,-0.333333333333333,0.0593047034764826,0,-1,0,-1,0
5643,5.643,-0.333333333333333,0.0633946830265848,0,-1,0,-1,0
5644,5.644,-0.333333333333333,0.0674846625766872,0,-1,0,-1,0
5645,5.645,-0.333333333333333,0.0715746421267893,0,-1,0,-1,0
5646,5.646,-0.333333333333333,0.0756646216768917,1,168,0,10,0
5647,5.647,-0.333333333333333,0.0797546012269938,0,-1,0,-1,0
5648,5.648,-0.333333333333333,0.0838445807770962,0,-1,0,-1,0
5649,5.649,-0.333333333333333,0.0879345603271984,0,-1,0,-1,0
5650,5.65,-0.333333333333333,0.0920245398773005,0,-1,0,-1,0
5651,5.651,-0.333333333333333,0.0961145194274029,0,-1,0,-1,0
5652,5.652,-0.333333333333333,0.100204498977505,0,-1,0,-1,0
5653,5.653,-0.333333333333333,0.104294478527607,0,-1,0,-1,0
5654,5.654,-0.333333333333333,0.10838445807771,0,-1,0,-1,0
5655,5.655,-0.333333333333333,0.112474437627812,0,-1,0,-1,0
5656,5.656,-0.333333333333333,0.116564417177914,0,-1,0,-1,0
5657,5.657,-0.333333333333333,0.120654396728016,0,-1,0,-1,0
5658,5.658,-0.333333333333333,0.124744376278119,0,-1,0,-1,0
5659,5.659,-0.333333333333333,0.128834355828221,0,-1,0,-1,0
5660,5.66,-0.333333333333333,0.132924335378323,0,-1,0,-1,0
5661,5.661,-0.333333333333333,0.137014314928425,0,-1,0,-1,0
5662,5.662,-0.333333333333333,0.141104294478528,0,-1,0,-1,0
5663,5.663,-0.333333333333333,0.14519427402863,0,-1,0,-1,0
5664,5.664,-0.333333333333333,0.149284253578732,0,-1,0,-1,0
5665,5.665,-0.333333333333333,0.153374233128834,0,-1,0,-1,0
5666,5.666,-0.333333333333333,0.157464212678937,0,-1,0,-1,0
5667,5.667,-0.333333333333333,0.161554192229039,0,-1,0,-1,0
5668,5.668,-0.333333333333333,0.165644171779141,0,-1,0,-1,0
5669,5.669,-0.333333333333333,0.169734151329243,0,-1,0,-1,0
5670,5.67,-0.333333333333333,0.173824130879346,0,-1,0,-1,0
5671,5.671,-0.333333333333333,0.177914110429448,0,-1,0,-1,0
5672,5.672,-0.333333333333333,0.18200408997955,0,-1,0,-1,0
5673,5.673,-0.333333333333333,0.186094069529652,0,-1,0,-1,0
5674,5.674,-0.333333333333333,0.190184049079755,0,-1,0,-1,0
5675,5.675,-0.333333333333333,0.194274028629857,0,-1,0,-1,0
5676,5.676,-0.333333333333333,0.198364008179959,1,169,0,10,0
5677,5.677,-0.333333333333333,0.202453987730061,0,-1,0,-1,0
5678,5.678,-0.333333333333333,0.206543967280164,0,-1,0,-1,0
5679,5.679,-0.333333333333333,0.210633946830266,0,-1,0,-1,0
5680,5.68,-0.333333333333333,0.214723926380368,0,-1,0,-1,0
5681,5.681,-0.333333333333333,0.21881390593047,0,-1,0,-1,0
5682,5.682,-0.333333333333333,0.222903885480572,0,-1,0,-1,0
5683,5.683,-0.333333333333333,0.226993865030675,0,-1,0,-1,0
5684,5.684,-0.333333333333333,0.231083844580777,0,-1,0,-1,0
5685,5.685,-0.333333333333333,0.235173824130879,0,-1,0,-1,0
5686,5.686,-0.333333333333333,0.239263803680982,0,-1,0,-1,0
5687,5.687,-0.333333333333333,0.243353783231084,0,-1,0,-1,0
5688,5.688,-0.333333333333333,0.247443762781186,0,-1,0,-1,0
5689,5.689,-0.333333333333333,0.251533742331288,0,-1,0,-1,0
5690,5.69,-0.333333333333333,0.255623721881391,0,-1,0,-1,0
5691,5.691,-0.333333333333333,0.259713701431493,0,-1,0,-1,0
5692,5.692,-0.333333333333333,0.263803680981595,0,-1,0,-1,0
5693,5.693,-0.333333333333333,0.267893660531697,0,-1,0,-1,0
5694,5.694,-0.333333333333333,0.2719836400818,0,-1,0,-1,0
5695,5.695,-0.333333333333333,0.276073619631902,0,-1,0,-1,0
5696,5.696,-0.333333333333333,0.280163599182004,0,-1,0,-1,0
5697,5.697,-0.333333333333333,0.284253578732106,0,-1,0,-1,0
5698,5.698,-0.333333333333333,0.288343558282208,0,-1,0,-1,0
5699,5.699,-0.333333333333333,0.292433537832311,0,-1,0,-1,0
5700,5.7,-0.333333333333333,0.296523517382413,0,-1,0,-1,0
5701,5.701,-0.333333333333333,0.300613496932515,0,-1,0,-1,0
5702,5.702,-0.333333333333333,0.304703476482618,0,-1,0,-1,0
5703,5.703,-0.333333333333333,0.30879345603272,0,-1,0,-1,0
5704,5.704,-0.333333333333333,0.312883435582822,0,-1,0,-1,0
5705,5.705,-0.333333333333333,0.316973415132924,0,-1,0,-1,0
5706,5.706,-0.333333333333333,0.321063394683027,1,170,0,10,0
5707,5.707,-0.333333333333333,0.325153374233129,0,-1,0,-1,0
5708,5.708,-0.333333333333333,0.329243353783231,0,-1,0,-1,0
5709,5.709,-0.333333333333333,0.333333333333333,0,-1,0,-1,0
5710,5.71,-0.333333333333333,0.337423312883436,0,-1,0,-1,0
5711,5.711,-0.333333333333333,0.341513292433538,0,-1,0,-1,0
5712,5.712,-0.333333333333333,0.34560327198364,0,-1,0,-1,0
5713,5.713,-0.333333333333333,0.349693251533742,0,-1,0,-1,0
5714,5.714,-0.333333333333333,0.353783231083845,0,-1,0,-1,0
5715,5.715,-0.333333333333333,0.357873210633947,0,-1,0,-1,0
5716,5.716,-0.333333333333333,0.361963190184049,0,-1,0,-1,0
5717,5.717,-0.333333333333333,0.366053169734151,0,-1,0,-1,0
5718,5.718,-0.333333333333333,0.370143149284254,0,-1,0,-1,0
5719,5.719,-0.333333333333333,0.374233128834356,0,-1,0,-1,0
5720,5.72,-0.333333333333333,0.378323108384458,0,-1,0,-1,0
5721,5.721,-0.333333333333333,0.38241308793456,0,-1,0,-1,0
5722,5.722,-0.333333333333333,0.386503067484663,0,-1,0,-1,0
5723,5.723,-0.333333333333333,0.390593047034765,0,-1,0,-1,0
5724,5.724,-0.333333333333333,0.394683026584867,0,-1,0,-1,0
5725,5.725,-0.333333333333333,0.398773006134969,0,-1,0,-1,0
5726,5.726,-0.333333333333333,0.402862985685072,0,-1,0,-1,0
5727,5.727,-0.333333333333333,0.406952965235174,0,-1,0,-1,0
5728,5.728,-0.333333333333333,0.411042944785276,0,-1,0,-1,0
5729,5.729,-0.333333333333333,0.415132924335378,0,-1,0,-1,0
5730,5.73,-0.333333333333333,0.419222903885481,0,-1,0,-1,0
5731,5.731,-0.333333333333333,0.423312883435583,0,-1,0,-1,0
5732,5.732,-0.333333333333333,0.427402862985685,0,-1,0,-1,0
5733,5.733,-0.333333333333333,0.431492842535787,0,-1,0,-1,0
5734,5.734,-0.333333333333333,0.43558282208589,0,-1,0,-1,0
5735,5.735,-0.333333333333333,0.439672801635992,0,-1,0,-1,0
5736,5.736,-0.333333333333333,0.443762781186094,1,171,0,10,0
5737,5.737,-0.333333333333333,0.447852760736196,0,-1,0,-1,0
5738,5.738,-0.333333333333333,0.451942740286299,0,-1,0,-1,0
5739,5.739,-0.333333333333333,0.456032719836401,0,-1,0,-1,0
5740,5.74,-0.333333333333333,0.460122699386503,0,-1,0,-1,0
5741,5.741,-0.333333333333333,0.464212678936605,0,-1,0,-1,0
5742,5.742,-0.333333333333333,0.468302658486708,0,-1,0,-1,0
5743,5.743,-0.333333333333333,0.47239263803681,0,-1,0,-1,0
5744,5.744,-0.333333333333333,0.476482617586912,0,-1,0,-1,0
5745,5.745,-0.333333333333333,0.480572597137014,0,-1,0,-1,0
5746,5.746,-0.333333333333333,0.484662576687117,0,-1,0,-1,0
5747,5.747,-0.333333333333333,0.488752556237219,0,-1,0,-1,0
5748,5.748,-0.333333333333333,0.492842535787321,0,-1,0,-1,0
5749,5.749,-0.333333333333333,0.496932515337423,0,-1,0,-1,0
5750,5.75,-0.333333333333333,0.501022494887525,0,-1,0,-1,0
5751,5.751,-0.333333333333333,0.505112474437628,0,-1,0,-1,0
5752,5.752,-0.333333333333333,0.50920245398773,0,-1,0,-1,0
5753,5.753,-0.333333333333333,0.513292433537832,0,-1,0,-1,0
5754,5.754,-0.333333333333333,0.517382413087935,0,-1,0,-1,0
5755,5.755,-0.333333333333333,0.521472392638037,0,-1,0,-1,0
5756,5.756,-0.333333333333333,0.525562372188139,0,-1,0,-1,0
5757,5.757,-0.333333333333333,0.529652351738241,0,-1,0,-1,0
5758,5.758,-0.333333333333333,0.533742331288344,0,-1,0,-1,0
5759,5.759,-0.333333333333333,0.537832310838446,0,-1,0,-1,0
5760,5.76,-0.333333333333333,0.541922290388548,0,-1,0,-1,0
5761,5.761,-0.333333333333333,0.54601226993865,0,-1,0,-1,0
5762,5.762,-0.333333333333333,0.550102249488753,0,-1,0,-1,0
5763,5.763,-0.333333333333333,0.554192229038855,0,-1,0,-1,0
5764,5.764,-0.333333333333333,0.558282208588957,0,-1,0,-1,0
5765,5.765,-0.333333333333333,0.562372188139059,0,-1,0,-1,0
5766,5.766,-0.333333333333333,0.566462167689161,1,172,0,10,0
5767,5.767,-0.333333333333333,0.570552147239264,0,-1,0,-1,0
5768,5.768,-0.333333333333333,0.574642126789366,0,-1,0,-1,0
5769,5.769,-0.333333333333333,0.578732106339468,0,-1,0,-1,0
5770,5.77,-0.333333333333333,0.582822085889571,0,-1,0,-1,0
5771,5.771,-0.333333333333333,0.586912065439673,0,-1,0,-1,0
5772,5.772,-0.333333333333333,0.591002044989775,0,-1,0,-1,0
5773,5.773,-0.333333333333333,0.595092024539877,0,-1,0,-1,0
5774,5.774,-0.333333333333333,0.59918200408998,0,-1,0,-1,0
5775,5.775,-0.333333333333333,0.603271983640082,0,-1,0,-1,0
5776,5.776,-0.333333333333333,0.607361963190184,0,-1,0,-1,0
5777,5.777,-0.333333333333333,0.611451942740286,0,-1,0,-1,0
5778,5.778,-0.333333333333333,0.615541922290389,0,-1,0,-1,0
5779,5.779,-0.333333333333333,0.619631901840491,0,-1,0,-1,0
5780,5.78,-0.333333333333333,0.623721881390593,0,-1,0,-1,0
5781,5.781,-0.333333333333333,0.627811860940695,0,-1,0,-1,0
5782,5.782,-0.333333333333333,0.631901840490797,0,-1,0,-1,0
5783,5.783,-0.333333333333333,0.6359918200409,0,-1,0,-1,0
5784,5.784,-0.333333333333333,0.640081799591002,0,-1,0,-1,0
5785,5.785,-0.333333333333333,0.644171779141104,0,-1,0,-1,0
5786,5.786,-0.333333333333333,0.648261758691207,0,-1,0,-1,0
5787,5.787,-0.333333333333333,0.652351738241309,0,-1,0,-1,0
5788,5.788,-0.333333333333333,0.656441717791411,0,-1,0,-1,0
5789,5.789,-0.333333333333333,0.660531697341513,0,-1,0,-1,0
5790,5.79,-0.333333333333333,0.664621676891616,0,-1,0,-1,0
5791,5.791,-0.333333333333333,0.668711656441718,0,-1,0,-1,0
5792,5.792,-0.333333333333333,0.67280163599182,0,-1,0,-1,0
5793,5.793,-0.333333333333333,0.676891615541922,0,-1,0,-1,0
5794,5.794,-0.333333333333333,0.680981595092025,0,-1,0,-1,0
5795,5.795,-0.333333333333333,0.685071574642127,0,-1,0,-1,0
5796,5.796,-0.333333333333333,0.689161554192229,1,173,0,10,0
5797,5.797,-0.333333333333333,0.693251533742331,0,-1,0,-1,0
5798,5.798,-0.333333333333333,0.697341513292433,0,-1,0,-1,0
5799,5.799,-0.333333333333333,0.701431492842536,0,-1,0,-1,0
5800,5.8,-0.333333333333333,0.705521472392638,0,-1,0,-1,0
5801,5.801,-0.333333333333333,0.70961145194274,0,-1,0,-1,0
5802,5.802,-0.333333333333333,0.713701431492842,0,-1,0,-1,0
5803,5.803,-0.333333333333333,0.717791411042945,0,-1,0,-1,0
5804,5.804,-0.333333333333333,0.721881390593047,0,-1,0,-1,0
5805,5.805,-0.333333333333333,0.725971370143149,0,-1,0,-1,0
5806,5.806,-0.333333333333333,0.730061349693252,0,-1,0,-1,0
5807,5.807,-0.333333333333333,0.734151329243354,0,-1,0,-1,0
5808,5.808,-0.333333333333333,0.738241308793456,0,-1,0,-1,0
5809,5.809,-0.333333333333333,0.742331288343558,0,-1,0,-1,0
5810,5.81,-0.333333333333333,0.746421267893661,0,-1,0,-1,0
5811,5.811,-0.333333333333333,0.750511247443763,0,-1,0,-1,0
5812,5.812,-0.333333333333333,0.754601226993865,0,-1,0,-1,0
5813,5.813,-0.333333333333333,0.758691206543967,0,-1,0,-1,0
5814,5.814,-0.333333333333333,0.762781186094069,0,-1,0,-1,0
5815,5.815,-0.333333333333333,0.766871165644172,0,-1,0,-1,0
5816,5.816,-0.333333333333333,0.770961145194274,0,-1,0,-1,0
5817,5.817,-0.333333333333333,0.775051124744376,0,-1,0,-1,0
5818,5.818,-0.333333333333333,0.779141104294478,0,-1,0,-1,0
5819,5.819,-0.333333333333333,0.783231083844581,0,-1,0,-1,0
5820,5.82,-0.333333333333333,0.787321063394683,0,-1,0,-1,0
5821,5.821,-0.333333333333333,0.791411042944785,0,-1,0,-1,0
5822,5.822,-0.333333333333333,0.795501022494888,0,-1,0,-1,0
5823,5.823,-0.333333333333333,0.79959100204499,0,-1,0,-1,0
5824,5.824,-0.333333333333333,0.803680981595092,0,-1,0,-1,0
5825,5.825,-0.333333333333333,0.807770961145194,0,-1,0,-1,0
5826,5.826,-0.333333333333333,0.811860940695297,1,174,0,10,0
5827,5.827,-0.333333333333333,0.815950920245399,0,-1,0,-1,0
5828,5.828,-0.333333333333333,0.820040899795501,0,-1,0,-1,0
5829,5.829,-0.333333333333333,0.824130879345603,0,-1,0,-1,0
5830,5.83,-0.333333333333333,0.828220858895706,0,-1,0,-1,0
5831,5.831,-0.333333333333333,0.832310838445808,0,-1,0,-1,0
5832,5.832,-0.333333333333333,0.83640081799591,0,-1,0,-1,0
5833,5.833,-0.333333333333333,0.840490797546012,0,-1,0,-1,0
5834,5.834,-0.333333333333333,0.844580777096114,0,-1,0,-1,0
5835,5.835,-0.333333333333333,0.848670756646217,0,-1,0,-1,0
5836,5.836,-0.333333333333333,0.852760736196319,0,-1,0,-1,0
5837,5.837,-0.333333333333333,0.856850715746421,0,-1,0,-1,0
5838,5.838,-0.333333333333333,0.860940695296524,0,-1,0,-1,0
5839,5.839,-0.333333333333333,0.865030674846626,0,-1,0,-1,0
5840,5.84,-0.333333333333333,0.869120654396728,0,-1,0,-1,0
5841,5.841,-0.333333333333333,0.87321063394683,0,-1,0,-1,0
5842,5.842,-0.333333333333333,0.877300613496933,0,-1,0,-1,0
5843,5.843,-0.333333333333333,0.881390593047035,0,-1,0,-1,0
5844,5.844,-0.333333333333333,0.885480572597137,0,-1,0,-1,0
5845,5.845,-0.333333333333333,0.889570552147239,0,-1,0,-1,0
5846,5.846,-0.333333333333333,0.893660531697342,0,-1,0,-1,0
5847,5.847,-0.333333333333333,0.897750511247444,0,-1,0,-1,0
5848,5.848,-0.333333333333333,0.901840490797546,0,-1,0,-1,0
5849,5.849,-0.333333333333333,0.905930470347648,0,-1,0,-1,0
5850,5.85,-0.333333333333333,0.91002044989775,0,-1,0,-1,0
5851,5.851,-0.333333333333333,0.914110429447853,0,-1,0,-1,0
5852,5.852,-0.333333333333333,0.918200408997955,0,-1,0,-1,0
5853,5.853,-0.333333333333333,0.922290388548057,0,-1,0,-1,0
5854,5.854,-0.333333333333333,0.926380368098159,0,-1,0,-1,0
5855,5.855,-0.333333333333333,0.930470347648262,0,-1,0,-1,0
5856,5.856,-0.333333333333333,0.934560327198364,1,175,0,10,0
5857,5.857,-0.333333333333333,0.938650306748466,0,-1,0,-1,0
5858,5.858,-0.333333333333333,0.942740286298569,0,-1,0,-1,0
5859,5.859,-0.333333333333333,0.946830265848671,0,-1,0,-1,0
5860,5.86,-0.333333333333333,0.950920245398773,0,-1,0,-1,0
5861,5.861,-0.337777777777778,0.955010224948875,0,-1,0,-1,0
5862,5.862,-0.337777777777778,0.959100204498978,0,-1,0,-1,0
5863,5.863,-0.337777777777778,0.96319018404908,0,-1,0,-1,0
5864,5.864,-0.342222222222222,0.967280163599182,0,-1,0,-1,0
5865,5.865,-0.342222222222222,0.971370143149284,0,-1,0,-1,0
5866,5.866,-0.346666666666667,0.975460122699386,0,-1,0,-1,0
5867,5.867,-0.351111111111111,0.979550102249489,0,-1,0,-1,0
5868,5.868,-0.355555555555556,0.983640081799591,0,-1,0,-1,0
5869,5.869,-0.36,0.987730061349693,0,-1,0,-1,0
5870,5.87,-0.364444444444444,0.991820040899795,0,-1,0,-1,0
5871,5.871,-0.368888888888889,0.991820040899795,0,-1,0,-1,0
5872,5.872,-0.373333333333333,0.995910020449898,0,-1,0,-1,0
5873,5.873,-0.377777777777778,0.995910020449898,0,-1,0,-1,0
5874,5.874,-0.382222222222222,0.995910020449898,0,-1,0,-1,0
5875,5.875,-0.386666666666667,1.0,0,-1,0,-1,0
5876,5.876,-0.391111111111111,1.0,0,-1,0,-1,0
5877,5.877,-0.395555555555556,1.0,0,-1,0,-1,0
5878,5.878,-0.4,1.0,0,-1,0,-1,0
5879,5.879,-0.404444444444445,1.0,0,-1,0,-1,0
5880,5.88,-0.408888888888889,1.0,0,-1,0,-1,0
5881,5.881,-0.413333333333333,1.0,0,-1,0,-1,0
5882,5.882,-0.417777777777778,0.995910020449898,0,-1,0,-1,0
5883,5.883,-0.422222222222222,0.995910020449898,0,-1,0,-1,0
5884,5.884,-0.426666666666667,0.995910020449898,0,-1,0,-1,0
5885,5.885,-0.431111111111111,0.991820040899795,0,-1,0,-1,0
5886,5.886,-0.435555555555556,0.991820040899795,0,-1,0,-1,0
5887,5.887,-0.44,0.987730061349693,0,-1,0,-1,0
5888,5.888,-0.444444444444444,0.983640081799591,0,-1,0,-1,0
5889,5.889,-0.448888888888889,0.979550102249489,0,-1,0,-1,0
5890,5.89,-0.453333333333333,0.975460122699386,0,-1,0,-1,0
5891,5.891,-0.457777777777778,0.971370143149284,0,-1,0,-1,0
5892,5.892,-0.457777777777778,0.967280163599182,0,-1,0,-1,0
5893,5.893,-0.462222222222222,0.96319018404908,0,-1,0,-1,0
5894,5.894,-0.462222222222222,0.959100204498978,0,-1,0,-1,0
5895,5.895,-0.462222222222222,0.955010224948875,0,-1,0,-1,0
5896,5.896,-0.466666666666667,0.950920245398773,0,-1,0,-1,0
5897,5.897,-0.466666666666667,0.946830265848671,0,-1,0,-1,0
5898,5.898,-0.466666666666667,0.942740286298569,0,-1,0,-1,0
5899,5.899,-0.466666666666667,0.938650306748466,0,-1,0,-1,0
5900,5.9,-0.466666666666667,0.934560327198364,1,176,1,11,0
5901,5.901,-0.466666666666667,0.930470347648262,0,-1,0,-1,0
5902,5.902,-0.466666666666667,0.926380368098159,0,-1,0,-1,0
5903,5.903,-0.466666666666667,0.922290388548057,0,-1,0,-1,0
5904,5.904,-0.466666666666667,0.918200408997955,0,-1,0,-1,0
5905,5.905,-0.466666666666667,0.914110429447853,0,-1,0,-1,0
5906,5.906,-0.466666666666667,0.91002044989775,0,-1,0,-1,0
5907,5.907,-0.466666666666667,0.905930470347648,0,-1,0,-1,0
5908,5.908,-0.466666666666667,0.901840490797546,0,-1,0,-1,0
5909,5.909,-0.466666666666667,0.897750511247444,0,-1,0,-1,0
5910,5.91,-0.466666666666667,0.893660531697342,0,-1,0,-1,0
5911,5.911,-0.466666666666667,0.889570552147239,0,-1,0,-1,0
5912,5.912,-0.466666666666667,0.885480572597137,0,-1,0,-1,0
5913,5.913,-0.466666666666667,0.881390593047035,0,-1,0,-1,0
5914,5.914,-0.466666666666667,0.877300613496933,0,-1,0,-1,0
5915,5.915,-0.466666666666667,0.87321063394683,0,-1,0,-1,0
5916,5.916,-0.466666666666667,0.869120654396728,0,-1,0,-1,0
5917,5.917,-0.466666666666667,0.865030674846626,0,-1,0,-1,0
5918,5.918,-0.466666666666667,0.860940695296524,0,-1,0,-1,0
5919,5.919,-0.466666666666667,0.856850715746421,0,-1,0,-1,0
5920,5.92,-0.466666666666667,0.852760736196319,0,-1,0,-1,0
5921,5.921,-0.466666666666667,0.848670756646217,0,-1,0,-1,0
5922,5.922,-0.466666666666667,0.844580777096114,0,-1,0,-1,0
5923,5.923,-0.466666666666667,0.840490797546012,0,-1,0,-1,0
5924,5.924,-0.466666666666667,0.83640081799591,0,-1,0,-1,0
5925,5.925,-0.466666666666667,0.832310838445808,0,-1,0,-1,0
5926,5.926,-0.466666666666667,0.828220858895706,0,-1,0,-1,0
5927,5.927,-0.466666666666667,0.824130879345603,0,-1,0,-1,0
5928,5.928,-0.466666666666667,0.820040899795501,0,-1,0,-1,0
5929,5.929,-0.466666666666667,0.815950920245399,0,-1,0,-1,0
5930,5.93,-0.466666666666667,0.811860940695297,1,177,0,11,0
5931,5.931,-0.466666666666667,0.807770961145194,0,-1,0,-1,0
5932,5.932,-0.466666666666667,0.803680981595092,0,-1,0,-1,0
5933,5.933,-0.466666666666667,0.79959100204499,0,-1,0,-1,0
5934,5.934,-0.466666666666667,0.795501022494888,0,-1,0,-1,0
5935,5.935,-0.466666666666667,0.791411042944785,0,-1,0,-1,0
5936,5.936,-0.466666666666667,0.787321063394683,0,-1,0,-1,0
5937,5.937,-0.466666666666667,0.783231083844581,0,-1,0,-1,0
5938,5.938,-0.466666666666667,0.779141104294478,0,-1,0,-1,0
5939,5.939,-0.466666666666667,0.775051124744376,0,-1,0,-1,0
5940,5.94,-0.466666666666667,0.770961145194274,0,-1,0,-1,0
5941,5.941,-0.466666666666667,0.766871165644172,0,-1,0,-1,0
5942,5.942,-0.466666666666667,0.762781186094069,0,-1,0,-1,0
5943,5.943,-0.466666666666667,0.758691206543967,0,-1,0,-1,0
5944,5.944,-0.466666666666667,0.754601226993865,0,-1,0,-1,0
5945,5.945,-0.466666666666667,0.750511247443763,0,-1,0,-1,0
5946,5.946,-0.466666666666667,0.746421267893661,0,-1,0,-1,0
5947,5.947,-0.466666666666667,0.742331288343558,0,-1,0,-1,0
5948,5.948,-0.466666666666667,0.738241308793456,0,-1,0,-1,0
5949,5.949,-0.466666666666667,0.734151329243354,0,-1,0,-1,0
5950,5.95,-0.466666666666667,0.730061349693252,0,-1,0,-1,0
5951,5.951,-0.466666666666667,0.725971370143149,0,-1,0,-1,0
5952,5.952,-0.466666666666667,0.721881390593047,0,-1,0,-1,0
5953,5.953,-0.466666666666667,0.717791411042945,0,-1,0,-1,0
5954,5.954,-0.466666666666667,0.713701431492842,0,-1,0,-1,0
5955,5.955,-0.466666666666667,0.70961145194274,0,-1,0,-1,0
5956,5.956,-0.466666666666667,0.705521472392638,0,-1,0,-1,0
5957,5.957,-0.466666666666667,0.701431492842536,0,-1,0,-1,0
5958,5.958,-0.466666666666667,0.697341513292433,0,-1,0,-1,0
5959,5.959,-0.466666666666667,0.693251533742331,0,-1,0,-1,0
5960,5.96,-0.466666666666667,0.689161554192229,1,178,0,11,0
5961,5.961,-0.466666666666667,0.685071574642127,0,-1,0,-1,0
5962,5.962,-0.466666666666667,0.680981595092025,0,-1,0,-1,0
5963,5.963,-0.466666666666667,0.676891615541922,0,-1,0,-1,0
5964,5.964,-0.466666666666667,0.67280163599182,0,-1,0,-1,0
5965,5.965,-0.466666666666667,0.668711656441718,0,-1,0,-1,0
5966,5.966,-0.466666666666667,0.664621676891616,0,-1,0,-1,0
5967,5.967,-0.466666666666667,0.660531697341513,0,-1,0,-1,0
5968,5.968,-0.466666666666667,0.656441717791411,0,-1,0,-1,0
5969,5.969,-0.466666666666667,0.652351738241309,0,-1,0,-1,0
5970,5.97,-0.466666666666667,0.648261758691207,0,-1,0,-1,0
5971,5.971,-0.466666666666667,0.644171779141104,0,-1,0,-1,0
5972,5.972,-0.466666666666667,0.640081799591002,0,-1,0,-1,0
5973,5.973,-0.466666666666667,0.6359918200409,0,-1,0,-1,0
5974,5.974,-0.466666666666667,0.631901840490797,0,-1,0,-1,0
5975,5.975,-0.466666666666667,0.627811860940695,0,-1,0,-1,0
5976,5.976,-0.466666666666667,0.623721881390593,0,-1,0,-1,0
5977,5.977,-0.466666666666667,0.619631901840491,0,-1,0,-1,0
5978,5.978,-0.466666666666667,0.615541922290389,0,-1,0,-1,0
5979,5.979,-0.466666666666667,0.611451942740286,0,-1,0,-1,0
5980,5.98,-0.466666666666667,0.607361963190184,0,-1,0,-1,0
5981,5.981,-0.466666666666667,0.603271983640082,0,-1,0,-1,0
5982,5.982,-0.466666666666667,0.59918200408998,0,-1,0,-1,0
5983,5.983,-0.466666666666667,0.595092024539877,0,-1,0,-1,0
5984,5.984,-0.466666666666667,0.591002044989775,0,-1,0,-1,0
5985,5.985,-0.466666666666667,0.586912065439673,0,-1,0,-1,0
5986,5.986,-0.466666666666667,0.582822085889571,0,-1,0,-1,0
5987,5.987,-0.466666666666667,0.578732106339468,0,-1,0,-1,0
5988,5.988,-0.466666666666667,0.574642126789366,0,-1,0,-1,0
5989,5.989,-0.466666666666667,0.570552147239264,0,-1,0,-1,0
5990,5.99,-0.466666666666667,0.566462167689161,1,179,0,11,0
5991,5.991,-0.466666666666667,0.562372188139059,0,-1,0,-1,0
5992,5.992,-0.466666666666667,0.558282208588957,0,-1,0,-1,0
5993,5.993,-0.466666666666667,0.554192229038855,0,-1,0,-1,0
5994,5.994,-0.466666666666667,0.550102249488753,0,-1,0,-1,0
5995,5.995,-0.466666666666667,0.54601226993865,0,-1,0,-1,0
5996,5.996,-0.466666666666667,0.541922290388548,0,-1,0,-1,0
5997,5.997,-0.466666666666667,0.537832310838446,0,-1,0,-1,0
5998,5.998,-0.466666666666667,0.533742331288344,0,-1,0,-1,0
5999,5.999,-0.466666666666667,0.529652351738241,0,-1,0,-1,0
6000,6.0,-0.466666666666667,0.525562372188139,0,-1,0,-1,0
6001,6.001,-0.466666666666667,0.521472392638037,0,-1,0,-1,0
6002,6.002,-0.466666666666667,0.517382413087935,0,-1,0,-1,0
6003,6.003,-0.466666666666667,0.513292433537832,0,-1,0,-1,0
6004,6.004,-0.466666666666667,0.50920245398773,0,-1,0,-1,0
6005,6.005,-0.466666666666667,0.505112474437628,0,-1,0,-1,0
6006,6.006,-0.466666666666667,0.501022494887525,0,-1,0,-1,0
6007,6.007,-0.466666666666667,0.496932515337423,0,-1,0,-1,0
6008,6.008,-0.466666666666667,0.492842535787321,0,-1,0,-1,0
6009,6.009,-0.466666666666667,0.488752556237219,0,-1,0,-1,0
6010,6.01,-0.466666666666667,0.484662576687117,0,-1,0,-1,0
6011,6.011,-0.466666666666667,0.480572597137014,0,-1,0,-1,0
6012,6.012,-0.466666666666667,0.476482617586912,0,-1,0,-1,0
6013,6.013,-0.466666666666667,0.47239263803681,0,-1,0,-1,0
6014,6.014,-0.466666666666667,0.468302658486708,0,-1,0,-1,0
6015,6.015,-0.466666666666667,0.464212678936605,0,-1,0,-1,0
6016,6.016,-0.466666666666667,0.460122699386503,0,-1,0,-1,0
6017,6.017,-0.466666666666667,0.456032719836401,0,-1,0,-1,0
6018,6.018,-0.466666666666667,0.451942740286299,0,-1,0,-1,0
6019,6.019,-0.466666666666667,0.447852760736196,0,-1,0,-1,0
6020,6.02,-0.466666666666667,0.443762781186094,1,180,0,11,0
6021,6.021,-0.466666666666667,0.439672801635992,0,-1,0,-1,0
6022,6.022,-0.466666666666667,0.43558282208589,0,-1,0,-1,0
6023,6.023,-0.466666666666667,0.431492842535787,0,-1,0,-1,0
6024,6.024,-0.466666666666667,0.427402862985685,0,-1,0,-1,0
6025,6.025,-0.466666666666667,0.423312883435583,0,-1,0,-1,0
6026,6.026,-0.466666666666667,0.419222903885481,0,-1,0,-1,0
6027,6.027,-0.466666666666667,0.415132924335378,0,-1,0,-1,0
6028,6.028,-0.466666666666667,0.411042944785276,0,-1,0,-1,0
6029,6.029,-0.466666666666667,0.406952965235174,0,-1,0,-1,0
6030,6.03,-0.466666666666667,0.402862985685072,0,-1,0,-1,0
6031,6.031,-0.466666666666667,0.398773006134969,0,-1,0,-1,0
6032,6.032,-0.466666666666667,0.394683026584867,0,-1,0,-1,0
6033,6.033,-0.466666666666667,0.390593047034765,0,-1,0,-1,0
6034,6.034,-0.466666666666667,0.386503067484663,0,-1,0,-1,0
6035,6.035,-0.466666666666667,0.38241308793456,0,-1,0,-1,0
6036,6.036,-0.466666666666667,0.378323108384458,0,-1,0,-1,0
6037,6.037,-0.466666666666667,0.374233128834356,0,-1,0,-1,0
6038,6.038,-0.466666666666667,0.370143149284254,0,-1,0,-1,0
6039,6.039,-0.466666666666667,0.366053169734151,0,-1,0,-1,0
6040,6.04,-0.466666666666667,0.361963190184049,0,-1,0,-1,0
6041,6.041,-0.466666666666667,0.357873210633947,0,-1,0,-1,0
6042,6.042,-0.466666666666667,0.353783231083845,0,-1,0,-1,0
6043,6.043,-0.466666666666667,0.349693251533742,0,-1,0,-1,0
6044,6.044,-0.466666666666667,0.34560327198364,0,-1,0,-1,0
6045,6.045,-0.466666666666667,0.341513292433538,0,-1,0,-1,0
6046,6.046,-0.466666666666667,0.337423312883436,0,-1,0,-1,0
6047,6.047,-0.466666666666667,0.333333333333333,0,-1,0,-1,0
6048,6.048,-0.466666666666667,0.329243353783231,0,-1,0,-1,0
6049,6.049,-0.466666666666667,0.325153374233129,0,-1,0,-1,0
6050,6.05,-0.466666666666667,0.321063394683027,1,181,0,11,0
6051,6.051,-0.466666666666667,0.316973415132924,0,-1,0,-1,0
6052,6.052,-0.466666666666667,0.312883435582822,0,-1,0,-1,0
6053,6.053,-0.466666666666667,0.30879345603272,0,-1,0,-1,0
6054,6.054,-0.466666666666667,0.304703476482618,0,-1,0,-1,0
6055,6.055,-0.466666666666667,0.300613496932515,0,-1,0,-1,0
6056,6.056,-0.466666666666667,0.296523517382413,0,-1,0,-1,0
6057,6.057,-0.466666666666667,0.292433537832311,0,-1,0,-1,0
6058,6.058,-0.466666666666667,0.288343558282208,0,-1,0,-1,0
6059,6.059,-0.466666666666667,0.284253578732106,0,-1,0,-1,0
6060,6.06,-0.466666666666667,0.280163599182004,0,-1,0,-1,0
6061,6.061,-0.466666666666667,0.276073619631902,0,-1,0,-1,0
6062,6.062,-0.466666666666667,0.2719836400818,0,-1,0,-1,0
6063,6.063,-0.466666666666667,0.267893660531697,0,-1,0,-1,0
6064,6.064,-0.466666666666667,0.263803680981595,0,-1,0,-1,0
6065,6.065,-0.466666666666667,0.259713701431493,0,-1,0,-1,0
6066,6.066,-0.466666666666667,0.255623721881391,0,-1,0,-1,0
6067,6.067,-0.466666666666667,0.251533742331288,0,-1,0,-1,0
6068,6.068,-0.466666666666667,0.247443762781186,0,-1,0,-1,0
6069,6.069,-0.466666666666667,0.243353783231084,0,-1,0,-1,0
6070,6.07,-0.466666666666667,0.239263803680982,0,-1,0,-1,0
6071,6.071,-0.466666666666667,0.235173824130879,0,-1,0,-1,0
6072,6.072,-0.466666666666667,0.231083844580777,0,-1,0,-1,0
6073,6.073,-0.466666666666667,0.226993865030675,0,-1,0,-1,0
6074,6.074,-0.466666666666667,0.222903885480572,0,-1,0,-1,0
6075,6.075,-0.466666666666667,0.21881390593047,0,-1,0,-1,0
6076,6.076,-0.466666666666667,0.214723926380368,0,-1,0,-1,0
6077,6.077,-0.466666666666667,0.210633946830266,0,-1,0,-1,0
6078,6.078,-0.466666666666667,0.206543967280164,0,-1,0,-1,0
6079,6.079,-0.466666666666667,0.202453987730061,0,-1,0,-1,0
6080,6.08,-0.466666666666667,0.198364008179959,1,182,0,11,0
6081,6.081,-0.466666666666667,0.194274028629857,0,-1,0,-1,0
6082,6.082,-0.466666666666667,0.190184049079755,0,-1,0,-1,0
6083,6.083,-0.466666666666667,0.186094069529652,0,-1,0,-1,0
6084,6.084,-0.466666666666667,0.18200408997955,0,-1,0,-1,0
6085,6.085,-0.466666666666667,0.177914110429448,0,-1,0,-1,0
6086,6.086,-0.466666666666667,0.173824130879346,0,-1,0,-1,0
6087,6.087,-0.466666666666667,0.169734151329243,0,-1,0,-1,0
6088,6.088,-0.466666666666667,0.165644171779141,0,-1,0,-1,0
6089,6.089,-0.466666666666667,0.161554192229039,0,-1,0,-1,0
6090,6.09,-0.466666666666667,0.157464212678937,0,-1,0,-1,0
6091,6.091,-0.466666666666667,0.153374233128834,0,-1,0,-1,0
6092,6.092,-0.466666666666667,0.149284253578732,0,-1,0,-1,0
6093,6.093,-0.466666666666667,0.14519427402863,0,-1,0,-1,0
6094,6.094,-0.466666666666667,0.141104294478528,0,-1,0,-1,0
6095,6.095,-0.466666666666667,0.137014314928425,0,-1,0,-1,0
6096,6.096,-0.466666666666667,0.132924335378323,0,-1,0,-1,0
6097,6.097,-0.466666666666667,0.128834355828221,0,-1,0,-1,0
6098,6.098,-0.466666666666667,0.124744376278119,0,-1,0,-1,0
6099,6.099,-0.466666666666667,0.120654396728016,0,-1,0,-1,0
6100,6.1,-0.466666666666667,0.116564417177914,0,-1,0,-1,0
6101,6.101,-0.466666666666667,0.112474437627812,0,-1,0,-1,0
6102,6.102,-0.466666666666667,0.10838445807771,0,-1,0,-1,0
6103,6.103,-0.466666666666667,0.104294478527607,0,-1,0,-1,0
6104,6.104,-0.466666666666667,0.100204498977505,0,-1,0,-1,0
6105,6.105,-0.466666666666667,0.0961145194274029,0,-1,0,-1,0
6106,6.106,-0.466666666666667,0.0920245398773005,0,-1,0,-1,0
6107,6.107,-0.466666666666667,0.0879345603271984,0,-1,0,-1,0
6108,6.108,-0.466666666666667,0.0838445807770962,0,-1,0,-1,0
6109,6.109,-0.466666666666667,0.0797546012269938,0,-1,0,-1,0
6110,6.11,-0.466666666666667,0.0756646216768917,1,183,0,11,0
6111,6.111,-0.466666666666667,0.0715746421267893,0,-1,0,-1,0
6112,6.112,-0.466666666666667,0.0674846625766872,0,-1,0,-1,0
6113,6.113,-0.466666666666667,0.0633946830265848,0,-1,0,-1,0
6114,6.114,-0.466666666666667,0.0593047034764826,0,-1,0,-1,0
6115,6.115,-0.466666666666667,0.0552147239263803,0,-1,0,-1,0
6116,6.116,-0.466666666666667,0.0511247443762781,0,-1,0,-1,0
6117,6.117,-0.466666666666667,0.047034764826176,0,-1,0,-1,0
6118,6.118,-0.466666666666667,0.0429447852760736,0,-1,0,-1,0
6119,6.119,-0.466666666666667,0.0388548057259714,0,-1,0,-1,0
6120,6.12,-0.466666666666667,0.0347648261758691,0,-1,0,-1,0
6121,6.121,-0.466666666666667,0.0306748466257669,0,-1,0,-1,0
6122,6.122,-0.466666666666667,0.0265848670756645,0,-1,0,-1,0
6123,6.123,-0.466666666666667,0.0224948875255624,0,-1,0,-1,0
6124,6.124,-0.466666666666667,0.01840490797546,0,-1,0,-1,0
6125,6.125,-0.466666666666667,0.0143149284253579,0,-1,0,-1,0
6126,6.126,-0.466666666666667,0.0102249488752557,0,-1,0,-1,0
6127,6.127,-0.466666666666667,0.0061349693251533,0,-1,0,-1,0
6128,6.128,-0.466666666666667,0.0020449897750511,0,-1,0,-1,0
6129,6.129,-0.466666666666667,-0.002044989775051,0,-1,0,-1,0
6130,6.13,-0.466666666666667,-0.0061349693251533,0,-1,0,-1,0
6131,6.131,-0.466666666666667,-0.0102249488752556,0,-1,0,-1,0
6132,6.132,-0.466666666666667,-0.0143149284253579,0,-1,0,-1,0
6133,6.133,-0.466666666666667,-0.0184049079754601,0,-1,0,-1,0
6134,6.134,-0.466666666666667,-0.0224948875255624,0,-1,0,-1,0
6135,6.135,-0.466666666666667,-0.0265848670756647,0,-1,0,-1,0
6136,6.136,-0.466666666666667,-0.0306748466257669,0,-1,0,-1,0
6137,6.137,-0.466666666666667,-0.0347648261758691,0,-1,0,-1,0
6138,6.138,-0.466666666666667,-0.0388548057259713,0,-1,0,-1,0
6139,6.139,-0.466666666666667,-0.0429447852760736,0,-1,0,-1,0
6140,6.14,-0.466666666666667,-0.0470347648261759,1,184,0,11,0
6141,6.141,-0.466666666666667,-0.0511247443762781,0,-1,0,-1,0
6142,6.142,-0.466666666666667,-0.0552147239263804,0,-1,0,-1,0
6143,6.143,-0.466666666666667,-0.0593047034764826,0,-1,0,-1,0
6144,6.144,-0.466666666666667,-0.0633946830265849,0,-1,0,-1,0
6145,6.145,-0.466666666666667,-0.0674846625766872,0,-1,0,-1,0
6146,6.146,-0.466666666666667,-0.0715746421267893,0,-1,0,-1,0
6147,6.147,-0.466666666666667,-0.0756646216768916,0,-1,0,-1,0
6148,6.148,-0.466666666666667,-0.0797546012269938,0,-1,0,-1,0
6149,6.149,-0.466666666666667,-0.0838445807770961,0,-1,0,-1,0
6150,6.15,-0.466666666666667,-0.0879345603271984,0,-1,0,-1,0
6151,6.151,-0.466666666666667,-0.0920245398773006,0,-1,0,-1,0
6152,6.152,-0.466666666666667,-0.0961145194274029,0,-1,0,-1,0
6153,6.153,-0.466666666666667,-0.100204498977505,0,-1,0,-1,0
6154,6.154,-0.466666666666667,-0.104294478527607,0,-1,0,-1,0
6155,6.155,-0.466666666666667,-0.10838445807771,0,-1,0,-1,0
6156,6.156,-0.466666666666667,-0.112474437627812,0,-1,0,-1,0
6157,6.157,-0.466666666666667,-0.116564417177914,0,-1,0,-1,0
6158,6.158,-0.466666666666667,-0.120654396728016,0,-1,0,-1,0
6159,6.159,-0.466666666666667,-0.124744376278119,0,-1,0,-1,0
6160,6.16,-0.466666666666667,-0.128834355828221,0,-1,0,-1,0
6161,6.161,-0.466666666666667,-0.132924335378323,0,-1,0,-1,0
6162,6.162,-0.466666666666667,-0.137014314928425,0,-1,0,-1,0
6163,6.163,-0.466666666666667,-0.141104294478528,0,-1,0,-1,0
6164,6.164,-0.466666666666667,-0.14519427402863,0,-1,0,-1,0
6165,6.165,-0.466666666666667,-0.149284253578732,0,-1,0,-1,0
6166,6.166,-0.466666666666667,-0.153374233128834,0,-1,0,-1,0
6167,6.167,-0.466666666666667,-0.157464212678937,0,-1,0,-1,0
6168,6.168,-0.466666666666667,-0.161554192229039,0,-1,0,-1,0
6169,6.169,-0.466666666666667,-0.165644171779141,0,-1,0,-1,0
6170,6.17,-0.466666666666667,-0.169734151329243,1,185,0,11,0
6171,6.171,-0.466666666666667,-0.173824130879346,0,-1,0,-1,0
6172,6.172,-0.466666666666667,-0.177914110429448,0,-1,0,-1,0
6173,6.173,-0.466666666666667,-0.18200408997955,0,-1,0,-1,0
6174,6.174,-0.466666666666667,-0.186094069529652,0,-1,0,-1,0
6175,6.175,-0.466666666666667,-0.190184049079755,0,-1,0,-1,0
6176,6.176,-0.466666666666667,-0.194274028629857,0,-1,0,-1,0
6177,6.177,-0.466666666666667,-0.198364008179959,0,-1,0,-1,0
6178,6.178,-0.466666666666667,-0.202453987730061,0,-1,0,-1,0
6179,6.179,-0.466666666666667,-0.206543967280164,0,-1,0,-1,0
6180,6.18,-0.466666666666667,-0.210633946830266,0,-1,0,-1,0
6181,6.181,-0.466666666666667,-0.214723926380368,0,-1,0,-1,0
6182,6.182,-0.466666666666667,-0.21881390593047,0,-1,0,-1,0
6183,6.183,-0.466666666666667,-0.222903885480573,0,-1,0,-1,0
6184,6.184,-0.466666666666667,-0.226993865030675,0,-1,0,-1,0
6185,6.185,-0.466666666666667,-0.231083844580777,0,-1,0,-1,0
6186,6.186,-0.466666666666667,-0.235173824130879,0,-1,0,-1,0
6187,6.187,-0.466666666666667,-0.239263803680982,0,-1,0,-1,0
6188,6.188,-0.466666666666667,-0.243353783231084,0,-1,0,-1,0
6189,6.189,-0.466666666666667,-0.247443762781186,0,-1,0,-1,0
6190,6.19,-0.466666666666667,-0.251533742331288,0,-1,0,-1,0
6191,6.191,-0.466666666666667,-0.255623721881391,0,-1,0,-1,0
6192,6.192,-0.466666666666667,-0.259713701431493,0,-1,0,-1,0
6193,6.193,-0.466666666666667,-0.263803680981595,0,-1,0,-1,0
6194,6.194,-0.466666666666667,-0.267893660531697,0,-1,0,-1,0
6195,6.195,-0.466666666666667,-0.2719836400818,0,-1,0,-1,0
6196,6.196,-0.466666666666667,-0.276073619631902,0,-1,0,-1,0
6197,6.197,-0.466666666666667,-0.280163599182004,0,-1,0,-1,0
6198,6.198,-0.466666666666667,-0.284253578732106,0,-1,0,-1,0
6199,6.199,-0.466666666666667,-0.288343558282209,0,-1,0,-1,0
6200,6.2,-0.466666666666667,-0.292433537832311,1,186,0,11,0
6201,6.201,-0.466666666666667,-0.296523517382413,0,-1,0,-1,0
6202,6.202,-0.466666666666667,-0.300613496932515,0,-1,0,-1,0
6203,6.203,-0.466666666666667,-0.304703476482618,0,-1,0,-1,0
6204,6.204,-0.466666666666667,-0.30879345603272,0,-1,0,-1,0
6205,6.205,-0.466666666666667,-0.312883435582822,0,-1,0,-1,0
6206,6.206,-0.466666666666667,-0.316973415132924,0,-1,0,-1,0
6207,6.207,-0.466666666666667,-0.321063394683027,0,-1,0,-1,0
6208,6.208,-0.466666666666667,-0.325153374233129,0,-1,0,-1,0
6209,6.209,-0.466666666666667,-0.329243353783231,0,-1,0,-1,0
6210,6.21,-0.466666666666667,-0.333333333333333,0,-1,0,-1,0
6211,6.211,-0.466666666666667,-0.337423312883436,0,-1,0,-1,0
6212,6.212,-0.466666666666667,-0.341513292433538,0,-1,0,-1,0
6213,6.213,-0.466666666666667,-0.34560327198364,0,-1,0,-1,0
6214,6.214,-0.466666666666667,-0.349693251533742,0,-1,0,-1,0
6215,6.215,-0.466666666666667,-0.353783231083845,0,-1,0,-1,0
6216,6.216,-0.466666666666667,-0.357873210633947,0,-1,0,-1,0
6217,6.217,-0.466666666666667,-0.361963190184049,0,-1,0,-1,0
6218,6.218,-0.466666666666667,-0.366053169734151,0,-1,0,-1,0
6219,6.219,-0.466666666666667,-0.370143149284254,0,-1,0,-1,0
6220,6.22,-0.466666666666667,-0.374233128834356,0,-1,0,-1,0
6221,6.221,-0.466666666666667,-0.378323108384458,0,-1,0,-1,0
6222,6.222,-0.466666666666667,-0.38241308793456,0,-1,0,-1,0
6223,6.223,-0.466666666666667,-0.386503067484663,0,-1,0,-1,0
6224,6.224,-0.466666666666667,-0.390593047034765,0,-1,0,-1,0
6225,6.225,-0.466666666666667,-0.394683026584867,0,-1,0,-1,0
6226,6.226,-0.466666666666667,-0.398773006134969,0,-1,0,-1,0
6227,6.227,-0.466666666666667,-0.402862985685072,0,-1,0,-1,0
6228,6.228,-0.466666666666667,-0.406952965235174,0,-1,0,-1,0
6229,6.229,-0.466666666666667,-0.411042944785276,0,-1,0,-1,0
6230,6.23,-0.466666666666667,-0.415132924335378,1,187,0,11,0
6231,6.231,-0.466666666666667,-0.419222903885481,0,-1,0,-1,0
6232,6.232,-0.466666666666667,-0.423312883435583,0,-1,0,-1,0
6233,6.233,-0.466666666666667,-0.427402862985685,0,-1,0,-1,0
6234,6.234,-0.466666666666667,-0.431492842535787,0,-1,0,-1,0
6235,6.235,-0.466666666666667,-0.43558282208589,0,-1,0,-1,0
6236,6.236,-0.466666666666667,-0.439672801635992,0,-1,0,-1,0
6237,6.237,-0.466666666666667,-0.443762781186094,0,-1,0,-1,0
6238,6.238,-0.466666666666667,-0.447852760736196,0,-1,0,-1,0
6239,6.239,-0.466666666666667,-0.451942740286299,0,-1,0,-1,0
6240,6.24,-0.466666666666667,-0.456032719836401,0,-1,0,-1,0
6241,6.241,-0.466666666666667,-0.460122699386503,0,-1,0,-1,0
6242,6.242,-0.466666666666667,-0.464212678936605,0,-1,0,-1,0
6243,6.243,-0.466666666666667,-0.468302658486708,0,-1,0,-1,0
6244,6.244,-0.466666666666667,-0.47239263803681,0,-1,0,-1,0
6245,6.245,-0.466666666666667,-0.476482617586912,0,-1,0,-1,0
6246,6.246,-0.466666666666667,-0.480572597137014,0,-1,0,-1,0
6247,6.247,-0.466666666666667,-0.484662576687117,0,-1,0,-1,0
6248,6.248,-0.466666666666667,-0.488752556237219,0,-1,0,-1,0
6249,6.249,-0.466666666666667,-0.492842535787321,0,-1,0,-1,0
6250,6.25,-0.466666666666667,-0.496932515337423,0,-1,0,-1,0
6251,6.251,-0.466666666666667,-0.501022494887525,0,-1,0,-1,0
6252,6.252,-0.466666666666667,-0.505112474437628,0,-1,0,-1,0
6253,6.253,-0.466666666666667,-0.50920245398773,0,-1,0,-1,0
6254,6.254,-0.466666666666667,-0.513292433537832,0,-1,0,-1,0
6255,6.255,-0.466666666666667,-0.517382413087935,0,-1,0,-1,0
6256,6.256,-0.466666666666667,-0.521472392638037,0,-1,0,-1,0
6257,6.257,-0.466666666666667,-0.525562372188139,0,-1,0,-1,0
6258,6.258,-0.466666666666667,-0.529652351738241,0,-1,0,-1,0
6259,6.259,-0.466666666666667,-0.533742331288344,0,-1,0,-1,0
6260,6.26,-0.466666666666667,-0.537832310838446,1,188,0,11,0
6261,6.261,-0.466666666666667,-0.541922290388548,0,-1,0,-1,0
6262,6.262,-0.466666666666667,-0.54601226993865,0,-1,0,-1,0
6263,6.263,-0.466666666666667,-0.550102249488753,0,-1,0,-1,0
6264,6.264,-0.466666666666667,-0.554192229038855,0,-1,0,-1,0
6265,6.265,-0.466666666666667,-0.558282208588957,0,-1,0,-1,0
6266,6.266,-0.466666666666667,-0.562372188139059,0,-1,0,-1,0
6267,6.267,-0.466666666666667,-0.566462167689162,0,-1,0,-1,0
6268,6.268,-0.466666666666667,-0.570552147239264,0,-1,0,-1,0
6269,6.269,-0.466666666666667,-0.574642126789366,0,-1,0,-1,0
6270,6.27,-0.466666666666667,-0.578732106339468,0,-1,0,-1,0
6271,6.271,-0.466666666666667,-0.582822085889571,0,-1,0,-1,0
6272,6.272,-0.466666666666667,-0.586912065439673,0,-1,0,-1,0
6273,6.273,-0.466666666666667,-0.591002044989775,0,-1,0,-1,0
6274,6.274,-0.466666666666667,-0.595092024539877,0,-1,0,-1,0
6275,6.275,-0.466666666666667,-0.59918200408998,0,-1,0,-1,0
6276,6.276,-0.466666666666667,-0.603271983640082,0,-1,0,-1,0
6277,6.277,-0.466666666666667,-0.607361963190184,0,-1,0,-1,0
6278,6.278,-0.466666666666667,-0.611451942740286,0,-1,0,-1,0
6279,6.279,-0.466666666666667,-0.615541922290389,0,-1,0,-1,0
6280,6.28,-0.466666666666667,-0.619631901840491,0,-1,0,-1,0
6281,6.281,-0.466666666666667,-0.623721881390593,0,-1,0,-1,0
6282,6.282,-0.466666666666667,-0.627811860940695,0,-1,0,-1,0
6283,6.283,-0.466666666666667,-0.631901840490798,0,-1,0,-1,0
6284,6.284,-0.466666666666667,-0.6359918200409,0,-1,0,-1,0
6285,6.285,-0.466666666666667,-0.640081799591002,0,-1,0,-1,0
6286,6.286,-0.466666666666667,-0.644171779141104,0,-1,0,-1,0
6287,6.287,-0.466666666666667,-0.648261758691207,0,-1,0,-1,0
6288,6.288,-0.466666666666667,-0.652351738241309,0,-1,0,-1,0
6289,6.289,-0.466666666666667,-0.656441717791411,0,-1,0,-1,0
6290,6.29,-0.466666666666667,-0.660531697341513,1,189,0,11,0
6291,6.291,-0.466666666666667,-0.664621676891616,0,-1,0,-1,0
6292,6.292,-0.466666666666667,-0.668711656441718,0,-1,0,-1,0
6293,6.293,-0.466666666666667,-0.67280163599182,0,-1,0,-1,0
6294,6.294,-0.466666666666667,-0.676891615541922,0,-1,0,-1,0
6295,6.295,-0.466666666666667,-0.680981595092025,0,-1,0,-1,0
6296,6.296,-0.466666666666667,-0.685071574642127,0,-1,0,-1,0
6297,6.297,-0.466666666666667,-0.689161554192229,0,-1,0,-1,0
6298,6.298,-0.466666666666667,-0.693251533742331,0,-1,0,-1,0
6299,6.299,-0.466666666666667,-0.697341513292434,0,-1,0,-1,0
6300,6.3,-0.466666666666667,-0.701431492842536,0,-1,0,-1,0
6301,6.301,-0.466666666666667,-0.705521472392638,0,-1,0,-1,0
6302,6.302,-0.466666666666667,-0.70961145194274,0,-1,0,-1,0
6303,6.303,-0.466666666666667,-0.713701431492842,0,-1,0,-1,0
6304,6.304,-0.466666666666667,-0.717791411042945,0,-1,0,-1,0
6305,6.305,-0.466666666666667,-0.721881390593047,0,-1,0,-1,0
6306,6.306,-0.466666666666667,-0.725971370143149,0,-1,0,-1,0
6307,6.307,-0.466666666666667,-0.730061349693252,0,-1,0,-1,0
6308,6.308,-0.466666666666667,-0.734151329243354,0,-1,0,-1,0
6309,6.309,-0.466666666666667,-0.738241308793456,0,-1,0,-1,0
6310,6.31,-0.466666666666667,-0.742331288343558,0,-1,0,-1,0
6311,6.311,-0.466666666666667,-0.746421267893661,0,-1,0,-1,0
6312,6.312,-0.466666666666667,-0.750511247443763,0,-1,0,-1,0
6313,6.313,-0.466666666666667,-0.754601226993865,0,-1,0,-1,0
6314,6.314,-0.466666666666667,-0.758691206543967,0,-1,0,-1,0
6315,6.315,-0.466666666666667,-0.76278118609407,0,-1,0,-1,0
6316,6.316,-0.466666666666667,-0.766871165644172,0,-1,0,-1,0
6317,6.317,-0.466666666666667,-0.770961145194274,0,-1,0,-1,0
6318,6.318,-0.466666666666667,-0.775051124744376,0,-1,0,-1,0
6319,6.319,-0.466666666666667,-0.779141104294478,0,-1,0,-1,0
6320,6.32,-0.466666666666667,-0.783231083844581,1,190,0,11,0
6321,6.321,-0.466666666666667,-0.787321063394683,0,-1,0,-1,0
6322,6.322,-0.466666666666667,-0.791411042944785,0,-1,0,-1,0
6323,6.323,-0.466666666666667,-0.795501022494888,0,-1,0,-1,0
6324,6.324,-0.466666666666667,-0.79959100204499,0,-1,0,-1,0
6325,6.325,-0.466666666666667,-0.803680981595092,0,-1,0,-1,0
6326,6.326,-0.466666666666667,-0.807770961145194,0,-1,0,-1,0
6327,6.327,-0.466666666666667,-0.811860940695297,0,-1,0,-1,0
6328,6.328,-0.466666666666667,-0.815950920245399,0,-1,0,-1,0
6329,6.329,-0.466666666666667,-0.820040899795501,0,-1,0,-1,0
6330,6.33,-0.466666666666667,-0.824130879345603,0,-1,0,-1,0
6331,6.331,-0.466666666666667,-0.828220858895706,0,-1,0,-1,0
6332,6.332,-0.466666666666667,-0.832310838445808,0,-1,0,-1,0
6333,6.333,-0.466666666666667,-0.83640081799591,0,-1,0,-1,0
6334,6.334,-0.466666666666667,-0.840490797546012,0,-1,0,-1,0
6335,6.335,-0.466666666666667,-0.844580777096114,0,-1,0,-1,0
6336,6.336,-0.466666666666667,-0.848670756646217,0,-1,0,-1,0
6337,6.337,-0.466666666666667,-0.852760736196319,0,-1,0,-1,0
6338,6.338,-0.466666666666667,-0.856850715746421,0,-1,0,-1,0
6339,6.339,-0.466666666666667,-0.860940695296524,0,-1,0,-1,0
6340,6.34,-0.466666666666667,-0.865030674846626,0,-1,0,-1,0
6341,6.341,-0.466666666666667,-0.869120654396728,0,-1,0,-1,0
6342,6.342,-0.466666666666667,-0.87321063394683,0,-1,0,-1,0
6343,6.343,-0.466666666666667,-0.877300613496933,0,-1,0,-1,0
6344,6.344,-0.466666666666667,-0.881390593047035,0,-1,0,-1,0
6345,6.345,-0.466666666666667,-0.885480572597137,0,-1,0,-1,0
6346,6.346,-0.466666666666667,-0.889570552147239,0,-1,0,-1,0
6347,6.347,-0.466666666666667,-0.893660531697342,0,-1,0,-1,0
6348,6.348,-0.466666666666667,-0.897750511247444,0,-1,0,-1,0
6349,6.349,-0.466666666666667,-0.901840490797546,0,-1,0,-1,0
6350,6.35,-0.466666666666667,-0.905930470347648,1,191,0,11,0
6351,6.351,-0.466666666666667,-0.910020449897751,0,-1,0,-1,0
6352,6.352,-0.466666666666667,-0.914110429447853,0,-1,0,-1,0
6353,6.353,-0.466666666666667,-0.918200408997955,0,-1,0,-1,0
6354,6.354,-0.466666666666667,-0.922290388548057,0,-1,0,-1,0
6355,6.355,-0.471111111111111,-0.926380368098159,0,-1,0,-1,0
6356,6.356,-0.471111111111111,-0.930470347648262,0,-1,0,-1,0
6357,6.357,-0.471111111111111,-0.934560327198364,0,-1,0,-1,0
6358,6.358,-0.475555555555556,-0.938650306748466,0,-1,0,-1,0
6359,6.359,-0.475555555555556,-0.942740286298569,0,-1,0,-1,0
6360,6.36,-0.48,-0.946830265848671,0,-1,0,-1,0
6361,6.361,-0.484444444444444,-0.950920245398773,0,-1,0,-1,0
6362,6.362,-0.488888888888889,-0.955010224948875,0,-1,0,-1,0
6363,6.363,-0.493333333333333,-0.959100204498977,0,-1,0,-1,0
6364,6.364,-0.497777777777778,-0.96319018404908,0,-1,0,-1,0
6365,6.365,-0.502222222222222,-0.96319018404908,0,-1,0,-1,0
6366,6.366,-0.506666666666667,-0.967280163599182,0,-1,0,-1,0
6367,6.367,-0.511111111111111,-0.967280163599182,0,-1,0,-1,0
6368,6.368,-0.515555555555556,-0.967280163599182,0,-1,0,-1,0
6369,6.369,-0.52,-0.971370143149284,0,-1,0,-1,0
6370,6.37,-0.524444444444444,-0.971370143149284,0,-1,0,-1,0
6371,6.371,-0.528888888888889,-0.971370143149284,0,-1,0,-1,0
6372,6.372,-0.533333333333333,-0.971370143149284,0,-1,0,-1,0
6373,6.373,-0.537777777777778,-0.971370143149284,0,-1,0,-1,0
6374,6.374,-0.542222222222222,-0.971370143149284,0,-1,0,-1,0
6375,6.375,-0.546666666666667,-0.971370143149284,0,-1,0,-1,0
6376,6.376,-0.551111111111111,-0.967280163599182,0,-1,0,-1,0
6377,6.377,-0.555555555555556,-0.967280163599182,0,-1,0,-1,0
6378,6.378,-0.56,-0.967280163599182,0,-1,0,-1,0
6379,6.379,-0.564444444444445,-0.96319018404908,0,-1,0,-1,0
6380,6.38,-0.568888888888889,-0.96319018404908,0,-1,0,-1,0
6381,6.381,-0.573333333333333,-0.959100204498977,0,-1,0,-1,0
6382,6.382,-0.577777777777778,-0.955010224948875,0,-1,0,-1,0
6383,6.383,-0.582222222222222,-0.950920245398773,0,-1,0,-1,0
6384,6.384,-0.586666666666667,-0.946830265848671,0,-1,0,-1,0
6385,6.385,-0.591111111111111,-0.942740286298569,0,-1,0,-1,0
6386,6.386,-0.591111111111111,-0.938650306748466,0,-1,0,-1,0
6387,6.387,-0.595555555555556,-0.934560327198364,0,-1,0,-1,0
6388,6.388,-0.595555555555556,-0.930470347648262,0,-1,0,-1,0
6389,6.389,-0.595555555555556,-0.926380368098159,0,-1,0,-1,0
6390,6.39,-0.6,-0.922290388548057,0,-1,0,-1,0
6391,6.391,-0.6,-0.918200408997955,0,-1,0,-1,0
6392,6.392,-0.6,-0.914110429447853,0,-1,0,-1,0
6393,6.393,-0.6,-0.910020449897751,0,-1,0,-1,0
6394,6.394,-0.6,-0.905930470347648,1,192,1,12,0
6395,6.395,-0.6,-0.901840490797546,0,-1,0,-1,0
6396,6.396,-0.6,-0.897750511247444,0,-1,0,-1,0
6397,6.397,-0.6,-0.893660531697342,0,-1,0,-1,0
6398,6.398,-0.6,-0.889570552147239,0,-1,0,-1,0
6399,6.399,-0.6,-0.885480572597137,0,-1,0,-1,0
6400,6.4,-0.6,-0.881390593047035,0,-1,0,-1,0
6401,6.401,-0.6,-0.877300613496933,0,-1,0,-1,0
6402,6.402,-0.6,-0.87321063394683,0,-1,0,-1,0
6403,6.403,-0.6,-0.869120654396728,0,-1,0,-1,0
6404,6.404,-0.6,-0.865030674846626,0,-1,0,-1,0
6405,6.405,-0.6,-0.860940695296524,0,-1,0,-1,0
6406,6.406,-0.6,-0.856850715746421,0,-1,0,-1,0
6407,6.407,-0.6,-0.852760736196319,0,-1,0,-1,0
6408,6.408,-0.6,-0.848670756646217,0,-1,0,-1,0
6409,6.409,-0.6,-0.844580777096114,0,-1,0,-1,0
6410,6.41,-0.6,-0.840490797546012,0,-1,0,-1,0
6411,6.411,-0.6,-0.83640081799591,0,-1,0,-1,0
6412,6.412,-0.6,-0.832310838445808,0,-1,0,-1,0
6413,6.413,-0.6,-0.828220858895706,0,-1,0,-1,0
6414,6.414,-0.6,-0.824130879345603,0,-1,0,-1,0
6415,6.415,-0.6,-0.820040899795501,0,-1,0,-1,0
6416,6.416,-0.6,-0.815950920245399,0,-1,0,-1,0
6417,6.417,-0.6,-0.811860940695297,0,-1,0,-1,0
6418,6.418,-0.6,-0.807770961145194,0,-1,0,-1,0
6419,6.419,-0.6,-0.803680981595092,0,-1,0,-1,0
6420,6.42,-0.6,-0.79959100204499,0,-1,0,-1,0
6421,6.421,-0.6,-0.795501022494888,0,-1,0,-1,0
6422,6.422,-0.6,-0.791411042944785,0,-1,0,-1,0
6423,6.423,-0.6,-0.787321063394683,0,-1,0,-1,0
6424,6.424,-0.6,-0.783231083844581,1,193,0,12,0
6425,6.425,-0.6,-0.779141104294478,0,-1,0,-1,0
6426,6.426,-0.6,-0.775051124744376,0,-1,0,-1,0
6427,6.427,-0.6,-0.770961145194274,0,-1,0,-1,0
6428,6.428,-0.6,-0.766871165644172,0,-1,0,-1,0
6429,6.429,-0.6,-0.76278118609407,0,-1,0,-1,0
6430,6.43,-0.6,-0.758691206543967,0,-1,0,-1,0
6431,6.431,-0.6,-0.754601226993865,0,-1,0,-1,0
6432,6.432,-0.6,-0.750511247443763,0,-1,0,-1,0
6433,6.433,-0.6,-0.746421267893661,0,-1,0,-1,0
6434,6.434,-0.6,-0.742331288343558,0,-1,0,-1,0
6435,6.435,-0.6,-0.738241308793456,0,-1,0,-1,0
6436,6.436,-0.6,-0.734151329243354,0,-1,0,-1,0
6437,6.437,-0.6,-0.730061349693252,0,-1,0,-1,0
6438,6.438,-0.6,-0.725971370143149,0,-1,0,-1,0
6439,6.439,-0.6,-0.721881390593047,0,-1,0,-1,0
6440,6.44,-0.6,-0.717791411042945,0,-1,0,-1,0
6441,6.441,-0.6,-0.713701431492842,0,-1,0,-1,0
6442,6.442,-0.6,-0.70961145194274,0,-1,0,-1,0
6443,6.443,-0.6,-0.705521472392638,0,-1,0,-1,0
6444,6.444,-0.6,-0.701431492842536,0,-1,0,-1,0
6445,6.445,-0.6,-0.697341513292434,0,-1,0,-1,0
6446,6.446,-0.6,-0.693251533742331,0,-1,0,-1,0
6447,6.447,-0.6,-0.689161554192229,0,-1,0,-1,0
6448,6.448,-0.6,-0.685071574642127,0,-1,0,-1,0
6449,6.449,-0.6,-0.680981595092025,0,-1,0,-1,0
6450,6.45,-0.6,-0.676891615541922,0,-1,0,-1,0
6451,6.451,-0.6,-0.67280163599182,0,-1,0,-1,0
6452,6.452,-0.6,-0.668711656441718,0,-1,0,-1,0
6453,6.453,-0.6,-0.664621676891616,0,-1,0,-1,0
6454,6.454,-0.6,-0.660531697341513,1,194,0,12,0
6455,6.455,-0.6,-0.656441717791411,0,-1,0,-1,0
6456,6.456,-0.6,-0.652351738241309,0,-1,0,-1,0
6457,6.457,-0.6,-0.648261758691207,0,-1,0,-1,0
6458,6.458,-0.6,-0.644171779141104,0,-1,0,-1,0
6459,6.459,-0.6,-0.640081799591002,0,-1,0,-1,0
6460,6.46,-0.6,-0.6359918200409,0,-1,0,-1,0
6461,6.461,-0.6,-0.631901840490798,0,-1,0,-1,0
6462,6.462,-0.6,-0.627811860940695,0,-1,0,-1,0
6463,6.463,-0.6,-0.623721881390593,0,-1,0,-1,0
6464,6.464,-0.6,-0.619631901840491,0,-1,0,-1,0
6465,6.465,-0.6,-0.615541922290389,0,-1,0,-1,0
6466,6.466,-0.6,-0.611451942740286,0,-1,0,-1,0
6467,6.467,-0.6,-0.607361963190184,0,-1,0,-1,0
6468,6.468,-0.6,-0.603271983640082,0,-1,0,-1,0
6469,6.469,-0.6,-0.59918200408998,0,-1,0,-1,0
6470,6.47,-0.6,-0.595092024539877,0,-1,0,-1,0
6471,6.471,-0.6,-0.591002044989775,0,-1,0,-1,0
6472,6.472,-0.6,-0.586912065439673,0,-1,0,-1,0
6473,6.473,-0.6,-0.582822085889571,0,-1,0,-1,0
6474,6.474,-0.6,-0.578732106339468,0,-1,0,-1,0
6475,6.475,-0.6,-0.574642126789366,0,-1,0,-1,0
6476,6.476,-0.6,-0.570552147239264,0,-1,0,-1,0
6477,6.477,-0.6,-0.566462167689162,0,-1,0,-1,0
6478,6.478,-0.6,-0.562372188139059,0,-1,0,-1,0
6479,6.479,-0.6,-0.558282208588957,0,-1,0,-1,0
6480,6.48,-0.6,-0.554192229038855,0,-1,0,-1,0
6481,6.481,-0.6,-0.550102249488753,0,-1,0,-1,0
6482,6.482,-0.6,-0.54601226993865,0,-1,0,-1,0
6483,6.483,-0.6,-0.541922290388548,0,-1,0,-1,0
6484,6.484,-0.6,-0.537832310838446,1,195,0,12,0
6485,6.485,-0.6,-0.533742331288344,0,-1,0,-1,0
6486,6.486,-0.6,-0.529652351738241,0,-1,0,-1,0
6487,6.487,-0.6,-0.525562372188139,0,-1,0,-1,0
6488,6.488,-0.6,-0.521472392638037,0,-1,0,-1,0
6489,6.489,-0.6,-0.517382413087935,0,-1,0,-1,0
6490,6.49,-0.6,-0.513292433537832,0,-1,0,-1,0
6491,6.491,-0.6,-0.50920245398773,0,-1,0,-1,0
6492,6.492,-0.6,-0.505112474437628,0,-1,0,-1,0
6493,6.493,-0.6,-0.501022494887525,0,-1,0,-1,0
6494,6.494,-0.6,-0.496932515337423,0,-1,0,-1,0
6495,6.495,-0.6,-0.492842535787321,0,-1,0,-1,0
6496,6.496,-0.6,-0.488752556237219,0,-1,0,-1,0
6497,6.497,-0.6,-0.484662576687117,0,-1,0,-1,0
6498,6.498,-0.6,-0.480572597137014,0,-1,0,-1,0
6499,6.499,-0.6,-0.476482617586912,0,-1,0,-1,0
6500,6.5,-0.6,-0.47239263803681,0,-1,0,-1,0
6501,6.501,-0.6,-0.468302658486708,0,-1,0,-1,0
6502,6.502,-0.6,-0.464212678936605,0,-1,0,-1,0
6503,6.503,-0.6,-0.460122699386503,0,-1,0,-1,0
6504,6.504,-0.6,-0.456032719836401,0,-1,0,-1,0
6505,6.505,-0.6,-0.451942740286299,0,-1,0,-1,0
6506,6.506,-0.6,-0.447852760736196,0,-1,0,-1,0
6507,6.507,-0.6,-0.443762781186094,0,-1,0,-1,0
6508,6.508,-0.6,-0.439672801635992,0,-1,0,-1,0
6509,6.509,-0.6,-0.43558282208589,0,-1,0,-1,0
6510,6.51,-0.6,-0.431492842535787,0,-1,0,-1,0
6511,6.511,-0.6,-0.427402862985685,0,-1,0,-1,0
6512,6.512,-0.6,-0.423312883435583,0,-1,0,-1,0
6513,6.513,-0.6,-0.419222903885481,0,-1,0,-1,0
6514,6.514,-0.6,-0.415132924335378,1,196,0,12,0
6515,6.515,-0.6,-0.411042944785276,0,-1,0,-1,0
6516,6.516,-0.6,-0.406952965235174,0,-1,0,-1,0
6517,6.517,-0.6,-0.402862985685072,0,-1,0,-1,0
6518,6.518,-0.6,-0.398773006134969,0,-1,0,-1,0
6519,6.519,-0.6,-0.394683026584867,0,-1,0,-1,0
6520,6.52,-0.6,-0.390593047034765,0,-1,0,-1,0
6521,6.521,-0.6,-0.386503067484663,0,-1,0,-1,0
6522,6.522,-0.6,-0.38241308793456,0,-1,0,-1,0
6523,6.523,-0.6,-0.378323108384458,0,-1,0,-1,0
6524,6.524,-0.6,-0.374233128834356,0,-1,0,-1,0
6525,6.525,-0.6,-0.370143149284254,0,-1,0,-1,0
6526,6.526,-0.6,-0.366053169734151,0,-1,0,-1,0
6527,6.527,-0.6,-0.361963190184049,0,-1,0,-1,0
6528,6.528,-0.6,-0.357873210633947,0,-1,0,-1,0
6529,6.529,-0.6,-0.353783231083845,0,-1,0,-1,0
6530,6.53,-0.6,-0.349693251533742,0,-1,0,-1,0
6531,6.531,-0.6,-0.34560327198364,0,-1,0,-1,0
6532,6.532,-0.6,-0.341513292433538,0,-1,0,-1,0
6533,6.533,-0.6,-0.337423312883436,0,-1,0,-1,0
6534,6.534,-0.6,-0.333333333333333,0,-1,0,-1,0
6535,6.535,-0.6,-0.329243353783231,0,-1,0,-1,0
6536,6.536,-0.6,-0.325153374233129,0,-1,0,-1,0
6537,6.537,-0.6,-0.321063394683027,0,-1,0,-1,0
6538,6.538,-0.6,-0.316973415132924,0,-1,0,-1,0
6539,6.539,-0.6,-0.312883435582822,0,-1,0,-1,0
6540,6.54,-0.6,-0.30879345603272,0,-1,0,-1,0
6541,6.541,-0.6,-0.304703476482618,0,-1,0,-1,0
6542,6.542,-0.6,-0.300613496932515,0,-1,0,-1,0
6543,6.543,-0.6,-0.296523517382413,0,-1,0,-1,0
6544,6.544,-0.6,-0.292433537832311,1,197,0,12,0
6545,6.545,-0.6,-0.288343558282209,0,-1,0,-1,0
6546,6.546,-0.6,-0.284253578732106,0,-1,0,-1,0
6547,6.547,-0.6,-0.280163599182004,0,-1,0,-1,0
6548,6.548,-0.6,-0.276073619631902,0,-1,0,-1,0
6549,6.549,-0.6,-0.2719836400818,0,-1,0,-1,0
6550,6.55,-0.6,-0.267893660531697,0,-1,0,-1,0
6551,6.551,-0.6,-0.263803680981595,0,-1,0,-1,0
6552,6.552,-0.6,-0.259713701431493,0,-1,0,-1,0
6553,6.553,-0.6,-0.255623721881391,0,-1,0,-1,0
6554,6.554,-0.6,-0.251533742331288,0,-1,0,-1,0
6555,6.555,-0.6,-0.247443762781186,0,-1,0,-1,0
6556,6.556,-0.6,-0.243353783231084,0,-1,0,-1,0
6557,6.557,-0.6,-0.239263803680982,0,-1,0,-1,0
6558,6.558,-0.6,-0.235173824130879,0,-1,0,-1,0
6559,6.559,-0.6,-0.231083844580777,0,-1,0,-1,0
6560,6.56,-0.6,-0.226993865030675,0,-1,0,-1,0
6561,6.561,-0.6,-0.222903885480573,0,-1,0,-1,0
6562,6.562,-0.6,-0.21881390593047,0,-1,0,-1,0
6563,6.563,-0.6,-0.214723926380368,0,-1,0,-1,0
6564,6.564,-0.6,-0.210633946830266,0,-1,0,-1,0
6565,6.565,-0.6,-0.206543967280164,0,-1,0,-1,0
6566,6.566,-0.6,-0.202453987730061,0,-1,0,-1,0
6567,6.567,-0.6,-0.198364008179959,0,-1,0,-1,0
6568,6.568,-0.6,-0.194274028629857,0,-1,0,-1,0
6569,6.569,-0.6,-0.190184049079755,0,-1,0,-1,0
6570,6.57,-0.6,-0.186094069529652,0,-1,0,-1,0
6571,6.571,-0.6,-0.18200408997955,0,-1,0,-1,0
6572,6.572,-0.6,-0.177914110429448,0,-1,0,-1,0
6573,6.573,-0.6,-0.173824130879346,0,-1,0,-1,0
6574,6.574,-0.6,-0.169734151329243,1,198,0,12,0
6575,6.575,-0.6,-0.165644171779141,0,-1,0,-1,0
6576,6.576,-0.6,-0.161554192229039,0,-1,0,-1,0
6577,6.577,-0.6,-0.157464212678937,0,-1,0,-1,0
6578,6.578,-0.6,-0.153374233128834,0,-1,0,-1,0
6579,6.579,-0.6,-0.149284253578732,0,-1,0,-1,0
6580,6.58,-0.6,-0.14519427402863,0,-1,0,-1,0
6581,6.581,-0.6,-0.141104294478528,0,-1,0,-1,0
6582,6.582,-0.6,-0.137014314928425,0,-1,0,-1,0
6583,6.583,-0.6,-0.132924335378323,0,-1,0,-1,0
6584,6.584,-0.6,-0.128834355828221,0,-1,0,-1,0
6585,6.585,-0.6,-0.124744376278119,0,-1,0,-1,0
6586,6.586,-0.6,-0.120654396728016,0,-1,0,-1,0
6587,6.587,-0.6,-0.116564417177914,0,-1,0,-1,0
6588,6.588,-0.6,-0.112474437627812,0,-1,0,-1,0
6589,6.589,-0.6,-0.10838445807771,0,-1,0,-1,0
6590,6.59,-0.6,-0.104294478527607,0,-1,0,-1,0
6591,6.591,-0.6,-0.100204498977505,0,-1,0,-1,0
6592,6.592,-0.6,-0.0961145194274029,0,-1,0,-1,0
6593,6.593,-0.6,-0.0920245398773006,0,-1,0,-1,0
6594,6.594,-0.6,-0.0879345603271984,0,-1,0,-1,0
6595,6.595,-0.6,-0.0838445807770961,0,-1,0,-1,0
6596,6.596,-0.6,-0.0797546012269938,0,-1,0,-1,0
6597,6.597,-0.6,-0.0756646216768916,0,-1,0,-1,0
6598,6.598,-0.6,-0.0715746421267893,0,-1,0,-1,0
6599,6.599,-0.6,-0.0674846625766872,0,-1,0,-1,0
6600,6.6,-0.6,-0.0633946830265849,0,-1,0,-1,0
6601,6.601,-0.6,-0.0593047034764826,0,-1,0,-1,0
6602,6.602,-0.6,-0.0552147239263804,0,-1,0,-1,0
6603,6.603,-0.6,-0.0511247443762781,0,-1,0,-1,0
6604,6.604,-0.6,-0.0470347648261759,1,199,0,12,0
6605,6.605,-0.6,-0.0429447852760736,0,-1,0,-1,0
6606,6.606,-0.6,-0.0388548057259713,0,-1,0,-1,0
6607,6.607,-0.6,-0.0347648261758691,0,-1,0,-1,0
6608,6.608,-0.6,-0.0306748466257669,0,-1,0,-1,0
6609,6.609,-0.6,-0.0265848670756647,0,-1,0,-1,0
6610,6.61,-0.6,-0.0224948875255624,0,-1,0,-1,0
6611,6.611,-0.6,-0.0184049079754601,0,-1,0,-1,0
6612,6.612,-0.6,-0.0143149284253579,0,-1,0,-1,0
6613,6.613,-0.6,-0.0102249488752556,0,-1,0,-1,0
6614,6.614,-0.6,-0.0061349693251533,0,-1,0,-1,0
6615,6.615,-0.6,-0.002044989775051,0,-1,0,-1,0
6616,6.616,-0.6,0.0020449897750511,0,-1,0,-1,0
6617,6.617,-0.6,0.0061349693251533,0,-1,0,-1,0
6618,6.618,-0.6,0.0102249488752557,0,-1,0,-1,0
6619,6.619,-0.6,0.0143149284253579,0,-1,0,-1,0
6620,6.62,-0.6,0.01840490797546,0,-1,0,-1,0
6621,6.621,-0.6,0.0224948875255624,0,-1,0,-1,0
6622,6.622,-0.6,0.0265848670756645,0,-1,0,-1,0
6623,6.623,-0.6,0.0306748466257669,0,-1,0,-1,0
6624,6.624,-0.6,0.0347648261758691,0,-1,0,-1,0
6625,6.625,-0.6,0.0388548057259714,0,-1,0,-1,0
6626,6.626,-0.6,0.0429447852760736,0,-1,0,-1,0
6627,6.627,-0.6,0.047034764826176,0,-1,0,-1,0
6628,6.628,-0.6,0.0511247443762781,0,-1,0,-1,0
6629,6.629,-0.6,0.0552147239263803,0,-1,0,-1,0
6630,6.63,-0.6,0.0593047034764826,0,-1,0,-1,0
6631,6.631,-0.6,0.0633946830265848,0,-1,0,-1,0
6632,6.632,-0.6,0.0674846625766872,0,-1,0,-1,0
6633,6.633,-0.6,0.0715746421267893,0,-1,0,-1,0
6634,6.634,-0.6,0.0756646216768917,1,200,0,12,0
6635,6.635,-0.6,0.0797546012269938,0,-1,0,-1,0
6636,6.636,-0.6,0.0838445807770962,0,-1,0,-1,0
6637,6.637,-0.6,0.0879345603271984,0,-1,0,-1,0
6638,6.638,-0.6,0.0920245398773005,0,-1,0,-1,0
6639,6.639,-0.6,0.0961145194274029,0,-1,0,-1,0
6640,6.64,-0.6,0.100204498977505,0,-1,0,-1,0
6641,6.641,-0.6,0.104294478527607,0,-1,0,-1,0
6642,6.642,-0.6,0.10838445807771,0,-1,0,-1,0
6643,6.643,-0.6,0.112474437627812,0,-1,0,-1,0
6644,6.644,-0.6,0.116564417177914,0,-1,0,-1,0
6645,6.645,-0.6,0.120654396728016,0,-1,0,-1,0
6646,6.646,-0.6,0.124744376278119,0,-1,0,-1,0
6647,6.647,-0.6,0.128834355828221,0,-1,0,-1,0
6648,6.648,-0.6,0.132924335378323,0,-1,0,-1,0
6649,6.649,-0.6,0.137014314928425,0,-1,0,-1,0
6650,6.65,-0.6,0.141104294478528,0,-1,0,-1,0
6651,6.651,-0.6,0.14519427402863,0,-1,0,-1,0
6652,6.652,-0.6,0.149284253578732,0,-1,0,-1,0
6653,6.653,-0.6,0.153374233128834,0,-1,0,-1,0
6654,6.654,-0.6,0.157464212678937,0,-1,0,-1,0
6655,6.655,-0.6,0.161554192229039,0,-1,0,-1,0
6656,6.656,-0.6,0.165644171779141,0,-1,0,-1,0
6657,6.657,-0.6,0.169734151329243,0,-1,0,-1,0
6658,6.658,-0.6,0.173824130879346,0,-1,0,-1,0
6659,6.659,-0.6,0.177914110429448,0,-1,0,-1,0
6660,6.66,-0.6,0.18200408997955,0,-1,0,-1,0
6661,6.661,-0.6,0.186094069529652,0,-1,0,-1,0
6662,6.662,-0.6,0.190184049079755,0,-1,0,-1,0
6663,6.663,-0.6,0.194274028629857,0,-1,0,-1,0
6664,6.664,-0.6,0.198364008179959,1,201,0,12,0
6665,6.665,-0.6,0.202453987730061,0,-1,0,-1,0
6666,6.666,-0.6,0.206543967280164,0,-1,0,-1,0
6667,6.667,-0.6,0.210633946830266,0,-1,0,-1,0
6668,6.668,-0.6,0.214723926380368,0,-1,0,-1,0
6669,6.669,-0.6,0.21881390593047,0,-1,0,-1,0
6670,6.67,-0.6,0.222903885480572,0,-1,0,-1,0
6671,6.671,-0.6,0.226993865030675,0,-1,0,-1,0
6672,6.672,-0.6,0.231083844580777,0,-1,0,-1,0
6673,6.673,-0.6,0.235173824130879,0,-1,0,-1,0
6674,6.674,-0.6,0.239263803680982,0,-1,0,-1,0
6675,6.675,-0.6,0.243353783231084,0,-1,0,-1,0
6676,6.676,-0.6,0.247443762781186,0,-1,0,-1,0
6677,6.677,-0.6,0.251533742331288,0,-1,0,-1,0
6678,6.678,-0.6,0.255623721881391,0,-1,0,-1,0
6679,6.679,-0.6,0.259713701431493,0,-1,0,-1,0
6680,6.68,-0.6,0.263803680981595,0,-1,0,-1,0
6681,6.681,-0.6,0.267893660531697,0,-1,0,-1,0
6682,6.682,-0.6,0.2719836400818,0,-1,0,-1,0
6683,6.683,-0.6,0.276073619631902,0,-1,0,-1,0
6684,6.684,-0.6,0.280163599182004,0,-1,0,-1,0
6685,6.685,-0.6,0.284253578732106,0,-1,0,-1,0
6686,6.686,-0.6,0.288343558282208,0,-1,0,-1,0
6687,6.687,-0.6,0.292433537832311,0,-1,0,-1,0
6688,6.688,-0.6,0.296523517382413,0,-1,0,-1,0
6689,6.689,-0.6,0.300613496932515,0,-1,0,-1,0
6690,6.69,-0.6,0.304703476482618,0,-1,0,-1,0
6691,6.691,-0.6,0.30879345603272,0,-1,0,-1,0
6692,6.692,-0.6,0.312883435582822,0,-1,0,-1,0
6693,6.693,-0.6,0.316973415132924,0,-1,0,-1,0
6694,6.694,-0.6,0.321063394683027,1,202,0,12,0
6695,6.695,-0.6,0.325153374233129,0,-1,0,-1,0
6696,6.696,-0.6,0.329243353783231,0,-1,0,-1,0
6697,6.697,-0.6,0.333333333333333,0,-1,0,-1,0
6698,6.698,-0.6,0.337423312883436,0,-1,0,-1,0
6699,6.699,-0.6,0.341513292433538,0,-1,0,-1,0
6700,6.7,-0.6,0.34560327198364,0,-1,0,-1,0
6701,6.701,-0.6,0.349693251533742,0,-1,0,-1,0
6702,6.702,-0.6,0.353783231083845,0,-1,0,-1,0
6703,6.703,-0.6,0.357873210633947,0,-1,0,-1,0
6704,6.704,-0.6,0.361963190184049,0,-1,0,-1,0
6705,6.705,-0.6,0.366053169734151,0,-1,0,-1,0
6706,6.706,-0.6,0.370143149284254,0,-1,0,-1,0
6707,6.707,-0.6,0.374233128834356,0,-1,0,-1,0
6708,6.708,-0.6,0.378323108384458,0,-1,0,-1,0
6709,6.709,-0.6,0.38241308793456,0,-1,0,-1,0
6710,6.71,-0.6,0.386503067484663,0,-1,0,-1,0
6711,6.711,-0.6,0.390593047034765,0,-1,0,-1,0
6712,6.712,-0.6,0.394683026584867,0,-1,0,-1,0
6713,6.713,-0.6,0.398773006134969,0,-1,0,-1,0
6714,6.714,-0.6,0.402862985685072,0,-1,0,-1,0
6715,6.715,-0.6,0.406952965235174,0,-1,0,-1,0
6716,6.716,-0.6,0.411042944785276,0,-1,0,-1,0
6717,6.717,-0.6,0.415132924335378,0,-1,0,-1,0
6718,6.718,-0.6,0.419222903885481,0,-1,0,-1,0
6719,6.719,-0.6,0.423312883435583,0,-1,0,-1,0
6720,6.72,-0.6,0.427402862985685,0,-1,0,-1,0
6721,6.721,-0.6,0.431492842535787,0,-1,0,-1,0
6722,6.722,-0.6,0.43558282208589,0,-1,0,-1,0
6723,6.723,-0.6,0.439672801635992,0,-1,0,-1,0
6724,6.724,-0.6,0.443762781186094,1,203,0,12,0
6725,6.725,-0.6,0.447852760736196,0,-1,0,-1,0
6726,6.726,-0.6,0.451942740286299,0,-1,0,-1,0
6727,6.727,-0.6,0.456032719836401,0,-1,0,-1,0
6728,6.728,-0.6,0.460122699386503,0,-1,0,-1,0
6729,6.729,-0.6,0.464212678936605,0,-1,0,-1,0
6730,6.73,-0.6,0.468302658486708,0,-1,0,-1,0
6731,6.731,-0.6,0.47239263803681,0,-1,0,-1,0
6732,6.732,-0.6,0.476482617586912,0,-1,0,-1,0
6733,6.733,-0.6,0.480572597137014,0,-1,0,-1,0
6734,6.734,-0.6,0.484662576687117,0,-1,0,-1,0
6735,6.735,-0.6,0.488752556237219,0,-1,0,-1,0
6736,6.736,-0.6,0.492842535787321,0,-1,0,-1,0
6737,6.737,-0.6,0.496932515337423,0,-1,0,-1,0
6738,6.738,-0.6,0.501022494887525,0,-1,0,-1,0
6739,6.739,-0.6,0.505112474437628,0,-1,0,-1,0
6740,6.74,-0.6,0.50920245398773,0,-1,0,-1,0
6741,6.741,-0.6,0.513292433537832,0,-1,0,-1,0
6742,6.742,-0.6,0.517382413087935,0,-1,0,-1,0
6743,6.743,-0.6,0.521472392638037,0,-1,0,-1,0
6744,6.744,-0.6,0.525562372188139,0,-1,0,-1,0
6745,6.745,-0.6,0.529652351738241,0,-1,0,-1,0
6746,6.746,-0.6,0.533742331288344,0,-1,0,-1,0
6747,6.747,-0.6,0.537832310838446,0,-1,0,-1,0
6748,6.748,-0.6,0.541922290388548,0,-1,0,-1,0
6749,6.749,-0.6,0.54601226993865,0,-1,0,-1,0
6750,6.75,-0.6,0.550102249488753,0,-1,0,-1,0
6751,6.751,-0.6,0.554192229038855,0,-1,0,-1,0
6752,6.752,-0.6,0.558282208588957,0,-1,0,-1,0
6753,6.753,-0.6,0.562372188139059,0,-1,0,-1,0
6754,6.754,-0.6,0.566462167689161,1,204,0,12,0
6755,6.755,-0.6,0.570552147239264,0,-1,0,-1,0
6756,6.756,-0.6,0.574642126789366,0,-1,0,-1,0
6757,6.757,-0.6,0.578732106339468,0,-1,0,-1,0
6758,6.758,-0.6,0.582822085889571,0,-1,0,-1,0
6759,6.759,-0.6,0.586912065439673,0,-1,0,-1,0
6760,6.76,-0.6,0.591002044989775,0,-1,0,-1,0
6761,6.761,-0.6,0.595092024539877,0,-1,0,-1,0
6762,6.762,-0.6,0.59918200408998,0,-1,0,-1,0
6763,6.763,-0.6,0.603271983640082,0,-1,0,-1,0
6764,6.764,-0.6,0.607361963190184,0,-1,0,-1,0
6765,6.765,-0.6,0.611451942740286,0,-1,0,-1,0
6766,6.766,-0.6,0.615541922290389,0,-1,0,-1,0
6767,6.767,-0.6,0.619631901840491,0,-1,0,-1,0
6768,6.768,-0.6,0.623721881390593,0,-1,0,-1,0
6769,6.769,-0.6,0.627811860940695,0,-1,0,-1,0
6770,6.77,-0.6,0.631901840490797,0,-1,0,-1,0
6771,6.771,-0.6,0.6359918200409,0,-1,0,-1,0
6772,6.772,-0.6,0.640081799591002,0,-1,0,-1,0
6773,6.773,-0.6,0.644171779141104,0,-1,0,-1,0
6774,6.774,-0.6,0.648261758691207,0,-1,0,-1,0
6775,6.775,-0.6,0.652351738241309,0,-1,0,-1,0
6776,6.776,-0.6,0.656441717791411,0,-1,0,-1,0
6777,6.777,-0.6,0.660531697341513,0,-1,0,-1,0
6778,6.778,-0.6,0.664621676891616,0,-1,0,-1,0
6779,6.779,-0.6,0.668711656441718,0,-1,0,-1,0
6780,6.78,-0.6,0.67280163599182,0,-1,0,-1,0
6781,6.781,-0.6,0.676891615541922,0,-1,0,-1,0
6782,6.782,-0.6,0.680981595092025,0,-1,0,-1,0
6783,6.783,-0.6,0.685071574642127,0,-1,0,-1,0
6784,6.784,-0.6,0.689161554192229,1,205,0,12,0
6785,6.785,-0.6,0.693251533742331,0,-1,0,-1,0
6786,6.786,-0.6,0.697341513292433,0,-1,0,-1,0
6787,6.787,-0.6,0.701431492842536,0,-1,0,-1,0
6788,6.788,-0.6,0.705521472392638,0,-1,0,-1,0
6789,6.789,-0.6,0.70961145194274,0,-1,0,-1,0
6790,6.79,-0.6,0.713701431492842,0,-1,0,-1,0
6791,6.791,-0.6,0.717791411042945,0,-1,0,-1,0
6792,6.792,-0.6,0.721881390593047,0,-1,0,-1,0
6793,6.793,-0.6,0.725971370143149,0,-1,0,-1,0
6794,6.794,-0.6,0.730061349693252,0,-1,0,-1,0
6795,6.795,-0.6,0.734151329243354,0,-1,0,-1,0
6796,6.796,-0.6,0.738241308793456,0,-1,0,-1,0
6797,6.797,-0.6,0.742331288343558,0,-1,0,-1,0
6798,6.798,-0.6,0.746421267893661,0,-1,0,-1,0
6799,6.799,-0.6,0.750511247443763,0,-1,0,-1,0
6800,6.8,-0.6,0.754601226993865,0,-1,0,-1,0
6801,6.801,-0.6,0.758691206543967,0,-1,0,-1,0
6802,6.802,-0.6,0.762781186094069,0,-1,0,-1,0
6803,6.803,-0.6,0.766871165644172,0,-1,0,-1,0
6804,6.804,-0.6,0.770961145194274,0,-1,0,-1,0
6805,6.805,-0.6,0.775051124744376,0,-1,0,-1,0
6806,6.806,-0.6,0.779141104294478,0,-1,0,-1,0
6807,6.807,-0.6,0.783231083844581,0,-1,0,-1,0
6808,6.808,-0.6,0.787321063394683,0,-1,0,-1,0
6809,6.809,-0.6,0.791411042944785,0,-1,0,-1,0
6810,6.81,-0.6,0.795501022494888,0,-1,0,-1,0
6811,6.811,-0.6,0.79959100204499,0,-1,0,-1,0
6812,6.812,-0.6,0.803680981595092,0,-1,0,-1,0
6813,6.813,-0.6,0.807770961145194,0,-1,0,-1,0
6814,6.814,-0.6,0.811860940695297,1,206,0,12,0
6815,6.815,-0.6,0.815950920245399,0,-1,0,-1,0
6816,6.816,-0.6,0.820040899795501,0,-1,0,-1,0
6817,6.817,-0.6,0.824130879345603,0,-1,0,-1,0
6818,6.818,-0.6,0.828220858895706,0,-1,0,-1,0
6819,6.819,-0.6,0.832310838445808,0,-1,0,-1,0
6820,6.82,-0.6,0.83640081799591,0,-1,0,-1,0
6821,6.821,-0.6,0.840490797546012,0,-1,0,-1,0
6822,6.822,-0.6,0.844580777096114,0,-1,0,-1,0
6823,6.823,-0.6,0.848670756646217,0,-1,0,-1,0
6824,6.824,-0.6,0.852760736196319,0,-1,0,-1,0
6825,6.825,-0.6,0.856850715746421,0,-1,0,-1,0
6826,6.826,-0.6,0.860940695296524,0,-1,0,-1,0
6827,6.827,-0.6,0.865030674846626,0,-1,0,-1,0
6828,6.828,-0.6,0.869120654396728,0,-1,0,-1,0
6829,6.829,-0.6,0.87321063394683,0,-1,0,-1,0
6830,6.83,-0.6,0.877300613496933,0,-1,0,-1,0
6831,6.831,-0.6,0.881390593047035,0,-1,0,-1,0
6832,6.832,-0.6,0.885480572597137,0,-1,0,-1,0
6833,6.833,-0.6,0.889570552147239,0,-1,0,-1,0
6834,6.834,-0.6,0.893660531697342,0,-1,0,-1,0
6835,6.835,-0.6,0.897750511247444,0,-1,0,-1,0
6836,6.836,-0.6,0.901840490797546,0,-1,0,-1,0
6837,6.837,-0.6,0.905930470347648,0,-1,0,-1,0
6838,6.838,-0.6,0.91002044989775,0,-1,0,-1,0
6839,6.839,-0.6,0.914110429447853,0,-1,0,-1,0
6840,6.84,-0.6,0.918200408997955,0,-1,0,-1,0
6841,6.841,-0.6,0.922290388548057,0,-1,0,-1,0
6842,6.842,-0.6,0.926380368098159,0,-1,0,-1,0
6843,6.843,-0.6,0.930470347648262,0,-1,0,-1,0
6844,6.844,-0.6,0.934560327198364,1,207,0,12,0
6845,6.845,-0.6,0.938650306748466,0,-1,0,-1,0
6846,6.846,-0.6,0.942740286298569,0,-1,0,-1,0
6847,6.847,-0.6,0.946830265848671,0,-1,0,-1,0
6848,6.848,-0.6,0.950920245398773,0,-1,0,-1,0
6849,6.849,-0.604444444444444,0.955010224948875,0,-1,0,-1,0
6850,6.85,-0.604444444444444,0.959100204498978,0,-1,0,-1,0
6851,6.851,-0.604444444444444,0.96319018404908,0,-1,0,-1,0
6852,6.852,-0.608888888888889,0.967280163599182,0,-1,0,-1,0
6853,6.853,-0.608888888888889,0.971370143149284,0,-1,0,-1,0
6854,6.854,-0.613333333333333,0.975460122699386,0,-1,0,-1,0
6855,6.855,-0.617777777777778,0.979550102249489,0,-1,0,-1,0
6856,6.856,-0.622222222222222,0.983640081799591,0,-1,0,-1,0
6857,6.857,-0.626666666666667,0.987730061349693,0,-1,0,-1,0
6858,6.858,-0.631111111111111,0.991820040899795,0,-1,0,-1,0
6859,6.859,-0.635555555555556,0.991820040899795,0,-1,0,-1,0
6860,6.86,-0.64,0.995910020449898,0,-1,0,-1,0
6861,6.861,-0.644444444444444,0.995910020449898,0,-1,0,-1,0
6862,6.862,-0.648888888888889,0.995910020449898,0,-1,0,-1,0
6863,6.863,-0.653333333333333,1.0,0,-1,0,-1,0
6864,6.864,-0.657777777777778,1.0,0,-1,0,-1,0
6865,6.865,-0.662222222222222,1.0,0,-1,0,-1,0
6866,6.866,-0.666666666666667,1.0,0,-1,0,-1,0
6867,6.867,-0.671111111111111,1.0,0,-1,0,-1,0
6868,6.868,-0.675555555555556,1.0,0,-1,0,-1,0
6869,6.869,-0.68,1.0,0,-1,0,-1,0
6870,6.87,-0.684444444444444,0.995910020449898,0,-1,0,-1,0
6871,6.871,-0.688888888888889,0.995910020449898,0,-1,0,-1,0
6872,6.872,-0.693333333333333,0.995910020449898,0,-1,0,-1,0
6873,6.873,-0.697777777777778,0.991820040899795,0,-1,0,-1,0
6874,6.874,-0.702222222222222,0.991820040899795,0,-1,0,-1,0
6875,6.875,-0.706666666666667,0.987730061349693,0,-1,0,-1,0
6876,6.876,-0.711111111111111,0.983640081799591,0,-1,0,-1,0
6877,6.877,-0.715555555555556,0.979550102249489,0,-1,0,-1,0
6878,6.878,-0.72,0.975460122699386,0,-1,0,-1,0
6879,6.879,-0.724444444444444,0.971370143149284,0,-1,0,-1,0
6880,6.88,-0.724444444444444,0.967280163599182,0,-1,0,-1,0
6881,6.881,-0.728888888888889,0.96319018404908,0,-1,0,-1,0
6882,6.882,-0.728888888888889,0.959100204498978,0,-1,0,-1,0
6883,6.883,-0.728888888888889,0.955010224948875,0,-1,0,-1,0
6884,6.884,-0.733333333333333,0.950920245398773,0,-1,0,-1,0
6885,6.885,-0.733333333333333,0.946830265848671,0,-1,0,-1,0
6886,6.886,-0.733333333333333,0.942740286298569,0,-1,0,-1,0
6887,6.887,-0.733333333333333,0.938650306748466,0,-1,0,-1,0
6888,6.888,-0.733333333333333,0.934560327198364,1,208,1,13,0
6889,6.889,-0.733333333333333,0.930470347648262,0,-1,0,-1,0
6890,6.89,-0.733333333333333,0.926380368098159,0,-1,0,-1,0
6891,6.891,-0.733333333333333,0.922290388548057,0,-1,0,-1,0
6892,6.892,-0.733333333333333,0.918200408997955,0,-1,0,-1,0
6893,6.893,-0.733333333333333,0.914110429447853,0,-1,0,-1,0
6894,6.894,-0.733333333333333,0.91002044989775,0,-1,0,-1,0
6895,6.895,-0.733333333333333,0.905930470347648,0,-1,0,-1,0
6896,6.896,-0.733333333333333,0.901840490797546,0,-1,0,-1,0
6897,6.897,-0.733333333333333,0.897750511247444,0,-1,0,-1,0
6898,6.898,-0.733333333333333,0.893660531697342,0,-1,0,-1,0
6899,6.899,-0.733333333333333,0.889570552147239,0,-1,0,-1,0
6900,6.9,-0.733333333333333,0.885480572597137,0,-1,0,-1,0
6901,6.901,-0.733333333333333,0.881390593047035,0,-1,0,-1,0
6902,6.902,-0.733333333333333,0.877300613496933,0,-1,0,-1,0
6903,6.903,-0.733333333333333,0.87321063394683,0,-1,0,-1,0
6904,6.904,-0.733333333333333,0.869120654396728,0,-1,0,-1,0
6905,6.905,-0.733333333333333,0.865030674846626,0,-1,0,-1,0
6906,6.906,-0.733333333333333,0.860940695296524,0,-1,0,-1,0
6907,6.907,-0.733333333333333,0.856850715746421,0,-1,0,-1,0
6908,6.908,-0.733333333333333,0.852760736196319,0,-1,0,-1,0
6909,6.909,-0.733333333333333,0.848670756646217,0,-1,0,-1,0
6910,6.91,-0.733333333333333,0.844580777096114,0,-1,0,-1,0
6911,6.911,-0.733333333333333,0.840490797546012,0,-1,0,-1,0
6912,6.912,-0.733333333333333,0.83640081799591,0,-1,0,-1,0
6913,6.913,-0.733333333333333,0.832310838445808,0,-1,0,-1,0
6914,6.914,-0.733333333333333,0.828220858895706,0,-1,0,-1,0
6915,6.915,-0.733333333333333,0.824130879345603,0,-1,0,-1,0
6916,6.916,-0.733333333333333,0.820040899795501,0,-1,0,-1,0
6917,6.917,-0.733333333333333,0.815950920245399,0,-1,0,-1,0
6918,6.918,-0.733333333333333,0.811860940695297,1,209,0,13,0
6919,6.919,-0.733333333333333,0.807770961145194,0,-1,0,-1,0
6920,6.92,-0.733333333333333,0.803680981595092,0,-1,0,-1,0
6921,6.921,-0.733333333333333,0.79959100204499,0,-1,0,-1,0
6922,6.922,-0.733333333333333,0.795501022494888,0,-1,0,-1,0
6923,6.923,-0.733333333333333,0.791411042944785,0,-1,0,-1,0
6924,6.924,-0.733333333333333,0.787321063394683,0,-1,0,-1,0
6925,6.925,-0.733333333333333,0.783231083844581,0,-1,0,-1,0
6926,6.926,-0.733333333333333,0.779141104294478,0,-1,0,-1,0
6927,6.927,-0.733333333333333,0.775051124744376,0,-1,0,-1,0
6928,6.928,-0.733333333333333,0.770961145194274,0,-1,0,-1,0
6929,6.929,-0.733333333333333,0.766871165644172,0,-1,0,-1,0
6930,6.93,-0.733333333333333,0.762781186094069,0,-1,0,-1,0
6931,6.931,-0.733333333333333,0.758691206543967,0,-1,0,-1,0
6932,6.932,-0.733333333333333,0.754601226993865,0,-1,0,-1,0
6933,6.933,-0.733333333333333,0.750511247443763,0,-1,0,-1,0
6934,6.934,-0.733333333333333,0.746421267893661,0,-1,0,-1,0
6935,6.935,-0.733333333333333,0.742331288343558,0,-1,0,-1,0
6936,6.936,-0.733333333333333,0.738241308793456,0,-1,0,-1,0
6937,6.937,-0.733333333333333,0.734151329243354,0,-1,0,-1,0
6938,6.938,-0.733333333333333,0.730061349693252,0,-1,0,-1,0
6939,6.939,-0.733333333333333,0.725971370143149,0,-1,0,-1,0
6940,6.94,-0.733333333333333,0.721881390593047,0,-1,0,-1,0
6941,6.941,-0.733333333333333,0.717791411042945,0,-1,0,-1,0
6942,6.942,-0.733333333333333,0.713701431492842,0,-1,0,-1,0
6943,6.943,-0.733333333333333,0.70961145194274,0,-1,0,-1,0
6944,6.944,-0.733333333333333,0.705521472392638,0,-1,0,-1,0
6945,6.945,-0.733333333333333,0.701431492842536,0,-1,0,-1,0
6946,6.946,-0.733333333333333,0.697341513292433,0,-1,0,-1,0
6947,6.947,-0.733333333333333,0.693251533742331,0,-1,0,-1,0
6948,6.948,-0.733333333333333,0.689161554192229,1,210,0,13,0
6949,6.949,-0.733333333333333,0.685071574642127,0,-1,0,-1,0
6950,6.95,-0.733333333333333,0.680981595092025,0,-1,0,-1,0
6951,6.951,-0.733333333333333,0.676891615541922,0,-1,0,-1,0
6952,6.952,-0.733333333333333,0.67280163599182,0,-1,0,-1,0
6953,6.953,-0.733333333333333,0.668711656441718,0,-1,0,-1,0
6954,6.954,-0.733333333333333,0.664621676891616,0,-1,0,-1,0
6955,6.955,-0.733333333333333,0.660531697341513,0,-1,0,-1,0
6956,6.956,-0.733333333333333,0.656441717791411,0,-1,0,-1,0
6957,6.957,-0.733333333333333,0.652351738241309,0,-1,0,-1,0
6958,6.958,-0.733333333333333,0.648261758691207,0,-1,0,-1,0
6959,6.959,-0.733333333333333,0.644171779141104,0,-1,0,-1,0
6960,6.96,-0.733333333333333,0.640081799591002,0,-1,0,-1,0
6961,6.961,-0.733333333333333,0.6359918200409,0,-1,0,-1,0
6962,6.962,-0.733333333333333,0.631901840490797,0,-1,0,-1,0
6963,6.963,-0.733333333333333,0.627811860940695,0,-1,0,-1,0
6964,6.964,-0.733333333333333,0.623721881390593,0,-1,0,-1,0
6965,6.965,-0.733333333333333,0.619631901840491,0,-1,0,-1,0
6966,6.966,-0.733333333333333,0.615541922290389,0,-1,0,-1,0
6967,6.967,-0.733333333333333,0.611451942740286,0,-1,0,-1,0
6968,6.968,-0.733333333333333,0.607361963190184,0,-1,0,-1,0
6969,6.969,-0.733333333333333,0.603271983640082,0,-1,0,-1,0
6970,6.97,-0.733333333333333,0.59918200408998,0,-1,0,-1,0
6971,6.971,-0.733333333333333,0.595092024539877,0,-1,0,-1,0
6972,6.972,-0.733333333333333,0.591002044989775,0,-1,0,-1,0
6973,6.973,-0.733333333333333,0.586912065439673,0,-1,0,-1,0
6974,6.974,-0.733333333333333,0.582822085889571,0,-1,0,-1,0
6975,6.975,-0.733333333333333,0.578732106339468,0,-1,0,-1,0
6976,6.976,-0.733333333333333,0.574642126789366,0,-1,0,-1,0
6977,6.977,-0.733333333333333,0.570552147239264,0,-1,0,-1,0
6978,6.978,-0.733333333333333,0.566462167689161,1,211,0,13,0
6979,6.979,-0.733333333333333,0.562372188139059,0,-1,0,-1,0
6980,6.98,-0.733333333333333,0.558282208588957,0,-1,0,-1,0
6981,6.981,-0.733333333333333,0.554192229038855,0,-1,0,-1,0
6982,6.982,-0.733333333333333,0.550102249488753,0,-1,0,-1,0
6983,6.983,-0.733333333333333,0.54601226993865,0,-1,0,-1,0
6984,6.984,-0.733333333333333,0.541922290388548,0,-1,0,-1,0
6985,6.985,-0.733333333333333,0.537832310838446,0,-1,0,-1,0
6986,6.986,-0.733333333333333,0.533742331288344,0,-1,0,-1,0
6987,6.987,-0.733333333333333,0.529652351738241,0,-1,0,-1,0
6988,6.988,-0.733333333333333,0.525562372188139,0,-1,0,-1,0
6989,6.989,-0.733333333333333,0.521472392638037,0,-1,0,-1,0
6990,6.99,-0.733333333333333,0.517382413087935,0,-1,0,-1,0
6991,6.991,-0.733333333333333,0.513292433537832,0,-1,0,-1,0
6992,6.992,-0.733333333333333,0.50920245398773,0,-1,0,-1,0
6993,6.993,-0.733333333333333,0.505112474437628,0,-1,0,-1,0
6994,6.994,-0.733333333333333,0.501022494887525,0,-1,0,-1,0
6995,6.995,-0.733333333333333,0.496932515337423,0,-1,0,-1,0
6996,6.996,-0.733333333333333,0.492842535787321,0,-1,0,-1,0
6997,6.997,-0.733333333333333,0.488752556237219,0,-1,0,-1,0
6998,6.998,-0.733333333333333,0.484662576687117,0,-1,0,-1,0
6999,6.999,-0.733333333333333,0.480572597137014,0,-1,0,-1,0
7000,7.0,-0.733333333333333,0.476482617586912,0,-1,0,-1,0
7001,7.001,-0.733333333333333,0.47239263803681,0,-1,0,-1,0
7002,7.002,-0.733333333333333,0.468302658486708,0,-1,0,-1,0
7003,7.003,-0.733333333333333,0.464212678936605,0,-1,0,-1,0
7004,7.004,-0.733333333333333,0.460122699386503,0,-1,0,-1,0
7005,7.005,-0.733333333333333,0.456032719836401,0,-1,0,-1,0
7006,7.006,-0.733333333333333,0.451942740286299,0,-1,0,-1,0
7007,7.007,-0.733333333333333,0.447852760736196,0,-1,0,-1,0
7008,7.008,-0.733333333333333,0.443762781186094,1,212,0,13,0
7009,7.009,-0.733333333333333,0.439672801635992,0,-1,0,-1,0
7010,7.01,-0.733333333333333,0.43558282208589,0,-1,0,-1,0
7011,7.011,-0.733333333333333,0.431492842535787,0,-1,0,-1,0
7012,7.012,-0.733333333333333,0.427402862985685,0,-1,0,-1,0
7013,7.013,-0.733333333333333,0.423312883435583,0,-1,0,-1,0
7014,7.014,-0.733333333333333,0.419222903885481,0,-1,0,-1,0
7015,7.015,-0.733333333333333,0.415132924335378,0,-1,0,-1,0
7016,7.016,-0.733333333333333,0.411042944785276,0,-1,0,-1,0
7017,7.017,-0.733333333333333,0.406952965235174,0,-1,0,-1,0
7018,7.018,-0.733333333333333,0.402862985685072,0,-1,0,-1,0
7019,7.019,-0.733333333333333,0.398773006134969,0,-1,0,-1,0
7020,7.02,-0.733333333333333,0.394683026584867,0,-1,0,-1,0
7021,7.021,-0.733333333333333,0.390593047034765,0,-1,0,-1,0
7022,7.022,-0.733333333333333,0.386503067484663,0,-1,0,-1,0
7023,7.023,-0.733333333333333,0.38241308793456,0,-1,0,-1,0
7024,7.024,-0.733333333333333,0.378323108384458,0,-1,0,-1,0
7025,7.025,-0.733333333333333,0.374233128834356,0,-1,0,-1,0
7026,7.026,-0.733333333333333,0.370143149284254,0,-1,0,-1,0
7027,7.027,-0.733333333333333,0.366053169734151,0,-1,0,-1,0
7028,7.028,-0.733333333333333,0.361963190184049,0,-1,0,-1,0
7029,7.029,-0.733333333333333,0.357873210633947,0,-1,0,-1,0
7030,7.03,-0.733333333333333,0.353783231083845,0,-1,0,-1,0
7031,7.031,-0.733333333333333,0.349693251533742,0,-1,0,-1,0
7032,7.032,-0.733333333333333,0.34560327198364,0,-1,0,-1,0
7033,7.033,-0.733333333333333,0.341513292433538,0,-1,0,-1,0
7034,7.034,-0.733333333333333,0.337423312883436,0,-1,0,-1,0
7035,7.035,-0.733333333333333,0.333333333333333,0,-1,0,-1,0
7036,7.036,-0.733333333333333,0.329243353783231,0,-1,0,-1,0
7037,7.037,-0.733333333333333,0.325153374233129,0,-1,0,-1,0
7038,7.038,-0.733333333333333,0.321063394683027,1,213,0,13,0
7039,7.039,-0.733333333333333,0.316973415132924,0,-1,0,-1,0
7040,7.04,-0.733333333333333,0.312883435582822,0,-1,0,-1,0
7041,7.041,-0.733333333333333,0.30879345603272,0,-1,0,-1,0
7042,7.042,-0.733333333333333,0.304703476482618,0,-1,0,-1,0
7043,7.043,-0.733333333333333,0.300613496932515,0,-1,0,-1,0
7044,7.044,-0.733333333333333,0.296523517382413,0,-1,0,-1,0
7045,7.045,-0.733333333333333,0.292433537832311,0,-1,0,-1,0
7046,7.046,-0.733333333333333,0.288343558282208,0,-1,0,-1,0
7047,7.047,-0.733333333333333,0.284253578732106,0,-1,0,-1,0
7048,7.048,-0.733333333333333,0.280163599182004,0,-1,0,-1,0
7049,7.049,-0.733333333333333,0.276073619631902,0,-1,0,-1,0
7050,7.05,-0.733333333333333,0.2719836400818,0,-1,0,-1,0
7051,7.051,-0.733333333333333,0.267893660531697,0,-1,0,-1,0
7052,7.052,-0.733333333333333,0.263803680981595,0,-1,0,-1,0
7053,7.053,-0.733333333333333,0.259713701431493,0,-1,0,-1,0
7054,7.054,-0.733333333333333,0.255623721881391,0,-1,0,-1,0
7055,7.055,-0.733333333333333,0.251533742331288,0,-1,0,-1,0
7056,7.056,-0.733333333333333,0.247443762781186,0,-1,0,-1,0
7057,7.057,-0.733333333333333,0.243353783231084,0,-1,0,-1,0
7058,7.058,-0.733333333333333,0.239263803680982,0,-1,0,-1,0
7059,7.059,-0.733333333333333,0.235173824130879,0,-1,0,-1,0
7060,7.06,-0.733333333333333,0.231083844580777,0,-1,0,-1,0
7061,7.061,-0.733333333333333,0.226993865030675,0,-1,0,-1,0
7062,7.062,-0.733333333333333,0.222903885480572,0,-1,0,-1,0
7063,7.063,-0.733333333333333,0.21881390593047,0,-1,0,-1,0
7064,7.064,-0.733333333333333,0.214723926380368,0,-1,0,-1,0
7065,7.065,-0.733333333333333,0.210633946830266,0,-1,0,-1,0
7066,7.066,-0.733333333333333,0.206543967280164,0,-1,0,-1,0
7067,7.067,-0.733333333333333,0.202453987730061,0,-1,0,-1,0
7068,7.068,-0.733333333333333,0.198364008179959,1,214,0,13,0
7069,7.069,-0.733333333333333,0.194274028629857,0,-1,0,-1,0
7070,7.07,-0.733333333333333,0.190184049079755,0,-1,0,-1,0
7071,7.071,-0.733333333333333,0.186094069529652,0,-1,0,-1,0
7072,7.072,-0.733333333333333,0.18200408997955,0,-1,0,-1,0
7073,7.073,-0.733333333333333,0.177914110429448,0,-1,0,-1,0
7074,7.074,-0.733333333333333,0.173824130879346,0,-1,0,-1,0
7075,7.075,-0.733333333333333,0.169734151329243,0,-1,0,-1,0
7076,7.076,-0.733333333333333,0.165644171779141,0,-1,0,-1,0
7077,7.077,-0.733333333333333,0.161554192229039,0,-1,0,-1,0
7078,7.078,-0.733333333333333,0.157464212678937,0,-1,0,-1,0
7079,7.079,-0.733333333333333,0.153374233128834,0,-1,0,-1,0
7080,7.08,-0.733333333333333,0.149284253578732,0,-1,0,-1,0
7081,7.081,-0.733333333333333,0.14519427402863,0,-1,0,-1,0
7082,7.082,-0.733333333333333,0.141104294478528,0,-1,0,-1,0
7083,7.083,-0.733333333333333,0.137014314928425,0,-1,0,-1,0
7084,7.084,-0.733333333333333,0.132924335378323,0,-1,0,-1,0
7085,7.085,-0.733333333333333,0.128834355828221,0,-1,0,-1,0
7086,7.086,-0.733333333333333,0.124744376278119,0,-1,0,-1,0
7087,7.087,-0.733333333333333,0.120654396728016,0,-1,0,-1,0
7088,7.088,-0.733333333333333,0.116564417177914,0,-1,0,-1,0
7089,7.089,-0.733333333333333,0.112474437627812,0,-1,0,-1,0
7090,7.09,-0.733333333333333,0.10838445807771,0,-1,0,-1,0
7091,7.091,-0.733333333333333,0.104294478527607,0,-1,0,-1,0
7092,7.092,-0.733333333333333,0.100204498977505,0,-1,0,-1,0
7093,7.093,-0.733333333333333,0.0961145194274029,0,-1,0,-1,0
7094,7.094,-0.733333333333333,0.0920245398773005,0,-1,0,-1,0
7095,7.095,-0.733333333333333,0.0879345603271984,0,-1,0,-1,0
7096,7.096,-0.733333333333333,0.0838445807770962,0,-1,0,-1,0
7097,7.097,-0.733333333333333,0.0797546012269938,0,-1,0,-1,0
7098,7.098,-0.733333333333333,0.0756646216768917,1,215,0,13,0
7099,7.099,-0.733333333333333,0.0715746421267893,0,-1,0,-1,0
7100,7.1,-0.733333333333333,0.0674846625766872,0,-1,0,-1,0
7101,7.101,-0.733333333333333,0.0633946830265848,0,-1,0,-1,0
7102,7.102,-0.733333333333333,0.0593047034764826,0,-1,0,-1,0
7103,7.103,-0.733333333333333,0.0552147239263803,0,-1,0,-1,0
7104,7.104,-0.733333333333333,0.0511247443762781,0,-1,0,-1,0
7105,7.105,-0.733333333333333,0.047034764826176,0,-1,0,-1,0
7106,7.106,-0.733333333333333,0.0429447852760736,0,-1,0,-1,0
7107,7.107,-0.733333333333333,0.0388548057259714,0,-1,0,-1,0
7108,7.108,-0.733333333333333,0.0347648261758691,0,-1,0,-1,0
7109,7.109,-0.733333333333333,0.0306748466257669,0,-1,0,-1,0
7110,7.11,-0.733333333333333,0.0265848670756645,0,-1,0,-1,0
7111,7.111,-0.733333333333333,0.0224948875255624,0,-1,0,-1,0
7112,7.112,-0.733333333333333,0.01840490797546,0,-1,0,-1,0
7113,7.113,-0.733333333333333,0.0143149284253579,0,-1,0,-1,0
7114,7.114,-0.733333333333333,0.0102249488752557,0,-1,0,-1,0
7115,7.115,-0.733333333333333,0.0061349693251533,0,-1,0,-1,0
7116,7.116,-0.733333333333333,0.0020449897750511,0,-1,0,-1,0
7117,7.117,-0.733333333333333,-0.002044989775051,0,-1,0,-1,0
7118,7.118,-0.733333333333333,-0.0061349693251533,0,-1,0,-1,0
7119,7.119,-0.733333333333333,-0.0102249488752556,0,-1,0,-1,0
7120,7.12,-0.733333333333333,-0.0143149284253579,0,-1,0,-1,0
7121,7.121,-0.733333333333333,-0.0184049079754601,0,-1,0,-1,0
7122,7.122,-0.733333333333333,-0.0224948875255624,0,-1,0,-1,0
7123,7.123,-0.733333333333333,-0.0265848670756647,0,-1,0,-1,0
7124,7.124,-0.733333333333333,-0.0306748466257669,0,-1,0,-1,0
7125,7.125,-0.733333333333333,-0.0347648261758691,0,-1,0,-1,0
7126,7.126,-0.733333333333333,-0.0388548057259713,0,-1,0,-1,0
7127,7.127,-0.733333333333333,-0.0429447852760736,0,-1,0,-1,0
7128,7.128,-0.733333333333333,-0.0470347648261759,1,216,0,13,0
7129,7.129,-0.733333333333333,-0.0511247443762781,0,-1,0,-1,0
7130,7.13,-0.733333333333333,-0.0552147239263804,0,-1,0,-1,0
7131,7.131,-0.733333333333333,-0.0593047034764826,0,-1,0,-1,0
7132,7.132,-0.733333333333333,-0.0633946830265849,0,-1,0,-1,0
7133,7.133,-0.733333333333333,-0.0674846625766872,0,-1,0,-1,0
7134,7.134,-0.733333333333333,-0.0715746421267893,0,-1,0,-1,0
7135,7.135,-0.733333333333333,-0.0756646216768916,0,-1,0,-1,0
7136,7.136,-0.733333333333333,-0.0797546012269938,0,-1,0,-1,0
7137,7.137,-0.733333333333333,-0.0838445807770961,0,-1,0,-1,0
7138,7.138,-0.733333333333333,-0.0879345603271984,0,-1,0,-1,0
7139,7.139,-0.733333333333333,-0.0920245398773006,0,-1,0,-1,0
7140,7.14,-0.733333333333333,-0.0961145194274029,0,-1,0,-1,0
7141,7.141,-0.733333333333333,-0.100204498977505,0,-1,0,-1,0
7142,7.142,-0.733333333333333,-0.104294478527607,0,-1,0,-1,0
7143,7.143,-0.733333333333333,-0.10838445807771,0,-1,0,-1,0
7144,7.144,-0.733333333333333,-0.112474437627812,0,-1,0,-1,0
7145,7.145,-0.733333333333333,-0.116564417177914,0,-1,0,-1,0
7146,7.146,-0.733333333333333,-0.120654396728016,0,-1,0,-1,0
7147,7.147,-0.733333333333333,-0.124744376278119,0,-1,0,-1,0
7148,7.148,-0.733333333333333,-0.128834355828221,0,-1,0,-1,0
7149,7.149,-0.733333333333333,-0.132924335378323,0,-1,0,-1,0
7150,7.15,-0.733333333333333,-0.137014314928425,0,-1,0,-1,0
7151,7.151,-0.733333333333333,-0.141104294478528,0,-1,0,-1,0
7152,7.152,-0.733333333333333,-0.14519427402863,0,-1,0,-1,0
7153,7.153,-0.733333333333333,-0.149284253578732,0,-1,0,-1,0
7154,7.154,-0.733333333333333,-0.153374233128834,0,-1,0,-1,0
7155,7.155,-0.733333333333333,-0.157464212678937,0,-1,0,-1,0
7156,7.156,-0.733333333333333,-0.161554192229039,0,-1,0,-1,0
7157,7.157,-0.733333333333333,-0.165644171779141,0,-1,0,-1,0
7158,7.158,-0.733333333333333,-0.169734151329243,1,217,0,13,0
7159,7.159,-0.733333333333333,-0.173824130879346,0,-1,0,-1,0
7160,7.16,-0.733333333333333,-0.177914110429448,0,-1,0,-1,0
7161,7.161,-0.733333333333333,-0.18200408997955,0,-1,0,-1,0
7162,7.162,-0.733333333333333,-0.186094069529652,0,-1,0,-1,0
7163,7.163,-0.733333333333333,-0.190184049079755,0,-1,0,-1,0
7164,7.164,-0.733333333333333,-0.194274028629857,0,-1,0,-1,0
7165,7.165,-0.733333333333333,-0.198364008179959,0,-1,0,-1,0
7166,7.166,-0.733333333333333,-0.202453987730061,0,-1,0,-1,0
7167,7.167,-0.733333333333333,-0.206543967280164,0,-1,0,-1,0
7168,7.168,-0.733333333333333,-0.210633946830266,0,-1,0,-1,0
7169,7.169,-0.733333333333333,-0.214723926380368,0,-1,0,-1,0
7170,7.17,-0.733333333333333,-0.21881390593047,0,-1,0,-1,0
7171,7.171,-0.733333333333333,-0.222903885480573,0,-1,0,-1,0
7172,7.172,-0.733333333333333,-0.226993865030675,0,-1,0,-1,0
7173,7.173,-0.733333333333333,-0.231083844580777,0,-1,0,-1,0
7174,7.174,-0.733333333333333,-0.235173824130879,0,-1,0,-1,0
7175,7.175,-0.733333333333333,-0.239263803680982,0,-1,0,-1,0
7176,7.176,-0.733333333333333,-0.243353783231084,0,-1,0,-1,0
7177,7.177,-0.733333333333333,-0.247443762781186,0,-1,0,-1,0
7178,7.178,-0.733333333333333,-0.251533742331288,0,-1,0,-1,0
7179,7.179,-0.733333333333333,-0.255623721881391,0,-1,0,-1,0
7180,7.18,-0.733333333333333,-0.259713701431493,0,-1,0,-1,0
7181,7.181,-0.733333333333333,-0.263803680981595,0,-1,0,-1,0
7182,7.182,-0.733333333333333,-0.267893660531697,0,-1,0,-1,0
7183,7.183,-0.733333333333333,-0.2719836400818,0,-1,0,-1,0
7184,7.184,-0.733333333333333,-0.276073619631902,0,-1,0,-1,0
7185,7.185,-0.733333333333333,-0.280163599182004,0,-1,0,-1,0
7186,7.186,-0.733333333333333,-0.284253578732106,0,-1,0,-1,0
7187,7.187,-0.733333333333333,-0.288343558282209,0,-1,0,-1,0
7188,7.188,-0.733333333333333,-0.292433537832311,1,218,0,13,0
7189,7.189,-0.733333333333333,-0.296523517382413,0,-1,0,-1,0
7190,7.19,-0.733333333333333,-0.300613496932515,0,-1,0,-1,0
7191,7.191,-0.733333333333333,-0.304703476482618,0,-1,0,-1,0
7192,7.192,-0.733333333333333,-0.30879345603272,0,-1,0,-1,0
7193,7.193,-0.733333333333333,-0.312883435582822,0,-1,0,-1,0
7194,7.194,-0.733333333333333,-0.316973415132924,0,-1,0,-1,0
7195,7.195,-0.733333333333333,-0.321063394683027,0,-1,0,-1,0
7196,7.196,-0.733333333333333,-0.325153374233129,0,-1,0,-1,0
7197,7.197,-0.733333333333333,-0.329243353783231,0,-1,0,-1,0
7198,7.198,-0.733333333333333,-0.333333333333333,0,-1,0,-1,0
7199,7.199,-0.733333333333333,-0.337423312883436,0,-1,0,-1,0
7200,7.2,-0.733333333333333,-0.341513292433538,0,-1,0,-1,0
7201,7.201,-0.733333333333333,-0.34560327198364,0,-1,0,-1,0
7202,7.202,-0.733333333333333,-0.349693251533742,0,-1,0,-1,0
7203,7.203,-0.733333333333333,-0.353783231083845,0,-1,0,-1,0
7204,7.204,-0.733333333333333,-0.357873210633947,0,-1,0,-1,0
7205,7.205,-0.733333333333333,-0.361963190184049,0,-1,0,-1,0
7206,7.206,-0.733333333333333,-0.366053169734151,0,-1,0,-1,0
7207,7.207,-0.733333333333333,-0.370143149284254,0,-1,0,-1,0
7208,7.208,-0.733333333333333,-0.374233128834356,0,-1,0,-1,0
7209,7.209,-0.733333333333333,-0.378323108384458,0,-1,0,-1,0
7210,7.21,-0.733333333333333,-0.38241308793456,0,-1,0,-1,0
7211,7.211,-0.733333333333333,-0.386503067484663,0,-1,0,-1,0
7212,7.212,-0.733333333333333,-0.390593047034765,0,-1,0,-1,0
7213,7.213,-0.733333333333333,-0.394683026584867,0,-1,0,-1,0
7214,7.214,-0.733333333333333,-0.398773006134969,0,-1,0,-1,0
7215,7.215,-0.733333333333333,-0.402862985685072,0,-1,0,-1,0
7216,7.216,-0.733333333333333,-0.406952965235174,0,-1,0,-1,0
7217,7.217,-0.733333333333333,-0.411042944785276,0,-1,0,-1,0
7218,7.218,-0.733333333333333,-0.415132924335378,1,219,0,13,0
7219,7.219,-0.733333333333333,-0.419222903885481,0,-1,0,-1,0
7220,7.22,-0.733333333333333,-0.423312883435583,0,-1,0,-1,0
7221,7.221,-0.733333333333333,-0.427402862985685,0,-1,0,-1,0
7222,7.222,-0.733333333333333,-0.431492842535787,0,-1,0,-1,0
7223,7.223,-0.733333333333333,-0.43558282208589,0,-1,0,-1,0
7224,7.224,-0.733333333333333,-0.439672801635992,0,-1,0,-1,0
7225,7.225,-0.733333333333333,-0.443762781186094,0,-1,0,-1,0
7226,7.226,-0.733333333333333,-0.447852760736196,0,-1,0,-1,0
7227,7.227,-0.733333333333333,-0.451942740286299,0,-1,0,-1,0
7228,7.228,-0.733333333333333,-0.456032719836401,0,-1,0,-1,0
7229,7.229,-0.733333333333333,-0.460122699386503,0,-1,0,-1,0
7230,7.23,-0.733333333333333,-0.464212678936605,0,-1,0,-1,0
7231,7.231,-0.733333333333333,-0.468302658486708,0,-1,0,-1,0
7232,7.232,-0.733333333333333,-0.47239263803681,0,-1,0,-1,0
7233,7.233,-0.733333333333333,-0.476482617586912,0,-1,0,-1,0
7234,7.234,-0.733333333333333,-0.480572597137014,0,-1,0,-1,0
7235,7.235,-0.733333333333333,-0.484662576687117,0,-1,0,-1,0
7236,7.236,-0.733333333333333,-0.488752556237219,0,-1,0,-1,0
7237,7.237,-0.733333333333333,-0.492842535787321,0,-1,0,-1,0
7238,7.238,-0.733333333333333,-0.496932515337423,0,-1,0,-1,0
7239,7.239,-0.733333333333333,-0.501022494887525,0,-1,0,-1,0
7240,7.24,-0.733333333333333,-0.505112474437628,0,-1,0,-1,0
7241,7.241,-0.733333333333333,-0.50920245398773,0,-1,0,-1,0
7242,7.242,-0.733333333333333,-0.513292433537832,0,-1,0,-1,0
7243,7.243,-0.733333333333333,-0.517382413087935,0,-1,0,-1,0
7244,7.244,-0.733333333333333,-0.521472392638037,0,-1,0,-1,0
7245,7.245,-0.733333333333333,-0.525562372188139,0,-1,0,-1,0
7246,7.246,-0.733333333333333,-0.529652351738241,0,-1,0,-1,0
7247,7.247,-0.733333333333333,-0.533742331288344,0,-1,0,-1,0
7248,7.248,-0.733333333333333,-0.537832310838446,1,220,0,13,0
7249,7.249,-0.733333333333333,-0.541922290388548,0,-1,0,-1,0
7250,7.25,-0.733333333333333,-0.54601226993865,0,-1,0,-1,0
7251,7.251,-0.733333333333333,-0.550102249488753,0,-1,0,-1,0
7252,7.252,-0.733333333333333,-0.554192229038855,0,-1,0,-1,0
7253,7.253,-0.733333333333333,-0.558282208588957,0,-1,0,-1,0
7254,7.254,-0.733333333333333,-0.562372188139059,0,-1,0,-1,0
7255,7.255,-0.733333333333333,-0.566462167689162,0,-1,0,-1,0
7256,7.256,-0.733333333333333,-0.570552147239264,0,-1,0,-1,0
7257,7.257,-0.733333333333333,-0.574642126789366,0,-1,0,-1,0
7258,7.258,-0.733333333333333,-0.578732106339468,0,-1,0,-1,0
7259,7.259,-0.733333333333333,-0.582822085889571,0,-1,0,-1,0
7260,7.26,-0.733333333333333,-0.586912065439673,0,-1,0,-1,0
7261,7.261,-0.733333333333333,-0.591002044989775,0,-1,0,-1,0
7262,7.262,-0.733333333333333,-0.595092024539877,0,-1,0,-1,0
7263,7.263,-0.733333333333333,-0.59918200408998,0,-1,0,-1,0
7264,7.264,-0.733333333333333,-0.603271983640082,0,-1,0,-1,0
7265,7.265,-0.733333333333333,-0.607361963190184,0,-1,0,-1,0
7266,7.266,-0.733333333333333,-0.611451942740286,0,-1,0,-1,0
7267,7.267,-0.733333333333333,-0.615541922290389,0,-1,0,-1,0
7268,7.268,-0.733333333333333,-0.619631901840491,0,-1,0,-1,0
7269,7.269,-0.733333333333333,-0.623721881390593,0,-1,0,-1,0
7270,7.27,-0.733333333333333,-0.627811860940695,0,-1,0,-1,0
7271,7.271,-0.733333333333333,-0.631901840490798,0,-1,0,-1,0
7272,7.272,-0.733333333333333,-0.6359918200409,0,-1,0,-1,0
7273,7.273,-0.733333333333333,-0.640081799591002,0,-1,0,-1,0
7274,7.274,-0.733333333333333,-0.644171779141104,0,-1,0,-1,0
7275,7.275,-0.733333333333333,-0.648261758691207,0,-1,0,-1,0
7276,7.276,-0.733333333333333,-0.652351738241309,0,-1,0,-1,0
7277,7.277,-0.733333333333333,-0.656441717791411,0,-1,0,-1,0
7278,7.278,-0.733333333333333,-0.660531697341513,1,221,0,13,0
7279,7.279,-0.733333333333333,-0.664621676891616,0,-1,0,-1,0
7280,7.28,-0.733333333333333,-0.668711656441718,0,-1,0,-1,0
7281,7.281,-0.733333333333333,-0.67280163599182,0,-1,0,-1,0
7282,7.282,-0.733333333333333,-0.676891615541922,0,-1,0,-1,0
7283,7.283,-0.733333333333333,-0.680981595092025,0,-1,0,-1,0
7284,7.284,-0.733333333333333,-0.685071574642127,0,-1,0,-1,0
7285,7.285,-0.733333333333333,-0.689161554192229,0,-1,0,-1,0
7286,7.286,-0.733333333333333,-0.693251533742331,0,-1,0,-1,0
7287,7.287,-0.733333333333333,-0.697341513292434,0,-1,0,-1,0
7288,7.288,-0.733333333333333,-0.701431492842536,0,-1,0,-1,0
7289,7.289,-0.733333333333333,-0.705521472392638,0,-1,0,-1,0
7290,7.29,-0.733333333333333,-0.70961145194274,0,-1,0,-1,0
7291,7.291,-0.733333333333333,-0.713701431492842,0,-1,0,-1,0
7292,7.292,-0.733333333333333,-0.717791411042945,0,-1,0,-1,0
7293,7.293,-0.733333333333333,-0.721881390593047,0,-1,0,-1,0
7294,7.294,-0.733333333333333,-0.725971370143149,0,-1,0,-1,0
7295,7.295,-0.733333333333333,-0.730061349693252,0,-1,0,-1,0
7296,7.296,-0.733333333333333,-0.734151329243354,0,-1,0,-1,0
7297,7.297,-0.733333333333333,-0.738241308793456,0,-1,0,-1,0
7298,7.298,-0.733333333333333,-0.742331288343558,0,-1,0,-1,0
7299,7.299,-0.733333333333333,-0.746421267893661,0,-1,0,-1,0
7300,7.3,-0.733333333333333,-0.750511247443763,0,-1,0,-1,0
7301,7.301,-0.733333333333333,-0.754601226993865,0,-1,0,-1,0
7302,7.302,-0.733333333333333,-0.758691206543967,0,-1,0,-1,0
7303,7.303,-0.733333333333333,-0.76278118609407,0,-1,0,-1,0
7304,7.304,-0.733333333333333,-0.766871165644172,0,-1,0,-1,0
7305,7.305,-0.733333333333333,-0.770961145194274,0,-1,0,-1,0
7306,7.306,-0.733333333333333,-0.775051124744376,0,-1,0,-1,0
7307,7.307,-0.733333333333333,-0.779141104294478,0,-1,0,-1,0
7308,7.308,-0.733333333333333,-0.783231083844581,1,222,0,13,0
7309,7.309,-0.733333333333333,-0.787321063394683,0,-1,0,-1,0
7310,7.31,-0.733333333333333,-0.791411042944785,0,-1,0,-1,0
7311,7.311,-0.733333333333333,-0.795501022494888,0,-1,0,-1,0
7312,7.312,-0.733333333333333,-0.79959100204499,0,-1,0,-1,0
7313,7.313,-0.733333333333333,-0.803680981595092,0,-1,0,-1,0
7314,7.314,-0.733333333333333,-0.807770961145194,0,-1,0,-1,0
7315,7.315,-0.733333333333333,-0.811860940695297,0,-1,0,-1,0
7316,7.316,-0.733333333333333,-0.815950920245399,0,-1,0,-1,0
7317,7.317,-0.733333333333333,-0.820040899795501,0,-1,0,-1,0
7318,7.318,-0.733333333333333,-0.824130879345603,0,-1,0,-1,0
7319,7.319,-0.733333333333333,-0.828220858895706,0,-1,0,-1,0
7320,7.32,-0.733333333333333,-0.832310838445808,0,-1,0,-1,0
7321,7.321,-0.733333333333333,-0.83640081799591,0,-1,0,-1,0
7322,7.322,-0.733333333333333,-0.840490797546012,0,-1,0,-1,0
7323,7.323,-0.733333333333333,-0.844580777096114,0,-1,0,-1,0
7324,7.324,-0.733333333333333,-0.848670756646217,0,-1,0,-1,0
7325,7.325,-0.733333333333333,-0.852760736196319,0,-1,0,-1,0
7326,7.326,-0.733333333333333,-0.856850715746421,0,-1,0,-1,0
7327,7.327,-0.733333333333333,-0.860940695296524,0,-1,0,-1,0
7328,7.328,-0.733333333333333,-0.865030674846626,0,-1,0,-1,0
7329,7.329,-0.733333333333333,-0.869120654396728,0,-1,0,-1,0
7330,7.33,-0.733333333333333,-0.87321063394683,0,-1,0,-1,0
7331,7.331,-0.733333333333333,-0.877300613496933,0,-1,0,-1,0
7332,7.332,-0.733333333333333,-0.881390593047035,0,-1,0,-1,0
7333,7.333,-0.733333333333333,-0.885480572597137,0,-1,0,-1,0
7334,7.334,-0.733333333333333,-0.889570552147239,0,-1,0,-1,0
7335,7.335,-0.733333333333333,-0.893660531697342,0,-1,0,-1,0
7336,7.336,-0.733333333333333,-0.897750511247444,0,-1,0,-1,0
7337,7.337,-0.733333333333333,-0.901840490797546,0,-1,0,-1,0
7338,7.338,-0.733333333333333,-0.905930470347648,1,223,0,13,0
7339,7.339,-0.733333333333333,-0.910020449897751,0,-1,0,-1,0
7340,7.34,-0.733333333333333,-0.914110429447853,0,-1,0,-1,0
7341,7.341,-0.733333333333333,-0.918200408997955,0,-1,0,-1,0
7342,7.342,-0.733333333333333,-0.922290388548057,0,-1,0,-1,0
7343,7.343,-0.737777777777778,-0.926380368098159,0,-1,0,-1,0
7344,7.344,-0.737777777777778,-0.930470347648262,0,-1,0,-1,0
7345,7.345,-0.737777777777778,-0.934560327198364,0,-1,0,-1,0
7346,7.346,-0.742222222222222,-0.938650306748466,0,-1,0,-1,0
7347,7.347,-0.742222222222222,-0.942740286298569,0,-1,0,-1,0
7348,7.348,-0.746666666666667,-0.946830265848671,0,-1,0,-1,0
7349,7.349,-0.751111111111111,-0.950920245398773,0,-1,0,-1,0
7350,7.35,-0.755555555555556,-0.955010224948875,0,-1,0,-1,0
7351,7.351,-0.76,-0.959100204498977,0,-1,0,-1,0
7352,7.352,-0.764444444444444,-0.96319018404908,0,-1,0,-1,0
7353,7.353,-0.768888888888889,-0.96319018404908,0,-1,0,-1,0
7354,7.354,-0.773333333333333,-0.967280163599182,0,-1,0,-1,0
7355,7.355,-0.777777777777778,-0.967280163599182,0,-1,0,-1,0
7356,7.356,-0.782222222222222,-0.967280163599182,0,-1,0,-1,0
7357,7.357,-0.786666666666667,-0.971370143149284,0,-1,0,-1,0
7358,7.358,-0.791111111111111,-0.971370143149284,0,-1,0,-1,0
7359,7.359,-0.795555555555556,-0.971370143149284,0,-1,0,-1,0
7360,7.36,-0.8,-0.971370143149284,0,-1,0,-1,0
7361,7.361,-0.804444444444444,-0.971370143149284,0,-1,0,-1,0
7362,7.362,-0.808888888888889,-0.971370143149284,0,-1,0,-1,0
7363,7.363,-0.813333333333333,-0.971370143149284,0,-1,0,-1,0
7364,7.364,-0.817777777777778,-0.967280163599182,0,-1,0,-1,0
7365,7.365,-0.822222222222222,-0.967280163599182,0,-1,0,-1,0
7366,7.366,-0.826666666666667,-0.967280163599182,0,-1,0,-1,0
7367,7.367,-0.831111111111111,-0.96319018404908,0,-1,0,-1,0
7368,7.368,-0.835555555555556,-0.96319018404908,0,-1,0,-1,0
7369,7.369,-0.84,-0.959100204498977,0,-1,0,-1,0
7370,7.37,-0.844444444444444,-0.955010224948875,0,-1,0,-1,0
7371,7.371,-0.848888888888889,-0.950920245398773,0,-1,0,-1,0
7372,7.372,-0.853333333333333,-0.946830265848671,0,-1,0,-1,0
7373,7.373,-0.857777777777778,-0.942740286298569,0,-1,0,-1,0
7374,7.374,-0.857777777777778,-0.938650306748466,0,-1,0,-1,0
7375,7.375,-0.862222222222222,-0.934560327198364,0,-1,0,-1,0
7376,7.376,-0.862222222222222,-0.930470347648262,0,-1,0,-1,0
7377,7.377,-0.862222222222222,-0.926380368098159,0,-1,0,-1,0
7378,7.378,-0.866666666666667,-0.922290388548057,0,-1,0,-1,0
7379,7.379,-0.866666666666667,-0.918200408997955,0,-1,0,-1,0
7380,7.38,-0.866666666666667,-0.914110429447853,0,-1,0,-1,0
7381,7.381,-0.866666666666667,-0.910020449897751,0,-1,0,-1,0
7382,7.382,-0.866666666666667,-0.905930470347648,1,224,1,14,0
7383,7.383,-0.866666666666667,-0.901840490797546,0,-1,0,-1,0
7384,7.384,-0.866666666666667,-0.897750511247444,0,-1,0,-1,0
7385,7.385,-0.866666666666667,-0.893660531697342,0,-1,0,-1,0
7386,7.386,-0.866666666666667,-0.889570552147239,0,-1,0,-1,0
7387,7.387,-0.866666666666667,-0.885480572597137,0,-1,0,-1,0
7388,7.388,-0.866666666666667,-0.881390593047035,0,-1,0,-1,0
7389,7.389,-0.866666666666667,-0.877300613496933,0,-1,0,-1,0
7390,7.39,-0.866666666666667,-0.87321063394683,0,-1,0,-1,0
7391,7.391,-0.866666666666667,-0.869120654396728,0,-1,0,-1,0
7392,7.392,-0.866666666666667,-0.865030674846626,0,-1,0,-1,0
7393,7.393,-0.866666666666667,-0.860940695296524,0,-1,0,-1,0
7394,7.394,-0.866666666666667,-0.856850715746421,0,-1,0,-1,0
7395,7.395,-0.866666666666667,-0.852760736196319,0,-1,0,-1,0
7396,7.396,-0.866666666666667,-0.848670756646217,0,-1,0,-1,0
7397,7.397,-0.866666666666667,-0.844580777096114,0,-1,0,-1,0
7398,7.398,-0.866666666666667,-0.840490797546012,0,-1,0,-1,0
7399,7.399,-0.866666666666667,-0.83640081799591,0,-1,0,-1,0
7400,7.4,-0.866666666666667,-0.832310838445808,0,-1,0,-1,0
7401,7.401,-0.866666666666667,-0.828220858895706,0,-1,0,-1,0
7402,7.402,-0.866666666666667,-0.824130879345603,0,-1,0,-1,0
7403,7.403,-0.866666666666667,-0.820040899795501,0,-1,0,-1,0
7404,7.404,-0.866666666666667,-0.815950920245399,0,-1,0,-1,0
7405,7.405,-0.866666666666667,-0.811860940695297,0,-1,0,-1,0
7406,7.406,-0.866666666666667,-0.807770961145194,0,-1,0,-1,0
7407,7.407,-0.866666666666667,-0.803680981595092,0,-1,0,-1,0
7408,7.408,-0.866666666666667,-0.79959100204499,0,-1,0,-1,0
7409,7.409,-0.866666666666667,-0.795501022494888,0,-1,0,-1,0
7410,7.41,-0.866666666666667,-0.791411042944785,0,-1,0,-1,0
7411,7.411,-0.866666666666667,-0.787321063394683,0,-1,0,-1,0
7412,7.412,-0.866666666666667,-0.783231083844581,1,225,0,14,0
7413,7.413,-0.866666666666667,-0.779141104294478,0,-1,0,-1,0
7414,7.414,-0.866666666666667,-0.775051124744376,0,-1,0,-1,0
7415,7.415,-0.866666666666667,-0.770961145194274,0,-1,0,-1,0
7416,7.416,-0.866666666666667,-0.766871165644172,0,-1,0,-1,0
7417,7.417,-0.866666666666667,-0.76278118609407,0,-1,0,-1,0
7418,7.418,-0.866666666666667,-0.758691206543967,0,-1,0,-1,0
7419,7.419,-0.866666666666667,-0.754601226993865,0,-1,0,-1,0
7420,7.42,-0.866666666666667,-0.750511247443763,0,-1,0,-1,0
7421,7.421,-0.866666666666667,-0.746421267893661,0,-1,0,-1,0
7422,7.422,-0.866666666666667,-0.742331288343558,0,-1,0,-1,0
7423,7.423,-0.866666666666667,-0.738241308793456,0,-1,0,-1,0
7424,7.424,-0.866666666666667,-0.734151329243354,0,-1,0,-1,0
7425,7.425,-0.866666666666667,-0.730061349693252,0,-1,0,-1,0
7426,7.426,-0.866666666666667,-0.725971370143149,0,-1,0,-1,0
7427,7.427,-0.866666666666667,-0.721881390593047,0,-1,0,-1,0
7428,7.428,-0.866666666666667,-0.717791411042945,0,-1,0,-1,0
7429,7.429,-0.866666666666667,-0.713701431492842,0,-1,0,-1,0
7430,7.43,-0.866666666666667,-0.70961145194274,0,-1,0,-1,0
7431,7.431,-0.866666666666667,-0.705521472392638,0,-1,0,-1,0
7432,7.432,-0.866666666666667,-0.701431492842536,0,-1,0,-1,0
7433,7.433,-0.866666666666667,-0.697341513292434,0,-1,0,-1,0
7434,7.434,-0.866666666666667,-0.693251533742331,0,-1,0,-1,0
7435,7.435,-0.866666666666667,-0.689161554192229,0,-1,0,-1,0
7436,7.436,-0.866666666666667,-0.685071574642127,0,-1,0,-1,0
7437,7.437,-0.866666666666667,-0.680981595092025,0,-1,0,-1,0
7438,7.438,-0.866666666666667,-0.676891615541922,0,-1,0,-1,0
7439,7.439,-0.866666666666667,-0.67280163599182,0,-1,0,-1,0
7440,7.44,-0.866666666666667,-0.668711656441718,0,-1,0,-1,0
7441,7.441,-0.866666666666667,-0.664621676891616,0,-1,0,-1,0
7442,7.442,-0.866666666666667,-0.660531697341513,1,226,0,14,0
7443,7.443,-0.866666666666667,-0.656441717791411,0,-1,0,-1,0
7444,7.444,-0.866666666666667,-0.652351738241309,0,-1,0,-1,0
7445,7.445,-0.866666666666667,-0.648261758691207,0,-1,0,-1,0
7446,7.446,-0.866666666666667,-0.644171779141104,0,-1,0,-1,0
7447,7.447,-0.866666666666667,-0.640081799591002,0,-1,0,-1,0
7448,7.448,-0.866666666666667,-0.6359918200409,0,-1,0,-1,0
7449,7.449,-0.866666666666667,-0.631901840490798,0,-1,0,-1,0
7450,7.45,-0.866666666666667,-0.627811860940695,0,-1,0,-1,0
7451,7.451,-0.866666666666667,-0.623721881390593,0,-1,0,-1,0
7452,7.452,-0.866666666666667,-0.619631901840491,0,-1,0,-1,0
7453,7.453,-0.866666666666667,-0.615541922290389,0,-1,0,-1,0
7454,7.454,-0.866666666666667,-0.611451942740286,0,-1,0,-1,0
7455,7.455,-0.866666666666667,-0.607361963190184,0,-1,0,-1,0
7456,7.456,-0.866666666666667,-0.603271983640082,0,-1,0,-1,0
7457,7.457,-0.866666666666667,-0.59918200408998,0,-1,0,-1,0
7458,7.458,-0.866666666666667,-0.595092024539877,0,-1,0,-1,0
7459,7.459,-0.866666666666667,-0.591002044989775,0,-1,0,-1,0
7460,7.46,-0.866666666666667,-0.586912065439673,0,-1,0,-1,0
7461,7.461,-0.866666666666667,-0.582822085889571,0,-1,0,-1,0
7462,7.462,-0.866666666666667,-0.578732106339468,0,-1,0,-1,0
7463,7.463,-0.866666666666667,-0.574642126789366,0,-1,0,-1,0
7464,7.464,-0.866666666666667,-0.570552147239264,0,-1,0,-1,0
7465,7.465,-0.866666666666667,-0.566462167689162,0,-1,0,-1,0
7466,7.466,-0.866666666666667,-0.562372188139059,0,-1,0,-1,0
7467,7.467,-0.866666666666667,-0.558282208588957,0,-1,0,-1,0
7468,7.468,-0.866666666666667,-0.554192229038855,0,-1,0,-1,0
7469,7.469,-0.866666666666667,-0.550102249488753,0,-1,0,-1,0
7470,7.47,-0.866666666666667,-0.54601226993865,0,-1,0,-1,0
7471,7.471,-0.866666666666667,-0.541922290388548,0,-1,0,-1,0
7472,7.472,-0.866666666666667,-0.537832310838446,1,227,0,14,0
7473,7.473,-0.866666666666667,-0.533742331288344,0,-1,0,-1,0
7474,7.474,-0.866666666666667,-0.529652351738241,0,-1,0,-1,0
7475,7.475,-0.866666666666667,-0.525562372188139,0,-1,0,-1,0
7476,7.476,-0.866666666666667,-0.521472392638037,0,-1,0,-1,0
7477,7.477,-0.866666666666667,-0.517382413087935,0,-1,0,-1,0
7478,7.478,-0.866666666666667,-0.513292433537832,0,-1,0,-1,0
7479,7.479,-0.866666666666667,-0.50920245398773,0,-1,0,-1,0
7480,7.48,-0.866666666666667,-0.505112474437628,0,-1,0,-1,0
7481,7.481,-0.866666666666667,-0.501022494887525,0,-1,0,-1,0
7482,7.482,-0.866666666666667,-0.496932515337423,0,-1,0,-1,0
7483,7.483,-0.866666666666667,-0.492842535787321,0,-1,0,-1,0
7484,7.484,-0.866666666666667,-0.488752556237219,0,-1,0,-1,0
7485,7.485,-0.866666666666667,-0.484662576687117,0,-1,0,-1,0
7486,7.486,-0.866666666666667,-0.480572597137014,0,-1,0,-1,0
7487,7.487,-0.866666666666667,-0.476482617586912,0,-1,0,-1,0
7488,7.488,-0.866666666666667,-0.47239263803681,0,-1,0,-1,0
7489,7.489,-0.866666666666667,-0.468302658486708,0,-1,0,-1,0
7490,7.49,-0.866666666666667,-0.464212678936605,0,-1,0,-1,0
7491,7.491,-0.866666666666667,-0.460122699386503,0,-1,0,-1,0
7492,7.492,-0.866666666666667,-0.456032719836401,0,-1,0,-1,0
7493,7.493,-0.866666666666667,-0.451942740286299,0,-1,0,-1,0
7494,7.494,-0.866666666666667,-0.447852760736196,0,-1,0,-1,0
7495,7.495,-0.866666666666667,-0.443762781186094,0,-1,0,-1,0
7496,7.496,-0.866666666666667,-0.439672801635992,0,-1,0,-1,0
7497,7.497,-0.866666666666667,-0.43558282208589,0,-1,0,-1,0
7498,7.498,-0.866666666666667,-0.431492842535787,0,-1,0,-1,0
7499,7.499,-0.866666666666667,-0.427402862985685,0,-1,0,-1,0
7500,7.5,-0.866666666666667,-0.423312883435583,0,-1,0,-1,0
7501,7.501,-0.866666666666667,-0.419222903885481,0,-1,0,-1,0
7502,7.502,-0.866666666666667,-0.415132924335378,1,228,0,14,0
7503,7.503,-0.866666666666667,-0.411042944785276,0,-1,0,-1,0
7504,7.504,-0.866666666666667,-0.406952965235174,0,-1,0,-1,0
7505,7.505,-0.866666666666667,-0.402862985685072,0,-1,0,-1,0
7506,7.506,-0.866666666666667,-0.398773006134969,0,-1,0,-1,0
7507,7.507,-0.866666666666667,-0.394683026584867,0,-1,0,-1,0
7508,7.508,-0.866666666666667,-0.390593047034765,0,-1,0,-1,0
7509,7.509,-0.866666666666667,-0.386503067484663,0,-1,0,-1,0
7510,7.51,-0.866666666666667,-0.38241308793456,0,-1,0,-1,0
7511,7.511,-0.866666666666667,-0.378323108384458,0,-1,0,-1,0
7512,7.512,-0.866666666666667,-0.374233128834356,0,-1,0,-1,0
7513,7.513,-0.866666666666667,-0.370143149284254,0,-1,0,-1,0
7514,7.514,-0.866666666666667,-0.366053169734151,0,-1,0,-1,0
7515,7.515,-0.866666666666667,-0.361963190184049,0,-1,0,-1,0
7516,7.516,-0.866666666666667,-0.357873210633947,0,-1,0,-1,0
7517,7.517,-0.866666666666667,-0.353783231083845,0,-1,0,-1,0
7518,7.518,-0.866666666666667,-0.349693251533742,0,-1,0,-1,0
7519,7.519,-0.866666666666667,-0.34560327198364,0,-1,0,-1,0
7520,7.52,-0.866666666666667,-0.341513292433538,0,-1,0,-1,0
7521,7.521,-0.866666666666667,-0.337423312883436,0,-1,0,-1,0
7522,7.522,-0.866666666666667,-0.333333333333333,0,-1,0,-1,0
7523,7.523,-0.866666666666667,-0.329243353783231,0,-1,0,-1,0
7524,7.524,-0.866666666666667,-0.325153374233129,0,-1,0,-1,0
7525,7.525,-0.866666666666667,-0.321063394683027,0,-1,0,-1,0
7526,7.526,-0.866666666666667,-0.316973415132924,0,-1,0,-1,0
7527,7.527,-0.866666666666667,-0.312883435582822,0,-1,0,-1,0
7528,7.528,-0.866666666666667,-0.30879345603272,0,-1,0,-1,0
7529,7.529,-0.866666666666667,-0.304703476482618,0,-1,0,-1,0
7530,7.53,-0.866666666666667,-0.300613496932515,0,-1,0,-1,0
7531,7.531,-0.866666666666667,-0.296523517382413,0,-1,0,-1,0
7532,7.532,-0.866666666666667,-0.292433537832311,1,229,0,14,0
7533,7.533,-0.866666666666667,-0.288343558282209,0,-1,0,-1,0
7534,7.534,-0.866666666666667,-0.284253578732106,0,-1,0,-1,0
7535,7.535,-0.866666666666667,-0.280163599182004,0,-1,0,-1,0
7536,7.536,-0.866666666666667,-0.276073619631902,0,-1,0,-1,0
7537,7.537,-0.866666666666667,-0.2719836400818,0,-1,0,-1,0
7538,7.538,-0.866666666666667,-0.267893660531697,0,-1,0,-1,0
7539,7.539,-0.866666666666667,-0.263803680981595,0,-1,0,-1,0
7540,7.54,-0.866666666666667,-0.259713701431493,0,-1,0,-1,0
7541,7.541,-0.866666666666667,-0.255623721881391,0,-1,0,-1,0
7542,7.542,-0.866666666666667,-0.251533742331288,0,-1,0,-1,0
7543,7.543,-0.866666666666667,-0.247443762781186,0,-1,0,-1,0
7544,7.544,-0.866666666666667,-0.243353783231084,0,-1,0,-1,0
7545,7.545,-0.866666666666667,-0.239263803680982,0,-1,0,-1,0
7546,7.546,-0.866666666666667,-0.235173824130879,0,-1,0,-1,0
7547,7.547,-0.866666666666667,-0.231083844580777,0,-1,0,-1,0
7548,7.548,-0.866666666666667,-0.226993865030675,0,-1,0,-1,0
7549,7.549,-0.866666666666667,-0.222903885480573,0,-1,0,-1,0
7550,7.55,-0.866666666666667,-0.21881390593047,0,-1,0,-1,0
7551,7.551,-0.866666666666667,-0.214723926380368,0,-1,0,-1,0
7552,7.552,-0.866666666666667,-0.210633946830266,0,-1,0,-1,0
7553,7.553,-0.866666666666667,-0.206543967280164,0,-1,0,-1,0
7554,7.554,-0.866666666666667,-0.202453987730061,0,-1,0,-1,0
7555,7.555,-0.866666666666667,-0.198364008179959,0,-1,0,-1,0
7556,7.556,-0.866666666666667,-0.194274028629857,0,-1,0,-1,0
7557,7.557,-0.866666666666667,-0.190184049079755,0,-1,0,-1,0
7558,7.558,-0.866666666666667,-0.186094069529652,0,-1,0,-1,0
7559,7.559,-0.866666666666667,-0.18200408997955,0,-1,0,-1,0
7560,7.56,-0.866666666666667,-0.177914110429448,0,-1,0,-1,0
7561,7.561,-0.866666666666667,-0.173824130879346,0,-1,0,-1,0
7562,7.562,-0.866666666666667,-0.169734151329243,1,230,0,14,0
7563,7.563,-0.866666666666667,-0.165644171779141,0,-1,0,-1,0
7564,7.564,-0.866666666666667,-0.161554192229039,0,-1,0,-1,0
7565,7.565,-0.866666666666667,-0.157464212678937,0,-1,0,-1,0
7566,7.566,-0.866666666666667,-0.153374233128834,0,-1,0,-1,0
7567,7.567,-0.866666666666667,-0.149284253578732,0,-1,0,-1,0
7568,7.568,-0.866666666666667,-0.14519427402863,0,-1,0,-1,0
7569,7.569,-0.866666666666667,-0.141104294478528,0,-1,0,-1,0
7570,7.57,-0.866666666666667,-0.137014314928425,0,-1,0,-1,0
7571,7.571,-0.866666666666667,-0.132924335378323,0,-1,0,-1,0
7572,7.572,-0.866666666666667,-0.128834355828221,0,-1,0,-1,0
7573,7.573,-0.866666666666667,-0.124744376278119,0,-1,0,-1,0
7574,7.574,-0.866666666666667,-0.120654396728016,0,-1,0,-1,0
7575,7.575,-0.866666666666667,-0.116564417177914,0,-1,0,-1,0
7576,7.576,-0.866666666666667,-0.112474437627812,0,-1,0,-1,0
7577,7.577,-0.866666666666667,-0.10838445807771,0,-1,0,-1,0
7578,7.578,-0.866666666666667,-0.104294478527607,0,-1,0,-1,0
7579,7.579,-0.866666666666667,-0.100204498977505,0,-1,0,-1,0
7580,7.58,-0.866666666666667,-0.0961145194274029,0,-1,0,-1,0
7581,7.581,-0.866666666666667,-0.0920245398773006,0,-1,0,-1,0
7582,7.582,-0.866666666666667,-0.0879345603271984,0,-1,0,-1,0
7583,7.583,-0.866666666666667,-0.0838445807770961,0,-1,0,-1,0
7584,7.584,-0.866666666666667,-0.0797546012269938,0,-1,0,-1,0
7585,7.585,-0.866666666666667,-0.0756646216768916,0,-1,0,-1,0
7586,7.586,-0.866666666666667,-0.0715746421267893,0,-1,0,-1,0
7587,7.587,-0.866666666666667,-0.0674846625766872,0,-1,0,-1,0
7588,7.588,-0.866666666666667,-0.0633946830265849,0,-1,0,-1,0
7589,7.589,-0.866666666666667,-0.0593047034764826,0,-1,0,-1,0
7590,7.59,-0.866666666666667,-0.0552147239263804,0,-1,0,-1,0
7591,7.591,-0.866666666666667,-0.0511247443762781,0,-1,0,-1,0
7592,7.592,-0.866666666666667,-0.0470347648261759,1,231,0,14,0
7593,7.593,-0.866666666666667,-0.0429447852760736,0,-1,0,-1,0
7594,7.594,-0.866666666666667,-0.0388548057259713,0,-1,0,-1,0
7595,7.595,-0.866666666666667,-0.0347648261758691,0,-1,0,-1,0
7596,7.596,-0.866666666666667,-0.0306748466257669,0,-1,0,-1,0
7597,7.597,-0.866666666666667,-0.0265848670756647,0,-1,0,-1,0
7598,7.598,-0.866666666666667,-0.0224948875255624,0,-1,0,-1,0
7599,7.599,-0.866666666666667,-0.0184049079754601,0,-1,0,-1,0
7600,7.6,-0.866666666666667,-0.0143149284253579,0,-1,0,-1,0
7601,7.601,-0.866666666666667,-0.0102249488752556,0,-1,0,-1,0
7602,7.602,-0.866666666666667,-0.0061349693251533,0,-1,0,-1,0
7603,7.603,-0.866666666666667,-0.002044989775051,0,-1,0,-1,0
7604,7.604,-0.866666666666667,0.0020449897750511,0,-1,0,-1,0
7605,7.605,-0.866666666666667,0.0061349693251533,0,-1,0,-1,0
7606,7.606,-0.866666666666667,0.0102249488752557,0,-1,0,-1,0
7607,7.607,-0.866666666666667,0.0143149284253579,0,-1,0,-1,0
7608,7.608,-0.866666666666667,0.01840490797546,0,-1,0,-1,0
7609,7.609,-0.866666666666667,0.0224948875255624,0,-1,0,-1,0
7610,7.61,-0.866666666666667,0.0265848670756645,0,-1,0,-1,0
7611,7.611,-0.866666666666667,0.0306748466257669,0,-1,0,-1,0
7612,7.612,-0.866666666666667,0.0347648261758691,0,-1,0,-1,0
7613,7.613,-0.866666666666667,0.0388548057259714,0,-1,0,-1,0
7614,7.614,-0.866666666666667,0.0429447852760736,0,-1,0,-1,0
7615,7.615,-0.866666666666667,0.047034764826176,0,-1,0,-1,0
7616,7.616,-0.866666666666667,0.0511247443762781,0,-1,0,-1,0
7617,7.617,-0.866666666666667,0.0552147239263803,0,-1,0,-1,0
7618,7.618,-0.866666666666667,0.0593047034764826,0,-1,0,-1,0
7619,7.619,-0.866666666666667,0.0633946830265848,0,-1,0,-1,0
7620,7.62,-0.866666666666667,0.0674846625766872,0,-1,0,-1,0
7621,7.621,-0.866666666666667,0.0715746421267893,0,-1,0,-1,0
7622,7.622,-0.866666666666667,0.0756646216768917,1,232,0,14,0
7623,7.623,-0.866666666666667,0.0797546012269938,0,-1,0,-1,0
7624,7.624,-0.866666666666667,0.0838445807770962,0,-1,0,-1,0
7625,7.625,-0.866666666666667,0.0879345603271984,0,-1,0,-1,0
7626,7.626,-0.866666666666667,0.0920245398773005,0,-1,0,-1,0
7627,7.627,-0.866666666666667,0.0961145194274029,0,-1,0,-1,0
7628,7.628,-0.866666666666667,0.100204498977505,0,-1,0,-1,0
7629,7.629,-0.866666666666667,0.104294478527607,0,-1,0,-1,0
7630,7.63,-0.866666666666667,0.10838445807771,0,-1,0,-1,0
7631,7.631,-0.866666666666667,0.112474437627812,0,-1,0,-1,0
7632,7.632,-0.866666666666667,0.116564417177914,0,-1,0,-1,0
7633,7.633,-0.866666666666667,0.120654396728016,0,-1,0,-1,0
7634,7.634,-0.866666666666667,0.124744376278119,0,-1,0,-1,0
7635,7.635,-0.866666666666667,0.128834355828221,0,-1,0,-1,0
7636,7.636,-0.866666666666667,0.132924335378323,0,-1,0,-1,0
7637,7.637,-0.866666666666667,0.137014314928425,0,-1,0,-1,0
7638,7.638,-0.866666666666667,0.141104294478528,0,-1,0,-1,0
7639,7.639,-0.866666666666667,0.14519427402863,0,-1,0,-1,0
7640,7.64,-0.866666666666667,0.149284253578732,0,-1,0,-1,0
7641,7.641,-0.866666666666667,0.153374233128834,0,-1,0,-1,0
7642,7.642,-0.866666666666667,0.157464212678937,0,-1,0,-1,0
7643,7.643,-0.866666666666667,0.161554192229039,0,-1,0,-1,0
7644,7.644,-0.866666666666667,0.165644171779141,0,-1,0,-1,0
7645,7.645,-0.866666666666667,0.169734151329243,0,-1,0,-1,0
7646,7.646,-0.866666666666667,0.173824130879346,0,-1,0,-1,0
7647,7.647,-0.866666666666667,0.177914110429448,0,-1,0,-1,0
7648,7.648,-0.866666666666667,0.18200408997955,0,-1,0,-1,0
7649,7.649,-0.866666666666667,0.186094069529652,0,-1,0,-1,0
7650,7.65,-0.866666666666667,0.190184049079755,0,-1,0,-1,0
7651,7.651,-0.866666666666667,0.194274028629857,0,-1,0,-1,0
7652,7.652,-0.866666666666667,0.198364008179959,1,233,0,14,0
7653,7.653,-0.866666666666667,0.202453987730061,0,-1,0,-1,0
7654,7.654,-0.866666666666667,0.206543967280164,0,-1,0,-1,0
7655,7.655,-0.866666666666667,0.210633946830266,0,-1,0,-1,0
7656,7.656,-0.866666666666667,0.214723926380368,0,-1,0,-1,0
7657,7.657,-0.866666666666667,0.21881390593047,0,-1,0,-1,0
7658,7.658,-0.866666666666667,0.222903885480572,0,-1,0,-1,0
7659,7.659,-0.866666666666667,0.226993865030675,0,-1,0,-1,0
7660,7.66,-0.866666666666667,0.231083844580777,0,-1,0,-1,0
7661,7.661,-0.866666666666667,0.235173824130879,0,-1,0,-1,0
7662,7.662,-0.866666666666667,0.239263803680982,0,-1,0,-1,0
7663,7.663,-0.866666666666667,0.243353783231084,0,-1,0,-1,0
7664,7.664,-0.866666666666667,0.247443762781186,0,-1,0,-1,0
7665,7.665,-0.866666666666667,0.251533742331288,0,-1,0,-1,0
7666,7.666,-0.866666666666667,0.255623721881391,0,-1,0,-1,0
7667,7.667,-0.866666666666667,0.259713701431493,0,-1,0,-1,0
7668,7.668,-0.866666666666667,0.263803680981595,0,-1,0,-1,0
7669,7.669,-0.866666666666667,0.267893660531697,0,-1,0,-1,0
7670,7.67,-0.866666666666667,0.2719836400818,0,-1,0,-1,0
7671,7.671,-0.866666666666667,0.276073619631902,0,-1,0,-1,0
7672,7.672,-0.866666666666667,0.280163599182004,0,-1,0,-1,0
7673,7.673,-0.866666666666667,0.284253578732106,0,-1,0,-1,0
7674,7.674,-0.866666666666667,0.288343558282208,0,-1,0,-1,0
7675,7.675,-0.866666666666667,0.292433537832311,0,-1,0,-1,0
7676,7.676,-0.866666666666667,0.296523517382413,0,-1,0,-1,0
7677,7.677,-0.866666666666667,0.300613496932515,0,-1,0,-1,0
7678,7.678,-0.866666666666667,0.304703476482618,0,-1,0,-1,0
7679,7.679,-0.866666666666667,0.30879345603272,0,-1,0,-1,0
7680,7.68,-0.866666666666667,0.312883435582822,0,-1,0,-1,0
7681,7.681,-0.866666666666667,0.316973415132924,0,-1,0,-1,0
7682,7.682,-0.866666666666667,0.321063394683027,1,234,0,14,0
7683,7.683,-0.866666666666667,0.325153374233129,0,-1,0,-1,0
7684,7.684,-0.866666666666667,0.329243353783231,0,-1,0,-1,0
7685,7.685,-0.866666666666667,0.333333333333333,0,-1,0,-1,0
7686,7.686,-0.866666666666667,0.337423312883436,0,-1,0,-1,0
7687,7.687,-0.866666666666667,0.341513292433538,0,-1,0,-1,0
7688,7.688,-0.866666666666667,0.34560327198364,0,-1,0,-1,0
7689,7.689,-0.866666666666667,0.349693251533742,0,-1,0,-1,0
7690,7.69,-0.866666666666667,0.353783231083845,0,-1,0,-1,0
7691,7.691,-0.866666666666667,0.357873210633947,0,-1,0,-1,0
7692,7.692,-0.866666666666667,0.361963190184049,0,-1,0,-1,0
7693,7.693,-0.866666666666667,0.366053169734151,0,-1,0,-1,0
7694,7.694,-0.866666666666667,0.370143149284254,0,-1,0,-1,0
7695,7.695,-0.866666666666667,0.374233128834356,0,-1,0,-1,0
7696,7.696,-0.866666666666667,0.378323108384458,0,-1,0,-1,0
7697,7.697,-0.866666666666667,0.38241308793456,0,-1,0,-1,0
7698,7.698,-0.866666666666667,0.386503067484663,0,-1,0,-1,0
7699,7.699,-0.866666666666667,0.390593047034765,0,-1,0,-1,0
7700,7.7,-0.866666666666667,0.394683026584867,0,-1,0,-1,0
7701,7.701,-0.866666666666667,0.398773006134969,0,-1,0,-1,0
7702,7.702,-0.866666666666667,0.402862985685072,0,-1,0,-1,0
7703,7.703,-0.866666666666667,0.406952965235174,0,-1,0,-1,0
7704,7.704,-0.866666666666667,0.411042944785276,0,-1,0,-1,0
7705,7.705,-0.866666666666667,0.415132924335378,0,-1,0,-1,0
7706,7.706,-0.866666666666667,0.419222903885481,0,-1,0,-1,0
7707,7.707,-0.866666666666667,0.423312883435583,0,-1,0,-1,0
7708,7.708,-0.866666666666667,0.427402862985685,0,-1,0,-1,0
7709,7.709,-0.866666666666667,0.431492842535787,0,-1,0,-1,0
7710,7.71,-0.866666666666667,0.43558282208589,0,-1,0,-1,0
7711,7.711,-0.866666666666667,0.439672801635992,0,-1,0,-1,0
7712,7.712,-0.866666666666667,0.443762781186094,1,235,0,14,0
7713,7.713,-0.866666666666667,0.447852760736196,0,-1,0,-1,0
7714,7.714,-0.866666666666667,0.451942740286299,0,-1,0,-1,0
7715,7.715,-0.866666666666667,0.456032719836401,0,-1,0,-1,0
7716,7.716,-0.866666666666667,0.460122699386503,0,-1,0,-1,0
7717,7.717,-0.866666666666667,0.464212678936605,0,-1,0,-1,0
7718,7.718,-0.866666666666667,0.468302658486708,0,-1,0,-1,0
7719,7.719,-0.866666666666667,0.47239263803681,0,-1,0,-1,0
7720,7.72,-0.866666666666667,0.476482617586912,0,-1,0,-1,0
7721,7.721,-0.866666666666667,0.480572597137014,0,-1,0,-1,0
7722,7.722,-0.866666666666667,0.484662576687117,0,-1,0,-1,0
7723,7.723,-0.866666666666667,0.488752556237219,0,-1,0,-1,0
7724,7.724,-0.866666666666667,0.492842535787321,0,-1,0,-1,0
7725,7.725,-0.866666666666667,0.496932515337423,0,-1,0,-1,0
7726,7.726,-0.866666666666667,0.501022494887525,0,-1,0,-1,0
7727,7.727,-0.866666666666667,0.505112474437628,0,-1,0,-1,0
7728,7.728,-0.866666666666667,0.50920245398773,0,-1,0,-1,0
7729,7.729,-0.866666666666667,0.513292433537832,0,-1,0,-1,0
7730,7.73,-0.866666666666667,0.517382413087935,0,-1,0,-1,0
7731,7.731,-0.866666666666667,0.521472392638037,0,-1,0,-1,0
7732,7.732,-0.866666666666667,0.525562372188139,0,-1,0,-1,0
7733,7.733,-0.866666666666667,0.529652351738241,0,-1,0,-1,0
7734,7.734,-0.866666666666667,0.533742331288344,0,-1,0,-1,0
7735,7.735,-0.866666666666667,0.537832310838446,0,-1,0,-1,0
7736,7.736,-0.866666666666667,0.541922290388548,0,-1,0,-1,0
7737,7.737,-0.866666666666667,0.54601226993865,0,-1,0,-1,0
7738,7.738,-0.866666666666667,0.550102249488753,0,-1,0,-1,0
7739,7.739,-0.866666666666667,0.554192229038855,0,-1,0,-1,0
7740,7.74,-0.866666666666667,0.558282208588957,0,-1,0,-1,0
7741,7.741,-0.866666666666667,0.562372188139059,0,-1,0,-1,0
7742,7.742,-0.866666666666667,0.566462167689161,1,236,0,14,0
7743,7.743,-0.866666666666667,0.570552147239264,0,-1,0,-1,0
7744,7.744,-0.866666666666667,0.574642126789366,0,-1,0,-1,0
7745,7.745,-0.866666666666667,0.578732106339468,0,-1,0,-1,0
7746,7.746,-0.866666666666667,0.582822085889571,0,-1,0,-1,0
7747,7.747,-0.866666666666667,0.586912065439673,0,-1,0,-1,0
7748,7.748,-0.866666666666667,0.591002044989775,0,-1,0,-1,0
7749,7.749,-0.866666666666667,0.595092024539877,0,-1,0,-1,0
7750,7.75,-0.866666666666667,0.59918200408998,0,-1,0,-1,0
7751,7.751,-0.866666666666667,0.603271983640082,0,-1,0,-1,0
7752,7.752,-0.866666666666667,0.607361963190184,0,-1,0,-1,0
7753,7.753,-0.866666666666667,0.611451942740286,0,-1,0,-1,0
7754,7.754,-0.866666666666667,0.615541922290389,0,-1,0,-1,0
7755,7.755,-0.866666666666667,0.619631901840491,0,-1,0,-1,0
7756,7.756,-0.866666666666667,0.623721881390593,0,-1,0,-1,0
7757,7.757,-0.866666666666667,0.627811860940695,0,-1,0,-1,0
7758,7.758,-0.866666666666667,0.631901840490797,0,-1,0,-1,0
7759,7.759,-0.866666666666667,0.6359918200409,0,-1,0,-1,0
7760,7.76,-0.866666666666667,0.640081799591002,0,-1,0,-1,0
7761,7.761,-0.866666666666667,0.644171779141104,0,-1,0,-1,0
7762,7.762,-0.866666666666667,0.648261758691207,0,-1,0,-1,0
7763,7.763,-0.866666666666667,0.652351738241309,0,-1,0,-1,0
7764,7.764,-0.866666666666667,0.656441717791411,0,-1,0,-1,0
7765,7.765,-0.866666666666667,0.660531697341513,0,-1,0,-1,0
7766,7.766,-0.866666666666667,0.664621676891616,0,-1,0,-1,0
7767,7.767,-0.866666666666667,0.668711656441718,0,-1,0,-1,0
7768,7.768,-0.866666666666667,0.67280163599182,0,-1,0,-1,0
7769,7.769,-0.866666666666667,0.676891615541922,0,-1,0,-1,0
7770,7.77,-0.866666666666667,0.680981595092025,0,-1,0,-1,0
7771,7.771,-0.866666666666667,0.685071574642127,0,-1,0,-1,0
7772,7.772,-0.866666666666667,0.689161554192229,1,237,0,14,0
7773,7.773,-0.866666666666667,0.693251533742331,0,-1,0,-1,0
7774,7.774,-0.866666666666667,0.697341513292433,0,-1,0,-1,0
7775,7.775,-0.866666666666667,0.701431492842536,0,-1,0,-1,0
7776,7.776,-0.866666666666667,0.705521472392638,0,-1,0,-1,0
7777,7.777,-0.866666666666667,0.70961145194274,0,-1,0,-1,0
7778,7.778,-0.866666666666667,0.713701431492842,0,-1,0,-1,0
7779,7.779,-0.866666666666667,0.717791411042945,0,-1,0,-1,0
7780,7.78,-0.866666666666667,0.721881390593047,0,-1,0,-1,0
7781,7.781,-0.866666666666667,0.725971370143149,0,-1,0,-1,0
7782,7.782,-0.866666666666667,0.730061349693252,0,-1,0,-1,0
7783,7.783,-0.866666666666667,0.734151329243354,0,-1,0,-1,0
7784,7.784,-0.866666666666667,0.738241308793456,0,-1,0,-1,0
7785,7.785,-0.866666666666667,0.742331288343558,0,-1,0,-1,0
7786,7.786,-0.866666666666667,0.746421267893661,0,-1,0,-1,0
7787,7.787,-0.866666666666667,0.750511247443763,0,-1,0,-1,0
7788,7.788,-0.866666666666667,0.754601226993865,0,-1,0,-1,0
7789,7.789,-0.866666666666667,0.758691206543967,0,-1,0,-1,0
7790,7.79,-0.866666666666667,0.762781186094069,0,-1,0,-1,0
7791,7.791,-0.866666666666667,0.766871165644172,0,-1,0,-1,0
7792,7.792,-0.866666666666667,0.770961145194274,0,-1,0,-1,0
7793,7.793,-0.866666666666667,0.775051124744376,0,-1,0,-1,0
7794,7.794,-0.866666666666667,0.779141104294478,0,-1,0,-1,0
7795,7.795,-0.866666666666667,0.783231083844581,0,-1,0,-1,0
7796,7.796,-0.866666666666667,0.787321063394683,0,-1,0,-1,0
7797,7.797,-0.866666666666667,0.791411042944785,0,-1,0,-1,0
7798,7.798,-0.866666666666667,0.795501022494888,0,-1,0,-1,0
7799,7.799,-0.866666666666667,0.79959100204499,0,-1,0,-1,0
7800,7.8,-0.866666666666667,0.803680981595092,0,-1,0,-1,0
7801,7.801,-0.866666666666667,0.807770961145194,0,-1,0,-1,0
7802,7.802,-0.866666666666667,0.811860940695297,1,238,0,14,0
7803,7.803,-0.866666666666667,0.815950920245399,0,-1,0,-1,0
7804,7.804,-0.866666666666667,0.820040899795501,0,-1,0,-1,0
7805,7.805,-0.866666666666667,0.824130879345603,0,-1,0,-1,0
7806,7.806,-0.866666666666667,0.828220858895706,0,-1,0,-1,0
7807,7.807,-0.866666666666667,0.832310838445808,0,-1,0,-1,0
7808,7.808,-0.866666666666667,0.83640081799591,0,-1,0,-1,0
7809,7.809,-0.866666666666667,0.840490797546012,0,-1,0,-1,0
7810,7.81,-0.866666666666667,0.844580777096114,0,-1,0,-1,0
7811,7.811,-0.866666666666667,0.848670756646217,0,-1,0,-1,0
7812,7.812,-0.866666666666667,0.852760736196319,0,-1,0,-1,0
7813,7.813,-0.866666666666667,0.856850715746421,0,-1,0,-1,0
7814,7.814,-0.866666666666667,0.860940695296524,0,-1,0,-1,0
7815,7.815,-0.866666666666667,0.865030674846626,0,-1,0,-1,0
7816,7.816,-0.866666666666667,0.869120654396728,0,-1,0,-1,0
7817,7.817,-0.866666666666667,0.87321063394683,0,-1,0,-1,0
7818,7.818,-0.866666666666667,0.877300613496933,0,-1,0,-1,0
7819,7.819,-0.866666666666667,0.881390593047035,0,-1,0,-1,0
7820,7.82,-0.866666666666667,0.885480572597137,0,-1,0,-1,0
7821,7.821,-0.866666666666667,0.889570552147239,0,-1,0,-1,0
7822,7.822,-0.866666666666667,0.893660531697342,0,-1,0,-1,0
7823,7.823,-0.866666666666667,0.897750511247444,0,-1,0,-1,0
7824,7.824,-0.866666666666667,0.901840490797546,0,-1,0,-1,0
7825,7.825,-0.866666666666667,0.905930470347648,0,-1,0,-1,0
7826,7.826,-0.866666666666667,0.91002044989775,0,-1,0,-1,0
7827,7.827,-0.866666666666667,0.914110429447853,0,-1,0,-1,0
7828,7.828,-0.866666666666667,0.918200408997955,0,-1,0,-1,0
7829,7.829,-0.866666666666667,0.922290388548057,0,-1,0,-1,0
7830,7.83,-0.866666666666667,0.926380368098159,0,-1,0,-1,0
7831,7.831,-0.866666666666667,0.930470347648262,0,-1,0,-1,0
7832,7.832,-0.866666666666667,0.934560327198364,1,239,0,14,0
7833,7.833,-0.866666666666667,0.938650306748466,0,-1,0,-1,0
7834,7.834,-0.866666666666667,0.942740286298569,0,-1,0,-1,0
7835,7.835,-0.866666666666667,0.946830265848671,0,-1,0,-1,0
7836,7.836,-0.866666666666667,0.950920245398773,0,-1,0,-1,0
7837,7.837,-0.871111111111111,0.955010224948875,0,-1,0,-1,0
7838,7.838,-0.871111111111111,0.959100204498978,0,-1,0,-1,0
7839,7.839,-0.871111111111111,0.96319018404908,0,-1,0,-1,0
7840,7.84,-0.875555555555556,0.967280163599182,0,-1,0,-1,0
7841,7.841,-0.875555555555556,0.971370143149284,0,-1,0,-1,0
7842,7.842,-0.88,0.975460122699386,0,-1,0,-1,0
7843,7.843,-0.884444444444444,0.979550102249489,0,-1,0,-1,0
7844,7.844,-0.888888888888889,0.983640081799591,0,-1,0,-1,0
7845,7.845,-0.893333333333333,0.987730061349693,0,-1,0,-1,0
7846,7.846,-0.897777777777778,0.991820040899795,0,-1,0,-1,0
7847,7.847,-0.902222222222222,0.991820040899795,0,-1,0,-1,0
7848,7.848,-0.906666666666667,0.995910020449898,0,-1,0,-1,0
7849,7.849,-0.911111111111111,0.995910020449898,0,-1,0,-1,0
7850,7.85,-0.915555555555556,0.995910020449898,0,-1,0,-1,0
7851,7.851,-0.92,1.0,0,-1,0,-1,0
7852,7.852,-0.924444444444444,1.0,0,-1,0,-1,0
7853,7.853,-0.928888888888889,1.0,0,-1,0,-1,0
7854,7.854,-0.933333333333333,1.0,0,-1,0,-1,0
7855,7.855,-0.937777777777778,1.0,0,-1,0,-1,0
7856,7.856,-0.942222222222222,1.0,0,-1,0,-1,0
7857,7.857,-0.946666666666667,1.0,0,-1,0,-1,0
7858,7.858,-0.951111111111111,0.995910020449898,0,-1,0,-1,0
7859,7.859,-0.955555555555556,0.995910020449898,0,-1,0,-1,0
7860,7.86,-0.96,0.995910020449898,0,-1,0,-1,0
7861,7.861,-0.964444444444444,0.991820040899795,0,-1,0,-1,0
7862,7.862,-0.968888888888889,0.991820040899795,0,-1,0,-1,0
7863,7.863,-0.973333333333333,0.987730061349693,0,-1,0,-1,0
7864,7.864,-0.977777777777778,0.983640081799591,0,-1,0,-1,0
7865,7.865,-0.982222222222222,0.979550102249489,0,-1,0,-1,0
7866,7.866,-0.986666666666667,0.975460122699386,0,-1,0,-1,0
7867,7.867,-0.991111111111111,0.971370143149284,0,-1,0,-1,0
7868,7.868,-0.991111111111111,0.967280163599182,0,-1,0,-1,0
7869,7.869,-0.995555555555556,0.96319018404908,0,-1,0,-1,0
7870,7.87,-0.995555555555556,0.959100204498978,0,-1,0,-1,0
7871,7.871,-0.995555555555556,0.955010224948875,0,-1,0,-1,0
7872,7.872,-1.0,0.950920245398773,0,-1,0,-1,0
7873,7.873,-1.0,0.946830265848671,0,-1,0,-1,0
7874,7.874,-1.0,0.942740286298569,0,-1,0,-1,0
7875,7.875,-1.0,0.938650306748466,0,-1,0,-1,0
7876,7.876,-1.0,0.934560327198364,1,240,1,15,0
7877,7.877,-1.0,0.930470347648262,0,-1,0,-1,0
7878,7.878,-1.0,0.926380368098159,0,-1,0,-1,0
7879,7.879,-1.0,0.922290388548057,0,-1,0,-1,0
7880,7.88,-1.0,0.918200408997955,0,-1,0,-1,0
7881,7.881,-1.0,0.914110429447853,0,-1,0,-1,0
7882,7.882,-1.0,0.91002044989775,0,-1,0,-1,0
7883,7.883,-1.0,0.905930470347648,0,-1,0,-1,0
7884,7.884,-1.0,0.901840490797546,0,-1,0,-1,0
7885,7.885,-1.0,0.897750511247444,0,-1,0,-1,0
7886,7.886,-1.0,0.893660531697342,0,-1,0,-1,0
7887,7.887,-1.0,0.889570552147239,0,-1,0,-1,0
7888,7.888,-1.0,0.885480572597137,0,-1,0,-1,0
7889,7.889,-1.0,0.881390593047035,0,-1,0,-1,0
7890,7.89,-1.0,0.877300613496933,0,-1,0,-1,0
7891,7.891,-1.0,0.87321063394683,0,-1,0,-1,0
7892,7.892,-1.0,0.869120654396728,0,-1,0,-1,0
7893,7.893,-1.0,0.865030674846626,0,-1,0,-1,0
7894,7.894,-1.0,0.860940695296524,0,-1,0,-1,0
7895,7.895,-1.0,0.856850715746421,0,-1,0,-1,0
7896,7.896,-1.0,0.852760736196319,0,-1,0,-1,0
7897,7.897,-1.0,0.848670756646217,0,-1,0,-1,0
7898,7.898,-1.0,0.844580777096114,0,-1,0,-1,0
7899,7.899,-1.0,0.840490797546012,0,-1,0,-1,0
7900,7.9,-1.0,0.83640081799591,0,-1,0,-1,0
7901,7.901,-1.0,0.832310838445808,0,-1,0,-1,0
7902,7.902,-1.0,0.828220858895706,0,-1,0,-1,0
7903,7.903,-1.0,0.824130879345603,0,-1,0,-1,0
7904,7.904,-1.0,0.820040899795501,0,-1,0,-1,0
7905,7.905,-1.0,0.815950920245399,0,-1,0,-1,0
7906,7.906,-1.0,0.811860940695297,0,-1,0,-1,0
7907,7.907,-1.0,0.807770961145194,1,241,0,15,0
7908,7.908,-1.0,0.803680981595092,0,-1,0,-1,0
7909,7.909,-1.0,0.79959100204499,0,-1,0,-1,0
7910,7.91,-1.0,0.795501022494888,0,-1,0,-1,0
7911,7.911,-1.0,0.791411042944785,0,-1,0,-1,0
7912,7.912,-1.0,0.787321063394683,0,-1,0,-1,0
7913,7.913,-1.0,0.783231083844581,0,-1,0,-1,0
7914,7.914,-1.0,0.779141104294478,0,-1,0,-1,0
7915,7.915,-1.0,0.775051124744376,0,-1,0,-1,0
7916,7.916,-1.0,0.770961145194274,0,-1,0,-1,0
7917,7.917,-1.0,0.766871165644172,0,-1,0,-1,0
7918,7.918,-1.0,0.762781186094069,0,-1,0,-1,0
7919,7.919,-1.0,0.758691206543967,0,-1,0,-1,0
7920,7.92,-1.0,0.754601226993865,0,-1,0,-1,0
7921,7.921,-1.0,0.750511247443763,0,-1,0,-1,0
7922,7.922,-1.0,0.746421267893661,0,-1,0,-1,0
7923,7.923,-1.0,0.742331288343558,0,-1,0,-1,0
7924,7.924,-1.0,0.738241308793456,0,-1,0,-1,0
7925,7.925,-1.0,0.734151329243354,0,-1,0,-1,0
7926,7.926,-1.0,0.730061349693252,0,-1,0,-1,0
7927,7.927,-1.0,0.725971370143149,0,-1,0,-1,0
7928,7.928,-1.0,0.721881390593047,0,-1,0,-1,0
7929,7.929,-1.0,0.717791411042945,0,-1,0,-1,0
7930,7.93,-1.0,0.713701431492842,0,-1,0,-1,0
7931,7.931,-1.0,0.70961145194274,0,-1,0,-1,0
7932,7.932,-1.0,0.705521472392638,0,-1,0,-1,0
7933,7.933,-1.0,0.701431492842536,0,-1,0,-1,0
7934,7.934,-1.0,0.697341513292433,0,-1,0,-1,0
7935,7.935,-1.0,0.693251533742331,0,-1,0,-1,0
7936,7.936,-1.0,0.689161554192229,0,-1,0,-1,0
7937,7.937,-1.0,0.685071574642127,0,-1,0,-1,0
7938,7.938,-1.0,0.680981595092025,0,-1,0,-1,0
7939,7.939,-1.0,0.676891615541922,1,242,0,15,0
7940,7.94,-1.0,0.67280163599182,0,-1,0,-1,0
7941,7.941,-1.0,0.668711656441718,0,-1,0,-1,0
7942,7.942,-1.0,0.664621676891616,0,-1,0,-1,0
7943,7.943,-1.0,0.660531697341513,0,-1,0,-1,0
7944,7.944,-1.0,0.656441717791411,0,-1,0,-1,0
7945,7.945,-1.0,0.652351738241309,0,-1,0,-1,0
7946,7.946,-1.0,0.648261758691207,0,-1,0,-1,0
7947,7.947,-1.0,0.644171779141104,0,-1,0,-1,0
7948,7.948,-1.0,0.640081799591002,0,-1,0,-1,0
7949,7.949,-1.0,0.6359918200409,0,-1,0,-1,0
7950,7.95,-1.0,0.631901840490797,0,-1,0,-1,0
7951,7.951,-1.0,0.627811860940695,0,-1,0,-1,0
7952,7.952,-1.0,0.623721881390593,0,-1,0,-1,0
7953,7.953,-1.0,0.619631901840491,0,-1,0,-1,0
7954,7.954,-1.0,0.615541922290389,0,-1,0,-1,0
7955,7.955,-1.0,0.611451942740286,0,-1,0,-1,0
7956,7.956,-1.0,0.607361963190184,0,-1,0,-1,0
7957,7.957,-1.0,0.603271983640082,0,-1,0,-1,0
7958,7.958,-1.0,0.59918200408998,0,-1,0,-1,0
7959,7.959,-1.0,0.595092024539877,0,-1,0,-1,0
7960,7.96,-1.0,0.591002044989775,0,-1,0,-1,0
7961,7.961,-1.0,0.586912065439673,0,-1,0,-1,0
7962,7.962,-1.0,0.582822085889571,0,-1,0,-1,0
7963,7.963,-1.0,0.578732106339468,0,-1,0,-1,0
7964,7.964,-1.0,0.574642126789366,0,-1,0,-1,0
7965,7.965,-1.0,0.570552147239264,0,-1,0,-1,0
7966,7.966,-1.0,0.566462167689161,0,-1,0,-1,0
7967,7.967,-1.0,0.562372188139059,0,-1,0,-1,0
7968,7.968,-1.0,0.558282208588957,0,-1,0,-1,0
7969,7.969,-1.0,0.554192229038855,0,-1,0,-1,0
7970,7.97,-1.0,0.550102249488753,1,243,0,15,0
7971,7.971,-1.0,0.54601226993865,0,-1,0,-1,0
7972,7.972,-1.0,0.541922290388548,0,-1,0,-1,0
7973,7.973,-1.0,0.537832310838446,0,-1,0,-1,0
7974,7.974,-1.0,0.533742331288344,0,-1,0,-1,0
7975,7.975,-1.0,0.529652351738241,0,-1,0,-1,0
7976,7.976,-1.0,0.525562372188139,0,-1,0,-1,0
7977,7.977,-1.0,0.521472392638037,0,-1,0,-1,0
7978,7.978,-1.0,0.517382413087935,0,-1,0,-1,0
7979,7.979,-1.0,0.513292433537832,0,-1,0,-1,0
7980,7.98,-1.0,0.50920245398773,0,-1,0,-1,0
7981,7.981,-1.0,0.505112474437628,0,-1,0,-1,0
7982,7.982,-1.0,0.501022494887525,0,-1,0,-1,0
7983,7.983,-1.0,0.496932515337423,0,-1,0,-1,0
7984,7.984,-1.0,0.492842535787321,0,-1,0,-1,0
7985,7.985,-1.0,0.488752556237219,0,-1,0,-1,0
7986,7.986,-1.0,0.484662576687117,0,-1,0,-1,0
7987,7.987,-1.0,0.480572597137014,0,-1,0,-1,0
7988,7.988,-1.0,0.476482617586912,0,-1,0,-1,0
7989,7.989,-1.0,0.47239263803681,0,-1,0,-1,0
7990,7.99,-1.0,0.468302658486708,0,-1,0,-1,0
7991,7.991,-1.0,0.464212678936605,0,-1,0,-1,0
7992,7.992,-1.0,0.460122699386503,0,-1,0,-1,0
7993,7.993,-1.0,0.456032719836401,0,-1,0,-1,0
7994,7.994,-1.0,0.451942740286299,0,-1,0,-1,0
7995,7.995,-1.0,0.447852760736196,0,-1,0,-1,0
7996,7.996,-1.0,0.443762781186094,0,-1,0,-1,0
7997,7.997,-1.0,0.439672801635992,0,-1,0,-1,0
7998,7.998,-1.0,0.43558282208589,0,-1,0,-1,0
7999,7.999,-1.0,0.431492842535787,0,-1,0,-1,0
8000,8.0,-1.0,0.427402862985685,0,-1,0,-1,0
8001,8.001,-1.0,0.423312883435583,0,-1,0,-1,0
8002,8.002,-1.0,0.419222903885481,1,244,0,15,0
8003,8.003,-1.0,0.415132924335378,0,-1,0,-1,0
8004,8.004,-1.0,0.411042944785276,0,-1,0,-1,0
8005,8.005,-1.0,0.406952965235174,0,-1,0,-1,0
8006,8.006,-1.0,0.402862985685072,0,-1,0,-1,0
8007,8.007,-1.0,0.398773006134969,0,-1,0,-1,0
8008,8.008,-1.0,0.394683026584867,0,-1,0,-1,0
8009,8.009,-1.0,0.390593047034765,0,-1,0,-1,0
8010,8.01,-1.0,0.386503067484663,0,-1,0,-1,0
8011,8.011,-1.0,0.38241308793456,0,-1,0,-1,0
8012,8.012,-1.0,0.378323108384458,0,-1,0,-1,0
8013,8.013,-1.0,0.374233128834356,0,-1,0,-1,0
8014,8.014,-1.0,0.370143149284254,0,-1,0,-1,0
8015,8.015,-1.0,0.366053169734151,0,-1,0,-1,0
8016,8.016,-1.0,0.361963190184049,0,-1,0,-1,0
8017,8.017,-1.0,0.357873210633947,0,-1,0,-1,0
8018,8.018,-1.0,0.353783231083845,0,-1,0,-1,0
8019,8.019,-1.0,0.349693251533742,0,-1,0,-1,0
8020,8.02,-1.0,0.34560327198364,0,-1,0,-1,0
8021,8.021,-1.0,0.341513292433538,0,-1,0,-1,0
8022,8.022,-1.0,0.337423312883436,0,-1,0,-1,0
8023,8.023,-1.0,0.333333333333333,0,-1,0,-1,0
8024,8.024,-1.0,0.329243353783231,0,-1,0,-1,0
8025,8.025,-1.0,0.325153374233129,0,-1,0,-1,0
8026,8.026,-1.0,0.321063394683027,0,-1,0,-1,0
8027,8.027,-1.0,0.316973415132924,0,-1,0,-1,0
8028,8.028,-1.0,0.312883435582822,0,-1,0,-1,0
8029,8.029,-1.0,0.30879345603272,0,-1,0,-1,0
8030,8.03,-1.0,0.304703476482618,0,-1,0,-1,0
8031,8.031,-1.0,0.300613496932515,0,-1,0,-1,0
8032,8.032,-1.0,0.296523517382413,0,-1,0,-1,0
8033,8.033,-1.0,0.292433537832311,1,245,0,15,0
8034,8.034,-1.0,0.288343558282208,0,-1,0,-1,0
8035,8.035,-1.0,0.284253578732106,0,-1,0,-1,0
8036,8.036,-1.0,0.280163599182004,0,-1,0,-1,0
8037,8.037,-1.0,0.276073619631902,0,-1,0,-1,0
8038,8.038,-1.0,0.2719836400818,0,-1,0,-1,0
8039,8.039,-1.0,0.267893660531697,0,-1,0,-1,0
8040,8.04,-1.0,0.263803680981595,0,-1,0,-1,0
8041,8.041,-1.0,0.259713701431493,0,-1,0,-1,0
8042,8.042,-1.0,0.255623721881391,0,-1,0,-1,0
8043,8.043,-1.0,0.251533742331288,0,-1,0,-1,0
8044,8.044,-1.0,0.247443762781186,0,-1,0,-1,0
8045,8.045,-1.0,0.243353783231084,0,-1,0,-1,0
8046,8.046,-1.0,0.239263803680982,0,-1,0,-1,0
8047,8.047,-1.0,0.235173824130879,0,-1,0,-1,0
8048,8.048,-1.0,0.231083844580777,0,-1,0,-1,0
8049,8.049,-1.0,0.226993865030675,0,-1,0,-1,0
8050,8.05,-1.0,0.222903885480572,0,-1,0,-1,0
8051,8.051,-1.0,0.21881390593047,0,-1,0,-1,0
8052,8.052,-1.0,0.214723926380368,0,-1,0,-1,0
8053,8.053,-1.0,0.210633946830266,0,-1,0,-1,0
8054,8.054,-1.0,0.206543967280164,0,-1,0,-1,0
8055,8.055,-1.0,0.202453987730061,0,-1,0,-1,0
8056,8.056,-1.0,0.198364008179959,0,-1,0,-1,0
8057,8.057,-1.0,0.194274028629857,0,-1,0,-1,0
8058,8.058,-1.0,0.190184049079755,0,-1,0,-1,0
8059,8.059,-1.0,0.186094069529652,0,-1,0,-1,0
8060,8.06,-1.0,0.18200408997955,0,-1,0,-1,0
8061,8.061,-1.0,0.177914110429448,0,-1,0,-1,0
8062,8.062,-1.0,0.173824130879346,0,-1,0,-1,0
8063,8.063,-1.0,0.169734151329243,0,-1,0,-1,0
8064,8.064,-1.0,0.165644171779141,1,246,0,15,0
8065,8.065,-1.0,0.161554192229039,0,-1,0,-1,0
8066,8.066,-1.0,0.157464212678937,0,-1,0,-1,0
8067,8.067,-1.0,0.153374233128834,0,-1,0,-1,0
8068,8.068,-1.0,0.149284253578732,0,-1,0,-1,0
8069,8.069,-1.0,0.14519427402863,0,-1,0,-1,0
8070,8.07,-1.0,0.141104294478528,0,-1,0,-1,0
8071,8.071,-1.0,0.137014314928425,0,-1,0,-1,0
8072,8.072,-1.0,0.132924335378323,0,-1,0,-1,0
8073,8.073,-1.0,0.128834355828221,0,-1,0,-1,0
8074,8.074,-1.0,0.124744376278119,0,-1,0,-1,0
8075,8.075,-1.0,0.120654396728016,0,-1,0,-1,0
8076,8.076,-1.0,0.116564417177914,0,-1,0,-1,0
8077,8.077,-1.0,0.112474437627812,0,-1,0,-1,0
8078,8.078,-1.0,0.10838445807771,0,-1,0,-1,0
8079,8.079,-1.0,0.104294478527607,0,-1,0,-1,0
8080,8.08,-1.0,0.100204498977505,0,-1,0,-1,0
8081,8.081,-1.0,0.0961145194274029,0,-1,0,-1,0
8082,8.082,-1.0,0.0920245398773005,0,-1,0,-1,0
8083,8.083,-1.0,0.0879345603271984,0,-1,0,-1,0
8084,8.084,-1.0,0.0838445807770962,0,-1,0,-1,0
8085,8.085,-1.0,0.0797546012269938,0,-1,0,-1,0
8086,8.086,-1.0,0.0756646216768917,0,-1,0,-1,0
8087,8.087,-1.0,0.0715746421267893,0,-1,0,-1,0
8088,8.088,-1.0,0.0674846625766872,0,-1,0,-1,0
8089,8.089,-1.0,0.0633946830265848,0,-1,0,-1,0
8090,8.09,-1.0,0.0593047034764826,0,-1,0,-1,0
8091,8.091,-1.0,0.0552147239263803,0,-1,0,-1,0
8092,8.092,-1.0,0.0511247443762781,0,-1,0,-1,0
8093,8.093,-1.0,0.047034764826176,0,-1,0,-1,0
8094,8.094,-1.0,0.0429447852760736,0,-1,0,-1,0
8095,8.095,-1.0,0.0388548057259714,0,-1,0,-1,0
8096,8.096,-1.0,0.0347648261758691,1,247,0,15,0
8097,8.097,-1.0,0.0306748466257669,0,-1,0,-1,0
8098,8.098,-1.0,0.0265848670756645,0,-1,0,-1,0
8099,8.099,-1.0,0.0224948875255624,0,-1,0,-1,0
8100,8.1,-1.0,0.01840490797546,0,-1,0,-1,0
8101,8.101,-1.0,0.0143149284253579,0,-1,0,-1,0
8102,8.102,-1.0,0.0102249488752557,0,-1,0,-1,0
8103,8.103,-1.0,0.0061349693251533,0,-1,0,-1,0
8104,8.104,-1.0,0.0020449897750511,0,-1,0,-1,0
8105,8.105,-1.0,-0.002044989775051,0,-1,0,-1,0
8106,8.106,-1.0,-0.0061349693251533,0,-1,0,-1,0
8107,8.107,-1.0,-0.0102249488752556,0,-1,0,-1,0
8108,8.108,-1.0,-0.0143149284253579,0,-1,0,-1,0
8109,8.109,-1.0,-0.0184049079754601,0,-1,0,-1,0
8110,8.11,-1.0,-0.0224948875255624,0,-1,0,-1,0
8111,8.111,-1.0,-0.0265848670756647,0,-1,0,-1,0
8112,8.112,-1.0,-0.0306748466257669,0,-1,0,-1,0
8113,8.113,-1.0,-0.0347648261758691,0,-1,0,-1,0
8114,8.114,-1.0,-0.0388548057259713,0,-1,0,-1,0
8115,8.115,-1.0,-0.0429447852760736,0,-1,0,-1,0
8116,8.116,-1.0,-0.0470347648261759,0,-1,0,-1,0
8117,8.117,-1.0,-0.0511247443762781,0,-1,0,-1,0
8118,8.118,-1.0,-0.0552147239263804,0,-1,0,-1,0
8119,8.119,-1.0,-0.0593047034764826,0,-1,0,-1,0
8120,8.12,-1.0,-0.0633946830265849,0,-1,0,-1,0
8121,8.121,-1.0,-0.0674846625766872,0,-1,0,-1,0
8122,8.122,-1.0,-0.0715746421267893,0,-1,0,-1,0
8123,8.123,-1.0,-0.0756646216768916,0,-1,0,-1,0
8124,8.124,-1.0,-0.0797546012269938,0,-1,0,-1,0
8125,8.125,-1.0,-0.0838445807770961,0,-1,0,-1,0
8126,8.126,-1.0,-0.0879345603271984,0,-1,0,-1,0
8127,8.127,-1.0,-0.0920245398773006,1,248,0,15,0
8128,8.128,-1.0,-0.0961145194274029,0,-1,0,-1,0
8129,8.129,-1.0,-0.100204498977505,0,-1,0,-1,0
8130,8.13,-1.0,-0.104294478527607,0,-1,0,-1,0
8131,8.131,-1.0,-0.10838445807771,0,-1,0,-1,0
8132,8.132,-1.0,-0.112474437627812,0,-1,0,-1,0
8133,8.133,-1.0,-0.116564417177914,0,-1,0,-1,0
8134,8.134,-1.0,-0.120654396728016,0,-1,0,-1,0
8135,8.135,-1.0,-0.124744376278119,0,-1,0,-1,0
8136,8.136,-1.0,-0.128834355828221,0,-1,0,-1,0
8137,8.137,-1.0,-0.132924335378323,0,-1,0,-1,0
8138,8.138,-1.0,-0.137014314928425,0,-1,0,-1,0
8139,8.139,-1.0,-0.141104294478528,0,-1,0,-1,0
8140,8.14,-1.0,-0.14519427402863,0,-1,0,-1,0
8141,8.141,-1.0,-0.149284253578732,0,-1,0,-1,0
8142,8.142,-1.0,-0.153374233128834,0,-1,0,-1,0
8143,8.143,-1.0,-0.157464212678937,0,-1,0,-1,0
8144,8.144,-1.0,-0.161554192229039,0,-1,0,-1,0
8145,8.145,-1.0,-0.165644171779141,0,-1,0,-1,0
8146,8.146,-1.0,-0.169734151329243,0,-1,0,-1,0
8147,8.147,-1.0,-0.173824130879346,0,-1,0,-1,0
8148,8.148,-1.0,-0.177914110429448,0,-1,0,-1,0
8149,8.149,-1.0,-0.18200408997955,0,-1,0,-1,0
8150,8.15,-1.0,-0.186094069529652,0,-1,0,-1,0
8151,8.151,-1.0,-0.190184049079755,0,-1,0,-1,0
8152,8.152,-1.0,-0.194274028629857,0,-1,0,-1,0
8153,8.153,-1.0,-0.198364008179959,0,-1,0,-1,0
8154,8.154,-1.0,-0.202453987730061,0,-1,0,-1,0
8155,8.155,-1.0,-0.206543967280164,0,-1,0,-1,0
8156,8.156,-1.0,-0.210633946830266,0,-1,0,-1,0
8157,8.157,-1.0,-0.214723926380368,0,-1,0,-1,0
8158,8.158,-1.0,-0.21881390593047,0,-1,0,-1,0
8159,8.159,-1.0,-0.222903885480573,1,249,0,15,0
8160,8.16,-1.0,-0.226993865030675,0,-1,0,-1,0
8161,8.161,-1.0,-0.231083844580777,0,-1,0,-1,0
8162,8.162,-1.0,-0.235173824130879,0,-1,0,-1,0
8163,8.163,-1.0,-0.239263803680982,0,-1,0,-1,0
8164,8.164,-1.0,-0.243353783231084,0,-1,0,-1,0
8165,8.165,-1.0,-0.247443762781186,0,-1,0,-1,0
8166,8.166,-1.0,-0.251533742331288,0,-1,0,-1,0
8167,8.167,-1.0,-0.255623721881391,0,-1,0,-1,0
8168,8.168,-1.0,-0.259713701431493,0,-1,0,-1,0
8169,8.169,-1.0,-0.263803680981595,0,-1,0,-1,0
8170,8.17,-1.0,-0.267893660531697,0,-1,0,-1,0
8171,8.171,-1.0,-0.2719836400818,0,-1,0,-1,0
8172,8.172,-1.0,-0.276073619631902,0,-1,0,-1,0
8173,8.173,-1.0,-0.280163599182004,0,-1,0,-1,0
8174,8.174,-1.0,-0.284253578732106,0,-1,0,-1,0
8175,8.175,-1.0,-0.288343558282209,0,-1,0,-1,0
8176,8.176,-1.0,-0.292433537832311,0,-1,0,-1,0
8177,8.177,-1.0,-0.296523517382413,0,-1,0,-1,0
8178,8.178,-1.0,-0.300613496932515,0,-1,0,-1,0
8179,8.179,-1.0,-0.304703476482618,0,-1,0,-1,0
8180,8.18,-1.0,-0.30879345603272,0,-1,0,-1,0
8181,8.181,-1.0,-0.312883435582822,0,-1,0,-1,0
8182,8.182,-1.0,-0.316973415132924,0,-1,0,-1,0
8183,8.183,-1.0,-0.321063394683027,0,-1,0,-1,0
8184,8.184,-1.0,-0.325153374233129,0,-1,0,-1,0
8185,8.185,-1.0,-0.329243353783231,0,-1,0,-1,0
8186,8.186,-1.0,-0.333333333333333,0,-1,0,-1,0
8187,8.187,-1.0,-0.337423312883436,0,-1,0,-1,0
8188,8.188,-1.0,-0.341513292433538,0,-1,0,-1,0
8189,8.189,-1.0,-0.34560327198364,0,-1,0,-1,0
8190,8.19,-1.0,-0.349693251533742,1,250,0,15,0
8191,8.191,-1.0,-0.353783231083845,0,-1,0,-1,0
8192,8.192,-1.0,-0.357873210633947,0,-1,0,-1,0
8193,8.193,-1.0,-0.361963190184049,0,-1,0,-1,0
8194,8.194,-1.0,-0.366053169734151,0,-1,0,-1,0
8195,8.195,-1.0,-0.370143149284254,0,-1,0,-1,0
8196,8.196,-1.0,-0.374233128834356,0,-1,0,-1,0
8197,8.197,-1.0,-0.378323108384458,0,-1,0,-1,0
8198,8.198,-1.0,-0.38241308793456,0,-1,0,-1,0
8199,8.199,-1.0,-0.386503067484663,0,-1,0,-1,0
8200,8.2,-1.0,-0.390593047034765,0,-1,0,-1,0
8201,8.201,-1.0,-0.394683026584867,0,-1,0,-1,0
8202,8.202,-1.0,-0.398773006134969,0,-1,0,-1,0
8203,8.203,-1.0,-0.402862985685072,0,-1,0,-1,0
8204,8.204,-1.0,-0.406952965235174,0,-1,0,-1,0
8205,8.205,-1.0,-0.411042944785276,0,-1,0,-1,0
8206,8.206,-1.0,-0.415132924335378,0,-1,0,-1,0
8207,8.207,-1.0,-0.419222903885481,0,-1,0,-1,0
8208,8.208,-1.0,-0.423312883435583,0,-1,0,-1,0
8209,8.209,-1.0,-0.427402862985685,0,-1,0,-1,0
8210,8.21,-1.0,-0.431492842535787,0,-1,0,-1,0
8211,8.211,-1.0,-0.43558282208589,0,-1,0,-1,0
8212,8.212,-1.0,-0.439672801635992,0,-1,0,-1,0
8213,8.213,-1.0,-0.443762781186094,0,-1,0,-1,0
8214,8.214,-1.0,-0.447852760736196,0,-1,0,-1,0
8215,8.215,-1.0,-0.451942740286299,0,-1,0,-1,0
8216,8.216,-1.0,-0.456032719836401,0,-1,0,-1,0
8217,8.217,-1.0,-0.460122699386503,0,-1,0,-1,0
8218,8.218,-1.0,-0.464212678936605,0,-1,0,-1,0
8219,8.219,-1.0,-0.468302658486708,0,-1,0,-1,0
8220,8.22,-1.0,-0.47239263803681,0,-1,0,-1,0
8221,8.221,-1.0,-0.476482617586912,1,251,0,15,0
8222,8.222,-1.0,-0.480572597137014,0,-1,0,-1,0
8223,8.223,-1.0,-0.484662576687117,0,-1,0,-1,0
8224,8.224,-1.0,-0.488752556237219,0,-1,0,-1,0
8225,8.225,-1.0,-0.492842535787321,0,-1,0,-1,0
8226,8.226,-1.0,-0.496932515337423,0,-1,0,-1,0
8227,8.227,-1.0,-0.501022494887525,0,-1,0,-1,0
8228,8.228,-1.0,-0.505112474437628,0,-1,0,-1,0
8229,8.229,-1.0,-0.50920245398773,0,-1,0,-1,0
8230,8.23,-1.0,-0.513292433537832,0,-1,0,-1,0
8231,8.231,-1.0,-0.517382413087935,0,-1,0,-1,0
8232,8.232,-1.0,-0.521472392638037,0,-1,0,-1,0
8233,8.233,-1.0,-0.525562372188139,0,-1,0,-1,0
8234,8.234,-1.0,-0.529652351738241,0,-1,0,-1,0
8235,8.235,-1.0,-0.533742331288344,0,-1,0,-1,0
8236,8.236,-1.0,-0.537832310838446,0,-1,0,-1,0
8237,8.237,-1.0,-0.541922290388548,0,-1,0,-1,0
8238,8.238,-1.0,-0.54601226993865,0,-1,0,-1,0
8239,8.239,-1.0,-0.550102249488753,0,-1,0,-1,0
8240,8.24,-1.0,-0.554192229038855,0,-1,0,-1,0
8241,8.241,-1.0,-0.558282208588957,0,-1,0,-1,0
8242,8.242,-1.0,-0.562372188139059,0,-1,0,-1,0
8243,8.243,-1.0,-0.566462167689162,0,-1,0,-1,0
8244,8.244,-1.0,-0.570552147239264,0,-1,0,-1,0
8245,8.245,-1.0,-0.574642126789366,0,-1,0,-1,0
8246,8.246,-1.0,-0.578732106339468,0,-1,0,-1,0
8247,8.247,-1.0,-0.582822085889571,0,-1,0,-1,0
8248,8.248,-1.0,-0.586912065439673,0,-1,0,-1,0
8249,8.249,-1.0,-0.591002044989775,0,-1,0,-1,0
8250,8.25,-1.0,-0.595092024539877,0,-1,0,-1,0
8251,8.251,-1.0,-0.59918200408998,0,-1,0,-1,0
8252,8.252,-1.0,-0.603271983640082,0,-1,0,-1,0
8253,8.253,-1.0,-0.607361963190184,1,252,0,15,0
8254,8.254,-1.0,-0.611451942740286,0,-1,0,-1,0
8255,8.255,-1.0,-0.615541922290389,0,-1,0,-1,0
8256,8.256,-1.0,-0.619631901840491,0,-1,0,-1,0
8257,8.257,-1.0,-0.623721881390593,0,-1,0,-1,0
8258,8.258,-1.0,-0.627811860940695,0,-1,0,-1,0
8259,8.259,-1.0,-0.631901840490798,0,-1,0,-1,0
8260,8.26,-1.0,-0.6359918200409,0,-1,0,-1,0
8261,8.261,-1.0,-0.640081799591002,0,-1,0,-1,0
8262,8.262,-1.0,-0.644171779141104,0,-1,0,-1,0
8263,8.263,-1.0,-0.648261758691207,0,-1,0,-1,0
8264,8.264,-1.0,-0.652351738241309,0,-1,0,-1,0
8265,8.265,-1.0,-0.656441717791411,0,-1,0,-1,0
8266,8.266,-1.0,-0.660531697341513,0,-1,0,-1,0
8267,8.267,-1.0,-0.664621676891616,0,-1,0,-1,0
8268,8.268,-1.0,-0.668711656441718,0,-1,0,-1,0
8269,8.269,-1.0,-0.67280163599182,0,-1,0,-1,0
8270,8.27,-1.0,-0.676891615541922,0,-1,0,-1,0
8271,8.271,-1.0,-0.680981595092025,0,-1,0,-1,0
8272,8.272,-1.0,-0.685071574642127,0,-1,0,-1,0
8273,8.273,-1.0,-0.689161554192229,0,-1,0,-1,0
8274,8.274,-1.0,-0.693251533742331,0,-1,0,-1,0
8275,8.275,-1.0,-0.697341513292434,0,-1,0,-1,0
8276,8.276,-1.0,-0.701431492842536,0,-1,0,-1,0
8277,8.277,-1.0,-0.705521472392638,0,-1,0,-1,0
8278,8.278,-1.0,-0.70961145194274,0,-1,0,-1,0
8279,8.279,-1.0,-0.713701431492842,0,-1,0,-1,0
8280,8.28,-1.0,-0.717791411042945,0,-1,0,-1,0
8281,8.281,-1.0,-0.721881390593047,0,-1,0,-1,0
8282,8.282,-1.0,-0.725971370143149,0,-1,0,-1,0
8283,8.283,-1.0,-0.730061349693252,0,-1,0,-1,0
8284,8.284,-1.0,-0.734151329243354,1,253,0,15,0
8285,8.285,-1.0,-0.738241308793456,0,-1,0,-1,0
8286,8.286,-1.0,-0.742331288343558,0,-1,0,-1,0
8287,8.287,-1.0,-0.746421267893661,0,-1,0,-1,0
8288,8.288,-1.0,-0.750511247443763,0,-1,0,-1,0
8289,8.289,-1.0,-0.754601226993865,0,-1,0,-1,0
8290,8.29,-1.0,-0.758691206543967,0,-1,0,-1,0
8291,8.291,-1.0,-0.76278118609407,0,-1,0,-1,0
8292,8.292,-1.0,-0.766871165644172,0,-1,0,-1,0
8293,8.293,-1.0,-0.770961145194274,0,-1,0,-1,0
8294,8.294,-1.0,-0.775051124744376,0,-1,0,-1,0
8295,8.295,-1.0,-0.779141104294478,0,-1,0,-1,0
8296,8.296,-1.0,-0.783231083844581,0,-1,0,-1,0
8297,8.297,-1.0,-0.787321063394683,0,-1,0,-1,0
8298,8.298,-1.0,-0.791411042944785,0,-1,0,-1,0
8299,8.299,-1.0,-0.795501022494888,0,-1,0,-1,0
8300,8.3,-1.0,-0.79959100204499,0,-1,0,-1,0
8301,8.301,-1.0,-0.803680981595092,0,-1,0,-1,0
8302,8.302,-1.0,-0.807770961145194,0,-1,0,-1,0
8303,8.303,-1.0,-0.811860940695297,0,-1,0,-1,0
8304,8.304,-1.0,-0.815950920245399,0,-1,0,-1,0
8305,8.305,-1.0,-0.820040899795501,0,-1,0,-1,0
8306,8.306,-1.0,-0.824130879345603,0,-1,0,-1,0
8307,8.307,-1.0,-0.828220858895706,0,-1,0,-1,0
8308,8.308,-1.0,-0.832310838445808,0,-1,0,-1,0
8309,8.309,-1.0,-0.83640081799591,0,-1,0,-1,0
8310,8.31,-1.0,-0.840490797546012,0,-1,0,-1,0
8311,8.311,-1.0,-0.844580777096114,0,-1,0,-1,0
8312,8.312,-1.0,-0.848670756646217,0,-1,0,-1,0
8313,8.313,-1.0,-0.852760736196319,0,-1,0,-1,0
8314,8.314,-1.0,-0.856850715746421,0,-1,0,-1,0
8315,8.315,-1.0,-0.860940695296524,0,-1,0,-1,0
8316,8.316,-1.0,-0.865030674846626,1,254,0,15,0
8317,8.317,-1.0,-0.869120654396728,0,-1,0,-1,0
8318,8.318,-1.0,-0.87321063394683,0,-1,0,-1,0
8319,8.319,-1.0,-0.877300613496933,0,-1,0,-1,0
8320,8.32,-1.0,-0.881390593047035,0,-1,0,-1,0
8321,8.321,-1.0,-0.885480572597137,0,-1,0,-1,0
8322,8.322,-1.0,-0.889570552147239,0,-1,0,-1,0
8323,8.323,-1.0,-0.893660531697342,0,-1,0,-1,0
8324,8.324,-1.0,-0.897750511247444,0,-1,0,-1,0
8325,8.325,-1.0,-0.901840490797546,0,-1,0,-1,0
8326,8.326,-1.0,-0.905930470347648,0,-1,0,-1,0
8327,8.327,-1.0,-0.910020449897751,0,-1,0,-1,0
8328,8.328,-1.0,-0.914110429447853,0,-1,0,-1,0
8329,8.329,-1.0,-0.918200408997955,0,-1,0,-1,0
8330,8.33,-1.0,-0.922290388548057,0,-1,0,-1,0
8331,8.331,-1.0,-0.926380368098159,0,-1,0,-1,0
8332,8.332,-1.0,-0.930470347648262,0,-1,0,-1,0
8333,8.333,-1.0,-0.934560327198364,0,-1,0,-1,0
8334,8.334,-1.0,-0.938650306748466,0,-1,0,-1,0
8335,8.335,-1.0,-0.942740286298569,0,-1,0,-1,0
8336,8.336,-1.0,-0.946830265848671,0,-1,0,-1,0
8337,8.337,-1.0,-0.950920245398773,0,-1,0,-1,0
8338,8.338,-1.0,-0.955010224948875,0,-1,0,-1,0
8339,8.339,-1.0,-0.959100204498977,0,-1,0,-1,0
8340,8.34,-1.0,-0.96319018404908,0,-1,0,-1,0
8341,8.341,-1.0,-0.967280163599182,0,-1,0,-1,0
8342,8.342,-1.0,-0.971370143149284,0,-1,0,-1,0
8343,8.343,-1.0,-0.975460122699387,0,-1,0,-1,0
8344,8.344,-1.0,-0.979550102249489,0,-1,0,-1,0
8345,8.345,-1.0,-0.983640081799591,0,-1,0,-1,0
8346,8.346,-1.0,-0.987730061349693,0,-1,0,-1,0
8347,8.347,-1.0,-0.991820040899795,1,255,0,15,1
8348,8.348,-1.0,-0.995910020449898,0,-1,0,-1,0
