-1.77669902912621,-2
-1.76699029126214,-2
-1.75728155339806,-2
-1.74757281553398,-2
-1.7378640776699,-2
-1.72815533980583,-2
-1.71844660194175,-2
-1.70873786407767,-2
-1.69902912621359,-2
-1.68932038834951,-2
-1.67961165048544,-2
-1.66990291262136,-2
-1.66019417475728,-2
-1.6504854368932,-2
-1.6504854368932,-1.99175257731959
-1.66019417475728,-1.99175257731959
-1.66990291262136,-1.99175257731959
-1.67961165048544,-1.99175257731959
-1.68932038834951,-1.99175257731959
-1.69902912621359,-1.99175257731959
-1.70873786407767,-1.99175257731959
-1.71844660194175,-1.99175257731959
-1.72815533980583,-1.99175257731959
-1.7378640776699,-1.99175257731959
-1.74757281553398,-1.99175257731959
-1.75728155339806,-1.99175257731959
-1.76699029126214,-1.99175257731959
-1.77669902912621,-1.99175257731959
-1.78640776699029,-1.98350515463918
-1.79611650485437,-1.98350515463918
-1.80582524271845,-1.98350515463918
-1.81553398058252,-1.98350515463918
-1.8252427184466,-1.98350515463918
-1.83495145631068,-1.98350515463918
-1.83495145631068,-1.97525773195876
-1.8252427184466,-1.97525773195876
-1.81553398058252,-1.97525773195876
-1.80582524271845,-1.97525773195876
-1.79611650485437,-1.97525773195876
-1.78640776699029,-1.97525773195876
-1.84466019417476,-1.96701030927835
-1.85436893203884,-1.96701030927835
-1.86407766990291,-1.96701030927835
-1.86407766990291,-1.95876288659794
-1.85436893203884,-1.95876288659794
-1.84466019417476,-1.95876288659794
-1.87378640776699,-1.95051546391753
-1.88349514563107,-1.95051546391753
-1.88349514563107,-1.94226804123711
-1.87378640776699,-1.94226804123711
-1.89320388349515,-1.9340206185567
-1.90291262135922,-1.9340206185567
-1.90291262135922,-1.92577319587629
-1.89320388349515,-1.92577319587629
-1.9126213592233,-1.91752577319588
-1.92233009708738,-1.91752577319588
-1.93203883495146,-1.90927835051546
-1.94174757281553,-1.90927835051546
-1.94174757281553,-1.90103092783505
-1.93203883495146,-1.90103092783505
-1.95145631067961,-1.89278350515464
-1.96116504854369,-1.89278350515464
-1.96116504854369,-1.88453608247423
-1.95145631067961,-1.88453608247423
-1.95145631067961,-1.87628865979381
-1.96116504854369,-1.87628865979381
-1.96116504854369,-1.8680412371134
-1.95145631067961,-1.8680412371134
-1.97087378640777,-1.85979381443299
-1.98058252427184,-1.85979381443299
-1.98058252427184,-1.85154639175258
-1.97087378640777,-1.85154639175258
-1.97087378640777,-1.84329896907217
-1.98058252427184,-1.84329896907217
-1.98058252427184,-1.83505154639175
-1.97087378640777,-1.83505154639175
-1.97087378640777,-1.82680412371134
-1.98058252427184,-1.82680412371134
-1.98058252427184,-1.81855670103093
-1.97087378640777,-1.81855670103093
-1.99029126213592,-1.81030927835052
-2,-1.81030927835052
-2,-1.8020618556701
-1.99029126213592,-1.8020618556701
-1.99029126213592,-1.79381443298969
-2,-1.79381443298969
-2,-1.78556701030928
-1.99029126213592,-1.78556701030928
-1.99029126213592,-1.77731958762887
-2,-1.77731958762887
-2,-1.76907216494845
-1.99029126213592,-1.76907216494845
-1.99029126213592,-1.76082474226804
-2,-1.76082474226804
-2,-1.75257731958763
-1.99029126213592,-1.75257731958763
-2,-1.7360824742268
-2,-1.72783505154639
-2,-1.71958762886598
-2,-1.71134020618557
-2,-1.70309278350515
-2,-1.69484536082474
-2,-1.68659793814433
-2,-1.67835051546392
-2,-1.67010309278351
-2,-1.66185567010309
-2,-1.65360824742268
-2,-1.64536082474227
-2,-1.63711340206186
-2,-1.62886597938144
-2,-1.62061855670103
-2,-1.61237113402062
-2,-1.60412371134021
-2,-1.59587628865979
-2,-1.58762886597938
-2,-1.57938144329897
-2,-1.57113402061856
-2,-1.56288659793814
-2,-1.55463917525773
-2,-1.54639175257732
-2,-1.53814432989691
-2,-1.52989690721649
-2,-1.52164948453608
-2,-1.51340206185567
-2,-1.50515463917526
-2,-1.49690721649485
-2,-1.48865979381443
-2,-1.48041237113402
-2,-1.47216494845361
-2,-1.4639175257732
-2,-1.45567010309278
-2,-1.44742268041237
-2,-1.43917525773196
-2,-1.43092783505155
-2,-1.42268041237113
-2,-1.41443298969072
-2,-1.40618556701031
-2,-1.3979381443299
-2,-1.38969072164948
-2,-1.38144329896907
-2,-1.37319587628866
-2,-1.36494845360825
-2,-1.35670103092784
-2,-1.34845360824742
-2,-1.34020618556701
-2,-1.3319587628866
-2,-1.32371134020619
-2,-1.31546391752577
-2,-1.30721649484536
-2,-1.29896907216495
-2,-1.29072164948454
-2,-1.28247422680412
-2,-1.27422680412371
-2,-1.2659793814433
-2,-1.25773195876289
-2,-1.24948453608247
-2,-1.24123711340206
-2,-1.23298969072165
-2,-1.22474226804124
-2,-1.21649484536082
-2,-1.20824742268041
-2,-1.2
-2,-1.19175257731959
-2,-1.18350515463918
-2,-1.17525773195876
-2,-1.16701030927835
-2,-1.15876288659794
-2,-1.15051546391753
-2,-1.14226804123711
-2,-1.1340206185567
-2,-1.12577319587629
-2,-1.11752577319588
-2,-1.10927835051546
-2,-1.10103092783505
-2,-1.09278350515464
-2,-1.08453608247423
-2,-1.07628865979381
-2,-1.0680412371134
-2,-1.05979381443299
-2,-1.05154639175258
-2,-1.04329896907216
-2,-1.03505154639175
-2,-1.02680412371134
-2,-1.01855670103093
-2,-1.01030927835052
-2,-1.0020618556701
-2,-0.993814432989691
-2,-0.985567010309278
-2,-0.977319587628866
-2,-0.969072164948454
-2,-0.960824742268041
-2,-0.952577319587629
-2,-0.944329896907216
-2,-0.936082474226804
-2,-0.927835051546392
-2,-0.919587628865979
-2,-0.911340206185567
-2,-0.903092783505155
-2,-0.894845360824742
-2,-0.88659793814433
-2,-0.878350515463918
-2,-0.870103092783505
-2,-0.861855670103093
-2,-0.85360824742268
-2,-0.845360824742268
-2,-0.837113402061856
-2,-0.828865979381443
-2,-0.820618556701031
-2,-0.812371134020619
-2,-0.804123711340206
-2,-0.795876288659794
-2,-0.787628865979382
-2,-0.779381443298969
-2,-0.771134020618557
-2,-0.762886597938144
-2,-0.754639175257732
-2,-0.74639175257732
-2,-0.738144329896907
-2,-0.729896907216495
-2,-0.721649484536083
-2,-0.71340206185567
-2,-0.705154639175258
-2,-0.696907216494845
-2,-0.688659793814433
-2,-0.680412371134021
-2,-0.672164948453608
-2,-0.663917525773196
-2,-0.655670103092783
-2,-0.647422680412371
-2,-0.639175257731959
-2,-0.630927835051546
-2,-0.622680412371134
-2,-0.614432989690722
-2,-0.606185567010309
-2,-0.597938144329897
-2,-0.589690721649484
-2,-0.581443298969072
-2,-0.57319587628866
-2,-0.564948453608247
-2,-0.556701030927835
-2,-0.548453608247423
-2,-0.54020618556701
-2,-0.531958762886598
-2,-0.523711340206185
-2,-0.515463917525773
-2,-0.507216494845361
-2,-0.498969072164948
-2,-0.490721649484536
-2,-0.482474226804124
-2,-0.474226804123711
-2,-0.465979381443299
-2,-0.457731958762887
-2,-0.449484536082474
-2,-0.441237113402062
-2,-0.43298969072165
-2,-0.424742268041237
-2,-0.416494845360825
-2,-0.408247422680412
-2,-0.4
-2,-0.391752577319588
-2,-0.383505154639175
-2,-0.375257731958763
-2,-0.367010309278351
-2,-0.358762886597938
-2,-0.350515463917526
-2,-0.342268041237113
-2,-0.334020618556701
-2,-0.325773195876289
-2,-0.317525773195876
-2,-0.309278350515464
-2,-0.301030927835052
-2,-0.292783505154639
-2,-0.284536082474227
-2,-0.276288659793814
-2,-0.268041237113402
-2,-0.25979381443299
-2,-0.251546391752577
-2,-0.243298969072165
-2,-0.235051546391753
-2,-0.22680412371134
-2,-0.218556701030928
-2,-0.210309278350515
-2,-0.202061855670103
-2,-0.193814432989691
-2,-0.185567010309278
-2,-0.177319587628866
-2,-0.169072164948454
-2,-0.160824742268041
-2,-0.152577319587629
-2,-0.144329896907216
-2,-0.136082474226804
-2,-0.127835051546392
-2,-0.119587628865979
-2,-0.111340206185567
-2,-0.103092783505155
-2,-0.0948453608247424
-2,-0.0865979381443298
-2,-0.0783505154639175
-2,-0.0701030927835051
-2,-0.0618556701030928
-2,-0.0536082474226804
-2,-0.0453608247422681
-2,-0.0371134020618558
-2,-0.0288659793814432
-2,-0.0206185567010309
-2,-0.0123711340206185
-2,-0.00412371134020617
-2,0.00412371134020617
-2,0.0123711340206185
-2,0.0206185567010309
-2,0.0288659793814432
-2,0.0371134020618555
-2,0.0453608247422679
-2,0.0536082474226802
-2,0.0618556701030926
-2,0.0701030927835054
-2,0.0783505154639177
-2,0.08659793814433
-2,0.0948453608247424
-2,0.103092783505155
-2,0.111340206185567
-2,0.119587628865979
-2,0.127835051546392
-2,0.136082474226804
-2,0.144329896907216
-2,0.152577319587629
-2,0.160824742268041
-2,0.169072164948453
-2,0.177319587628866
-2,0.185567010309278
-2,0.193814432989691
-2,0.202061855670103
-2,0.210309278350516
-2,0.218556701030928
-2,0.22680412371134
-2,0.235051546391753
-2,0.243298969072165
-2,0.251546391752577
-2,0.25979381443299
-2,0.268041237113402
-2,0.276288659793814
-2,0.284536082474227
-2,0.292783505154639
-2,0.301030927835051
-2,0.309278350515464
-2,0.317525773195876
-2,0.325773195876289
-2,0.334020618556701
-2,0.342268041237114
-2,0.350515463917526
-2,0.358762886597938
-2,0.367010309278351
-2,0.375257731958763
-2,0.383505154639175
-2,0.391752577319588
-2,0.4
-2,0.408247422680412
-2,0.416494845360825
-2,0.424742268041237
-2,0.432989690721649
-2,0.441237113402062
-2,0.449484536082474
-2,0.457731958762887
-2,0.465979381443299
-2,0.474226804123711
-2,0.482474226804124
-2,0.490721649484536
-2,0.498969072164948
-2,0.507216494845361
-2,0.515463917525773
-2,0.523711340206185
-2,0.531958762886598
-2,0.54020618556701
-2,0.548453608247423
-2,0.556701030927835
-2,0.564948453608248
-2,0.57319587628866
-2,0.581443298969072
-2,0.589690721649485
-2,0.597938144329897
-2,0.606185567010309
-2,0.614432989690722
-2,0.622680412371134
-2,0.630927835051546
-2,0.639175257731959
-2,0.647422680412371
-2,0.655670103092783
-2,0.663917525773196
-2,0.672164948453608
-2,0.68041237113402
-2,0.688659793814433
-2,0.696907216494846
-2,0.705154639175258
-2,0.71340206185567
-2,0.721649484536083
-2,0.729896907216495
-2,0.738144329896907
-2,0.74639175257732
-2,0.754639175257732
-2,0.762886597938144
-2,0.771134020618557
-2,0.779381443298969
-2,0.787628865979381
-2,0.795876288659794
-2,0.804123711340206
-2,0.812371134020618
-2,0.820618556701031
-2,0.828865979381443
-2,0.837113402061856
-2,0.845360824742268
-2,0.85360824742268
-2,0.861855670103093
-2,0.870103092783505
-2,0.878350515463918
-2,0.88659793814433
-2,0.894845360824742
-2,0.903092783505155
-2,0.911340206185567
-2,0.919587628865979
-2,0.927835051546392
-2,0.936082474226804
-2,0.944329896907217
-2,0.952577319587629
-2,0.960824742268041
-2,0.969072164948454
-2,0.977319587628866
-2,0.985567010309278
-2,0.993814432989691
-2,1.0020618556701
-2,1.01030927835052
-2,1.01855670103093
-2,1.02680412371134
-2,1.03505154639175
-2,1.04329896907216
-2,1.05154639175258
-2,1.05979381443299
-2,1.0680412371134
-2,1.07628865979381
-2,1.08453608247423
-2,1.09278350515464
-2,1.10103092783505
-2,1.10927835051546
-2,1.11752577319588
-2,1.12577319587629
-2,1.1340206185567
-2,1.14226804123711
-2,1.15051546391753
-2,1.15876288659794
-2,1.16701030927835
-2,1.17525773195876
-2,1.18350515463918
-2,1.19175257731959
-2,1.2
-2,1.20824742268041
-2,1.21649484536082
-2,1.22474226804124
-2,1.23298969072165
-2,1.24123711340206
-2,1.24948453608247
-2,1.25773195876289
-2,1.2659793814433
-2,1.27422680412371
-2,1.28247422680412
-2,1.29072164948454
-2,1.29896907216495
-2,1.30721649484536
-2,1.31546391752577
-2,1.32371134020619
-2,1.3319587628866
-2,1.34020618556701
-2,1.34845360824742
-2,1.35670103092784
-2,1.36494845360825
-2,1.37319587628866
-2,1.38144329896907
-2,1.38969072164948
-2,1.3979381443299
-2,1.40618556701031
-2,1.41443298969072
-2,1.42268041237113
-2,1.43092783505155
-2,1.43917525773196
-2,1.44742268041237
-2,1.45567010309278
-2,1.4639175257732
-2,1.47216494845361
-2,1.48041237113402
-2,1.48865979381443
-2,1.49690721649485
-2,1.50515463917526
-2,1.51340206185567
-2,1.52164948453608
-2,1.52989690721649
-2,1.53814432989691
-2,1.54639175257732
-2,1.55463917525773
-2,1.56288659793814
-2,1.57113402061856
-2,1.57938144329897
-2,1.58762886597938
-2,1.59587628865979
-2,1.60412371134021
-2,1.61237113402062
-2,1.62061855670103
-2,1.62886597938144
-2,1.63711340206186
-2,1.64536082474227
-2,1.65360824742268
-2,1.66185567010309
-2,1.6701030927835
-2,1.67835051546392
-2,1.68659793814433
-2,1.69484536082474
-2,1.70309278350515
-2,1.71134020618557
-2,1.71958762886598
-2,1.72783505154639
-2,1.7360824742268
-2,1.74432989690722
-2,1.75257731958763
-2,1.76082474226804
-2,1.76907216494845
-2,1.77731958762887
-2,1.78556701030928
-2,1.79381443298969
-2,1.8020618556701
-2,1.81030927835052
-2,1.81855670103093
-2,1.82680412371134
-2,1.83505154639175
-2,1.84329896907217
-2,1.85154639175258
-2,1.85979381443299
-2,1.8680412371134
-2,1.87628865979381
-2,1.88453608247423
-2,1.89278350515464
-2,1.90103092783505
-2,1.90927835051546
-2,1.91752577319588
-2,1.92577319587629
-2,1.9340206185567
-2,1.94226804123711
-2,1.95051546391753
-2,1.95876288659794
-2,1.96701030927835
-2,1.97525773195876
-2,1.98350515463918
-2,1.99175257731959
-2,2
-1.99029126213592,2
-1.98058252427184,2
-1.97087378640777,2
-1.96116504854369,2
-1.95145631067961,2
-1.94174757281553,2
-1.93203883495146,2
-1.92233009708738,2
-1.9126213592233,2
-1.90291262135922,2
-1.89320388349515,2
-1.88349514563107,2
-1.87378640776699,2
-1.86407766990291,2
-1.85436893203884,2
-1.84466019417476,2
-1.83495145631068,2
-1.8252427184466,2
-1.81553398058252,2
-1.80582524271845,2
-1.79611650485437,2
-1.78640776699029,2
-1.77669902912621,2
-1.76699029126214,2
-1.75728155339806,2
-1.74757281553398,2
-1.7378640776699,2
-1.72815533980583,2
-1.71844660194175,2
-1.70873786407767,2
-1.69902912621359,2
-1.68932038834951,2
-1.67961165048544,2
-1.66990291262136,2
-1.66019417475728,2
-1.6504854368932,2
-1.64077669902913,2
-1.63106796116505,2
-1.62135922330097,2
-1.61165048543689,2
-1.60194174757282,2
-1.59223300970874,2
-1.58252427184466,2
-1.57281553398058,2
-1.5631067961165,2
-1.55339805825243,2
-1.54368932038835,2
-1.53398058252427,2
-1.52427184466019,2
-1.51456310679612,2
-1.50485436893204,2
-1.49514563106796,2
-1.48543689320388,2
-1.47572815533981,2
-1.46601941747573,2
-1.45631067961165,2
-1.44660194174757,2
-1.4368932038835,2
-1.42718446601942,2
-1.41747572815534,2
-1.40776699029126,2
-1.39805825242718,2
-1.38834951456311,2
-1.37864077669903,2
-1.36893203883495,2
-1.35922330097087,2
-1.3495145631068,2
-1.33980582524272,2
-1.33009708737864,2
-1.32038834951456,2
-1.31067961165049,2
-1.30097087378641,2
-1.29126213592233,2
-1.28155339805825,2
-1.27184466019417,2
-1.2621359223301,2
-1.25242718446602,2
-1.24271844660194,2
-1.23300970873786,2
-1.22330097087379,2
-1.21359223300971,2
-1.20388349514563,2
-1.19417475728155,2
-1.18446601941748,2
-1.1747572815534,2
-1.16504854368932,2
-1.15533980582524,2
-1.14563106796116,2
-1.13592233009709,2
-1.12621359223301,2
-1.11650485436893,2
-1.10679611650485,2
-1.09708737864078,2
-1.0873786407767,2
-1.07766990291262,2
-1.06796116504854,2
-1.05825242718447,2
-1.04854368932039,2
-1.03883495145631,2
-1.02912621359223,2
-1.01941747572816,2
-1.00970873786408,2
-1,2
-0.990291262135922,2
-0.980582524271845,2
-0.970873786407767,2
-0.961165048543689,2
-0.951456310679612,2
-0.941747572815534,2
-0.932038834951456,2
-0.922330097087379,2
-0.912621359223301,2
-0.902912621359223,2
-0.893203883495146,2
-0.883495145631068,2
-0.87378640776699,2
-0.864077669902913,2
-0.854368932038835,2
-0.844660194174757,2
-0.83495145631068,2
-0.825242718446602,2
-0.815533980582524,2
-0.805825242718447,2
-0.796116504854369,2
-0.786407766990291,2
-0.776699029126214,2
-0.766990291262136,2
-0.757281553398058,2
-0.74757281553398,2
-0.737864077669903,2
-0.728155339805825,2
-0.718446601941747,2
-0.70873786407767,2
-0.699029126213592,2
-0.689320388349514,2
-0.679611650485437,2
-0.669902912621359,2
-0.660194174757281,2
-0.650485436893204,2
-0.640776699029126,2
-0.631067961165048,2
-0.621359223300971,2
-0.611650485436893,2
-0.601941747572815,2
-0.592233009708738,2
-0.58252427184466,2
-0.572815533980582,2
-0.563106796116505,2
-0.553398058252427,2
-0.54368932038835,2
-0.533980582524272,2
-0.524271844660194,2
-0.514563106796117,2
-0.504854368932039,2
-0.495145631067961,2
-0.485436893203884,2
-0.475728155339806,2
-0.466019417475728,2
-0.456310679611651,2
-0.446601941747573,2
-0.436893203883495,2
-0.427184466019418,2
-0.41747572815534,2
-0.407766990291262,2
-0.398058252427185,2
-0.388349514563107,2
-0.378640776699029,2
-0.368932038834952,2
-0.359223300970874,2
-0.349514563106796,2
-0.339805825242719,2
-0.330097087378641,2
-0.320388349514563,2
-0.310679611650486,2
-0.300970873786408,2
-0.29126213592233,2
-0.281553398058253,2
-0.271844660194175,2
-0.262135922330097,2
-0.25242718446602,2
-0.242718446601942,2
-0.233009708737864,2
-0.223300970873786,2
-0.213592233009709,2
-0.203883495145631,2
-0.194174757281553,2
-0.184466019417476,2
-0.174757281553398,2
-0.16504854368932,2
-0.155339805825243,2
-0.145631067961165,2
-0.135922330097087,2
-0.12621359223301,2
-0.116504854368932,2
-0.106796116504854,2
-0.0970873786407767,2
-0.087378640776699,2
-0.0776699029126213,2
-0.0679611650485437,2
-0.058252427184466,2
-0.0485436893203883,2
-0.0388349514563107,2
-0.029126213592233,2
-0.0194174757281553,2
-0.00970873786407767,2
0,2
0.00970873786407767,2
0.0194174757281553,2
0.029126213592233,2
0.0388349514563107,2
0.0485436893203883,2
0.058252427184466,2
0.0679611650485437,2
0.0776699029126213,2
0.087378640776699,2
0.0970873786407767,2
0.106796116504854,2
0.116504854368932,2
0.12621359223301,2
0.135922330097087,2
0.145631067961165,2
0.155339805825243,2
0.16504854368932,2
0.174757281553398,2
0.184466019417476,2
0.194174757281553,2
0.203883495145631,2
0.213592233009709,2
0.223300970873786,2
0.233009708737864,2
0.242718446601942,2
0.252427184466019,2
0.262135922330097,2
0.271844660194175,2
0.281553398058252,2
0.29126213592233,2
0.300970873786408,2
0.310679611650485,2
0.320388349514563,2
0.330097087378641,2
0.339805825242718,2
0.349514563106796,2
0.359223300970874,2
0.368932038834951,2
0.378640776699029,2
0.388349514563107,2
0.398058252427184,2
0.407766990291262,2
0.41747572815534,2
0.427184466019417,2
0.436893203883495,2
0.446601941747573,2
0.45631067961165,2
0.466019417475728,2
0.475728155339806,2
0.485436893203883,2
0.495145631067961,2
0.504854368932039,2
0.514563106796117,2
0.524271844660194,2
0.533980582524272,2
0.54368932038835,2
0.553398058252427,2
0.563106796116505,2
0.572815533980583,2
0.58252427184466,2
0.592233009708738,2
0.601941747572816,2
0.611650485436893,2
0.621359223300971,2
0.631067961165049,2
0.640776699029126,2
0.650485436893204,2
0.660194174757282,2
0.669902912621359,2
0.679611650485437,2
0.689320388349515,2
0.699029126213592,2
0.70873786407767,2
0.718446601941748,2
0.728155339805825,2
0.737864077669903,2
0.747572815533981,2
0.757281553398058,2
0.766990291262136,2
0.776699029126214,2
0.786407766990291,2
0.796116504854369,2
0.805825242718447,2
0.815533980582524,2
0.825242718446602,2
0.83495145631068,2
0.844660194174757,2
0.854368932038835,2
0.864077669902913,2
0.87378640776699,2
0.883495145631068,2
0.893203883495146,2
0.902912621359223,2
0.912621359223301,2
0.922330097087379,2
0.932038834951456,2
0.941747572815534,2
0.951456310679612,2
0.961165048543689,2
0.970873786407767,2
0.980582524271845,2
0.990291262135922,2
1,2
1.00970873786408,2
1.01941747572816,2
1.02912621359223,2
1.03883495145631,2
1.04854368932039,2
1.05825242718447,2
1.06796116504854,2
1.07766990291262,2
1.0873786407767,2
1.09708737864078,2
1.10679611650485,2
1.11650485436893,2
1.12621359223301,2
1.13592233009709,2
1.14563106796116,2
1.15533980582524,2
1.16504854368932,2
1.1747572815534,2
1.18446601941748,2
1.19417475728155,2
1.20388349514563,2
1.21359223300971,2
1.22330097087379,2
1.23300970873786,2
1.24271844660194,2
1.25242718446602,2
1.2621359223301,2
1.27184466019417,2
1.28155339805825,2
1.29126213592233,2
1.30097087378641,2
1.31067961165049,2
1.32038834951456,2
1.33009708737864,2
1.33980582524272,2
1.3495145631068,2
1.35922330097087,2
1.36893203883495,2
1.37864077669903,2
1.38834951456311,2
1.39805825242718,2
1.40776699029126,2
1.41747572815534,2
1.42718446601942,2
1.43689320388349,2
1.44660194174757,2
1.45631067961165,2
1.46601941747573,2
1.47572815533981,2
1.48543689320388,2
1.49514563106796,2
1.50485436893204,2
1.51456310679612,2
1.52427184466019,2
1.53398058252427,2
1.54368932038835,2
1.55339805825243,2
1.56310679611651,2
1.57281553398058,2
1.58252427184466,2
1.59223300970874,2
1.60194174757282,2
1.61165048543689,2
1.62135922330097,2
1.63106796116505,2
1.64077669902913,2
1.6504854368932,2
1.66019417475728,2
1.66990291262136,2
1.67961165048544,2
1.68932038834951,2
1.69902912621359,2
1.70873786407767,2
1.71844660194175,2
1.72815533980583,2
1.7378640776699,2
1.74757281553398,2
1.75728155339806,2
1.76699029126214,2
1.77669902912621,2
1.78640776699029,2
1.79611650485437,2
1.80582524271845,2
1.81553398058252,2
1.8252427184466,2
1.83495145631068,2
1.84466019417476,2
1.85436893203884,2
1.86407766990291,2
1.87378640776699,2
1.88349514563107,2
1.89320388349515,2
1.90291262135922,2
1.9126213592233,2
1.92233009708738,2
1.93203883495146,2
1.94174757281553,2
1.95145631067961,2
1.96116504854369,2
1.97087378640777,2
1.98058252427184,2
1.99029126213592,2
2,1.99175257731959
2,1.98350515463918
2,1.97525773195876
2,1.96701030927835
2,1.95876288659794
2,1.95051546391753
2,1.94226804123711
2,1.9340206185567
2,1.92577319587629
2,1.91752577319588
2,1.90927835051546
2,1.90103092783505
2,1.89278350515464
2,1.88453608247423
2,1.87628865979381
2,1.8680412371134
2,1.85979381443299
2,1.85154639175258
2,1.84329896907217
2,1.83505154639175
2,1.82680412371134
2,1.81855670103093
2,1.81030927835052
2,1.8020618556701
2,1.79381443298969
2,1.78556701030928
2,1.77731958762887
2,1.76907216494845
2,1.76082474226804
2,1.75257731958763
2,1.74432989690722
2,1.7360824742268
2,1.72783505154639
2,1.71958762886598
2,1.71134020618557
2,1.70309278350515
2,1.69484536082474
2,1.68659793814433
2,1.67835051546392
2,1.6701030927835
2,1.66185567010309
2,1.65360824742268
2,1.64536082474227
2,1.63711340206186
2,1.62886597938144
2,1.62061855670103
2,1.61237113402062
2,1.60412371134021
2,1.59587628865979
2,1.58762886597938
2,1.57938144329897
2,1.57113402061856
2,1.56288659793814
2,1.55463917525773
2,1.54639175257732
2,1.53814432989691
2,1.52989690721649
2,1.52164948453608
2,1.51340206185567
2,1.50515463917526
2,1.49690721649485
2,1.48865979381443
2,1.48041237113402
2,1.47216494845361
2,1.4639175257732
2,1.45567010309278
2,1.44742268041237
2,1.43917525773196
2,1.43092783505155
2,1.42268041237113
2,1.41443298969072
2,1.40618556701031
2,1.3979381443299
2,1.38969072164948
2,1.38144329896907
2,1.37319587628866
2,1.36494845360825
2,1.35670103092784
2,1.34845360824742
2,1.34020618556701
2,1.3319587628866
2,1.32371134020619
2,1.31546391752577
2,1.30721649484536
2,1.29896907216495
2,1.29072164948454
2,1.28247422680412
2,1.27422680412371
2,1.2659793814433
2,1.25773195876289
2,1.24948453608247
2,1.24123711340206
2,1.23298969072165
2,1.22474226804124
2,1.21649484536082
2,1.20824742268041
2,1.2
2,1.19175257731959
2,1.18350515463918
2,1.17525773195876
2,1.16701030927835
2,1.15876288659794
2,1.15051546391753
2,1.14226804123711
2,1.1340206185567
2,1.12577319587629
2,1.11752577319588
2,1.10927835051546
2,1.10103092783505
2,1.09278350515464
2,1.08453608247423
2,1.07628865979381
2,1.0680412371134
2,1.05979381443299
2,1.05154639175258
2,1.04329896907216
2,1.03505154639175
2,1.02680412371134
2,1.01855670103093
2,1.01030927835052
2,1.0020618556701
2,0.993814432989691
2,0.985567010309278
2,0.977319587628866
2,0.969072164948454
2,0.960824742268041
2,0.952577319587629
2,0.944329896907217
2,0.936082474226804
2,0.927835051546392
2,0.919587628865979
2,0.911340206185567
2,0.903092783505155
2,0.894845360824742
2,0.88659793814433
2,0.878350515463918
2,0.870103092783505
2,0.861855670103093
2,0.85360824742268
2,0.845360824742268
2,0.837113402061856
2,0.828865979381443
2,0.820618556701031
2,0.812371134020618
2,0.804123711340206
2,0.795876288659794
2,0.787628865979381
2,0.779381443298969
2,0.771134020618557
2,0.762886597938144
2,0.754639175257732
2,0.74639175257732
2,0.738144329896907
2,0.729896907216495
2,0.721649484536083
2,0.71340206185567
2,0.705154639175258
2,0.696907216494846
2,0.688659793814433
2,0.68041237113402
2,0.672164948453608
2,0.663917525773196
2,0.655670103092783
2,0.647422680412371
2,0.639175257731959
2,0.630927835051546
2,0.622680412371134
2,0.614432989690722
2,0.606185567010309
2,0.597938144329897
2,0.589690721649485
2,0.581443298969072
2,0.57319587628866
2,0.564948453608248
2,0.556701030927835
2,0.548453608247423
2,0.54020618556701
2,0.531958762886598
2,0.523711340206185
2,0.515463917525773
2,0.507216494845361
2,0.498969072164948
2,0.490721649484536
2,0.482474226804124
2,0.474226804123711
2,0.465979381443299
2,0.457731958762887
2,0.449484536082474
2,0.441237113402062
2,0.432989690721649
2,0.424742268041237
2,0.416494845360825
2,0.408247422680412
2,0.4
2,0.391752577319588
2,0.383505154639175
2,0.375257731958763
2,0.367010309278351
2,0.358762886597938
2,0.350515463917526
2,0.342268041237114
2,0.334020618556701
2,0.325773195876289
2,0.317525773195876
2,0.309278350515464
2,0.301030927835051
2,0.292783505154639
2,0.284536082474227
2,0.276288659793814
2,0.268041237113402
2,0.25979381443299
2,0.251546391752577
2,0.243298969072165
2,0.235051546391753
2,0.22680412371134
2,0.218556701030928
2,0.210309278350516
2,0.202061855670103
2,0.193814432989691
2,0.185567010309278
2,0.177319587628866
2,0.169072164948453
2,0.160824742268041
2,0.152577319587629
2,0.144329896907216
2,0.136082474226804
2,0.127835051546392
2,0.119587628865979
2,0.111340206185567
2,0.103092783505155
2,0.0948453608247424
2,0.08659793814433
2,0.0783505154639177
2,0.0701030927835054
2,0.0618556701030926
2,0.0536082474226802
2,0.0453608247422679
2,0.0371134020618555
2,0.0288659793814432
2,0.0206185567010309
2,0.0123711340206185
2,0.00412371134020617
2,-0.00412371134020617
2,-0.0123711340206185
2,-0.0206185567010309
2,-0.0288659793814432
2,-0.0371134020618558
2,-0.0453608247422681
2,-0.0536082474226804
2,-0.0618556701030928
2,-0.0701030927835051
2,-0.0783505154639175
2,-0.0865979381443298
2,-0.0948453608247424
2,-0.103092783505155
2,-0.111340206185567
2,-0.119587628865979
2,-0.127835051546392
2,-0.136082474226804
2,-0.144329896907216
2,-0.152577319587629
2,-0.160824742268041
2,-0.169072164948454
2,-0.177319587628866
2,-0.185567010309278
2,-0.193814432989691
2,-0.202061855670103
2,-0.210309278350515
2,-0.218556701030928
2,-0.22680412371134
2,-0.235051546391753
2,-0.243298969072165
2,-0.251546391752577
2,-0.25979381443299
2,-0.268041237113402
2,-0.276288659793814
2,-0.284536082474227
2,-0.292783505154639
2,-0.301030927835052
2,-0.309278350515464
2,-0.317525773195876
2,-0.325773195876289
2,-0.334020618556701
2,-0.342268041237113
2,-0.350515463917526
2,-0.358762886597938
2,-0.367010309278351
2,-0.375257731958763
2,-0.383505154639175
2,-0.391752577319588
2,-0.4
2,-0.408247422680412
2,-0.416494845360825
2,-0.424742268041237
2,-0.43298969072165
2,-0.441237113402062
2,-0.449484536082474
2,-0.457731958762887
2,-0.465979381443299
2,-0.474226804123711
2,-0.482474226804124
2,-0.490721649484536
2,-0.498969072164948
2,-0.507216494845361
2,-0.515463917525773
2,-0.523711340206185
2,-0.531958762886598
2,-0.54020618556701
2,-0.548453608247423
2,-0.556701030927835
2,-0.564948453608247
2,-0.57319587628866
2,-0.581443298969072
2,-0.589690721649484
2,-0.597938144329897
2,-0.606185567010309
2,-0.614432989690722
2,-0.622680412371134
2,-0.630927835051546
2,-0.639175257731959
2,-0.647422680412371
2,-0.655670103092783
2,-0.663917525773196
2,-0.672164948453608
2,-0.680412371134021
2,-0.688659793814433
2,-0.696907216494845
2,-0.705154639175258
2,-0.71340206185567
2,-0.721649484536083
2,-0.729896907216495
2,-0.738144329896907
2,-0.74639175257732
2,-0.754639175257732
2,-0.762886597938144
2,-0.771134020618557
2,-0.779381443298969
2,-0.787628865979382
2,-0.795876288659794
2,-0.804123711340206
2,-0.812371134020619
2,-0.820618556701031
2,-0.828865979381443
2,-0.837113402061856
2,-0.845360824742268
2,-0.85360824742268
2,-0.861855670103093
2,-0.870103092783505
2,-0.878350515463918
2,-0.88659793814433
2,-0.894845360824742
2,-0.903092783505155
2,-0.911340206185567
2,-0.919587628865979
2,-0.927835051546392
2,-0.936082474226804
2,-0.944329896907216
2,-0.952577319587629
2,-0.960824742268041
2,-0.969072164948454
2,-0.977319587628866
2,-0.985567010309278
2,-0.993814432989691
2,-1.0020618556701
2,-1.01030927835052
2,-1.01855670103093
2,-1.02680412371134
2,-1.03505154639175
2,-1.04329896907216
2,-1.05154639175258
2,-1.05979381443299
2,-1.0680412371134
2,-1.07628865979381
2,-1.08453608247423
2,-1.09278350515464
2,-1.10103092783505
2,-1.10927835051546
2,-1.11752577319588
2,-1.12577319587629
2,-1.1340206185567
2,-1.14226804123711
2,-1.15051546391753
2,-1.15876288659794
2,-1.16701030927835
2,-1.17525773195876
2,-1.18350515463918
2,-1.19175257731959
2,-1.2
2,-1.20824742268041
2,-1.21649484536082
2,-1.22474226804124
2,-1.23298969072165
2,-1.24123711340206
2,-1.24948453608247
2,-1.25773195876289
2,-1.2659793814433
2,-1.27422680412371
2,-1.28247422680412
2,-1.29072164948454
2,-1.29896907216495
2,-1.30721649484536
2,-1.31546391752577
2,-1.32371134020619
2,-1.3319587628866
2,-1.34020618556701
2,-1.34845360824742
2,-1.35670103092784
2,-1.36494845360825
2,-1.37319587628866
2,-1.38144329896907
2,-1.38969072164948
2,-1.3979381443299
2,-1.40618556701031
2,-1.41443298969072
2,-1.42268041237113
2,-1.43092783505155
2,-1.43917525773196
2,-1.44742268041237
2,-1.45567010309278
2,-1.4639175257732
2,-1.47216494845361
2,-1.48041237113402
2,-1.48865979381443
2,-1.49690721649485
2,-1.50515463917526
2,-1.51340206185567
2,-1.52164948453608
2,-1.52989690721649
2,-1.53814432989691
2,-1.54639175257732
2,-1.55463917525773
2,-1.56288659793814
2,-1.57113402061856
2,-1.57938144329897
2,-1.58762886597938
2,-1.59587628865979
2,-1.60412371134021
2,-1.61237113402062
2,-1.62061855670103
2,-1.62886597938144
2,-1.63711340206186
2,-1.64536082474227
2,-1.65360824742268
2,-1.66185567010309
2,-1.67010309278351
2,-1.67835051546392
2,-1.68659793814433
2,-1.69484536082474
2,-1.70309278350515
2,-1.71134020618557
2,-1.71958762886598
2,-1.72783505154639
2,-1.7360824742268
2,-1.75257731958763
2,-1.76082474226804
2,-1.76907216494845
2,-1.77731958762887
2,-1.78556701030928
2,-1.79381443298969
2,-1.8020618556701
2,-1.81030927835052
1.99029126213592,-1.81030927835052
1.99029126213592,-1.8020618556701
1.99029126213592,-1.79381443298969
1.99029126213592,-1.78556701030928
1.99029126213592,-1.77731958762887
1.99029126213592,-1.76907216494845
1.99029126213592,-1.76082474226804
1.99029126213592,-1.75257731958763
1.98058252427184,-1.81855670103093
1.98058252427184,-1.82680412371134
1.98058252427184,-1.83505154639175
1.98058252427184,-1.84329896907217
1.98058252427184,-1.85154639175258
1.97087378640777,-1.85154639175258
1.97087378640777,-1.84329896907217
1.97087378640777,-1.83505154639175
1.97087378640777,-1.82680412371134
1.97087378640777,-1.81855670103093
1.96116504854369,-1.85979381443299
1.96116504854369,-1.8680412371134
1.96116504854369,-1.87628865979381
1.96116504854369,-1.88453608247423
1.95145631067961,-1.88453608247423
1.95145631067961,-1.87628865979381
1.95145631067961,-1.8680412371134
1.95145631067961,-1.85979381443299
1.94174757281553,-1.89278350515464
1.94174757281553,-1.90103092783505
1.93203883495146,-1.90927835051546
1.93203883495146,-1.91752577319588
1.92233009708738,-1.91752577319588
1.92233009708738,-1.90927835051546
1.9126213592233,-1.92577319587629
1.9126213592233,-1.9340206185567
1.90291262135922,-1.9340206185567
1.90291262135922,-1.92577319587629
1.89320388349515,-1.94226804123711
1.89320388349515,-1.95051546391753
1.88349514563107,-1.95051546391753
1.88349514563107,-1.94226804123711
1.87378640776699,-1.95876288659794
1.87378640776699,-1.96701030927835
1.86407766990291,-1.96701030927835
1.85436893203884,-1.96701030927835
1.84466019417476,-1.96701030927835
1.84466019417476,-1.95876288659794
1.85436893203884,-1.95876288659794
1.86407766990291,-1.95876288659794
1.83495145631068,-1.97525773195876
1.83495145631068,-1.98350515463918
1.8252427184466,-1.98350515463918
1.81553398058252,-1.98350515463918
1.80582524271845,-1.98350515463918
1.79611650485437,-1.98350515463918
1.78640776699029,-1.98350515463918
1.78640776699029,-1.97525773195876
1.79611650485437,-1.97525773195876
1.80582524271845,-1.97525773195876
1.81553398058252,-1.97525773195876
1.8252427184466,-1.97525773195876
1.77669902912621,-1.99175257731959
1.76699029126214,-1.99175257731959
1.75728155339806,-1.99175257731959
1.74757281553398,-1.99175257731959
1.7378640776699,-1.99175257731959
1.72815533980583,-1.99175257731959
1.71844660194175,-1.99175257731959
1.70873786407767,-1.99175257731959
1.69902912621359,-1.99175257731959
1.68932038834951,-1.99175257731959
1.67961165048544,-1.99175257731959
1.66990291262136,-1.99175257731959
1.66019417475728,-1.99175257731959
1.6504854368932,-1.98350515463918
1.64077669902913,-1.98350515463918
1.63106796116505,-1.98350515463918
1.62135922330097,-1.98350515463918
1.61165048543689,-1.98350515463918
1.60194174757282,-1.98350515463918
1.60194174757282,-1.97525773195876
1.61165048543689,-1.97525773195876
1.62135922330097,-1.97525773195876
1.63106796116505,-1.97525773195876
1.64077669902913,-1.97525773195876
1.6504854368932,-1.97525773195876
1.59223300970874,-1.96701030927835
1.58252427184466,-1.96701030927835
1.57281553398058,-1.96701030927835
1.56310679611651,-1.96701030927835
1.56310679611651,-1.95876288659794
1.57281553398058,-1.95876288659794
1.58252427184466,-1.95876288659794
1.59223300970874,-1.95876288659794
1.55339805825243,-1.95051546391753
1.54368932038835,-1.95051546391753
1.54368932038835,-1.94226804123711
1.55339805825243,-1.94226804123711
1.53398058252427,-1.9340206185567
1.52427184466019,-1.9340206185567
1.52427184466019,-1.92577319587629
1.53398058252427,-1.92577319587629
1.51456310679612,-1.91752577319588
1.51456310679612,-1.90927835051546
1.50485436893204,-1.90103092783505
1.49514563106796,-1.90103092783505
1.49514563106796,-1.89278350515464
1.50485436893204,-1.89278350515464
1.48543689320388,-1.88453608247423
1.47572815533981,-1.88453608247423
1.47572815533981,-1.87628865979381
1.48543689320388,-1.87628865979381
1.48543689320388,-1.8680412371134
1.47572815533981,-1.8680412371134
1.47572815533981,-1.85979381443299
1.48543689320388,-1.85979381443299
1.46601941747573,-1.85154639175258
1.45631067961165,-1.85154639175258
1.45631067961165,-1.84329896907217
1.46601941747573,-1.84329896907217
1.46601941747573,-1.83505154639175
1.45631067961165,-1.83505154639175
1.45631067961165,-1.82680412371134
1.46601941747573,-1.82680412371134
1.46601941747573,-1.81855670103093
1.45631067961165,-1.81855670103093
1.44660194174757,-1.81030927835052
1.43689320388349,-1.81030927835052
1.43689320388349,-1.8020618556701
1.44660194174757,-1.8020618556701
1.44660194174757,-1.79381443298969
1.43689320388349,-1.79381443298969
1.43689320388349,-1.78556701030928
1.44660194174757,-1.78556701030928
1.44660194174757,-1.77731958762887
1.43689320388349,-1.77731958762887
1.43689320388349,-1.76907216494845
1.44660194174757,-1.76907216494845
1.44660194174757,-1.76082474226804
1.43689320388349,-1.76082474226804
1.43689320388349,-1.75257731958763
1.44660194174757,-1.75257731958763
1.42718446601942,-1.7360824742268
1.42718446601942,-1.72783505154639
1.42718446601942,-1.71958762886598
1.42718446601942,-1.71134020618557
1.42718446601942,-1.70309278350515
1.42718446601942,-1.69484536082474
1.42718446601942,-1.68659793814433
1.42718446601942,-1.67835051546392
1.42718446601942,-1.67010309278351
1.42718446601942,-1.66185567010309
1.42718446601942,-1.65360824742268
1.42718446601942,-1.64536082474227
1.42718446601942,-1.63711340206186
1.42718446601942,-1.62886597938144
1.42718446601942,-1.62061855670103
1.42718446601942,-1.61237113402062
1.42718446601942,-1.60412371134021
1.42718446601942,-1.59587628865979
1.42718446601942,-1.58762886597938
1.42718446601942,-1.57938144329897
1.42718446601942,-1.57113402061856
1.42718446601942,-1.56288659793814
1.42718446601942,-1.55463917525773
1.42718446601942,-1.54639175257732
1.42718446601942,-1.53814432989691
1.42718446601942,-1.52989690721649
1.42718446601942,-1.52164948453608
1.42718446601942,-1.51340206185567
1.42718446601942,-1.50515463917526
1.42718446601942,-1.49690721649485
1.42718446601942,-1.48865979381443
1.42718446601942,-1.48041237113402
1.42718446601942,-1.47216494845361
1.42718446601942,-1.4639175257732
1.42718446601942,-1.45567010309278
1.42718446601942,-1.44742268041237
1.42718446601942,-1.43917525773196
1.42718446601942,-1.43092783505155
1.42718446601942,-1.42268041237113
1.42718446601942,-1.41443298969072
1.42718446601942,-1.40618556701031
1.42718446601942,-1.3979381443299
1.42718446601942,-1.38969072164948
1.42718446601942,-1.38144329896907
1.42718446601942,-1.37319587628866
1.42718446601942,-1.36494845360825
1.42718446601942,-1.35670103092784
1.42718446601942,-1.34845360824742
1.42718446601942,-1.34020618556701
1.42718446601942,-1.3319587628866
1.42718446601942,-1.32371134020619
1.42718446601942,-1.31546391752577
1.42718446601942,-1.30721649484536
1.42718446601942,-1.29896907216495
1.42718446601942,-1.29072164948454
1.42718446601942,-1.28247422680412
1.42718446601942,-1.27422680412371
1.42718446601942,-1.2659793814433
1.42718446601942,-1.25773195876289
1.42718446601942,-1.24948453608247
1.42718446601942,-1.24123711340206
1.42718446601942,-1.23298969072165
1.42718446601942,-1.22474226804124
1.42718446601942,-1.21649484536082
1.42718446601942,-1.20824742268041
1.42718446601942,-1.2
1.42718446601942,-1.19175257731959
1.42718446601942,-1.18350515463918
1.42718446601942,-1.17525773195876
1.42718446601942,-1.16701030927835
1.42718446601942,-1.15876288659794
1.42718446601942,-1.15051546391753
1.42718446601942,-1.14226804123711
1.42718446601942,-1.1340206185567
1.42718446601942,-1.12577319587629
1.42718446601942,-1.11752577319588
1.42718446601942,-1.10927835051546
1.42718446601942,-1.10103092783505
1.42718446601942,-1.09278350515464
1.42718446601942,-1.08453608247423
1.42718446601942,-1.07628865979381
1.42718446601942,-1.0680412371134
1.42718446601942,-1.05979381443299
1.42718446601942,-1.05154639175258
1.42718446601942,-1.04329896907216
1.42718446601942,-1.03505154639175
1.42718446601942,-1.02680412371134
1.42718446601942,-1.01855670103093
1.42718446601942,-1.01030927835052
1.42718446601942,-1.0020618556701
1.42718446601942,-0.993814432989691
1.42718446601942,-0.985567010309278
1.42718446601942,-0.977319587628866
1.42718446601942,-0.969072164948454
1.42718446601942,-0.960824742268041
1.42718446601942,-0.952577319587629
1.42718446601942,-0.944329896907216
1.42718446601942,-0.936082474226804
1.42718446601942,-0.927835051546392
1.42718446601942,-0.919587628865979
1.42718446601942,-0.911340206185567
1.42718446601942,-0.903092783505155
1.42718446601942,-0.894845360824742
1.42718446601942,-0.88659793814433
1.42718446601942,-0.878350515463918
1.42718446601942,-0.870103092783505
1.42718446601942,-0.861855670103093
1.42718446601942,-0.85360824742268
1.42718446601942,-0.845360824742268
1.42718446601942,-0.837113402061856
1.42718446601942,-0.828865979381443
1.42718446601942,-0.820618556701031
1.42718446601942,-0.812371134020619
1.42718446601942,-0.804123711340206
1.42718446601942,-0.795876288659794
1.42718446601942,-0.787628865979382
1.42718446601942,-0.779381443298969
1.42718446601942,-0.771134020618557
1.42718446601942,-0.762886597938144
1.42718446601942,-0.754639175257732
1.42718446601942,-0.74639175257732
1.42718446601942,-0.738144329896907
1.42718446601942,-0.729896907216495
1.42718446601942,-0.721649484536083
1.42718446601942,-0.71340206185567
1.42718446601942,-0.705154639175258
1.42718446601942,-0.696907216494845
1.42718446601942,-0.688659793814433
1.42718446601942,-0.680412371134021
1.42718446601942,-0.672164948453608
1.42718446601942,-0.663917525773196
1.42718446601942,-0.655670103092783
1.42718446601942,-0.647422680412371
1.42718446601942,-0.639175257731959
1.42718446601942,-0.630927835051546
1.42718446601942,-0.622680412371134
1.42718446601942,-0.614432989690722
1.42718446601942,-0.606185567010309
1.42718446601942,-0.597938144329897
1.42718446601942,-0.589690721649484
1.42718446601942,-0.581443298969072
1.42718446601942,-0.57319587628866
1.42718446601942,-0.564948453608247
1.42718446601942,-0.556701030927835
1.42718446601942,-0.548453608247423
1.42718446601942,-0.54020618556701
1.42718446601942,-0.531958762886598
1.42718446601942,-0.523711340206185
1.42718446601942,-0.515463917525773
1.42718446601942,-0.507216494845361
1.42718446601942,-0.498969072164948
1.42718446601942,-0.490721649484536
1.42718446601942,-0.482474226804124
1.42718446601942,-0.474226804123711
1.42718446601942,-0.465979381443299
1.42718446601942,-0.457731958762887
1.42718446601942,-0.449484536082474
1.42718446601942,-0.441237113402062
1.42718446601942,-0.43298969072165
1.42718446601942,-0.424742268041237
1.42718446601942,-0.416494845360825
1.42718446601942,-0.408247422680412
1.42718446601942,-0.4
1.42718446601942,-0.391752577319588
1.42718446601942,-0.383505154639175
1.42718446601942,-0.375257731958763
1.42718446601942,-0.367010309278351
1.42718446601942,-0.358762886597938
1.42718446601942,-0.350515463917526
1.42718446601942,-0.342268041237113
1.42718446601942,-0.334020618556701
1.42718446601942,-0.325773195876289
1.42718446601942,-0.317525773195876
1.42718446601942,-0.309278350515464
1.42718446601942,-0.301030927835052
1.42718446601942,-0.292783505154639
1.42718446601942,-0.284536082474227
1.42718446601942,-0.276288659793814
1.42718446601942,-0.268041237113402
1.42718446601942,-0.25979381443299
1.42718446601942,-0.251546391752577
1.42718446601942,-0.243298969072165
1.42718446601942,-0.235051546391753
1.42718446601942,-0.22680412371134
1.42718446601942,-0.218556701030928
1.42718446601942,-0.210309278350515
1.42718446601942,-0.202061855670103
1.42718446601942,-0.193814432989691
1.42718446601942,-0.185567010309278
1.42718446601942,-0.177319587628866
1.42718446601942,-0.169072164948454
1.42718446601942,-0.160824742268041
1.42718446601942,-0.152577319587629
1.42718446601942,-0.144329896907216
1.42718446601942,-0.136082474226804
1.42718446601942,-0.127835051546392
1.42718446601942,-0.119587628865979
1.42718446601942,-0.111340206185567
1.42718446601942,-0.103092783505155
1.42718446601942,-0.0948453608247424
1.42718446601942,-0.0865979381443298
1.42718446601942,-0.0783505154639175
1.42718446601942,-0.0701030927835051
1.42718446601942,-0.0618556701030928
1.42718446601942,-0.0536082474226804
1.42718446601942,-0.0453608247422681
1.42718446601942,-0.0371134020618558
1.42718446601942,-0.0288659793814432
1.42718446601942,-0.0206185567010309
1.42718446601942,-0.0123711340206185
1.42718446601942,-0.00412371134020617
1.42718446601942,0.00412371134020617
1.42718446601942,0.0123711340206185
1.42718446601942,0.0206185567010309
1.42718446601942,0.0288659793814432
1.42718446601942,0.0371134020618555
1.42718446601942,0.0453608247422679
1.42718446601942,0.0536082474226802
1.42718446601942,0.0618556701030926
1.42718446601942,0.0701030927835054
1.42718446601942,0.0783505154639177
1.42718446601942,0.08659793814433
1.42718446601942,0.0948453608247424
1.42718446601942,0.103092783505155
1.42718446601942,0.111340206185567
1.42718446601942,0.119587628865979
1.42718446601942,0.127835051546392
1.42718446601942,0.136082474226804
1.42718446601942,0.144329896907216
1.42718446601942,0.152577319587629
1.42718446601942,0.160824742268041
1.42718446601942,0.169072164948453
1.42718446601942,0.177319587628866
1.42718446601942,0.185567010309278
1.42718446601942,0.193814432989691
1.42718446601942,0.202061855670103
1.42718446601942,0.210309278350516
1.42718446601942,0.218556701030928
1.42718446601942,0.22680412371134
1.42718446601942,0.235051546391753
1.42718446601942,0.243298969072165
1.42718446601942,0.251546391752577
1.42718446601942,0.25979381443299
1.42718446601942,0.268041237113402
1.42718446601942,0.276288659793814
1.42718446601942,0.284536082474227
1.42718446601942,0.292783505154639
1.42718446601942,0.301030927835051
1.42718446601942,0.309278350515464
1.42718446601942,0.317525773195876
1.42718446601942,0.325773195876289
1.42718446601942,0.334020618556701
1.42718446601942,0.342268041237114
1.42718446601942,0.350515463917526
1.42718446601942,0.358762886597938
1.42718446601942,0.367010309278351
1.42718446601942,0.375257731958763
1.42718446601942,0.383505154639175
1.42718446601942,0.391752577319588
1.42718446601942,0.4
1.42718446601942,0.408247422680412
1.42718446601942,0.416494845360825
1.42718446601942,0.424742268041237
1.42718446601942,0.432989690721649
1.42718446601942,0.441237113402062
1.42718446601942,0.449484536082474
1.42718446601942,0.457731958762887
1.42718446601942,0.465979381443299
1.42718446601942,0.474226804123711
1.42718446601942,0.482474226804124
1.42718446601942,0.490721649484536
1.42718446601942,0.498969072164948
1.42718446601942,0.507216494845361
1.42718446601942,0.515463917525773
1.42718446601942,0.523711340206185
1.42718446601942,0.531958762886598
1.42718446601942,0.54020618556701
1.42718446601942,0.548453608247423
1.42718446601942,0.556701030927835
1.42718446601942,0.564948453608248
1.42718446601942,0.57319587628866
1.42718446601942,0.581443298969072
1.42718446601942,0.589690721649485
1.42718446601942,0.597938144329897
1.42718446601942,0.606185567010309
1.42718446601942,0.614432989690722
1.42718446601942,0.622680412371134
1.42718446601942,0.630927835051546
1.42718446601942,0.639175257731959
1.42718446601942,0.647422680412371
1.42718446601942,0.655670103092783
1.42718446601942,0.663917525773196
1.42718446601942,0.672164948453608
1.42718446601942,0.68041237113402
1.42718446601942,0.688659793814433
1.42718446601942,0.696907216494846
1.42718446601942,0.705154639175258
1.42718446601942,0.71340206185567
1.42718446601942,0.721649484536083
1.42718446601942,0.729896907216495
1.42718446601942,0.738144329896907
1.42718446601942,0.74639175257732
1.42718446601942,0.754639175257732
1.42718446601942,0.762886597938144
1.42718446601942,0.771134020618557
1.42718446601942,0.779381443298969
1.42718446601942,0.787628865979381
1.42718446601942,0.795876288659794
1.42718446601942,0.804123711340206
1.42718446601942,0.812371134020618
1.42718446601942,0.820618556701031
1.42718446601942,0.828865979381443
1.42718446601942,0.837113402061856
1.42718446601942,0.845360824742268
1.42718446601942,0.85360824742268
1.42718446601942,0.861855670103093
1.42718446601942,0.870103092783505
1.42718446601942,0.878350515463918
1.42718446601942,0.88659793814433
1.42718446601942,0.894845360824742
1.42718446601942,0.903092783505155
1.42718446601942,0.911340206185567
1.42718446601942,0.919587628865979
1.42718446601942,0.927835051546392
1.42718446601942,0.936082474226804
1.42718446601942,0.944329896907217
1.42718446601942,0.952577319587629
1.42718446601942,0.960824742268041
1.42718446601942,0.969072164948454
1.42718446601942,0.977319587628866
1.42718446601942,0.985567010309278
1.42718446601942,0.993814432989691
1.42718446601942,1.0020618556701
1.42718446601942,1.01030927835052
1.42718446601942,1.01855670103093
1.42718446601942,1.02680412371134
1.42718446601942,1.03505154639175
1.42718446601942,1.04329896907216
1.42718446601942,1.05154639175258
1.42718446601942,1.05979381443299
1.42718446601942,1.0680412371134
1.42718446601942,1.07628865979381
1.42718446601942,1.08453608247423
1.42718446601942,1.09278350515464
1.42718446601942,1.10103092783505
1.42718446601942,1.10927835051546
1.42718446601942,1.11752577319588
1.42718446601942,1.12577319587629
1.42718446601942,1.1340206185567
1.42718446601942,1.14226804123711
1.42718446601942,1.15051546391753
1.42718446601942,1.15876288659794
1.42718446601942,1.16701030927835
1.42718446601942,1.17525773195876
1.42718446601942,1.18350515463918
1.42718446601942,1.19175257731959
1.42718446601942,1.2
1.42718446601942,1.20824742268041
1.42718446601942,1.21649484536082
1.42718446601942,1.22474226804124
1.42718446601942,1.23298969072165
1.42718446601942,1.24123711340206
1.42718446601942,1.24948453608247
1.42718446601942,1.25773195876289
1.42718446601942,1.2659793814433
1.42718446601942,1.27422680412371
1.42718446601942,1.28247422680412
1.42718446601942,1.29072164948454
1.42718446601942,1.29896907216495
1.42718446601942,1.30721649484536
1.42718446601942,1.31546391752577
1.42718446601942,1.32371134020619
1.42718446601942,1.3319587628866
1.42718446601942,1.34020618556701
1.42718446601942,1.34845360824742
1.42718446601942,1.35670103092784
1.42718446601942,1.36494845360825
1.42718446601942,1.37319587628866
1.42718446601942,1.38144329896907
1.42718446601942,1.38969072164948
1.42718446601942,1.3979381443299
1.42718446601942,1.40618556701031
1.42718446601942,1.41443298969072
1.42718446601942,1.42268041237113
1.42718446601942,1.43092783505155
1.42718446601942,1.43917525773196
1.42718446601942,1.44742268041237
1.42718446601942,1.45567010309278
1.42718446601942,1.4639175257732
1.42718446601942,1.47216494845361
1.42718446601942,1.48041237113402
1.42718446601942,1.48865979381443
1.42718446601942,1.49690721649485
1.42718446601942,1.50515463917526
1.42718446601942,1.51340206185567
1.42718446601942,1.52164948453608
1.42718446601942,1.52989690721649
1.42718446601942,1.53814432989691
1.42718446601942,1.54639175257732
1.42718446601942,1.55463917525773
1.42718446601942,1.56288659793814
1.42718446601942,1.57113402061856
1.42718446601942,1.57938144329897
1.42718446601942,1.58762886597938
1.42718446601942,1.59587628865979
1.42718446601942,1.60412371134021
1.42718446601942,1.61237113402062
1.42718446601942,1.62061855670103
1.42718446601942,1.62886597938144
1.42718446601942,1.63711340206186
1.42718446601942,1.64536082474227
1.42718446601942,1.65360824742268
1.42718446601942,1.66185567010309
1.42718446601942,1.6701030927835
1.41747572815534,1.6701030927835
1.41747572815534,1.67835051546392
1.42718446601942,1.67835051546392
1.42718446601942,1.68659793814433
1.41747572815534,1.68659793814433
1.41747572815534,1.69484536082474
1.42718446601942,1.69484536082474
1.42718446601942,1.70309278350515
1.41747572815534,1.70309278350515
1.41747572815534,1.71134020618557
1.42718446601942,1.71134020618557
1.42718446601942,1.71958762886598
1.41747572815534,1.71958762886598
1.40776699029126,1.72783505154639
1.39805825242718,1.72783505154639
1.39805825242718,1.7360824742268
1.40776699029126,1.7360824742268
1.40776699029126,1.74432989690722
1.39805825242718,1.74432989690722
1.39805825242718,1.75257731958763
1.40776699029126,1.75257731958763
1.40776699029126,1.76082474226804
1.39805825242718,1.76082474226804
1.38834951456311,1.76907216494845
1.37864077669903,1.76907216494845
1.37864077669903,1.77731958762887
1.38834951456311,1.77731958762887
1.38834951456311,1.78556701030928
1.37864077669903,1.78556701030928
1.37864077669903,1.79381443298969
1.38834951456311,1.79381443298969
1.36893203883495,1.8020618556701
1.35922330097087,1.8020618556701
1.35922330097087,1.81030927835052
1.36893203883495,1.81030927835052
1.3495145631068,1.81855670103093
1.33980582524272,1.81855670103093
1.33009708737864,1.82680412371134
1.32038834951456,1.82680412371134
1.32038834951456,1.83505154639175
1.33009708737864,1.83505154639175
1.31067961165049,1.84329896907217
1.30097087378641,1.84329896907217
1.30097087378641,1.85154639175258
1.31067961165049,1.85154639175258
1.29126213592233,1.85979381443299
1.28155339805825,1.85979381443299
1.27184466019417,1.85979381443299
1.27184466019417,1.8680412371134
1.28155339805825,1.8680412371134
1.29126213592233,1.8680412371134
1.2621359223301,1.87628865979381
1.25242718446602,1.87628865979381
1.24271844660194,1.87628865979381
1.23300970873786,1.87628865979381
1.22330097087379,1.87628865979381
1.21359223300971,1.87628865979381
1.20388349514563,1.88453608247423
1.19417475728155,1.88453608247423
1.18446601941748,1.88453608247423
1.1747572815534,1.88453608247423
1.16504854368932,1.88453608247423
1.15533980582524,1.88453608247423
1.14563106796116,1.88453608247423
1.13592233009709,1.88453608247423
1.12621359223301,1.88453608247423
1.11650485436893,1.88453608247423
1.10679611650485,1.88453608247423
1.09708737864078,1.88453608247423
1.0873786407767,1.88453608247423
1.0873786407767,1.89278350515464
1.09708737864078,1.89278350515464
1.10679611650485,1.89278350515464
1.11650485436893,1.89278350515464
1.12621359223301,1.89278350515464
1.13592233009709,1.89278350515464
1.14563106796116,1.89278350515464
1.15533980582524,1.89278350515464
1.16504854368932,1.89278350515464
1.1747572815534,1.89278350515464
1.18446601941748,1.89278350515464
1.19417475728155,1.89278350515464
1.20388349514563,1.89278350515464
1.07766990291262,1.87628865979381
1.07766990291262,1.8680412371134
1.06796116504854,1.8680412371134
1.05825242718447,1.8680412371134
1.04854368932039,1.8680412371134
1.03883495145631,1.8680412371134
1.02912621359223,1.8680412371134
1.02912621359223,1.87628865979381
1.03883495145631,1.87628865979381
1.04854368932039,1.87628865979381
1.05825242718447,1.87628865979381
1.06796116504854,1.87628865979381
1.01941747572816,1.85979381443299
1.00970873786408,1.85979381443299
1,1.85979381443299
0.990291262135922,1.85979381443299
0.980582524271845,1.85154639175258
0.980582524271845,1.84329896907217
0.970873786407767,1.83505154639175
0.970873786407767,1.82680412371134
0.961165048543689,1.82680412371134
0.961165048543689,1.83505154639175
0.951456310679612,1.81855670103093
0.951456310679612,1.81030927835052
0.941747572815534,1.81030927835052
0.941747572815534,1.81855670103093
0.932038834951456,1.8020618556701
0.922330097087379,1.8020618556701
0.912621359223301,1.79381443298969
0.912621359223301,1.78556701030928
0.912621359223301,1.77731958762887
0.912621359223301,1.76907216494845
0.902912621359223,1.76907216494845
0.902912621359223,1.77731958762887
0.902912621359223,1.78556701030928
0.902912621359223,1.79381443298969
0.893203883495146,1.76082474226804
0.893203883495146,1.75257731958763
0.893203883495146,1.74432989690722
0.893203883495146,1.7360824742268
0.893203883495146,1.72783505154639
0.883495145631068,1.72783505154639
0.883495145631068,1.7360824742268
0.883495145631068,1.74432989690722
0.883495145631068,1.75257731958763
0.883495145631068,1.76082474226804
0.87378640776699,1.71958762886598
0.87378640776699,1.71134020618557
0.87378640776699,1.70309278350515
0.87378640776699,1.69484536082474
0.87378640776699,1.68659793814433
0.87378640776699,1.67835051546392
0.87378640776699,1.6701030927835
0.864077669902913,1.6701030927835
0.864077669902913,1.67835051546392
0.864077669902913,1.68659793814433
0.864077669902913,1.69484536082474
0.864077669902913,1.70309278350515
0.864077669902913,1.71134020618557
0.864077669902913,1.71958762886598
0.854368932038835,1.66185567010309
0.854368932038835,1.65360824742268
0.854368932038835,1.64536082474227
0.854368932038835,1.63711340206186
0.854368932038835,1.62886597938144
0.854368932038835,1.62061855670103
0.854368932038835,1.61237113402062
0.854368932038835,1.60412371134021
0.854368932038835,1.59587628865979
0.854368932038835,1.58762886597938
0.854368932038835,1.57938144329897
0.854368932038835,1.57113402061856
0.854368932038835,1.56288659793814
0.854368932038835,1.55463917525773
0.854368932038835,1.54639175257732
0.854368932038835,1.53814432989691
0.854368932038835,1.52989690721649
0.854368932038835,1.52164948453608
0.854368932038835,1.51340206185567
0.854368932038835,1.50515463917526
0.854368932038835,1.49690721649485
0.854368932038835,1.48865979381443
0.854368932038835,1.48041237113402
0.854368932038835,1.47216494845361
0.854368932038835,1.4639175257732
0.854368932038835,1.45567010309278
0.854368932038835,1.44742268041237
0.854368932038835,1.43917525773196
0.854368932038835,1.43092783505155
0.854368932038835,1.42268041237113
0.854368932038835,1.41443298969072
0.854368932038835,1.40618556701031
0.854368932038835,1.3979381443299
0.854368932038835,1.38969072164948
0.854368932038835,1.38144329896907
0.854368932038835,1.37319587628866
0.854368932038835,1.36494845360825
0.854368932038835,1.35670103092784
0.854368932038835,1.34845360824742
0.854368932038835,1.34020618556701
0.854368932038835,1.3319587628866
0.854368932038835,1.32371134020619
0.854368932038835,1.31546391752577
0.854368932038835,1.30721649484536
0.854368932038835,1.29896907216495
0.854368932038835,1.29072164948454
0.854368932038835,1.28247422680412
0.854368932038835,1.27422680412371
0.854368932038835,1.2659793814433
0.854368932038835,1.25773195876289
0.854368932038835,1.24948453608247
0.854368932038835,1.24123711340206
0.854368932038835,1.23298969072165
0.854368932038835,1.22474226804124
0.854368932038835,1.21649484536082
0.854368932038835,1.20824742268041
0.854368932038835,1.2
0.854368932038835,1.19175257731959
0.854368932038835,1.18350515463918
0.854368932038835,1.17525773195876
0.854368932038835,1.16701030927835
0.854368932038835,1.15876288659794
0.854368932038835,1.15051546391753
0.854368932038835,1.14226804123711
0.854368932038835,1.1340206185567
0.854368932038835,1.12577319587629
0.854368932038835,1.11752577319588
0.854368932038835,1.10927835051546
0.854368932038835,1.10103092783505
0.854368932038835,1.09278350515464
0.854368932038835,1.08453608247423
0.854368932038835,1.07628865979381
0.854368932038835,1.0680412371134
0.854368932038835,1.05979381443299
0.854368932038835,1.05154639175258
0.854368932038835,1.04329896907216
0.854368932038835,1.03505154639175
0.854368932038835,1.02680412371134
0.854368932038835,1.01855670103093
0.854368932038835,1.01030927835052
0.854368932038835,1.0020618556701
0.854368932038835,0.993814432989691
0.854368932038835,0.985567010309278
0.854368932038835,0.977319587628866
0.854368932038835,0.969072164948454
0.854368932038835,0.960824742268041
0.854368932038835,0.952577319587629
0.854368932038835,0.944329896907217
0.854368932038835,0.936082474226804
0.854368932038835,0.927835051546392
0.854368932038835,0.919587628865979
0.854368932038835,0.911340206185567
0.854368932038835,0.903092783505155
0.854368932038835,0.894845360824742
0.854368932038835,0.88659793814433
0.854368932038835,0.878350515463918
0.854368932038835,0.870103092783505
0.854368932038835,0.861855670103093
0.854368932038835,0.85360824742268
0.854368932038835,0.845360824742268
0.854368932038835,0.837113402061856
0.854368932038835,0.828865979381443
0.854368932038835,0.820618556701031
0.854368932038835,0.812371134020618
0.854368932038835,0.804123711340206
0.854368932038835,0.795876288659794
0.854368932038835,0.787628865979381
0.854368932038835,0.779381443298969
0.854368932038835,0.771134020618557
0.854368932038835,0.762886597938144
0.854368932038835,0.754639175257732
0.854368932038835,0.74639175257732
0.854368932038835,0.738144329896907
0.854368932038835,0.729896907216495
0.854368932038835,0.721649484536083
0.854368932038835,0.71340206185567
0.854368932038835,0.705154639175258
0.854368932038835,0.696907216494846
0.854368932038835,0.688659793814433
0.854368932038835,0.68041237113402
0.854368932038835,0.672164948453608
0.854368932038835,0.663917525773196
0.854368932038835,0.655670103092783
0.854368932038835,0.647422680412371
0.854368932038835,0.639175257731959
0.854368932038835,0.630927835051546
0.854368932038835,0.622680412371134
0.854368932038835,0.614432989690722
0.854368932038835,0.606185567010309
0.854368932038835,0.597938144329897
0.854368932038835,0.589690721649485
0.854368932038835,0.581443298969072
0.854368932038835,0.57319587628866
0.854368932038835,0.564948453608248
0.854368932038835,0.556701030927835
0.854368932038835,0.548453608247423
0.854368932038835,0.54020618556701
0.854368932038835,0.531958762886598
0.854368932038835,0.523711340206185
0.854368932038835,0.515463917525773
0.854368932038835,0.507216494845361
0.854368932038835,0.498969072164948
0.854368932038835,0.490721649484536
0.854368932038835,0.482474226804124
0.854368932038835,0.474226804123711
0.854368932038835,0.465979381443299
0.854368932038835,0.457731958762887
0.854368932038835,0.449484536082474
0.854368932038835,0.441237113402062
0.854368932038835,0.432989690721649
0.854368932038835,0.424742268041237
0.854368932038835,0.416494845360825
0.854368932038835,0.408247422680412
0.854368932038835,0.4
0.854368932038835,0.391752577319588
0.854368932038835,0.383505154639175
0.854368932038835,0.375257731958763
0.854368932038835,0.367010309278351
0.854368932038835,0.358762886597938
0.854368932038835,0.350515463917526
0.854368932038835,0.342268041237114
0.854368932038835,0.334020618556701
0.854368932038835,0.325773195876289
0.854368932038835,0.317525773195876
0.854368932038835,0.309278350515464
0.854368932038835,0.301030927835051
0.854368932038835,0.292783505154639
0.854368932038835,0.284536082474227
0.854368932038835,0.276288659793814
0.854368932038835,0.268041237113402
0.854368932038835,0.25979381443299
0.854368932038835,0.251546391752577
0.854368932038835,0.243298969072165
0.854368932038835,0.235051546391753
0.854368932038835,0.22680412371134
0.854368932038835,0.218556701030928
0.854368932038835,0.210309278350516
0.854368932038835,0.202061855670103
0.854368932038835,0.193814432989691
0.854368932038835,0.185567010309278
0.854368932038835,0.177319587628866
0.854368932038835,0.169072164948453
0.854368932038835,0.160824742268041
0.854368932038835,0.152577319587629
0.854368932038835,0.144329896907216
0.854368932038835,0.136082474226804
0.854368932038835,0.127835051546392
0.854368932038835,0.119587628865979
0.854368932038835,0.111340206185567
0.854368932038835,0.103092783505155
0.854368932038835,0.0948453608247424
0.854368932038835,0.08659793814433
0.854368932038835,0.0783505154639177
0.854368932038835,0.0701030927835054
0.854368932038835,0.0618556701030926
0.854368932038835,0.0536082474226802
0.854368932038835,0.0453608247422679
0.854368932038835,0.0371134020618555
0.854368932038835,0.0288659793814432
0.854368932038835,0.0206185567010309
0.854368932038835,0.0123711340206185
0.854368932038835,0.00412371134020617
0.854368932038835,-0.00412371134020617
0.854368932038835,-0.0123711340206185
0.854368932038835,-0.0206185567010309
0.854368932038835,-0.0288659793814432
0.854368932038835,-0.0371134020618558
0.854368932038835,-0.0453608247422681
0.854368932038835,-0.0536082474226804
0.854368932038835,-0.0618556701030928
0.854368932038835,-0.0701030927835051
0.854368932038835,-0.0783505154639175
0.854368932038835,-0.0865979381443298
0.854368932038835,-0.0948453608247424
0.854368932038835,-0.103092783505155
0.854368932038835,-0.111340206185567
0.854368932038835,-0.119587628865979
0.854368932038835,-0.127835051546392
0.854368932038835,-0.136082474226804
0.854368932038835,-0.144329896907216
0.854368932038835,-0.152577319587629
0.854368932038835,-0.160824742268041
0.854368932038835,-0.169072164948454
0.854368932038835,-0.177319587628866
0.854368932038835,-0.185567010309278
0.854368932038835,-0.193814432989691
0.854368932038835,-0.202061855670103
0.854368932038835,-0.210309278350515
0.854368932038835,-0.218556701030928
0.854368932038835,-0.22680412371134
0.854368932038835,-0.235051546391753
0.854368932038835,-0.243298969072165
0.854368932038835,-0.251546391752577
0.854368932038835,-0.25979381443299
0.854368932038835,-0.268041237113402
0.854368932038835,-0.276288659793814
0.854368932038835,-0.284536082474227
0.854368932038835,-0.292783505154639
0.854368932038835,-0.301030927835052
0.854368932038835,-0.309278350515464
0.854368932038835,-0.317525773195876
0.854368932038835,-0.325773195876289
0.854368932038835,-0.334020618556701
0.854368932038835,-0.342268041237113
0.854368932038835,-0.350515463917526
0.854368932038835,-0.358762886597938
0.854368932038835,-0.367010309278351
0.854368932038835,-0.375257731958763
0.854368932038835,-0.383505154639175
0.854368932038835,-0.391752577319588
0.854368932038835,-0.4
0.854368932038835,-0.408247422680412
0.854368932038835,-0.416494845360825
0.854368932038835,-0.424742268041237
0.854368932038835,-0.43298969072165
0.854368932038835,-0.441237113402062
0.854368932038835,-0.449484536082474
0.854368932038835,-0.457731958762887
0.854368932038835,-0.465979381443299
0.854368932038835,-0.474226804123711
0.854368932038835,-0.482474226804124
0.854368932038835,-0.490721649484536
0.854368932038835,-0.498969072164948
0.854368932038835,-0.507216494845361
0.854368932038835,-0.515463917525773
0.854368932038835,-0.523711340206185
0.854368932038835,-0.531958762886598
0.854368932038835,-0.54020618556701
0.854368932038835,-0.548453608247423
0.854368932038835,-0.556701030927835
0.854368932038835,-0.564948453608247
0.854368932038835,-0.57319587628866
0.854368932038835,-0.581443298969072
0.854368932038835,-0.589690721649484
0.854368932038835,-0.597938144329897
0.854368932038835,-0.606185567010309
0.854368932038835,-0.614432989690722
0.854368932038835,-0.622680412371134
0.854368932038835,-0.630927835051546
0.854368932038835,-0.639175257731959
0.854368932038835,-0.647422680412371
0.854368932038835,-0.655670103092783
0.854368932038835,-0.663917525773196
0.854368932038835,-0.672164948453608
0.854368932038835,-0.680412371134021
0.854368932038835,-0.688659793814433
0.854368932038835,-0.696907216494845
0.854368932038835,-0.705154639175258
0.854368932038835,-0.71340206185567
0.854368932038835,-0.721649484536083
0.854368932038835,-0.729896907216495
0.854368932038835,-0.738144329896907
0.854368932038835,-0.74639175257732
0.854368932038835,-0.754639175257732
0.854368932038835,-0.762886597938144
0.854368932038835,-0.771134020618557
0.854368932038835,-0.779381443298969
0.854368932038835,-0.787628865979382
0.854368932038835,-0.795876288659794
0.854368932038835,-0.804123711340206
0.854368932038835,-0.812371134020619
0.854368932038835,-0.820618556701031
0.854368932038835,-0.828865979381443
0.854368932038835,-0.837113402061856
0.854368932038835,-0.845360824742268
0.854368932038835,-0.85360824742268
0.854368932038835,-0.861855670103093
0.854368932038835,-0.870103092783505
0.854368932038835,-0.878350515463918
0.854368932038835,-0.88659793814433
0.854368932038835,-0.894845360824742
0.854368932038835,-0.903092783505155
0.854368932038835,-0.911340206185567
0.854368932038835,-0.919587628865979
0.854368932038835,-0.927835051546392
0.854368932038835,-0.936082474226804
0.854368932038835,-0.944329896907216
0.854368932038835,-0.952577319587629
0.854368932038835,-0.960824742268041
0.854368932038835,-0.969072164948454
0.854368932038835,-0.977319587628866
0.854368932038835,-0.985567010309278
0.854368932038835,-0.993814432989691
0.854368932038835,-1.0020618556701
0.854368932038835,-1.01030927835052
0.854368932038835,-1.01855670103093
0.854368932038835,-1.02680412371134
0.854368932038835,-1.03505154639175
0.854368932038835,-1.04329896907216
0.854368932038835,-1.05154639175258
0.854368932038835,-1.05979381443299
0.854368932038835,-1.0680412371134
0.854368932038835,-1.07628865979381
0.854368932038835,-1.08453608247423
0.854368932038835,-1.09278350515464
0.854368932038835,-1.10103092783505
0.854368932038835,-1.10927835051546
0.854368932038835,-1.11752577319588
0.854368932038835,-1.12577319587629
0.854368932038835,-1.1340206185567
0.854368932038835,-1.14226804123711
0.854368932038835,-1.15051546391753
0.854368932038835,-1.15876288659794
0.854368932038835,-1.16701030927835
0.854368932038835,-1.17525773195876
0.854368932038835,-1.18350515463918
0.854368932038835,-1.19175257731959
0.854368932038835,-1.2
0.854368932038835,-1.20824742268041
0.854368932038835,-1.21649484536082
0.854368932038835,-1.22474226804124
0.854368932038835,-1.23298969072165
0.854368932038835,-1.24123711340206
0.854368932038835,-1.24948453608247
0.854368932038835,-1.25773195876289
0.854368932038835,-1.2659793814433
0.854368932038835,-1.27422680412371
0.854368932038835,-1.28247422680412
0.854368932038835,-1.29072164948454
0.854368932038835,-1.29896907216495
0.854368932038835,-1.30721649484536
0.854368932038835,-1.31546391752577
0.854368932038835,-1.32371134020619
0.854368932038835,-1.3319587628866
0.854368932038835,-1.34020618556701
0.854368932038835,-1.34845360824742
0.854368932038835,-1.35670103092784
0.854368932038835,-1.36494845360825
0.854368932038835,-1.37319587628866
0.854368932038835,-1.38144329896907
0.854368932038835,-1.38969072164948
0.854368932038835,-1.3979381443299
0.854368932038835,-1.40618556701031
0.854368932038835,-1.41443298969072
0.854368932038835,-1.42268041237113
0.854368932038835,-1.43092783505155
0.854368932038835,-1.43917525773196
0.854368932038835,-1.44742268041237
0.854368932038835,-1.45567010309278
0.854368932038835,-1.4639175257732
0.854368932038835,-1.47216494845361
0.854368932038835,-1.48041237113402
0.854368932038835,-1.48865979381443
0.854368932038835,-1.49690721649485
0.854368932038835,-1.50515463917526
0.854368932038835,-1.51340206185567
0.854368932038835,-1.52164948453608
0.854368932038835,-1.52989690721649
0.854368932038835,-1.53814432989691
0.854368932038835,-1.54639175257732
0.854368932038835,-1.55463917525773
0.854368932038835,-1.56288659793814
0.854368932038835,-1.57113402061856
0.854368932038835,-1.57938144329897
0.854368932038835,-1.58762886597938
0.854368932038835,-1.59587628865979
0.854368932038835,-1.60412371134021
0.854368932038835,-1.61237113402062
0.854368932038835,-1.62061855670103
0.854368932038835,-1.62886597938144
0.854368932038835,-1.63711340206186
0.854368932038835,-1.64536082474227
0.854368932038835,-1.65360824742268
0.854368932038835,-1.66185567010309
0.854368932038835,-1.67010309278351
0.854368932038835,-1.67835051546392
0.854368932038835,-1.68659793814433
0.854368932038835,-1.69484536082474
0.854368932038835,-1.70309278350515
0.854368932038835,-1.71134020618557
0.854368932038835,-1.71958762886598
0.854368932038835,-1.72783505154639
0.854368932038835,-1.7360824742268
0.844660194174757,-1.75257731958763
0.844660194174757,-1.76082474226804
0.844660194174757,-1.76907216494845
0.844660194174757,-1.77731958762887
0.844660194174757,-1.78556701030928
0.844660194174757,-1.79381443298969
0.844660194174757,-1.8020618556701
0.844660194174757,-1.81030927835052
0.83495145631068,-1.81030927835052
0.83495145631068,-1.8020618556701
0.83495145631068,-1.79381443298969
0.83495145631068,-1.78556701030928
0.83495145631068,-1.77731958762887
0.83495145631068,-1.76907216494845
0.83495145631068,-1.76082474226804
0.83495145631068,-1.75257731958763
0.825242718446602,-1.81855670103093
0.825242718446602,-1.82680412371134
0.825242718446602,-1.83505154639175
0.825242718446602,-1.84329896907217
0.825242718446602,-1.85154639175258
0.815533980582524,-1.85979381443299
0.815533980582524,-1.8680412371134
0.815533980582524,-1.87628865979381
0.815533980582524,-1.88453608247423
0.805825242718447,-1.88453608247423
0.805825242718447,-1.87628865979381
0.805825242718447,-1.8680412371134
0.805825242718447,-1.85979381443299
0.796116504854369,-1.89278350515464
0.796116504854369,-1.90103092783505
0.786407766990291,-1.90103092783505
0.786407766990291,-1.89278350515464
0.776699029126214,-1.90927835051546
0.776699029126214,-1.91752577319588
0.766990291262136,-1.91752577319588
0.766990291262136,-1.90927835051546
0.757281553398058,-1.92577319587629
0.757281553398058,-1.9340206185567
0.747572815533981,-1.9340206185567
0.747572815533981,-1.92577319587629
0.737864077669903,-1.94226804123711
0.737864077669903,-1.95051546391753
0.728155339805825,-1.95051546391753
0.728155339805825,-1.94226804123711
0.718446601941748,-1.95876288659794
0.718446601941748,-1.96701030927835
0.70873786407767,-1.96701030927835
0.699029126213592,-1.96701030927835
0.689320388349515,-1.96701030927835
0.689320388349515,-1.95876288659794
0.699029126213592,-1.95876288659794
0.70873786407767,-1.95876288659794
0.679611650485437,-1.97525773195876
0.679611650485437,-1.98350515463918
0.669902912621359,-1.98350515463918
0.660194174757282,-1.98350515463918
0.650485436893204,-1.98350515463918
0.640776699029126,-1.98350515463918
0.640776699029126,-1.97525773195876
0.650485436893204,-1.97525773195876
0.660194174757282,-1.97525773195876
0.669902912621359,-1.97525773195876
0.631067961165049,-1.99175257731959
0.621359223300971,-1.99175257731959
0.611650485436893,-1.99175257731959
0.601941747572816,-1.99175257731959
0.592233009708738,-1.99175257731959
0.58252427184466,-1.99175257731959
0.572815533980583,-1.99175257731959
0.563106796116505,-1.99175257731959
0.553398058252427,-1.99175257731959
0.54368932038835,-1.99175257731959
0.533980582524272,-1.99175257731959
0.524271844660194,-1.99175257731959
0.514563106796117,-1.99175257731959
0.504854368932039,-1.99175257731959
0.495145631067961,-1.98350515463918
0.485436893203883,-1.98350515463918
0.475728155339806,-1.98350515463918
0.466019417475728,-1.98350515463918
0.45631067961165,-1.98350515463918
0.45631067961165,-1.97525773195876
0.466019417475728,-1.97525773195876
0.475728155339806,-1.97525773195876
0.485436893203883,-1.97525773195876
0.495145631067961,-1.97525773195876
0.446601941747573,-1.96701030927835
0.436893203883495,-1.96701030927835
0.427184466019417,-1.96701030927835
0.41747572815534,-1.96701030927835
0.41747572815534,-1.95876288659794
0.427184466019417,-1.95876288659794
0.436893203883495,-1.95876288659794
0.446601941747573,-1.95876288659794
0.407766990291262,-1.95051546391753
0.398058252427184,-1.95051546391753
0.398058252427184,-1.94226804123711
0.407766990291262,-1.94226804123711
0.388349514563107,-1.9340206185567
0.378640776699029,-1.9340206185567
0.378640776699029,-1.92577319587629
0.388349514563107,-1.92577319587629
0.368932038834951,-1.91752577319588
0.359223300970874,-1.91752577319588
0.359223300970874,-1.90927835051546
0.368932038834951,-1.90927835051546
0.349514563106796,-1.90103092783505
0.339805825242718,-1.90103092783505
0.339805825242718,-1.89278350515464
0.349514563106796,-1.89278350515464
0.330097087378641,-1.88453608247423
0.320388349514563,-1.88453608247423
0.320388349514563,-1.87628865979381
0.330097087378641,-1.87628865979381
0.330097087378641,-1.8680412371134
0.320388349514563,-1.8680412371134
0.320388349514563,-1.85979381443299
0.330097087378641,-1.85979381443299
0.310679611650485,-1.85154639175258
0.310679611650485,-1.84329896907217
0.310679611650485,-1.83505154639175
0.310679611650485,-1.82680412371134
0.310679611650485,-1.81855670103093
0.300970873786408,-1.81030927835052
0.29126213592233,-1.81030927835052
0.29126213592233,-1.8020618556701
0.300970873786408,-1.8020618556701
0.300970873786408,-1.79381443298969
0.29126213592233,-1.79381443298969
0.29126213592233,-1.78556701030928
0.300970873786408,-1.78556701030928
0.300970873786408,-1.77731958762887
0.29126213592233,-1.77731958762887
0.29126213592233,-1.76907216494845
0.300970873786408,-1.76907216494845
0.300970873786408,-1.76082474226804
0.29126213592233,-1.76082474226804
0.29126213592233,-1.75257731958763
0.300970873786408,-1.75257731958763
0.281553398058252,-1.7360824742268
0.281553398058252,-1.72783505154639
0.281553398058252,-1.71958762886598
0.281553398058252,-1.71134020618557
0.281553398058252,-1.70309278350515
0.281553398058252,-1.69484536082474
0.281553398058252,-1.68659793814433
0.281553398058252,-1.67835051546392
0.281553398058252,-1.67010309278351
0.281553398058252,-1.66185567010309
0.281553398058252,-1.65360824742268
0.281553398058252,-1.64536082474227
0.281553398058252,-1.63711340206186
0.281553398058252,-1.62886597938144
0.281553398058252,-1.62061855670103
0.281553398058252,-1.61237113402062
0.281553398058252,-1.60412371134021
0.281553398058252,-1.59587628865979
0.281553398058252,-1.58762886597938
0.281553398058252,-1.57938144329897
0.281553398058252,-1.57113402061856
0.281553398058252,-1.56288659793814
0.281553398058252,-1.55463917525773
0.281553398058252,-1.54639175257732
0.281553398058252,-1.53814432989691
0.281553398058252,-1.52989690721649
0.281553398058252,-1.52164948453608
0.281553398058252,-1.51340206185567
0.281553398058252,-1.50515463917526
0.281553398058252,-1.49690721649485
0.281553398058252,-1.48865979381443
0.281553398058252,-1.48041237113402
0.281553398058252,-1.47216494845361
0.281553398058252,-1.4639175257732
0.281553398058252,-1.45567010309278
0.281553398058252,-1.44742268041237
0.281553398058252,-1.43917525773196
0.281553398058252,-1.43092783505155
0.281553398058252,-1.42268041237113
0.281553398058252,-1.41443298969072
0.281553398058252,-1.40618556701031
0.281553398058252,-1.3979381443299
0.281553398058252,-1.38969072164948
0.281553398058252,-1.38144329896907
0.281553398058252,-1.37319587628866
0.281553398058252,-1.36494845360825
0.281553398058252,-1.35670103092784
0.281553398058252,-1.34845360824742
0.281553398058252,-1.34020618556701
0.281553398058252,-1.3319587628866
0.281553398058252,-1.32371134020619
0.281553398058252,-1.31546391752577
0.281553398058252,-1.30721649484536
0.281553398058252,-1.29896907216495
0.281553398058252,-1.29072164948454
0.281553398058252,-1.28247422680412
0.281553398058252,-1.27422680412371
0.281553398058252,-1.2659793814433
0.281553398058252,-1.25773195876289
0.281553398058252,-1.24948453608247
0.281553398058252,-1.24123711340206
0.281553398058252,-1.23298969072165
0.281553398058252,-1.22474226804124
0.281553398058252,-1.21649484536082
0.281553398058252,-1.20824742268041
0.281553398058252,-1.2
0.281553398058252,-1.19175257731959
0.281553398058252,-1.18350515463918
0.281553398058252,-1.17525773195876
0.281553398058252,-1.16701030927835
0.281553398058252,-1.15876288659794
0.281553398058252,-1.15051546391753
0.281553398058252,-1.14226804123711
0.281553398058252,-1.1340206185567
0.281553398058252,-1.12577319587629
0.281553398058252,-1.11752577319588
0.281553398058252,-1.10927835051546
0.281553398058252,-1.10103092783505
0.281553398058252,-1.09278350515464
0.281553398058252,-1.08453608247423
0.281553398058252,-1.07628865979381
0.281553398058252,-1.0680412371134
0.281553398058252,-1.05979381443299
0.281553398058252,-1.05154639175258
0.281553398058252,-1.04329896907216
0.281553398058252,-1.03505154639175
0.281553398058252,-1.02680412371134
0.281553398058252,-1.01855670103093
0.281553398058252,-1.01030927835052
0.281553398058252,-1.0020618556701
0.281553398058252,-0.993814432989691
0.281553398058252,-0.985567010309278
0.281553398058252,-0.977319587628866
0.281553398058252,-0.969072164948454
0.281553398058252,-0.960824742268041
0.281553398058252,-0.952577319587629
0.281553398058252,-0.944329896907216
0.281553398058252,-0.936082474226804
0.281553398058252,-0.927835051546392
0.281553398058252,-0.919587628865979
0.281553398058252,-0.911340206185567
0.281553398058252,-0.903092783505155
0.281553398058252,-0.894845360824742
0.281553398058252,-0.88659793814433
0.281553398058252,-0.878350515463918
0.281553398058252,-0.870103092783505
0.281553398058252,-0.861855670103093
0.281553398058252,-0.85360824742268
0.281553398058252,-0.845360824742268
0.281553398058252,-0.837113402061856
0.281553398058252,-0.828865979381443
0.281553398058252,-0.820618556701031
0.281553398058252,-0.812371134020619
0.281553398058252,-0.804123711340206
0.281553398058252,-0.795876288659794
0.281553398058252,-0.787628865979382
0.281553398058252,-0.779381443298969
0.281553398058252,-0.771134020618557
0.281553398058252,-0.762886597938144
0.281553398058252,-0.754639175257732
0.281553398058252,-0.74639175257732
0.281553398058252,-0.738144329896907
0.281553398058252,-0.729896907216495
0.281553398058252,-0.721649484536083
0.281553398058252,-0.71340206185567
0.281553398058252,-0.705154639175258
0.281553398058252,-0.696907216494845
0.281553398058252,-0.688659793814433
0.281553398058252,-0.680412371134021
0.281553398058252,-0.672164948453608
0.281553398058252,-0.663917525773196
0.281553398058252,-0.655670103092783
0.281553398058252,-0.647422680412371
0.281553398058252,-0.639175257731959
0.281553398058252,-0.630927835051546
0.281553398058252,-0.622680412371134
0.281553398058252,-0.614432989690722
0.281553398058252,-0.606185567010309
0.281553398058252,-0.597938144329897
0.281553398058252,-0.589690721649484
0.281553398058252,-0.581443298969072
0.281553398058252,-0.57319587628866
0.281553398058252,-0.564948453608247
0.281553398058252,-0.556701030927835
0.281553398058252,-0.548453608247423
0.281553398058252,-0.54020618556701
0.281553398058252,-0.531958762886598
0.281553398058252,-0.523711340206185
0.281553398058252,-0.515463917525773
0.281553398058252,-0.507216494845361
0.281553398058252,-0.498969072164948
0.281553398058252,-0.490721649484536
0.281553398058252,-0.482474226804124
0.281553398058252,-0.474226804123711
0.281553398058252,-0.465979381443299
0.281553398058252,-0.457731958762887
0.281553398058252,-0.449484536082474
0.281553398058252,-0.441237113402062
0.281553398058252,-0.43298969072165
0.281553398058252,-0.424742268041237
0.281553398058252,-0.416494845360825
0.281553398058252,-0.408247422680412
0.281553398058252,-0.4
0.281553398058252,-0.391752577319588
0.281553398058252,-0.383505154639175
0.281553398058252,-0.375257731958763
0.281553398058252,-0.367010309278351
0.281553398058252,-0.358762886597938
0.281553398058252,-0.350515463917526
0.281553398058252,-0.342268041237113
0.281553398058252,-0.334020618556701
0.281553398058252,-0.325773195876289
0.281553398058252,-0.317525773195876
0.281553398058252,-0.309278350515464
0.281553398058252,-0.301030927835052
0.281553398058252,-0.292783505154639
0.281553398058252,-0.284536082474227
0.281553398058252,-0.276288659793814
0.281553398058252,-0.268041237113402
0.281553398058252,-0.25979381443299
0.281553398058252,-0.251546391752577
0.281553398058252,-0.243298969072165
0.281553398058252,-0.235051546391753
0.281553398058252,-0.22680412371134
0.281553398058252,-0.218556701030928
0.281553398058252,-0.210309278350515
0.281553398058252,-0.202061855670103
0.281553398058252,-0.193814432989691
0.281553398058252,-0.185567010309278
0.281553398058252,-0.177319587628866
0.281553398058252,-0.169072164948454
0.281553398058252,-0.160824742268041
0.281553398058252,-0.152577319587629
0.281553398058252,-0.144329896907216
0.281553398058252,-0.136082474226804
0.281553398058252,-0.127835051546392
0.281553398058252,-0.119587628865979
0.281553398058252,-0.111340206185567
0.281553398058252,-0.103092783505155
0.281553398058252,-0.0948453608247424
0.281553398058252,-0.0865979381443298
0.281553398058252,-0.0783505154639175
0.281553398058252,-0.0701030927835051
0.281553398058252,-0.0618556701030928
0.281553398058252,-0.0536082474226804
0.281553398058252,-0.0453608247422681
0.281553398058252,-0.0371134020618558
0.281553398058252,-0.0288659793814432
0.281553398058252,-0.0206185567010309
0.281553398058252,-0.0123711340206185
0.281553398058252,-0.00412371134020617
0.281553398058252,0.00412371134020617
0.281553398058252,0.0123711340206185
0.281553398058252,0.0206185567010309
0.281553398058252,0.0288659793814432
0.281553398058252,0.0371134020618555
0.281553398058252,0.0453608247422679
0.281553398058252,0.0536082474226802
0.281553398058252,0.0618556701030926
0.281553398058252,0.0701030927835054
0.281553398058252,0.0783505154639177
0.281553398058252,0.08659793814433
0.281553398058252,0.0948453608247424
0.281553398058252,0.103092783505155
0.281553398058252,0.111340206185567
0.281553398058252,0.119587628865979
0.281553398058252,0.127835051546392
0.281553398058252,0.136082474226804
0.281553398058252,0.144329896907216
0.281553398058252,0.152577319587629
0.281553398058252,0.160824742268041
0.281553398058252,0.169072164948453
0.281553398058252,0.177319587628866
0.281553398058252,0.185567010309278
0.281553398058252,0.193814432989691
0.281553398058252,0.202061855670103
0.281553398058252,0.210309278350516
0.281553398058252,0.218556701030928
0.281553398058252,0.22680412371134
0.281553398058252,0.235051546391753
0.281553398058252,0.243298969072165
0.281553398058252,0.251546391752577
0.281553398058252,0.25979381443299
0.281553398058252,0.268041237113402
0.281553398058252,0.276288659793814
0.281553398058252,0.284536082474227
0.281553398058252,0.292783505154639
0.281553398058252,0.301030927835051
0.281553398058252,0.309278350515464
0.281553398058252,0.317525773195876
0.281553398058252,0.325773195876289
0.281553398058252,0.334020618556701
0.281553398058252,0.342268041237114
0.281553398058252,0.350515463917526
0.281553398058252,0.358762886597938
0.281553398058252,0.367010309278351
0.281553398058252,0.375257731958763
0.281553398058252,0.383505154639175
0.281553398058252,0.391752577319588
0.281553398058252,0.4
0.281553398058252,0.408247422680412
0.281553398058252,0.416494845360825
0.281553398058252,0.424742268041237
0.281553398058252,0.432989690721649
0.281553398058252,0.441237113402062
0.281553398058252,0.449484536082474
0.281553398058252,0.457731958762887
0.281553398058252,0.465979381443299
0.281553398058252,0.474226804123711
0.281553398058252,0.482474226804124
0.281553398058252,0.490721649484536
0.281553398058252,0.498969072164948
0.281553398058252,0.507216494845361
0.281553398058252,0.515463917525773
0.281553398058252,0.523711340206185
0.281553398058252,0.531958762886598
0.281553398058252,0.54020618556701
0.281553398058252,0.548453608247423
0.281553398058252,0.556701030927835
0.281553398058252,0.564948453608248
0.281553398058252,0.57319587628866
0.281553398058252,0.581443298969072
0.281553398058252,0.589690721649485
0.281553398058252,0.597938144329897
0.281553398058252,0.606185567010309
0.281553398058252,0.614432989690722
0.281553398058252,0.622680412371134
0.281553398058252,0.630927835051546
0.281553398058252,0.639175257731959
0.281553398058252,0.647422680412371
0.281553398058252,0.655670103092783
0.281553398058252,0.663917525773196
0.281553398058252,0.672164948453608
0.281553398058252,0.68041237113402
0.281553398058252,0.688659793814433
0.281553398058252,0.696907216494846
0.281553398058252,0.705154639175258
0.281553398058252,0.71340206185567
0.281553398058252,0.721649484536083
0.281553398058252,0.729896907216495
0.281553398058252,0.738144329896907
0.281553398058252,0.74639175257732
0.281553398058252,0.754639175257732
0.281553398058252,0.762886597938144
0.281553398058252,0.771134020618557
0.281553398058252,0.779381443298969
0.281553398058252,0.787628865979381
0.281553398058252,0.795876288659794
0.281553398058252,0.804123711340206
0.281553398058252,0.812371134020618
0.281553398058252,0.820618556701031
0.281553398058252,0.828865979381443
0.281553398058252,0.837113402061856
0.281553398058252,0.845360824742268
0.281553398058252,0.85360824742268
0.281553398058252,0.861855670103093
0.281553398058252,0.870103092783505
0.281553398058252,0.878350515463918
0.281553398058252,0.88659793814433
0.281553398058252,0.894845360824742
0.281553398058252,0.903092783505155
0.281553398058252,0.911340206185567
0.281553398058252,0.919587628865979
0.281553398058252,0.927835051546392
0.281553398058252,0.936082474226804
0.281553398058252,0.944329896907217
0.281553398058252,0.952577319587629
0.281553398058252,0.960824742268041
0.281553398058252,0.969072164948454
0.281553398058252,0.977319587628866
0.281553398058252,0.985567010309278
0.281553398058252,0.993814432989691
0.281553398058252,1.0020618556701
0.281553398058252,1.01030927835052
0.281553398058252,1.01855670103093
0.281553398058252,1.02680412371134
0.281553398058252,1.03505154639175
0.281553398058252,1.04329896907216
0.281553398058252,1.05154639175258
0.281553398058252,1.05979381443299
0.281553398058252,1.0680412371134
0.281553398058252,1.07628865979381
0.281553398058252,1.08453608247423
0.281553398058252,1.09278350515464
0.281553398058252,1.10103092783505
0.281553398058252,1.10927835051546
0.281553398058252,1.11752577319588
0.281553398058252,1.12577319587629
0.281553398058252,1.1340206185567
0.281553398058252,1.14226804123711
0.281553398058252,1.15051546391753
0.281553398058252,1.15876288659794
0.281553398058252,1.16701030927835
0.281553398058252,1.17525773195876
0.281553398058252,1.18350515463918
0.281553398058252,1.19175257731959
0.281553398058252,1.2
0.281553398058252,1.20824742268041
0.281553398058252,1.21649484536082
0.281553398058252,1.22474226804124
0.281553398058252,1.23298969072165
0.281553398058252,1.24123711340206
0.281553398058252,1.24948453608247
0.281553398058252,1.25773195876289
0.281553398058252,1.2659793814433
0.281553398058252,1.27422680412371
0.281553398058252,1.28247422680412
0.281553398058252,1.29072164948454
0.281553398058252,1.29896907216495
0.281553398058252,1.30721649484536
0.281553398058252,1.31546391752577
0.281553398058252,1.32371134020619
0.281553398058252,1.3319587628866
0.281553398058252,1.34020618556701
0.281553398058252,1.34845360824742
0.281553398058252,1.35670103092784
0.281553398058252,1.36494845360825
0.281553398058252,1.37319587628866
0.281553398058252,1.38144329896907
0.281553398058252,1.38969072164948
0.281553398058252,1.3979381443299
0.281553398058252,1.40618556701031
0.281553398058252,1.41443298969072
0.281553398058252,1.42268041237113
0.281553398058252,1.43092783505155
0.281553398058252,1.43917525773196
0.281553398058252,1.44742268041237
0.281553398058252,1.45567010309278
0.281553398058252,1.4639175257732
0.281553398058252,1.47216494845361
0.281553398058252,1.48041237113402
0.281553398058252,1.48865979381443
0.281553398058252,1.49690721649485
0.281553398058252,1.50515463917526
0.281553398058252,1.51340206185567
0.281553398058252,1.52164948453608
0.281553398058252,1.52989690721649
0.281553398058252,1.53814432989691
0.281553398058252,1.54639175257732
0.281553398058252,1.55463917525773
0.281553398058252,1.56288659793814
0.281553398058252,1.57113402061856
0.281553398058252,1.57938144329897
0.281553398058252,1.58762886597938
0.281553398058252,1.59587628865979
0.281553398058252,1.60412371134021
0.281553398058252,1.61237113402062
0.281553398058252,1.62061855670103
0.281553398058252,1.62886597938144
0.281553398058252,1.63711340206186
0.281553398058252,1.64536082474227
0.281553398058252,1.65360824742268
0.281553398058252,1.66185567010309
0.271844660194175,1.6701030927835
0.262135922330097,1.6701030927835
0.262135922330097,1.67835051546392
0.271844660194175,1.67835051546392
0.271844660194175,1.68659793814433
0.262135922330097,1.68659793814433
0.262135922330097,1.69484536082474
0.271844660194175,1.69484536082474
0.271844660194175,1.70309278350515
0.262135922330097,1.70309278350515
0.262135922330097,1.71134020618557
0.271844660194175,1.71134020618557
0.271844660194175,1.71958762886598
0.262135922330097,1.71958762886598
0.252427184466019,1.72783505154639
0.242718446601942,1.72783505154639
0.242718446601942,1.7360824742268
0.252427184466019,1.7360824742268
0.252427184466019,1.74432989690722
0.242718446601942,1.74432989690722
0.242718446601942,1.75257731958763
0.252427184466019,1.75257731958763
0.252427184466019,1.76082474226804
0.242718446601942,1.76082474226804
0.242718446601942,1.76907216494845
0.252427184466019,1.76907216494845
0.233009708737864,1.77731958762887
0.223300970873786,1.77731958762887
0.223300970873786,1.78556701030928
0.233009708737864,1.78556701030928
0.233009708737864,1.79381443298969
0.223300970873786,1.79381443298969
0.213592233009709,1.8020618556701
0.213592233009709,1.81030927835052
0.203883495145631,1.81855670103093
0.194174757281553,1.81855670103093
0.194174757281553,1.82680412371134
0.203883495145631,1.82680412371134
0.184466019417476,1.83505154639175
0.174757281553398,1.83505154639175
0.174757281553398,1.84329896907217
0.184466019417476,1.84329896907217
0.16504854368932,1.85154639175258
0.155339805825243,1.85154639175258
0.145631067961165,1.85979381443299
0.135922330097087,1.85979381443299
0.12621359223301,1.85979381443299
0.116504854368932,1.85979381443299
0.116504854368932,1.8680412371134
0.12621359223301,1.8680412371134
0.135922330097087,1.8680412371134
0.145631067961165,1.8680412371134
0.106796116504854,1.87628865979381
0.0970873786407767,1.87628865979381
0.087378640776699,1.87628865979381
0.0776699029126213,1.87628865979381
0.0679611650485437,1.87628865979381
0.0679611650485437,1.88453608247423
0.0776699029126213,1.88453608247423
0.087378640776699,1.88453608247423
0.0970873786407767,1.88453608247423
0.106796116504854,1.88453608247423
0.058252427184466,1.89278350515464
0.0485436893203883,1.89278350515464
0.0388349514563107,1.89278350515464
0.029126213592233,1.89278350515464
0.0194174757281553,1.89278350515464
0.00970873786407767,1.89278350515464
0,1.89278350515464
-0.00970873786407767,1.89278350515464
-0.0194174757281553,1.89278350515464
-0.029126213592233,1.89278350515464
-0.0388349514563107,1.89278350515464
-0.0485436893203883,1.89278350515464
-0.058252427184466,1.89278350515464
-0.058252427184466,1.90103092783505
-0.0485436893203883,1.90103092783505
-0.0388349514563107,1.90103092783505
-0.029126213592233,1.90103092783505
-0.0194174757281553,1.90103092783505
-0.00970873786407767,1.90103092783505
0,1.90103092783505
0.00970873786407767,1.90103092783505
0.0194174757281553,1.90103092783505
0.029126213592233,1.90103092783505
0.0388349514563107,1.90103092783505
0.0485436893203883,1.90103092783505
0.058252427184466,1.90103092783505
-0.0679611650485437,1.88453608247423
-0.0679611650485437,1.87628865979381
-0.0776699029126213,1.87628865979381
-0.087378640776699,1.87628865979381
-0.0970873786407767,1.87628865979381
-0.106796116504854,1.87628865979381
-0.116504854368932,1.87628865979381
-0.116504854368932,1.88453608247423
-0.106796116504854,1.88453608247423
-0.0970873786407767,1.88453608247423
-0.087378640776699,1.88453608247423
-0.0776699029126213,1.88453608247423
-0.12621359223301,1.8680412371134
-0.12621359223301,1.85979381443299
-0.135922330097087,1.85979381443299
-0.145631067961165,1.85979381443299
-0.145631067961165,1.8680412371134
-0.135922330097087,1.8680412371134
-0.155339805825243,1.85154639175258
-0.16504854368932,1.85154639175258
-0.174757281553398,1.84329896907217
-0.174757281553398,1.83505154639175
-0.184466019417476,1.83505154639175
-0.184466019417476,1.84329896907217
-0.194174757281553,1.82680412371134
-0.194174757281553,1.81855670103093
-0.203883495145631,1.81855670103093
-0.203883495145631,1.82680412371134
-0.213592233009709,1.81030927835052
-0.213592233009709,1.8020618556701
-0.223300970873786,1.8020618556701
-0.223300970873786,1.81030927835052
-0.233009708737864,1.79381443298969
-0.233009708737864,1.78556701030928
-0.233009708737864,1.77731958762887
-0.242718446601942,1.76907216494845
-0.242718446601942,1.76082474226804
-0.242718446601942,1.75257731958763
-0.242718446601942,1.74432989690722
-0.242718446601942,1.7360824742268
-0.242718446601942,1.72783505154639
-0.25242718446602,1.72783505154639
-0.25242718446602,1.7360824742268
-0.25242718446602,1.74432989690722
-0.25242718446602,1.75257731958763
-0.25242718446602,1.76082474226804
-0.25242718446602,1.76907216494845
-0.262135922330097,1.71958762886598
-0.262135922330097,1.71134020618557
-0.262135922330097,1.70309278350515
-0.262135922330097,1.69484536082474
-0.262135922330097,1.68659793814433
-0.262135922330097,1.67835051546392
-0.262135922330097,1.6701030927835
-0.271844660194175,1.6701030927835
-0.271844660194175,1.67835051546392
-0.271844660194175,1.68659793814433
-0.271844660194175,1.69484536082474
-0.271844660194175,1.70309278350515
-0.271844660194175,1.71134020618557
-0.271844660194175,1.71958762886598
-0.281553398058253,1.66185567010309
-0.281553398058253,1.65360824742268
-0.281553398058253,1.64536082474227
-0.281553398058253,1.63711340206186
-0.281553398058253,1.62886597938144
-0.281553398058253,1.62061855670103
-0.281553398058253,1.61237113402062
-0.281553398058253,1.60412371134021
-0.281553398058253,1.59587628865979
-0.281553398058253,1.58762886597938
-0.281553398058253,1.57938144329897
-0.281553398058253,1.57113402061856
-0.281553398058253,1.56288659793814
-0.281553398058253,1.55463917525773
-0.281553398058253,1.54639175257732
-0.281553398058253,1.53814432989691
-0.281553398058253,1.52989690721649
-0.281553398058253,1.52164948453608
-0.281553398058253,1.51340206185567
-0.281553398058253,1.50515463917526
-0.281553398058253,1.49690721649485
-0.281553398058253,1.48865979381443
-0.281553398058253,1.48041237113402
-0.281553398058253,1.47216494845361
-0.281553398058253,1.4639175257732
-0.281553398058253,1.45567010309278
-0.281553398058253,1.44742268041237
-0.281553398058253,1.43917525773196
-0.281553398058253,1.43092783505155
-0.281553398058253,1.42268041237113
-0.281553398058253,1.41443298969072
-0.281553398058253,1.40618556701031
-0.281553398058253,1.3979381443299
-0.281553398058253,1.38969072164948
-0.281553398058253,1.38144329896907
-0.281553398058253,1.37319587628866
-0.281553398058253,1.36494845360825
-0.281553398058253,1.35670103092784
-0.281553398058253,1.34845360824742
-0.281553398058253,1.34020618556701
-0.281553398058253,1.3319587628866
-0.281553398058253,1.32371134020619
-0.281553398058253,1.31546391752577
-0.281553398058253,1.30721649484536
-0.281553398058253,1.29896907216495
-0.281553398058253,1.29072164948454
-0.281553398058253,1.28247422680412
-0.281553398058253,1.27422680412371
-0.281553398058253,1.2659793814433
-0.281553398058253,1.25773195876289
-0.281553398058253,1.24948453608247
-0.281553398058253,1.24123711340206
-0.281553398058253,1.23298969072165
-0.281553398058253,1.22474226804124
-0.281553398058253,1.21649484536082
-0.281553398058253,1.20824742268041
-0.281553398058253,1.2
-0.281553398058253,1.19175257731959
-0.281553398058253,1.18350515463918
-0.281553398058253,1.17525773195876
-0.281553398058253,1.16701030927835
-0.281553398058253,1.15876288659794
-0.281553398058253,1.15051546391753
-0.281553398058253,1.14226804123711
-0.281553398058253,1.1340206185567
-0.281553398058253,1.12577319587629
-0.281553398058253,1.11752577319588
-0.281553398058253,1.10927835051546
-0.281553398058253,1.10103092783505
-0.281553398058253,1.09278350515464
-0.281553398058253,1.08453608247423
-0.281553398058253,1.07628865979381
-0.281553398058253,1.0680412371134
-0.281553398058253,1.05979381443299
-0.281553398058253,1.05154639175258
-0.281553398058253,1.04329896907216
-0.281553398058253,1.03505154639175
-0.281553398058253,1.02680412371134
-0.281553398058253,1.01855670103093
-0.281553398058253,1.01030927835052
-0.281553398058253,1.0020618556701
-0.281553398058253,0.993814432989691
-0.281553398058253,0.985567010309278
-0.281553398058253,0.977319587628866
-0.281553398058253,0.969072164948454
-0.281553398058253,0.960824742268041
-0.281553398058253,0.952577319587629
-0.281553398058253,0.944329896907217
-0.281553398058253,0.936082474226804
-0.281553398058253,0.927835051546392
-0.281553398058253,0.919587628865979
-0.281553398058253,0.911340206185567
-0.281553398058253,0.903092783505155
-0.281553398058253,0.894845360824742
-0.281553398058253,0.88659793814433
-0.281553398058253,0.878350515463918
-0.281553398058253,0.870103092783505
-0.281553398058253,0.861855670103093
-0.281553398058253,0.85360824742268
-0.281553398058253,0.845360824742268
-0.281553398058253,0.837113402061856
-0.281553398058253,0.828865979381443
-0.281553398058253,0.820618556701031
-0.281553398058253,0.812371134020618
-0.281553398058253,0.804123711340206
-0.281553398058253,0.795876288659794
-0.281553398058253,0.787628865979381
-0.281553398058253,0.779381443298969
-0.281553398058253,0.771134020618557
-0.281553398058253,0.762886597938144
-0.281553398058253,0.754639175257732
-0.281553398058253,0.74639175257732
-0.281553398058253,0.738144329896907
-0.281553398058253,0.729896907216495
-0.281553398058253,0.721649484536083
-0.281553398058253,0.71340206185567
-0.281553398058253,0.705154639175258
-0.281553398058253,0.696907216494846
-0.281553398058253,0.688659793814433
-0.281553398058253,0.68041237113402
-0.281553398058253,0.672164948453608
-0.281553398058253,0.663917525773196
-0.281553398058253,0.655670103092783
-0.281553398058253,0.647422680412371
-0.281553398058253,0.639175257731959
-0.281553398058253,0.630927835051546
-0.281553398058253,0.622680412371134
-0.281553398058253,0.614432989690722
-0.281553398058253,0.606185567010309
-0.281553398058253,0.597938144329897
-0.281553398058253,0.589690721649485
-0.281553398058253,0.581443298969072
-0.281553398058253,0.57319587628866
-0.281553398058253,0.564948453608248
-0.281553398058253,0.556701030927835
-0.281553398058253,0.548453608247423
-0.281553398058253,0.54020618556701
-0.281553398058253,0.531958762886598
-0.281553398058253,0.523711340206185
-0.281553398058253,0.515463917525773
-0.281553398058253,0.507216494845361
-0.281553398058253,0.498969072164948
-0.281553398058253,0.490721649484536
-0.281553398058253,0.482474226804124
-0.281553398058253,0.474226804123711
-0.281553398058253,0.465979381443299
-0.281553398058253,0.457731958762887
-0.281553398058253,0.449484536082474
-0.281553398058253,0.441237113402062
-0.281553398058253,0.432989690721649
-0.281553398058253,0.424742268041237
-0.281553398058253,0.416494845360825
-0.281553398058253,0.408247422680412
-0.281553398058253,0.4
-0.281553398058253,0.391752577319588
-0.281553398058253,0.383505154639175
-0.281553398058253,0.375257731958763
-0.281553398058253,0.367010309278351
-0.281553398058253,0.358762886597938
-0.281553398058253,0.350515463917526
-0.281553398058253,0.342268041237114
-0.281553398058253,0.334020618556701
-0.281553398058253,0.325773195876289
-0.281553398058253,0.317525773195876
-0.281553398058253,0.309278350515464
-0.281553398058253,0.301030927835051
-0.281553398058253,0.292783505154639
-0.281553398058253,0.284536082474227
-0.281553398058253,0.276288659793814
-0.281553398058253,0.268041237113402
-0.281553398058253,0.25979381443299
-0.281553398058253,0.251546391752577
-0.281553398058253,0.243298969072165
-0.281553398058253,0.235051546391753
-0.281553398058253,0.22680412371134
-0.281553398058253,0.218556701030928
-0.281553398058253,0.210309278350516
-0.281553398058253,0.202061855670103
-0.281553398058253,0.193814432989691
-0.281553398058253,0.185567010309278
-0.281553398058253,0.177319587628866
-0.281553398058253,0.169072164948453
-0.281553398058253,0.160824742268041
-0.281553398058253,0.152577319587629
-0.281553398058253,0.144329896907216
-0.281553398058253,0.136082474226804
-0.281553398058253,0.127835051546392
-0.281553398058253,0.119587628865979
-0.281553398058253,0.111340206185567
-0.281553398058253,0.103092783505155
-0.281553398058253,0.0948453608247424
-0.281553398058253,0.08659793814433
-0.281553398058253,0.0783505154639177
-0.281553398058253,0.0701030927835054
-0.281553398058253,0.0618556701030926
-0.281553398058253,0.0536082474226802
-0.281553398058253,0.0453608247422679
-0.281553398058253,0.0371134020618555
-0.281553398058253,0.0288659793814432
-0.281553398058253,0.0206185567010309
-0.281553398058253,0.0123711340206185
-0.281553398058253,0.00412371134020617
-0.281553398058253,-0.00412371134020617
-0.281553398058253,-0.0123711340206185
-0.281553398058253,-0.0206185567010309
-0.281553398058253,-0.0288659793814432
-0.281553398058253,-0.0371134020618558
-0.281553398058253,-0.0453608247422681
-0.281553398058253,-0.0536082474226804
-0.281553398058253,-0.0618556701030928
-0.281553398058253,-0.0701030927835051
-0.281553398058253,-0.0783505154639175
-0.281553398058253,-0.0865979381443298
-0.281553398058253,-0.0948453608247424
-0.281553398058253,-0.103092783505155
-0.281553398058253,-0.111340206185567
-0.281553398058253,-0.119587628865979
-0.281553398058253,-0.127835051546392
-0.281553398058253,-0.136082474226804
-0.281553398058253,-0.144329896907216
-0.281553398058253,-0.152577319587629
-0.281553398058253,-0.160824742268041
-0.281553398058253,-0.169072164948454
-0.281553398058253,-0.177319587628866
-0.281553398058253,-0.185567010309278
-0.281553398058253,-0.193814432989691
-0.281553398058253,-0.202061855670103
-0.281553398058253,-0.210309278350515
-0.281553398058253,-0.218556701030928
-0.281553398058253,-0.22680412371134
-0.281553398058253,-0.235051546391753
-0.281553398058253,-0.243298969072165
-0.281553398058253,-0.251546391752577
-0.281553398058253,-0.25979381443299
-0.281553398058253,-0.268041237113402
-0.281553398058253,-0.276288659793814
-0.281553398058253,-0.284536082474227
-0.281553398058253,-0.292783505154639
-0.281553398058253,-0.301030927835052
-0.281553398058253,-0.309278350515464
-0.281553398058253,-0.317525773195876
-0.281553398058253,-0.325773195876289
-0.281553398058253,-0.334020618556701
-0.281553398058253,-0.342268041237113
-0.281553398058253,-0.350515463917526
-0.281553398058253,-0.358762886597938
-0.281553398058253,-0.367010309278351
-0.281553398058253,-0.375257731958763
-0.281553398058253,-0.383505154639175
-0.281553398058253,-0.391752577319588
-0.281553398058253,-0.4
-0.281553398058253,-0.408247422680412
-0.281553398058253,-0.416494845360825
-0.281553398058253,-0.424742268041237
-0.281553398058253,-0.43298969072165
-0.281553398058253,-0.441237113402062
-0.281553398058253,-0.449484536082474
-0.281553398058253,-0.457731958762887
-0.281553398058253,-0.465979381443299
-0.281553398058253,-0.474226804123711
-0.281553398058253,-0.482474226804124
-0.281553398058253,-0.490721649484536
-0.281553398058253,-0.498969072164948
-0.281553398058253,-0.507216494845361
-0.281553398058253,-0.515463917525773
-0.281553398058253,-0.523711340206185
-0.281553398058253,-0.531958762886598
-0.281553398058253,-0.54020618556701
-0.281553398058253,-0.548453608247423
-0.281553398058253,-0.556701030927835
-0.281553398058253,-0.564948453608247
-0.281553398058253,-0.57319587628866
-0.281553398058253,-0.581443298969072
-0.281553398058253,-0.589690721649484
-0.281553398058253,-0.597938144329897
-0.281553398058253,-0.606185567010309
-0.281553398058253,-0.614432989690722
-0.281553398058253,-0.622680412371134
-0.281553398058253,-0.630927835051546
-0.281553398058253,-0.639175257731959
-0.281553398058253,-0.647422680412371
-0.281553398058253,-0.655670103092783
-0.281553398058253,-0.663917525773196
-0.281553398058253,-0.672164948453608
-0.281553398058253,-0.680412371134021
-0.281553398058253,-0.688659793814433
-0.281553398058253,-0.696907216494845
-0.281553398058253,-0.705154639175258
-0.281553398058253,-0.71340206185567
-0.281553398058253,-0.721649484536083
-0.281553398058253,-0.729896907216495
-0.281553398058253,-0.738144329896907
-0.281553398058253,-0.74639175257732
-0.281553398058253,-0.754639175257732
-0.281553398058253,-0.762886597938144
-0.281553398058253,-0.771134020618557
-0.281553398058253,-0.779381443298969
-0.281553398058253,-0.787628865979382
-0.281553398058253,-0.795876288659794
-0.281553398058253,-0.804123711340206
-0.281553398058253,-0.812371134020619
-0.281553398058253,-0.820618556701031
-0.281553398058253,-0.828865979381443
-0.281553398058253,-0.837113402061856
-0.281553398058253,-0.845360824742268
-0.281553398058253,-0.85360824742268
-0.281553398058253,-0.861855670103093
-0.281553398058253,-0.870103092783505
-0.281553398058253,-0.878350515463918
-0.281553398058253,-0.88659793814433
-0.281553398058253,-0.894845360824742
-0.281553398058253,-0.903092783505155
-0.281553398058253,-0.911340206185567
-0.281553398058253,-0.919587628865979
-0.281553398058253,-0.927835051546392
-0.281553398058253,-0.936082474226804
-0.281553398058253,-0.944329896907216
-0.281553398058253,-0.952577319587629
-0.281553398058253,-0.960824742268041
-0.281553398058253,-0.969072164948454
-0.281553398058253,-0.977319587628866
-0.281553398058253,-0.985567010309278
-0.281553398058253,-0.993814432989691
-0.281553398058253,-1.0020618556701
-0.281553398058253,-1.01030927835052
-0.281553398058253,-1.01855670103093
-0.281553398058253,-1.02680412371134
-0.281553398058253,-1.03505154639175
-0.281553398058253,-1.04329896907216
-0.281553398058253,-1.05154639175258
-0.281553398058253,-1.05979381443299
-0.281553398058253,-1.0680412371134
-0.281553398058253,-1.07628865979381
-0.281553398058253,-1.08453608247423
-0.281553398058253,-1.09278350515464
-0.281553398058253,-1.10103092783505
-0.281553398058253,-1.10927835051546
-0.281553398058253,-1.11752577319588
-0.281553398058253,-1.12577319587629
-0.281553398058253,-1.1340206185567
-0.281553398058253,-1.14226804123711
-0.281553398058253,-1.15051546391753
-0.281553398058253,-1.15876288659794
-0.281553398058253,-1.16701030927835
-0.281553398058253,-1.17525773195876
-0.281553398058253,-1.18350515463918
-0.281553398058253,-1.19175257731959
-0.281553398058253,-1.2
-0.281553398058253,-1.20824742268041
-0.281553398058253,-1.21649484536082
-0.281553398058253,-1.22474226804124
-0.281553398058253,-1.23298969072165
-0.281553398058253,-1.24123711340206
-0.281553398058253,-1.24948453608247
-0.281553398058253,-1.25773195876289
-0.281553398058253,-1.2659793814433
-0.281553398058253,-1.27422680412371
-0.281553398058253,-1.28247422680412
-0.281553398058253,-1.29072164948454
-0.281553398058253,-1.29896907216495
-0.281553398058253,-1.30721649484536
-0.281553398058253,-1.31546391752577
-0.281553398058253,-1.32371134020619
-0.281553398058253,-1.3319587628866
-0.281553398058253,-1.34020618556701
-0.281553398058253,-1.34845360824742
-0.281553398058253,-1.35670103092784
-0.281553398058253,-1.36494845360825
-0.281553398058253,-1.37319587628866
-0.281553398058253,-1.38144329896907
-0.281553398058253,-1.38969072164948
-0.281553398058253,-1.3979381443299
-0.281553398058253,-1.40618556701031
-0.281553398058253,-1.41443298969072
-0.281553398058253,-1.42268041237113
-0.281553398058253,-1.43092783505155
-0.281553398058253,-1.43917525773196
-0.281553398058253,-1.44742268041237
-0.281553398058253,-1.45567010309278
-0.281553398058253,-1.4639175257732
-0.281553398058253,-1.47216494845361
-0.281553398058253,-1.48041237113402
-0.281553398058253,-1.48865979381443
-0.281553398058253,-1.49690721649485
-0.281553398058253,-1.50515463917526
-0.281553398058253,-1.51340206185567
-0.281553398058253,-1.52164948453608
-0.281553398058253,-1.52989690721649
-0.281553398058253,-1.53814432989691
-0.281553398058253,-1.54639175257732
-0.281553398058253,-1.55463917525773
-0.281553398058253,-1.56288659793814
-0.281553398058253,-1.57113402061856
-0.281553398058253,-1.57938144329897
-0.281553398058253,-1.58762886597938
-0.281553398058253,-1.59587628865979
-0.281553398058253,-1.60412371134021
-0.281553398058253,-1.61237113402062
-0.281553398058253,-1.62061855670103
-0.281553398058253,-1.62886597938144
-0.281553398058253,-1.63711340206186
-0.281553398058253,-1.64536082474227
-0.281553398058253,-1.65360824742268
-0.281553398058253,-1.66185567010309
-0.281553398058253,-1.67010309278351
-0.281553398058253,-1.67835051546392
-0.281553398058253,-1.68659793814433
-0.281553398058253,-1.69484536082474
-0.281553398058253,-1.70309278350515
-0.281553398058253,-1.71134020618557
-0.281553398058253,-1.71958762886598
-0.281553398058253,-1.72783505154639
-0.281553398058253,-1.7360824742268
-0.29126213592233,-1.74432989690722
-0.29126213592233,-1.75257731958763
-0.29126213592233,-1.76082474226804
-0.29126213592233,-1.76907216494845
-0.29126213592233,-1.77731958762887
-0.29126213592233,-1.78556701030928
-0.29126213592233,-1.79381443298969
-0.29126213592233,-1.8020618556701
-0.300970873786408,-1.8020618556701
-0.300970873786408,-1.79381443298969
-0.300970873786408,-1.78556701030928
-0.300970873786408,-1.77731958762887
-0.300970873786408,-1.76907216494845
-0.300970873786408,-1.76082474226804
-0.300970873786408,-1.75257731958763
-0.300970873786408,-1.74432989690722
-0.310679611650486,-1.81030927835052
-0.310679611650486,-1.81855670103093
-0.310679611650486,-1.82680412371134
-0.310679611650486,-1.83505154639175
-0.310679611650486,-1.84329896907217
-0.320388349514563,-1.85154639175258
-0.320388349514563,-1.85979381443299
-0.320388349514563,-1.8680412371134
-0.320388349514563,-1.87628865979381
-0.330097087378641,-1.87628865979381
-0.330097087378641,-1.8680412371134
-0.330097087378641,-1.85979381443299
-0.330097087378641,-1.85154639175258
-0.339805825242719,-1.88453608247423
-0.339805825242719,-1.89278350515464
-0.349514563106796,-1.89278350515464
-0.349514563106796,-1.88453608247423
-0.359223300970874,-1.90103092783505
-0.359223300970874,-1.90927835051546
-0.368932038834952,-1.90927835051546
-0.368932038834952,-1.90103092783505
-0.378640776699029,-1.91752577319588
-0.378640776699029,-1.92577319587629
-0.388349514563107,-1.92577319587629
-0.388349514563107,-1.91752577319588
-0.398058252427185,-1.9340206185567
-0.398058252427185,-1.94226804123711
-0.407766990291262,-1.94226804123711
-0.407766990291262,-1.9340206185567
-0.41747572815534,-1.95051546391753
-0.41747572815534,-1.95876288659794
-0.427184466019418,-1.95876288659794
-0.436893203883495,-1.95876288659794
-0.446601941747573,-1.95876288659794
-0.446601941747573,-1.95051546391753
-0.436893203883495,-1.95051546391753
-0.427184466019418,-1.95051546391753
-0.456310679611651,-1.96701030927835
-0.456310679611651,-1.97525773195876
-0.466019417475728,-1.97525773195876
-0.475728155339806,-1.97525773195876
-0.485436893203884,-1.97525773195876
-0.495145631067961,-1.97525773195876
-0.495145631067961,-1.96701030927835
-0.485436893203884,-1.96701030927835
-0.475728155339806,-1.96701030927835
-0.466019417475728,-1.96701030927835
-0.504854368932039,-1.98350515463918
-0.514563106796117,-1.98350515463918
-0.524271844660194,-1.98350515463918
-0.533980582524272,-1.98350515463918
-0.54368932038835,-1.98350515463918
-0.553398058252427,-1.98350515463918
-0.563106796116505,-1.98350515463918
-0.572815533980582,-1.98350515463918
-0.58252427184466,-1.98350515463918
-0.592233009708738,-1.98350515463918
-0.601941747572815,-1.98350515463918
-0.611650485436893,-1.98350515463918
-0.621359223300971,-1.98350515463918
-0.631067961165048,-1.98350515463918
-0.640776699029126,-1.97525773195876
-0.650485436893204,-1.97525773195876
-0.660194174757281,-1.97525773195876
-0.669902912621359,-1.97525773195876
-0.679611650485437,-1.97525773195876
-0.679611650485437,-1.96701030927835
-0.669902912621359,-1.96701030927835
-0.660194174757281,-1.96701030927835
-0.650485436893204,-1.96701030927835
-0.640776699029126,-1.96701030927835
-0.689320388349514,-1.95876288659794
-0.699029126213592,-1.95876288659794
-0.70873786407767,-1.95876288659794
-0.718446601941747,-1.95876288659794
-0.718446601941747,-1.95051546391753
-0.70873786407767,-1.95051546391753
-0.699029126213592,-1.95051546391753
-0.689320388349514,-1.95051546391753
-0.728155339805825,-1.94226804123711
-0.737864077669903,-1.94226804123711
-0.737864077669903,-1.9340206185567
-0.728155339805825,-1.9340206185567
-0.74757281553398,-1.92577319587629
-0.757281553398058,-1.92577319587629
-0.757281553398058,-1.91752577319588
-0.74757281553398,-1.91752577319588
-0.766990291262136,-1.90927835051546
-0.776699029126214,-1.90927835051546
-0.776699029126214,-1.90103092783505
-0.766990291262136,-1.90103092783505
-0.786407766990291,-1.89278350515464
-0.796116504854369,-1.89278350515464
-0.796116504854369,-1.88453608247423
-0.786407766990291,-1.88453608247423
-0.805825242718447,-1.87628865979381
-0.815533980582524,-1.87628865979381
-0.815533980582524,-1.8680412371134
-0.805825242718447,-1.8680412371134
-0.805825242718447,-1.85979381443299
-0.815533980582524,-1.85979381443299
-0.815533980582524,-1.85154639175258
-0.805825242718447,-1.85154639175258
-0.825242718446602,-1.84329896907217
-0.825242718446602,-1.83505154639175
-0.825242718446602,-1.82680412371134
-0.825242718446602,-1.81855670103093
-0.825242718446602,-1.81030927835052
-0.83495145631068,-1.8020618556701
-0.844660194174757,-1.8020618556701
-0.844660194174757,-1.79381443298969
-0.83495145631068,-1.79381443298969
-0.83495145631068,-1.78556701030928
-0.844660194174757,-1.78556701030928
-0.844660194174757,-1.77731958762887
-0.83495145631068,-1.77731958762887
-0.83495145631068,-1.76907216494845
-0.844660194174757,-1.76907216494845
-0.844660194174757,-1.76082474226804
-0.83495145631068,-1.76082474226804
-0.83495145631068,-1.75257731958763
-0.844660194174757,-1.75257731958763
-0.844660194174757,-1.74432989690722
-0.83495145631068,-1.74432989690722
-0.854368932038835,-1.7360824742268
-0.854368932038835,-1.72783505154639
-0.854368932038835,-1.71958762886598
-0.854368932038835,-1.71134020618557
-0.854368932038835,-1.70309278350515
-0.854368932038835,-1.69484536082474
-0.854368932038835,-1.68659793814433
-0.854368932038835,-1.67835051546392
-0.854368932038835,-1.67010309278351
-0.854368932038835,-1.66185567010309
-0.854368932038835,-1.65360824742268
-0.854368932038835,-1.64536082474227
-0.854368932038835,-1.63711340206186
-0.854368932038835,-1.62886597938144
-0.854368932038835,-1.62061855670103
-0.854368932038835,-1.61237113402062
-0.854368932038835,-1.60412371134021
-0.854368932038835,-1.59587628865979
-0.854368932038835,-1.58762886597938
-0.854368932038835,-1.57938144329897
-0.854368932038835,-1.57113402061856
-0.854368932038835,-1.56288659793814
-0.854368932038835,-1.55463917525773
-0.854368932038835,-1.54639175257732
-0.854368932038835,-1.53814432989691
-0.854368932038835,-1.52989690721649
-0.854368932038835,-1.52164948453608
-0.854368932038835,-1.51340206185567
-0.854368932038835,-1.50515463917526
-0.854368932038835,-1.49690721649485
-0.854368932038835,-1.48865979381443
-0.854368932038835,-1.48041237113402
-0.854368932038835,-1.47216494845361
-0.854368932038835,-1.4639175257732
-0.854368932038835,-1.45567010309278
-0.854368932038835,-1.44742268041237
-0.854368932038835,-1.43917525773196
-0.854368932038835,-1.43092783505155
-0.854368932038835,-1.42268041237113
-0.854368932038835,-1.41443298969072
-0.854368932038835,-1.40618556701031
-0.854368932038835,-1.3979381443299
-0.854368932038835,-1.38969072164948
-0.854368932038835,-1.38144329896907
-0.854368932038835,-1.37319587628866
-0.854368932038835,-1.36494845360825
-0.854368932038835,-1.35670103092784
-0.854368932038835,-1.34845360824742
-0.854368932038835,-1.34020618556701
-0.854368932038835,-1.3319587628866
-0.854368932038835,-1.32371134020619
-0.854368932038835,-1.31546391752577
-0.854368932038835,-1.30721649484536
-0.854368932038835,-1.29896907216495
-0.854368932038835,-1.29072164948454
-0.854368932038835,-1.28247422680412
-0.854368932038835,-1.27422680412371
-0.854368932038835,-1.2659793814433
-0.854368932038835,-1.25773195876289
-0.854368932038835,-1.24948453608247
-0.854368932038835,-1.24123711340206
-0.854368932038835,-1.23298969072165
-0.854368932038835,-1.22474226804124
-0.854368932038835,-1.21649484536082
-0.854368932038835,-1.20824742268041
-0.854368932038835,-1.2
-0.854368932038835,-1.19175257731959
-0.854368932038835,-1.18350515463918
-0.854368932038835,-1.17525773195876
-0.854368932038835,-1.16701030927835
-0.854368932038835,-1.15876288659794
-0.854368932038835,-1.15051546391753
-0.854368932038835,-1.14226804123711
-0.854368932038835,-1.1340206185567
-0.854368932038835,-1.12577319587629
-0.854368932038835,-1.11752577319588
-0.854368932038835,-1.10927835051546
-0.854368932038835,-1.10103092783505
-0.854368932038835,-1.09278350515464
-0.854368932038835,-1.08453608247423
-0.854368932038835,-1.07628865979381
-0.854368932038835,-1.0680412371134
-0.854368932038835,-1.05979381443299
-0.854368932038835,-1.05154639175258
-0.854368932038835,-1.04329896907216
-0.854368932038835,-1.03505154639175
-0.854368932038835,-1.02680412371134
-0.854368932038835,-1.01855670103093
-0.854368932038835,-1.01030927835052
-0.854368932038835,-1.0020618556701
-0.854368932038835,-0.993814432989691
-0.854368932038835,-0.985567010309278
-0.854368932038835,-0.977319587628866
-0.854368932038835,-0.969072164948454
-0.854368932038835,-0.960824742268041
-0.854368932038835,-0.952577319587629
-0.854368932038835,-0.944329896907216
-0.854368932038835,-0.936082474226804
-0.854368932038835,-0.927835051546392
-0.854368932038835,-0.919587628865979
-0.854368932038835,-0.911340206185567
-0.854368932038835,-0.903092783505155
-0.854368932038835,-0.894845360824742
-0.854368932038835,-0.88659793814433
-0.854368932038835,-0.878350515463918
-0.854368932038835,-0.870103092783505
-0.854368932038835,-0.861855670103093
-0.854368932038835,-0.85360824742268
-0.854368932038835,-0.845360824742268
-0.854368932038835,-0.837113402061856
-0.854368932038835,-0.828865979381443
-0.854368932038835,-0.820618556701031
-0.854368932038835,-0.812371134020619
-0.854368932038835,-0.804123711340206
-0.854368932038835,-0.795876288659794
-0.854368932038835,-0.787628865979382
-0.854368932038835,-0.779381443298969
-0.854368932038835,-0.771134020618557
-0.854368932038835,-0.762886597938144
-0.854368932038835,-0.754639175257732
-0.854368932038835,-0.74639175257732
-0.854368932038835,-0.738144329896907
-0.854368932038835,-0.729896907216495
-0.854368932038835,-0.721649484536083
-0.854368932038835,-0.71340206185567
-0.854368932038835,-0.705154639175258
-0.854368932038835,-0.696907216494845
-0.854368932038835,-0.688659793814433
-0.854368932038835,-0.680412371134021
-0.854368932038835,-0.672164948453608
-0.854368932038835,-0.663917525773196
-0.854368932038835,-0.655670103092783
-0.854368932038835,-0.647422680412371
-0.854368932038835,-0.639175257731959
-0.854368932038835,-0.630927835051546
-0.854368932038835,-0.622680412371134
-0.854368932038835,-0.614432989690722
-0.854368932038835,-0.606185567010309
-0.854368932038835,-0.597938144329897
-0.854368932038835,-0.589690721649484
-0.854368932038835,-0.581443298969072
-0.854368932038835,-0.57319587628866
-0.854368932038835,-0.564948453608247
-0.854368932038835,-0.556701030927835
-0.854368932038835,-0.548453608247423
-0.854368932038835,-0.54020618556701
-0.854368932038835,-0.531958762886598
-0.854368932038835,-0.523711340206185
-0.854368932038835,-0.515463917525773
-0.854368932038835,-0.507216494845361
-0.854368932038835,-0.498969072164948
-0.854368932038835,-0.490721649484536
-0.854368932038835,-0.482474226804124
-0.854368932038835,-0.474226804123711
-0.854368932038835,-0.465979381443299
-0.854368932038835,-0.457731958762887
-0.854368932038835,-0.449484536082474
-0.854368932038835,-0.441237113402062
-0.854368932038835,-0.43298969072165
-0.854368932038835,-0.424742268041237
-0.854368932038835,-0.416494845360825
-0.854368932038835,-0.408247422680412
-0.854368932038835,-0.4
-0.854368932038835,-0.391752577319588
-0.854368932038835,-0.383505154639175
-0.854368932038835,-0.375257731958763
-0.854368932038835,-0.367010309278351
-0.854368932038835,-0.358762886597938
-0.854368932038835,-0.350515463917526
-0.854368932038835,-0.342268041237113
-0.854368932038835,-0.334020618556701
-0.854368932038835,-0.325773195876289
-0.854368932038835,-0.317525773195876
-0.854368932038835,-0.309278350515464
-0.854368932038835,-0.301030927835052
-0.854368932038835,-0.292783505154639
-0.854368932038835,-0.284536082474227
-0.854368932038835,-0.276288659793814
-0.854368932038835,-0.268041237113402
-0.854368932038835,-0.25979381443299
-0.854368932038835,-0.251546391752577
-0.854368932038835,-0.243298969072165
-0.854368932038835,-0.235051546391753
-0.854368932038835,-0.22680412371134
-0.854368932038835,-0.218556701030928
-0.854368932038835,-0.210309278350515
-0.854368932038835,-0.202061855670103
-0.854368932038835,-0.193814432989691
-0.854368932038835,-0.185567010309278
-0.854368932038835,-0.177319587628866
-0.854368932038835,-0.169072164948454
-0.854368932038835,-0.160824742268041
-0.854368932038835,-0.152577319587629
-0.854368932038835,-0.144329896907216
-0.854368932038835,-0.136082474226804
-0.854368932038835,-0.127835051546392
-0.854368932038835,-0.119587628865979
-0.854368932038835,-0.111340206185567
-0.854368932038835,-0.103092783505155
-0.854368932038835,-0.0948453608247424
-0.854368932038835,-0.0865979381443298
-0.854368932038835,-0.0783505154639175
-0.854368932038835,-0.0701030927835051
-0.854368932038835,-0.0618556701030928
-0.854368932038835,-0.0536082474226804
-0.854368932038835,-0.0453608247422681
-0.854368932038835,-0.0371134020618558
-0.854368932038835,-0.0288659793814432
-0.854368932038835,-0.0206185567010309
-0.854368932038835,-0.0123711340206185
-0.854368932038835,-0.00412371134020617
-0.854368932038835,0.00412371134020617
-0.854368932038835,0.0123711340206185
-0.854368932038835,0.0206185567010309
-0.854368932038835,0.0288659793814432
-0.854368932038835,0.0371134020618555
-0.854368932038835,0.0453608247422679
-0.854368932038835,0.0536082474226802
-0.854368932038835,0.0618556701030926
-0.854368932038835,0.0701030927835054
-0.854368932038835,0.0783505154639177
-0.854368932038835,0.08659793814433
-0.854368932038835,0.0948453608247424
-0.854368932038835,0.103092783505155
-0.854368932038835,0.111340206185567
-0.854368932038835,0.119587628865979
-0.854368932038835,0.127835051546392
-0.854368932038835,0.136082474226804
-0.854368932038835,0.144329896907216
-0.854368932038835,0.152577319587629
-0.854368932038835,0.160824742268041
-0.854368932038835,0.169072164948453
-0.854368932038835,0.177319587628866
-0.854368932038835,0.185567010309278
-0.854368932038835,0.193814432989691
-0.854368932038835,0.202061855670103
-0.854368932038835,0.210309278350516
-0.854368932038835,0.218556701030928
-0.854368932038835,0.22680412371134
-0.854368932038835,0.235051546391753
-0.854368932038835,0.243298969072165
-0.854368932038835,0.251546391752577
-0.854368932038835,0.25979381443299
-0.854368932038835,0.268041237113402
-0.854368932038835,0.276288659793814
-0.854368932038835,0.284536082474227
-0.854368932038835,0.292783505154639
-0.854368932038835,0.301030927835051
-0.854368932038835,0.309278350515464
-0.854368932038835,0.317525773195876
-0.854368932038835,0.325773195876289
-0.854368932038835,0.334020618556701
-0.854368932038835,0.342268041237114
-0.854368932038835,0.350515463917526
-0.854368932038835,0.358762886597938
-0.854368932038835,0.367010309278351
-0.854368932038835,0.375257731958763
-0.854368932038835,0.383505154639175
-0.854368932038835,0.391752577319588
-0.854368932038835,0.4
-0.854368932038835,0.408247422680412
-0.854368932038835,0.416494845360825
-0.854368932038835,0.424742268041237
-0.854368932038835,0.432989690721649
-0.854368932038835,0.441237113402062
-0.854368932038835,0.449484536082474
-0.854368932038835,0.457731958762887
-0.854368932038835,0.465979381443299
-0.854368932038835,0.474226804123711
-0.854368932038835,0.482474226804124
-0.854368932038835,0.490721649484536
-0.854368932038835,0.498969072164948
-0.854368932038835,0.507216494845361
-0.854368932038835,0.515463917525773
-0.854368932038835,0.523711340206185
-0.854368932038835,0.531958762886598
-0.854368932038835,0.54020618556701
-0.854368932038835,0.548453608247423
-0.854368932038835,0.556701030927835
-0.854368932038835,0.564948453608248
-0.854368932038835,0.57319587628866
-0.854368932038835,0.581443298969072
-0.854368932038835,0.589690721649485
-0.854368932038835,0.597938144329897
-0.854368932038835,0.606185567010309
-0.854368932038835,0.614432989690722
-0.854368932038835,0.622680412371134
-0.854368932038835,0.630927835051546
-0.854368932038835,0.639175257731959
-0.854368932038835,0.647422680412371
-0.854368932038835,0.655670103092783
-0.854368932038835,0.663917525773196
-0.854368932038835,0.672164948453608
-0.854368932038835,0.68041237113402
-0.854368932038835,0.688659793814433
-0.854368932038835,0.696907216494846
-0.854368932038835,0.705154639175258
-0.854368932038835,0.71340206185567
-0.854368932038835,0.721649484536083
-0.854368932038835,0.729896907216495
-0.854368932038835,0.738144329896907
-0.854368932038835,0.74639175257732
-0.854368932038835,0.754639175257732
-0.854368932038835,0.762886597938144
-0.854368932038835,0.771134020618557
-0.854368932038835,0.779381443298969
-0.854368932038835,0.787628865979381
-0.854368932038835,0.795876288659794
-0.854368932038835,0.804123711340206
-0.854368932038835,0.812371134020618
-0.854368932038835,0.820618556701031
-0.854368932038835,0.828865979381443
-0.854368932038835,0.837113402061856
-0.854368932038835,0.845360824742268
-0.854368932038835,0.85360824742268
-0.854368932038835,0.861855670103093
-0.854368932038835,0.870103092783505
-0.854368932038835,0.878350515463918
-0.854368932038835,0.88659793814433
-0.854368932038835,0.894845360824742
-0.854368932038835,0.903092783505155
-0.854368932038835,0.911340206185567
-0.854368932038835,0.919587628865979
-0.854368932038835,0.927835051546392
-0.854368932038835,0.936082474226804
-0.854368932038835,0.944329896907217
-0.854368932038835,0.952577319587629
-0.854368932038835,0.960824742268041
-0.854368932038835,0.969072164948454
-0.854368932038835,0.977319587628866
-0.854368932038835,0.985567010309278
-0.854368932038835,0.993814432989691
-0.854368932038835,1.0020618556701
-0.854368932038835,1.01030927835052
-0.854368932038835,1.01855670103093
-0.854368932038835,1.02680412371134
-0.854368932038835,1.03505154639175
-0.854368932038835,1.04329896907216
-0.854368932038835,1.05154639175258
-0.854368932038835,1.05979381443299
-0.854368932038835,1.0680412371134
-0.854368932038835,1.07628865979381
-0.854368932038835,1.08453608247423
-0.854368932038835,1.09278350515464
-0.854368932038835,1.10103092783505
-0.854368932038835,1.10927835051546
-0.854368932038835,1.11752577319588
-0.854368932038835,1.12577319587629
-0.854368932038835,1.1340206185567
-0.854368932038835,1.14226804123711
-0.854368932038835,1.15051546391753
-0.854368932038835,1.15876288659794
-0.854368932038835,1.16701030927835
-0.854368932038835,1.17525773195876
-0.854368932038835,1.18350515463918
-0.854368932038835,1.19175257731959
-0.854368932038835,1.2
-0.854368932038835,1.20824742268041
-0.854368932038835,1.21649484536082
-0.854368932038835,1.22474226804124
-0.854368932038835,1.23298969072165
-0.854368932038835,1.24123711340206
-0.854368932038835,1.24948453608247
-0.854368932038835,1.25773195876289
-0.854368932038835,1.2659793814433
-0.854368932038835,1.27422680412371
-0.854368932038835,1.28247422680412
-0.854368932038835,1.29072164948454
-0.854368932038835,1.29896907216495
-0.854368932038835,1.30721649484536
-0.854368932038835,1.31546391752577
-0.854368932038835,1.32371134020619
-0.854368932038835,1.3319587628866
-0.854368932038835,1.34020618556701
-0.854368932038835,1.34845360824742
-0.854368932038835,1.35670103092784
-0.854368932038835,1.36494845360825
-0.854368932038835,1.37319587628866
-0.854368932038835,1.38144329896907
-0.854368932038835,1.38969072164948
-0.854368932038835,1.3979381443299
-0.854368932038835,1.40618556701031
-0.854368932038835,1.41443298969072
-0.854368932038835,1.42268041237113
-0.854368932038835,1.43092783505155
-0.854368932038835,1.43917525773196
-0.854368932038835,1.44742268041237
-0.854368932038835,1.45567010309278
-0.854368932038835,1.4639175257732
-0.854368932038835,1.47216494845361
-0.854368932038835,1.48041237113402
-0.854368932038835,1.48865979381443
-0.854368932038835,1.49690721649485
-0.854368932038835,1.50515463917526
-0.854368932038835,1.51340206185567
-0.854368932038835,1.52164948453608
-0.854368932038835,1.52989690721649
-0.854368932038835,1.53814432989691
-0.854368932038835,1.54639175257732
-0.854368932038835,1.55463917525773
-0.854368932038835,1.56288659793814
-0.854368932038835,1.57113402061856
-0.854368932038835,1.57938144329897
-0.854368932038835,1.58762886597938
-0.854368932038835,1.59587628865979
-0.854368932038835,1.60412371134021
-0.854368932038835,1.61237113402062
-0.854368932038835,1.62061855670103
-0.854368932038835,1.62886597938144
-0.854368932038835,1.63711340206186
-0.854368932038835,1.64536082474227
-0.854368932038835,1.65360824742268
-0.854368932038835,1.66185567010309
-0.864077669902913,1.6701030927835
-0.87378640776699,1.6701030927835
-0.87378640776699,1.67835051546392
-0.864077669902913,1.67835051546392
-0.864077669902913,1.68659793814433
-0.87378640776699,1.68659793814433
-0.87378640776699,1.69484536082474
-0.864077669902913,1.69484536082474
-0.864077669902913,1.70309278350515
-0.87378640776699,1.70309278350515
-0.87378640776699,1.71134020618557
-0.864077669902913,1.71134020618557
-0.864077669902913,1.71958762886598
-0.87378640776699,1.71958762886598
-0.883495145631068,1.72783505154639
-0.893203883495146,1.72783505154639
-0.893203883495146,1.7360824742268
-0.883495145631068,1.7360824742268
-0.883495145631068,1.74432989690722
-0.893203883495146,1.74432989690722
-0.893203883495146,1.75257731958763
-0.883495145631068,1.75257731958763
-0.883495145631068,1.76082474226804
-0.893203883495146,1.76082474226804
-0.902912621359223,1.76907216494845
-0.912621359223301,1.76907216494845
-0.912621359223301,1.77731958762887
-0.902912621359223,1.77731958762887
-0.902912621359223,1.78556701030928
-0.912621359223301,1.78556701030928
-0.912621359223301,1.79381443298969
-0.902912621359223,1.79381443298969
-0.922330097087379,1.8020618556701
-0.932038834951456,1.8020618556701
-0.932038834951456,1.81030927835052
-0.922330097087379,1.81030927835052
-0.941747572815534,1.81855670103093
-0.951456310679612,1.81855670103093
-0.961165048543689,1.82680412371134
-0.961165048543689,1.83505154639175
-0.970873786407767,1.84329896907217
-0.980582524271845,1.84329896907217
-0.980582524271845,1.85154639175258
-0.970873786407767,1.85154639175258
-0.990291262135922,1.85979381443299
-1,1.85979381443299
-1.00970873786408,1.85979381443299
-1.01941747572816,1.85979381443299
-1.01941747572816,1.8680412371134
-1.00970873786408,1.8680412371134
-1,1.8680412371134
-0.990291262135922,1.8680412371134
-1.02912621359223,1.87628865979381
-1.03883495145631,1.87628865979381
-1.04854368932039,1.87628865979381
-1.05825242718447,1.87628865979381
-1.06796116504854,1.87628865979381
-1.07766990291262,1.87628865979381
-1.0873786407767,1.88453608247423
-1.09708737864078,1.88453608247423
-1.10679611650485,1.88453608247423
-1.11650485436893,1.88453608247423
-1.12621359223301,1.88453608247423
-1.13592233009709,1.88453608247423
-1.14563106796116,1.88453608247423
-1.15533980582524,1.88453608247423
-1.16504854368932,1.88453608247423
-1.1747572815534,1.88453608247423
-1.18446601941748,1.88453608247423
-1.19417475728155,1.88453608247423
-1.20388349514563,1.88453608247423
-1.20388349514563,1.89278350515464
-1.19417475728155,1.89278350515464
-1.18446601941748,1.89278350515464
-1.1747572815534,1.89278350515464
-1.16504854368932,1.89278350515464
-1.15533980582524,1.89278350515464
-1.14563106796116,1.89278350515464
-1.13592233009709,1.89278350515464
-1.12621359223301,1.89278350515464
-1.11650485436893,1.89278350515464
-1.10679611650485,1.89278350515464
-1.09708737864078,1.89278350515464
-1.0873786407767,1.89278350515464
-1.21359223300971,1.87628865979381
-1.22330097087379,1.87628865979381
-1.23300970873786,1.87628865979381
-1.24271844660194,1.87628865979381
-1.25242718446602,1.87628865979381
-1.2621359223301,1.8680412371134
-1.2621359223301,1.85979381443299
-1.27184466019417,1.85979381443299
-1.28155339805825,1.85979381443299
-1.29126213592233,1.85979381443299
-1.29126213592233,1.8680412371134
-1.28155339805825,1.8680412371134
-1.27184466019417,1.8680412371134
-1.30097087378641,1.85154639175258
-1.30097087378641,1.84329896907217
-1.31067961165049,1.84329896907217
-1.31067961165049,1.85154639175258
-1.32038834951456,1.83505154639175
-1.32038834951456,1.82680412371134
-1.33009708737864,1.82680412371134
-1.33009708737864,1.83505154639175
-1.33980582524272,1.81855670103093
-1.3495145631068,1.81030927835052
-1.3495145631068,1.8020618556701
-1.35922330097087,1.8020618556701
-1.35922330097087,1.81030927835052
-1.36893203883495,1.79381443298969
-1.36893203883495,1.78556701030928
-1.36893203883495,1.77731958762887
-1.36893203883495,1.76907216494845
-1.37864077669903,1.76907216494845
-1.37864077669903,1.77731958762887
-1.37864077669903,1.78556701030928
-1.37864077669903,1.79381443298969
-1.38834951456311,1.76082474226804
-1.38834951456311,1.75257731958763
-1.38834951456311,1.74432989690722
-1.38834951456311,1.7360824742268
-1.38834951456311,1.72783505154639
-1.39805825242718,1.72783505154639
-1.39805825242718,1.7360824742268
-1.39805825242718,1.74432989690722
-1.39805825242718,1.75257731958763
-1.39805825242718,1.76082474226804
-1.40776699029126,1.71958762886598
-1.40776699029126,1.71134020618557
-1.40776699029126,1.70309278350515
-1.40776699029126,1.69484536082474
-1.40776699029126,1.68659793814433
-1.40776699029126,1.67835051546392
-1.40776699029126,1.6701030927835
-1.41747572815534,1.6701030927835
-1.41747572815534,1.67835051546392
-1.41747572815534,1.68659793814433
-1.41747572815534,1.69484536082474
-1.41747572815534,1.70309278350515
-1.41747572815534,1.71134020618557
-1.41747572815534,1.71958762886598
-1.42718446601942,1.66185567010309
-1.42718446601942,1.65360824742268
-1.42718446601942,1.64536082474227
-1.42718446601942,1.63711340206186
-1.42718446601942,1.62886597938144
-1.42718446601942,1.62061855670103
-1.42718446601942,1.61237113402062
-1.42718446601942,1.60412371134021
-1.42718446601942,1.59587628865979
-1.42718446601942,1.58762886597938
-1.42718446601942,1.57938144329897
-1.42718446601942,1.57113402061856
-1.42718446601942,1.56288659793814
-1.42718446601942,1.55463917525773
-1.42718446601942,1.54639175257732
-1.42718446601942,1.53814432989691
-1.42718446601942,1.52989690721649
-1.42718446601942,1.52164948453608
-1.42718446601942,1.51340206185567
-1.42718446601942,1.50515463917526
-1.42718446601942,1.49690721649485
-1.42718446601942,1.48865979381443
-1.42718446601942,1.48041237113402
-1.42718446601942,1.47216494845361
-1.42718446601942,1.4639175257732
-1.42718446601942,1.45567010309278
-1.42718446601942,1.44742268041237
-1.42718446601942,1.43917525773196
-1.42718446601942,1.43092783505155
-1.42718446601942,1.42268041237113
-1.42718446601942,1.41443298969072
-1.42718446601942,1.40618556701031
-1.42718446601942,1.3979381443299
-1.42718446601942,1.38969072164948
-1.42718446601942,1.38144329896907
-1.42718446601942,1.37319587628866
-1.42718446601942,1.36494845360825
-1.42718446601942,1.35670103092784
-1.42718446601942,1.34845360824742
-1.42718446601942,1.34020618556701
-1.42718446601942,1.3319587628866
-1.42718446601942,1.32371134020619
-1.42718446601942,1.31546391752577
-1.42718446601942,1.30721649484536
-1.42718446601942,1.29896907216495
-1.42718446601942,1.29072164948454
-1.42718446601942,1.28247422680412
-1.42718446601942,1.27422680412371
-1.42718446601942,1.2659793814433
-1.42718446601942,1.25773195876289
-1.42718446601942,1.24948453608247
-1.42718446601942,1.24123711340206
-1.42718446601942,1.23298969072165
-1.42718446601942,1.22474226804124
-1.42718446601942,1.21649484536082
-1.42718446601942,1.20824742268041
-1.42718446601942,1.2
-1.42718446601942,1.19175257731959
-1.42718446601942,1.18350515463918
-1.42718446601942,1.17525773195876
-1.42718446601942,1.16701030927835
-1.42718446601942,1.15876288659794
-1.42718446601942,1.15051546391753
-1.42718446601942,1.14226804123711
-1.42718446601942,1.1340206185567
-1.42718446601942,1.12577319587629
-1.42718446601942,1.11752577319588
-1.42718446601942,1.10927835051546
-1.42718446601942,1.10103092783505
-1.42718446601942,1.09278350515464
-1.42718446601942,1.08453608247423
-1.42718446601942,1.07628865979381
-1.42718446601942,1.0680412371134
-1.42718446601942,1.05979381443299
-1.42718446601942,1.05154639175258
-1.42718446601942,1.04329896907216
-1.42718446601942,1.03505154639175
-1.42718446601942,1.02680412371134
-1.42718446601942,1.01855670103093
-1.42718446601942,1.01030927835052
-1.42718446601942,1.0020618556701
-1.42718446601942,0.993814432989691
-1.42718446601942,0.985567010309278
-1.42718446601942,0.977319587628866
-1.42718446601942,0.969072164948454
-1.42718446601942,0.960824742268041
-1.42718446601942,0.952577319587629
-1.42718446601942,0.944329896907217
-1.42718446601942,0.936082474226804
-1.42718446601942,0.927835051546392
-1.42718446601942,0.919587628865979
-1.42718446601942,0.911340206185567
-1.42718446601942,0.903092783505155
-1.42718446601942,0.894845360824742
-1.42718446601942,0.88659793814433
-1.42718446601942,0.878350515463918
-1.42718446601942,0.870103092783505
-1.42718446601942,0.861855670103093
-1.42718446601942,0.85360824742268
-1.42718446601942,0.845360824742268
-1.42718446601942,0.837113402061856
-1.42718446601942,0.828865979381443
-1.42718446601942,0.820618556701031
-1.42718446601942,0.812371134020618
-1.42718446601942,0.804123711340206
-1.42718446601942,0.795876288659794
-1.42718446601942,0.787628865979381
-1.42718446601942,0.779381443298969
-1.42718446601942,0.771134020618557
-1.42718446601942,0.762886597938144
-1.42718446601942,0.754639175257732
-1.42718446601942,0.74639175257732
-1.42718446601942,0.738144329896907
-1.42718446601942,0.729896907216495
-1.42718446601942,0.721649484536083
-1.42718446601942,0.71340206185567
-1.42718446601942,0.705154639175258
-1.42718446601942,0.696907216494846
-1.42718446601942,0.688659793814433
-1.42718446601942,0.68041237113402
-1.42718446601942,0.672164948453608
-1.42718446601942,0.663917525773196
-1.42718446601942,0.655670103092783
-1.42718446601942,0.647422680412371
-1.42718446601942,0.639175257731959
-1.42718446601942,0.630927835051546
-1.42718446601942,0.622680412371134
-1.42718446601942,0.614432989690722
-1.42718446601942,0.606185567010309
-1.42718446601942,0.597938144329897
-1.42718446601942,0.589690721649485
-1.42718446601942,0.581443298969072
-1.42718446601942,0.57319587628866
-1.42718446601942,0.564948453608248
-1.42718446601942,0.556701030927835
-1.42718446601942,0.548453608247423
-1.42718446601942,0.54020618556701
-1.42718446601942,0.531958762886598
-1.42718446601942,0.523711340206185
-1.42718446601942,0.515463917525773
-1.42718446601942,0.507216494845361
-1.42718446601942,0.498969072164948
-1.42718446601942,0.490721649484536
-1.42718446601942,0.482474226804124
-1.42718446601942,0.474226804123711
-1.42718446601942,0.465979381443299
-1.42718446601942,0.457731958762887
-1.42718446601942,0.449484536082474
-1.42718446601942,0.441237113402062
-1.42718446601942,0.432989690721649
-1.42718446601942,0.424742268041237
-1.42718446601942,0.416494845360825
-1.42718446601942,0.408247422680412
-1.42718446601942,0.4
-1.42718446601942,0.391752577319588
-1.42718446601942,0.383505154639175
-1.42718446601942,0.375257731958763
-1.42718446601942,0.367010309278351
-1.42718446601942,0.358762886597938
-1.42718446601942,0.350515463917526
-1.42718446601942,0.342268041237114
-1.42718446601942,0.334020618556701
-1.42718446601942,0.325773195876289
-1.42718446601942,0.317525773195876
-1.42718446601942,0.309278350515464
-1.42718446601942,0.301030927835051
-1.42718446601942,0.292783505154639
-1.42718446601942,0.284536082474227
-1.42718446601942,0.276288659793814
-1.42718446601942,0.268041237113402
-1.42718446601942,0.25979381443299
-1.42718446601942,0.251546391752577
-1.42718446601942,0.243298969072165
-1.42718446601942,0.235051546391753
-1.42718446601942,0.22680412371134
-1.42718446601942,0.218556701030928
-1.42718446601942,0.210309278350516
-1.42718446601942,0.202061855670103
-1.42718446601942,0.193814432989691
-1.42718446601942,0.185567010309278
-1.42718446601942,0.177319587628866
-1.42718446601942,0.169072164948453
-1.42718446601942,0.160824742268041
-1.42718446601942,0.152577319587629
-1.42718446601942,0.144329896907216
-1.42718446601942,0.136082474226804
-1.42718446601942,0.127835051546392
-1.42718446601942,0.119587628865979
-1.42718446601942,0.111340206185567
-1.42718446601942,0.103092783505155
-1.42718446601942,0.0948453608247424
-1.42718446601942,0.08659793814433
-1.42718446601942,0.0783505154639177
-1.42718446601942,0.0701030927835054
-1.42718446601942,0.0618556701030926
-1.42718446601942,0.0536082474226802
-1.42718446601942,0.0453608247422679
-1.42718446601942,0.0371134020618555
-1.42718446601942,0.0288659793814432
-1.42718446601942,0.0206185567010309
-1.42718446601942,0.0123711340206185
-1.42718446601942,0.00412371134020617
-1.42718446601942,-0.00412371134020617
-1.42718446601942,-0.0123711340206185
-1.42718446601942,-0.0206185567010309
-1.42718446601942,-0.0288659793814432
-1.42718446601942,-0.0371134020618558
-1.42718446601942,-0.0453608247422681
-1.42718446601942,-0.0536082474226804
-1.42718446601942,-0.0618556701030928
-1.42718446601942,-0.0701030927835051
-1.42718446601942,-0.0783505154639175
-1.42718446601942,-0.0865979381443298
-1.42718446601942,-0.0948453608247424
-1.42718446601942,-0.103092783505155
-1.42718446601942,-0.111340206185567
-1.42718446601942,-0.119587628865979
-1.42718446601942,-0.127835051546392
-1.42718446601942,-0.136082474226804
-1.42718446601942,-0.144329896907216
-1.42718446601942,-0.152577319587629
-1.42718446601942,-0.160824742268041
-1.42718446601942,-0.169072164948454
-1.42718446601942,-0.177319587628866
-1.42718446601942,-0.185567010309278
-1.42718446601942,-0.193814432989691
-1.42718446601942,-0.202061855670103
-1.42718446601942,-0.210309278350515
-1.42718446601942,-0.218556701030928
-1.42718446601942,-0.22680412371134
-1.42718446601942,-0.235051546391753
-1.42718446601942,-0.243298969072165
-1.42718446601942,-0.251546391752577
-1.42718446601942,-0.25979381443299
-1.42718446601942,-0.268041237113402
-1.42718446601942,-0.276288659793814
-1.42718446601942,-0.284536082474227
-1.42718446601942,-0.292783505154639
-1.42718446601942,-0.301030927835052
-1.42718446601942,-0.309278350515464
-1.42718446601942,-0.317525773195876
-1.42718446601942,-0.325773195876289
-1.42718446601942,-0.334020618556701
-1.42718446601942,-0.342268041237113
-1.42718446601942,-0.350515463917526
-1.42718446601942,-0.358762886597938
-1.42718446601942,-0.367010309278351
-1.42718446601942,-0.375257731958763
-1.42718446601942,-0.383505154639175
-1.42718446601942,-0.391752577319588
-1.42718446601942,-0.4
-1.42718446601942,-0.408247422680412
-1.42718446601942,-0.416494845360825
-1.42718446601942,-0.424742268041237
-1.42718446601942,-0.43298969072165
-1.42718446601942,-0.441237113402062
-1.42718446601942,-0.449484536082474
-1.42718446601942,-0.457731958762887
-1.42718446601942,-0.465979381443299
-1.42718446601942,-0.474226804123711
-1.42718446601942,-0.482474226804124
-1.42718446601942,-0.490721649484536
-1.42718446601942,-0.498969072164948
-1.42718446601942,-0.507216494845361
-1.42718446601942,-0.515463917525773
-1.42718446601942,-0.523711340206185
-1.42718446601942,-0.531958762886598
-1.42718446601942,-0.54020618556701
-1.42718446601942,-0.548453608247423
-1.42718446601942,-0.556701030927835
-1.42718446601942,-0.564948453608247
-1.42718446601942,-0.57319587628866
-1.42718446601942,-0.581443298969072
-1.42718446601942,-0.589690721649484
-1.42718446601942,-0.597938144329897
-1.42718446601942,-0.606185567010309
-1.42718446601942,-0.614432989690722
-1.42718446601942,-0.622680412371134
-1.42718446601942,-0.630927835051546
-1.42718446601942,-0.639175257731959
-1.42718446601942,-0.647422680412371
-1.42718446601942,-0.655670103092783
-1.42718446601942,-0.663917525773196
-1.42718446601942,-0.672164948453608
-1.42718446601942,-0.680412371134021
-1.42718446601942,-0.688659793814433
-1.42718446601942,-0.696907216494845
-1.42718446601942,-0.705154639175258
-1.42718446601942,-0.71340206185567
-1.42718446601942,-0.721649484536083
-1.42718446601942,-0.729896907216495
-1.42718446601942,-0.738144329896907
-1.42718446601942,-0.74639175257732
-1.42718446601942,-0.754639175257732
-1.42718446601942,-0.762886597938144
-1.42718446601942,-0.771134020618557
-1.42718446601942,-0.779381443298969
-1.42718446601942,-0.787628865979382
-1.42718446601942,-0.795876288659794
-1.42718446601942,-0.804123711340206
-1.42718446601942,-0.812371134020619
-1.42718446601942,-0.820618556701031
-1.42718446601942,-0.828865979381443
-1.42718446601942,-0.837113402061856
-1.42718446601942,-0.845360824742268
-1.42718446601942,-0.85360824742268
-1.42718446601942,-0.861855670103093
-1.42718446601942,-0.870103092783505
-1.42718446601942,-0.878350515463918
-1.42718446601942,-0.88659793814433
-1.42718446601942,-0.894845360824742
-1.42718446601942,-0.903092783505155
-1.42718446601942,-0.911340206185567
-1.42718446601942,-0.919587628865979
-1.42718446601942,-0.927835051546392
-1.42718446601942,-0.936082474226804
-1.42718446601942,-0.944329896907216
-1.42718446601942,-0.952577319587629
-1.42718446601942,-0.960824742268041
-1.42718446601942,-0.969072164948454
-1.42718446601942,-0.977319587628866
-1.42718446601942,-0.985567010309278
-1.42718446601942,-0.993814432989691
-1.42718446601942,-1.0020618556701
-1.42718446601942,-1.01030927835052
-1.42718446601942,-1.01855670103093
-1.42718446601942,-1.02680412371134
-1.42718446601942,-1.03505154639175
-1.42718446601942,-1.04329896907216
-1.42718446601942,-1.05154639175258
-1.42718446601942,-1.05979381443299
-1.42718446601942,-1.0680412371134
-1.42718446601942,-1.07628865979381
-1.42718446601942,-1.08453608247423
-1.42718446601942,-1.09278350515464
-1.42718446601942,-1.10103092783505
-1.42718446601942,-1.10927835051546
-1.42718446601942,-1.11752577319588
-1.42718446601942,-1.12577319587629
-1.42718446601942,-1.1340206185567
-1.42718446601942,-1.14226804123711
-1.42718446601942,-1.15051546391753
-1.42718446601942,-1.15876288659794
-1.42718446601942,-1.16701030927835
-1.42718446601942,-1.17525773195876
-1.42718446601942,-1.18350515463918
-1.42718446601942,-1.19175257731959
-1.42718446601942,-1.2
-1.42718446601942,-1.20824742268041
-1.42718446601942,-1.21649484536082
-1.42718446601942,-1.22474226804124
-1.42718446601942,-1.23298969072165
-1.42718446601942,-1.24123711340206
-1.42718446601942,-1.24948453608247
-1.42718446601942,-1.25773195876289
-1.42718446601942,-1.2659793814433
-1.42718446601942,-1.27422680412371
-1.42718446601942,-1.28247422680412
-1.42718446601942,-1.29072164948454
-1.42718446601942,-1.29896907216495
-1.42718446601942,-1.30721649484536
-1.42718446601942,-1.31546391752577
-1.42718446601942,-1.32371134020619
-1.42718446601942,-1.3319587628866
-1.42718446601942,-1.34020618556701
-1.42718446601942,-1.34845360824742
-1.42718446601942,-1.35670103092784
-1.42718446601942,-1.36494845360825
-1.42718446601942,-1.37319587628866
-1.42718446601942,-1.38144329896907
-1.42718446601942,-1.38969072164948
-1.42718446601942,-1.3979381443299
-1.42718446601942,-1.40618556701031
-1.42718446601942,-1.41443298969072
-1.42718446601942,-1.42268041237113
-1.42718446601942,-1.43092783505155
-1.42718446601942,-1.43917525773196
-1.42718446601942,-1.44742268041237
-1.42718446601942,-1.45567010309278
-1.42718446601942,-1.4639175257732
-1.42718446601942,-1.47216494845361
-1.42718446601942,-1.48041237113402
-1.42718446601942,-1.48865979381443
-1.42718446601942,-1.49690721649485
-1.42718446601942,-1.50515463917526
-1.42718446601942,-1.51340206185567
-1.42718446601942,-1.52164948453608
-1.42718446601942,-1.52989690721649
-1.42718446601942,-1.53814432989691
-1.42718446601942,-1.54639175257732
-1.42718446601942,-1.55463917525773
-1.42718446601942,-1.56288659793814
-1.42718446601942,-1.57113402061856
-1.42718446601942,-1.57938144329897
-1.42718446601942,-1.58762886597938
-1.42718446601942,-1.59587628865979
-1.42718446601942,-1.60412371134021
-1.42718446601942,-1.61237113402062
-1.42718446601942,-1.62061855670103
-1.42718446601942,-1.62886597938144
-1.42718446601942,-1.63711340206186
-1.42718446601942,-1.64536082474227
-1.42718446601942,-1.65360824742268
-1.42718446601942,-1.66185567010309
-1.42718446601942,-1.67010309278351
-1.42718446601942,-1.67835051546392
-1.42718446601942,-1.68659793814433
-1.42718446601942,-1.69484536082474
-1.42718446601942,-1.70309278350515
-1.42718446601942,-1.71134020618557
-1.42718446601942,-1.71958762886598
-1.42718446601942,-1.72783505154639
-1.42718446601942,-1.7360824742268
-1.42718446601942,-1.75257731958763
-1.42718446601942,-1.76082474226804
-1.42718446601942,-1.76907216494845
-1.42718446601942,-1.77731958762887
-1.42718446601942,-1.78556701030928
-1.42718446601942,-1.79381443298969
-1.42718446601942,-1.8020618556701
-1.42718446601942,-1.81030927835052
-1.4368932038835,-1.81030927835052
-1.4368932038835,-1.8020618556701
-1.4368932038835,-1.79381443298969
-1.4368932038835,-1.78556701030928
-1.4368932038835,-1.77731958762887
-1.4368932038835,-1.76907216494845
-1.4368932038835,-1.76082474226804
-1.4368932038835,-1.75257731958763
-1.44660194174757,-1.81855670103093
-1.44660194174757,-1.82680412371134
-1.44660194174757,-1.83505154639175
-1.44660194174757,-1.84329896907217
-1.44660194174757,-1.85154639175258
-1.44660194174757,-1.85979381443299
-1.45631067961165,-1.85979381443299
-1.45631067961165,-1.85154639175258
-1.45631067961165,-1.84329896907217
-1.45631067961165,-1.83505154639175
-1.45631067961165,-1.82680412371134
-1.45631067961165,-1.81855670103093
-1.46601941747573,-1.8680412371134
-1.46601941747573,-1.87628865979381
-1.46601941747573,-1.88453608247423
-1.46601941747573,-1.89278350515464
-1.47572815533981,-1.89278350515464
-1.47572815533981,-1.88453608247423
-1.47572815533981,-1.87628865979381
-1.47572815533981,-1.8680412371134
-1.48543689320388,-1.90103092783505
-1.48543689320388,-1.90927835051546
-1.49514563106796,-1.90927835051546
-1.49514563106796,-1.90103092783505
-1.50485436893204,-1.91752577319588
-1.51456310679612,-1.91752577319588
-1.52427184466019,-1.92577319587629
-1.52427184466019,-1.9340206185567
-1.53398058252427,-1.9340206185567
-1.53398058252427,-1.92577319587629
-1.54368932038835,-1.94226804123711
-1.54368932038835,-1.95051546391753
-1.55339805825243,-1.95051546391753
-1.55339805825243,-1.94226804123711
-1.5631067961165,-1.95876288659794
-1.5631067961165,-1.96701030927835
-1.57281553398058,-1.96701030927835
-1.58252427184466,-1.96701030927835
-1.58252427184466,-1.95876288659794
-1.57281553398058,-1.95876288659794
-1.59223300970874,-1.97525773195876
-1.59223300970874,-1.98350515463918
-1.60194174757282,-1.98350515463918
-1.61165048543689,-1.98350515463918
-1.62135922330097,-1.98350515463918
-1.63106796116505,-1.98350515463918
-1.64077669902913,-1.98350515463918
-1.64077669902913,-1.97525773195876
-1.63106796116505,-1.97525773195876
-1.62135922330097,-1.97525773195876
-1.61165048543689,-1.97525773195876
-1.60194174757282,-1.97525773195876
